address,bits,uid,role,confidence,partner,function,code,equation,units,decimals,title,sentence
0x15004C,8,0x200F1,array,MEDIUM,,FUN_51A90,"do { if (cVar1 == (&DAT_ram_0015004c)[uVar3]) { FUN_ram_00051a38(uVar3,1)",X,,,Ignition :: Ignition Gear/Mode Select table element #1,Part of a table the code reads by index.
0x15004D,8,0x200F2,untraced,LOW,,FUN_51A90,,X,,,Ignition :: Ignition Gear/Mode Select parameter #2,Read by FUN_51A90; the trace could not resolve how the value is used (indirect or structure access). Purpose unknown - leave stock.
0x150050,8,0x200F3,untraced,LOW,,FUN_56106,,X,,,ECU Info :: FUN_56106 parameter #1,Read by FUN_56106; the trace could not resolve how the value is used (indirect or structure access). Purpose unknown - leave stock.
0x150051,8,0x200F4,untraced,LOW,,FUN_56106,,X,,,ECU Info :: FUN_56106 parameter #2,Read by FUN_56106; the trace could not resolve how the value is used (indirect or structure access). Purpose unknown - leave stock.
0x150264,16,0x200F5,array,MEDIUM,,FUN_6DB2A,do { if (sVar2 == (&DAT_ram_00150264)[uVar3 * 6]) { *(&PTR_DAT_ram_fef02294_ram_00150268)[uVar3 * 3] = *(&PTR_DAT_ram_fef02294_ram_00150268),X,,,Ride Mode Presets :: Ride-Mode Parameter table element #1,Part of a table the code reads by index.
0x150268,32,0x200F6,untraced,LOW,,FUN_6DB2A,,X,,,Ride Mode Presets :: Ride-Mode Parameter parameter #2,Read by FUN_6DB2A; the trace could not resolve how the value is used (indirect or structure access). Purpose unknown - leave stock.
0x15026C,8,0x200F7,array,MEDIUM,,FUN_6DB2A,*(&PTR_DAT_ram_fef02294_ram_00150268)[iVar1] = *(&PTR_DAT_ram_fef02294_ram_00150268)[iVar1] & ~(&DAT_ram_0015026c)[iVar4],X,,,Ride Mode Presets :: Ride-Mode Parameter table element #3,Part of a table the code reads by index.
0x150270,16,0x200F8,untraced,LOW,,FUN_6DB2A,,X,,,Ride Mode Presets :: Ride-Mode Parameter parameter #4,Read by FUN_6DB2A; the trace could not resolve how the value is used (indirect or structure access). Purpose unknown - leave stock.
0x150274,32,0x200F9,untraced,LOW,,FUN_6DB2A,,X,,,Ride Mode Presets :: Ride-Mode Parameter parameter #5,Read by FUN_6DB2A; the trace could not resolve how the value is used (indirect or structure access). Purpose unknown - leave stock.
0x150278,8,0x200FA,untraced,LOW,,FUN_6DB2A,,X,,,Ride Mode Presets :: Ride-Mode Parameter parameter #6,Read by FUN_6DB2A; the trace could not resolve how the value is used (indirect or structure access). Purpose unknown - leave stock.
0x150424,16,0x200FB,cmp_local,MEDIUM,,FUN_A29D8,} else if (param_1 == DAT_ram_00150424) { uVar1 = 3,X,,,Diagnostics - OBD / Communication :: FUN_A29D8 threshold (computed input) #1,Compared with a value computed inside the function (not a single RAM variable).
0x150426,16,0x200FC,cmp_local,MEDIUM,,FUN_A29D8,} else { if ((param_1 == DAT_ram_00150426) || (param_1 == DAT_ram_00150428)) { return 1,X,,,Diagnostics - OBD / Communication :: FUN_A29D8 threshold (computed input) #2,Compared with a value computed inside the function (not a single RAM variable).
0x150428,16,0x200FD,cmp_local,MEDIUM,,FUN_A29D8,} else { if ((param_1 == DAT_ram_00150426) || (param_1 == DAT_ram_00150428)) { return 1,X,,,Diagnostics - OBD / Communication :: FUN_A29D8 threshold (computed input) #3,Compared with a value computed inside the function (not a single RAM variable).
0x15044E,16,0x200FE,array,MEDIUM,,FUN_11466,if (((&DAT_ram_fef00495)[iVar4] == '\x01') && ((&DAT_ram_ffff9da8)[(&DAT_ram_0015044e)[iVar3 * 6] + unaff_gp] == 'i')) { (&DAT_ram_fef00495),X,,,Diagnostics - DTC Lamp Control :: FUN_11466 table element #1,Part of a table the code reads by index.
0x150450,8,0x200FF,array,MEDIUM,,FUN_11466,"} if (((400000 < (iVar2 - (&DAT_ram_fef00490)[iVar3 * 2])) && (cVar1 = (&DAT_ram_fef00495)[iVar4], (&DAT_ram_fef00490)[iVar3 * 2] = iVar2, c",X,,,Diagnostics - DTC Lamp Control :: FUN_11466 table element #2,Part of a table the code reads by index.
0x15045A,16,0x20100,untraced,LOW,,FUN_11466,,X,,,Diagnostics - DTC Lamp Control :: FUN_11466 parameter #3,Read by FUN_11466; the trace could not resolve how the value is used (indirect or structure access). Purpose unknown - leave stock.
0x15426E,16,0x20101,threshold,HIGH,fef0258c = Engine speed,FUN_2CD56,if (((iVar6 == 1) && (DAT_ram_0015426e <= DAT_ram_fef0258c)) || ((iVar6 == 0 && (DAT_ram_00154272 <= DAT_ram_fef0258c)))) { FUN_ram_0002cc84,X/2.56,,,Pitch Control :: Pitch/Limiter RPM Gate RPM threshold #1,Compared with fef0258c = Engine speed (meaning verified from the code that writes it).
0x154270,16,0x20102,threshold,HIGH,fef0258c = Engine speed,FUN_2CD56,} if (((iVar6 == 1) && (uVar5 < uVar1)) || ((iVar6 == 0 && (uVar5 < uVar2)))) { FUN_ram_0002cc84(0),X/2.56,,,Pitch Control :: Pitch/Limiter RPM Gate RPM threshold #2,Compared with fef0258c = Engine speed (meaning verified from the code that writes it).
0x154272,16,0x20103,threshold,HIGH,fef0258c = Engine speed,FUN_2CD56,if (((iVar6 == 1) && (DAT_ram_0015426e <= DAT_ram_fef0258c)) || ((iVar6 == 0 && (DAT_ram_00154272 <= DAT_ram_fef0258c)))) { FUN_ram_0002cc84,X/2.56,,,Pitch Control :: Pitch/Limiter RPM Gate RPM threshold #3,Compared with fef0258c = Engine speed (meaning verified from the code that writes it).
0x154274,16,0x20104,threshold,HIGH,fef0258c = Engine speed,FUN_2CD56,} if (((iVar6 == 1) && (uVar5 < uVar1)) || ((iVar6 == 0 && (uVar5 < uVar2)))) { FUN_ram_0002cc84(0),X/2.56,,,Pitch Control :: Pitch/Limiter RPM Gate RPM threshold #4,Compared with fef0258c = Engine speed (meaning verified from the code that writes it).
0x154276,16,0x20105,count,HIGH,fef00a34,FUN_2CD56,} else { if (uVar3 <= DAT_ram_fef00a34) { DAT_ram_fef00a32 = 0,X,,,Pitch Control :: Pitch/Limiter RPM Gate debounce/timer count #5,"Compared with fef00a34, a counter the code steps by 1 each cycle, so this is a cycle count (debounce/delay), not a sensor value."
0x154278,16,0x20106,count,HIGH,fef00a32,FUN_2CD56,} FUN_ram_0002ccaa(uVar4 <= DAT_ram_fef00a32),X,,,Pitch Control :: Pitch/Limiter RPM Gate debounce/timer count #6,"Compared with fef00a32, a counter the code steps by 1 each cycle, so this is a cycle count (debounce/delay), not a sensor value."
0x15427A,16,0x20107,threshold,HIGH,fef0258c = Engine speed,FUN_2BDEC,if ((((uVar2 <= uVar1) && ((DAT_ram_fef009c5 & 1) != 0)) && ((DAT_ram_fef028c1 & 1) == 0)) && (iVar3 == 1)) { bVar4 = (DAT_ram_00154440 == -,X/2.56,,,Launch Control :: FUN_2BDEC RPM threshold #1,Compared with fef0258c = Engine speed (meaning verified from the code that writes it).
0x15427C,16,0x20108,threshold,HIGH,fef025d2 = Throttle or grip angle (selected),FUN_2BDBA,if (DAT_ram_fef025d2 < DAT_ram_0015427e) { if (DAT_ram_fef025d2 < DAT_ram_0015427c),X/364.08,,,Launch Control :: FUN_2BDBA throttle threshold #1,Compared with fef025d2 = Throttle or grip angle (selected) (meaning verified from the code that writes it).
0x15427E,16,0x20109,threshold,HIGH,fef025d2 = Throttle or grip angle (selected),FUN_2BDBA,if (DAT_ram_fef025d2 < DAT_ram_0015427e) { if (DAT_ram_fef025d2 < DAT_ram_0015427c),X/364.08,,,Launch Control :: FUN_2BDBA throttle threshold #2,Compared with fef025d2 = Throttle or grip angle (selected) (meaning verified from the code that writes it).
0x154298,16,0x2010A,threshold,HIGH,fef0263a = Front wheel speed (averaged),FUN_2CA78,"if (((DAT_ram_00154298 < DAT_ram_fef0263a) && (DAT_ram_00154298 < DAT_ram_fef0263c)) || (uVar6 = 0, (DAT_ram_fef00a2f & 4) != 0)) { if (DAT_",X/128,,,Limiters :: Limiter Wheel-Speed / Grip Conditions speed threshold #1,Compared with fef0263a = Front wheel speed (averaged) (meaning verified from the code that writes it).
0x15429A,16,0x2010B,threshold,HIGH,fef0263a = Front wheel speed (averaged),FUN_2CA78,if (((uVar1 < uVar4) || (uVar1 < uVar5)) || ((uVar2 <= DAT_ram_fef025ec || ((DAT_ram_fef00a2f & 4) != 0)))) { DAT_ram_fef00a2e = 0,X/128,,,Limiters :: Limiter Wheel-Speed / Grip Conditions speed threshold #2,Compared with fef0263a = Front wheel speed (averaged) (meaning verified from the code that writes it).
0x15429C,16,0x2010C,threshold,HIGH,fef025ec = Grip (accelerator) position,FUN_2CA78,if (((uVar1 < uVar4) || (uVar1 < uVar5)) || ((uVar2 <= DAT_ram_fef025ec || ((DAT_ram_fef00a2f & 4) != 0)))) { DAT_ram_fef00a2e = 0,X/364.08,,,Limiters :: Limiter Wheel-Speed / Grip Conditions grip threshold #3,Compared with fef025ec = Grip (accelerator) position (meaning verified from the code that writes it).
0x15429E,16,0x2010D,arith,MEDIUM,fef00a26,FUN_2CB40,"DAT_ram_fef00a26 = FUN_ram_00091960(DAT_ram_fef00a22 - uVar4,0)",X,,,Limiters :: FUN_2CB40 factor in fef00a26 #1,"Used in the expression that computes RAM fef00a26 (gain, offset or per-case value)."
0x1542F4,16,0x2010E,threshold,HIGH,fef0258c = Engine speed,FUN_2C184,} if (uVar3 <= uVar1) { iVar4 = (uVar5 <= uVar1) + iVar4 * (uVar5 > uVar1),X/2.56,RPM,0,Limiters :: Per-Gear RPM Flag (3rd-6th) RPM threshold #1,Compared with fef0258c = Engine speed (meaning verified from the code that writes it).
0x1542F6,16,0x2010F,threshold,HIGH,fef0258c = Engine speed,FUN_2C184,} if (uVar3 <= uVar1) { iVar4 = (uVar5 <= uVar1) + iVar4 * (uVar5 > uVar1),X/2.56,RPM,0,Limiters :: Per-Gear RPM Flag (3rd-6th) RPM threshold #2,Compared with fef0258c = Engine speed (meaning verified from the code that writes it).
0x1542F8,16,0x20110,threshold,HIGH,fef0258c = Engine speed,FUN_2C184,} if (uVar3 <= uVar1) { iVar4 = (uVar5 <= uVar1) + iVar4 * (uVar5 > uVar1),X/2.56,RPM,0,Limiters :: Per-Gear RPM Flag (3rd-6th) RPM threshold #3,Compared with fef0258c = Engine speed (meaning verified from the code that writes it).
0x1542FA,16,0x20111,threshold,HIGH,fef0258c = Engine speed,FUN_2C184,} if (uVar3 <= uVar1) { iVar4 = (uVar5 <= uVar1) + iVar4 * (uVar5 > uVar1),X/2.56,RPM,0,Limiters :: Per-Gear RPM Flag (3rd-6th) RPM threshold #4,Compared with fef0258c = Engine speed (meaning verified from the code that writes it).
0x1542FC,16,0x20112,threshold,HIGH,fef0258c = Engine speed,FUN_2C184,} if (uVar3 <= uVar1) { iVar4 = (uVar5 <= uVar1) + iVar4 * (uVar5 > uVar1),X/2.56,RPM,0,Limiters :: Per-Gear RPM Flag (3rd-6th) RPM threshold #5,Compared with fef0258c = Engine speed (meaning verified from the code that writes it).
0x1542FE,16,0x20113,threshold,HIGH,fef0258c = Engine speed,FUN_2C184,} if (uVar3 <= uVar1) { iVar4 = (uVar5 <= uVar1) + iVar4 * (uVar5 > uVar1),X/2.56,RPM,0,Limiters :: Per-Gear RPM Flag (3rd-6th) RPM threshold #6,Compared with fef0258c = Engine speed (meaning verified from the code that writes it).
0x154300,16,0x20114,threshold,HIGH,fef0258c = Engine speed,FUN_2C184,} if (uVar3 <= uVar1) { iVar4 = (uVar5 <= uVar1) + iVar4 * (uVar5 > uVar1),X/2.56,RPM,0,Limiters :: Per-Gear RPM Flag (3rd-6th) RPM threshold #7,Compared with fef0258c = Engine speed (meaning verified from the code that writes it).
0x154302,16,0x20115,threshold,HIGH,fef0258c = Engine speed,FUN_2C184,} if (uVar3 <= uVar1) { iVar4 = (uVar5 <= uVar1) + iVar4 * (uVar5 > uVar1),X/2.56,RPM,0,Limiters :: Per-Gear RPM Flag (3rd-6th) RPM threshold #8,Compared with fef0258c = Engine speed (meaning verified from the code that writes it).
0x154304,16,0x20116,threshold_unk,MEDIUM,fef0098e,FUN_2A526,if (uVar2 < uVar1) { bVar3 = DAT_ram_fef009ae & 0xfe,X,,,Quickshifter :: FUN_2A526 threshold vs fef0098e #1,"Compared with RAM fef0098e, whose meaning is not identified yet (written by FUN_2A526 (expr))."
0x15430A,16,0x20119,threshold_unk,MEDIUM,fef0098a,FUN_2A6E8,if (uVar6 <= uVar11) { if (cVar4 == -0x80) { if (((uVar25 << 6 <= uVar28) && (uVar28 <= uVar24 * 0x40)) && ((uVar28 <= uVar18 || (uVar20 <= ,X,,,Quickshifter :: FUN_2A6E8 threshold vs fef0098a #1,"Compared with RAM fef0098a, whose meaning is not identified yet (written by FUN_2A6E8 (expr))."
0x15430C,16,0x2011A,threshold_unk,MEDIUM,fef00990,FUN_2A6E8,} else { iVar27 = -((uVar23 << 0x1c) >> 0x1f) * (uVar9 < uVar3),X,,,Quickshifter :: FUN_2A6E8 threshold vs fef00990 #2,"Compared with RAM fef00990, whose meaning is not identified yet (written by FUN_2A6E8 (expr))."
0x15430E,16,0x2011B,threshold_unk,MEDIUM,fef0099a,FUN_2A9C8,} else { iVar4 = iVar4 * (uVar2 < uVar1),X,,,Quickshifter :: FUN_2A9C8 threshold vs fef0099a #1,"Compared with RAM fef0099a, whose meaning is not identified yet (written by FUN_2A9C8 (expr))."
0x154310,16,0x2011C,threshold_unk,MEDIUM,fef0099c,FUN_2B02A,} else { iVar4 = iVar4 * (uVar2 < uVar1),X,,,Quickshifter :: FUN_2B02A threshold vs fef0099c #1,"Compared with RAM fef0099c, whose meaning is not identified yet (written by FUN_2B02A (expr))."
0x154312,16,0x2011D,threshold,HIGH,fef0258e = Engine speed,FUN_2B3B6,if ((((((iVar8 == 1) && (iVar9 == 1)) && ((DAT_ram_fef009af & 8) != 0)) && ((uVar1 < uVar5 && (cVar6 != '\x01')))) && (((DAT_ram_fef009bd & ,X/2.56,,,Quickshifter :: FUN_2B3B6 RPM threshold #1,Compared with fef0258e = Engine speed (meaning verified from the code that writes it).
0x154314,16,0x2011E,threshold_unk,MEDIUM,fef009a6,FUN_2B3B6,if ((((((iVar8 == 1) && (iVar9 == 1)) && ((DAT_ram_fef009af & 8) != 0)) && ((uVar1 < uVar5 && (cVar6 != '\x01')))) && (((DAT_ram_fef009bd & ,X,,,Quickshifter :: FUN_2B3B6 threshold vs fef009a6 #2,"Compared with RAM fef009a6, whose meaning is not identified yet (written by FUN_2B3B6 (expr))."
0x154316,16,0x2011F,count,HIGH,fef009a8,FUN_2B492,} if ((DAT_ram_fef009aa <= DAT_ram_fef009ac) || (!bVar3 && uVar1 <= uVar2)) { DAT_ram_fef009af = DAT_ram_fef009af & 0xdf,X,,,Quickshifter :: FUN_2B492 debounce/timer count #1,"Compared with fef009a8, a counter the code steps by 1 each cycle, so this is a cycle count (debounce/delay), not a sensor value."
0x154318,16,0x20120,threshold,HIGH,fef0258e = Engine speed,FUN_2B5DA,if (((uVar5 < uVar2) || (cVar6 == '\x01')) || ((cVar3 != '\0' && (uVar9 <= uVar12)))) { bVar1 = true,X/2.56,,,Quickshifter :: FUN_2B5DA RPM threshold #1,Compared with fef0258e = Engine speed (meaning verified from the code that writes it).
0x15432C,16,0x2012A,threshold_unk,MEDIUM,fef00998,FUN_2BAB4,if (uVar3 == 1) { uVar3 = (uVar2 < uVar1),X,,,Quickshifter :: FUN_2BAB4 threshold vs fef00998 #1,"Compared with RAM fef00998, whose meaning is not identified yet (written by FUN_2BAB4 (expr))."
0x15432E,16,0x2012B,threshold,HIGH,fef0258c = Engine speed,FUN_2BC76,if ((iVar5 == 1) && (uVar1 <= uVar3)) { if (uVar3 < uVar2) { return,X/2.56,,,Launch Control :: FUN_2BC76 RPM threshold #1,Compared with fef0258c = Engine speed (meaning verified from the code that writes it).
0x154330,16,0x2012C,threshold,HIGH,fef0258c = Engine speed,FUN_2BC76,if ((iVar5 == 1) && (uVar1 <= uVar3)) { if (uVar3 < uVar2) { return,X/2.56,,,Launch Control :: FUN_2BC76 RPM threshold #2,Compared with fef0258c = Engine speed (meaning verified from the code that writes it).
0x154332,16,0x2012D,untraced,LOW,,FUN_297D8,,X,,,Anti-Lift Control :: FUN_297D8 parameter #1,Read by FUN_297D8; the trace could not resolve how the value is used (indirect or structure access). Purpose unknown - leave stock.
0x154334,16,0x2012E,untraced,LOW,,FUN_297D8,,X,,,Anti-Lift Control :: FUN_297D8 parameter #2,Read by FUN_297D8; the trace could not resolve how the value is used (indirect or structure access). Purpose unknown - leave stock.
0x15433C,16,0x20132,arith,MEDIUM,fef00938,FUN_294E4,"DAT_ram_fef00938 = FUN_ram_00091a82(iVar2 * 4 + 0x8000,0xffff,uVar1)",X,,,Pitch Control :: FUN_294E4 factor in fef00938 #1,"Used in the expression that computes RAM fef00938 (gain, offset or per-case value)."
0x15433E,16,0x20133,arith,MEDIUM,fef0094e,FUN_29B3E,"DAT_ram_fef0094e = FUN_ram_00091a82(DAT_ram_0015433e + DAT_ram_fef02688 + -0x8000,0",X,,,Anti-Lift Control :: FUN_29B3E factor in fef0094e #1,"Used in the expression that computes RAM fef0094e (gain, offset or per-case value)."
0x154340,16,0x20134,arith,MEDIUM,fef00952,FUN_29BC4,DAT_ram_fef00952 = sVar2 * bVar9 + sVar1 * !bVar9,X,,,Anti-Lift Control :: FUN_29BC4 factor in fef00952 #1,"Used in the expression that computes RAM fef00952 (gain, offset or per-case value)."
0x154342,16,0x20135,arith,MEDIUM,fef00952,FUN_29BC4,DAT_ram_fef00952 = sVar2 * bVar9 + sVar1 * !bVar9,X,,,Anti-Lift Control :: FUN_29BC4 factor in fef00952 #2,"Used in the expression that computes RAM fef00952 (gain, offset or per-case value)."
0x154344,16,0x20136,arith,MEDIUM,fef00958,FUN_29D6A,"DAT_ram_fef00958 = FUN_ram_00091aca(DAT_ram_fef00956,DAT_ram_00154344)",X,,,Anti-Lift Control :: FUN_29D6A factor in fef00958 #1,"Used in the expression that computes RAM fef00958 (gain, offset or per-case value)."
0x154346,16,0x20137,default,HIGH,fef0095c,FUN_29D6A,} DAT_ram_fef0095c = uVar1,X-32768,,,Anti-Lift Control :: FUN_29D6A value written to fef0095c #2,"Written directly into RAM fef0095c (initial, fallback or target value). Writer of fef0095c: FUN_29D6A (alias of fef00956). The displayed unit was inferred earlier and is NOT confirmed by this trace."
0x154348,16,0x20138,default,HIGH,fef00966,FUN_29E7C,} DAT_ram_fef00966 = uVar1,X,,,Anti-Lift Control :: FUN_29E7C value written to fef00966 #1,"Written directly into RAM fef00966 (initial, fallback or target value). Writer of fef00966: FUN_29E7C (expr)."
0x15434A,16,0x20139,limit,MEDIUM,,FUN_29D6A,if (iVar2 != 0) { uVar1 = FUN_ram_00091a82((((((uVar5 - uVar4) / 2) * DAT_ram_fef00950) / 4) * 3) / 0x800 - ((((uVar6 - 0x8000) * uVar3) / 0,X,,,Anti-Lift Control :: FUN_29D6A clamp/limit value #3,Used as a limit or operand inside a saturating calculation.
0x15434E,16,0x2013B,threshold_unk,MEDIUM,fef016f4,FUN_29FD2,"uVar6 = FUN_ram_00091a30(DAT_ram_fef0096a,uVar1,uVar7 * (uVar3 <= uVar7) + uVar3 * (uVar3 > uVar7) )",X,,,Anti-Lift Control :: FUN_29FD2 threshold vs fef016f4 #2,"Compared with RAM fef016f4, whose meaning is not identified yet (written by FUN_52B5E (expr of fef01690,fef01692))."
0x154350,16,0x2013C,untraced,LOW,,FUN_29FD2,,X,,,Anti-Lift Control :: FUN_29FD2 parameter #3,Read by FUN_29FD2; the trace could not resolve how the value is used (indirect or structure access). Purpose unknown - leave stock.
0x154352,16,0x2013D,count,HIGH,fef00718,FUN_2888C,if (DAT_ram_fef00718 < uVar1) { bVar6 = DAT_ram_fef00725 & 0xfe,X,,,Launch Control :: FUN_2888C debounce/timer count #1,"Compared with fef00718, a counter the code steps by 1 each cycle, so this is a cycle count (debounce/delay), not a sensor value."
0x154354,16,0x2013E,threshold_unk,MEDIUM,fef00710,FUN_2888C,} if ((uVar2 < DAT_ram_fef00710) || (uVar3 < DAT_ram_fef00712)) { DAT_ram_fef00725 = DAT_ram_fef00725 & 0xfe,X,,,Launch Control :: FUN_2888C threshold vs fef00710 #2,"Compared with RAM fef00710, whose meaning is not identified yet (written by FUN_2888C (expr of fef00726))."
0x154356,16,0x2013F,threshold_unk,MEDIUM,fef00712,FUN_2888C,} if ((uVar2 < DAT_ram_fef00710) || (uVar3 < DAT_ram_fef00712)) { DAT_ram_fef00725 = DAT_ram_fef00725 & 0xfe,X,,,Launch Control :: FUN_2888C threshold vs fef00712 #3,"Compared with RAM fef00712, whose meaning is not identified yet (written by FUN_2888C (expr of fef00828))."
0x15435A,16,0x20140,threshold,HIGH,fef0263c = Rear wheel speed (averaged),FUN_289C4,if ((((iVar3 == 0) && ((DAT_ram_fef00725 & 8) != 0)) && (uVar1 <= DAT_ram_fef0263a)) && (uVar2 <= DAT_ram_fef0263c)) { DAT_ram_fef00716 = FU,X/128,,,Launch Control :: FUN_289C4 speed threshold #1,Compared with fef0263c = Rear wheel speed (averaged) (meaning verified from the code that writes it).
0x15435E,16,0x20141,threshold,HIGH,fef025fe = Throttle valve position,FUN_28A42,if ((((DAT_ram_00154358 <= DAT_ram_fef0263a) && (DAT_ram_0015435a <= DAT_ram_fef026,X/364.08,,,Launch Control :: FUN_28A42 throttle threshold #1,Compared with fef025fe = Throttle valve position (meaning verified from the code that writes it).
0x154360,16,0x20142,threshold_unk,MEDIUM,fef02596,FUN_28A42,if ((((DAT_ram_00154358 <= DAT_ram_fef0263a) && (DAT_ram_0015435a <= DAT_ram_fef026,X/364.08,,,Launch Control :: FUN_28A42 threshold vs fef02596 #2,"Compared with RAM fef02596, whose meaning is not identified yet (written by FUN_7472E (expr)). The displayed unit was inferred earlier and is NOT confirmed by this trace."
0x154364,16,0x20143,threshold_unk,MEDIUM,fef0071a,FUN_28B50,if (iVar4 == 1) { if ((DAT_ram_fef00714 < DAT_ram_fef02596) && (uVar2 <= DAT_ram_fef0071a)) { bVar5 = true,X,,,Launch Control :: FUN_28B50 threshold vs fef0071a #1,"Compared with RAM fef0071a, whose meaning is not identified yet (written by FUN_28B50 (expr))."
0x154380,16,0x20144,count,HIGH,fef0071e,FUN_28C36,} else { if (uVar1 <= DAT_ram_fef0071e) { FUN_ram_00028730(1),X,,,Launch Control :: FUN_28C36 debounce/timer count #1,"Compared with fef0071e, a counter the code steps by 1 each cycle, so this is a cycle count (debounce/delay), not a sensor value."
0x154382,16,0x20145,count,HIGH,fef00720,FUN_28C7E,"if ((iVar2 == 1) && (iVar2 = FUN_ram_00073b52(), iVar2 == 0)) { if (uVar1 <= DAT_ram_fef00720) { FUN_ram_00028730(0)",X,,,Launch Control :: FUN_28C7E debounce/timer count #1,"Compared with fef00720, a counter the code steps by 1 each cycle, so this is a cycle count (debounce/delay), not a sensor value."
0x154384,16,0x20146,cmp_local,MEDIUM,,FUN_28582,if (uVar1 < uVar4) { bVar3 = DAT_ram_fef00701 | 1,X,,,Pitch Control :: FUN_28582 threshold (computed input) #1,Compared with a value computed inside the function (not a single RAM variable).
0x154386,16,0x20147,threshold,HIGH,fef025ec = Grip (accelerator) position,FUN_29024,if (((((DAT_ram_fef026d6 == '\0') || ((DAT_ram_fef0092a & 1) == 0)) || (DAT_ram_00154386 < DAT_ram_fef025ec)) || (((DAT_ram_fef02634 <= DAT_,X/364.08,,,Engine Brake Control :: FUN_29024 grip threshold #1,Compared with fef025ec = Grip (accelerator) position (meaning verified from the code that writes it).
0x15438C,16,0x2014A,cmp_local,MEDIUM,,FUN_2CE16,if (((iVar13 == 1) && (iVar11 == 0)) && ((uVar9 <= uVar10 && ((uVar6 < uVar7 && (uVar1 < uVar8)))))) { iVar12 = (bVar3 <= DAT_ram_fef00a36) ,X,,,Pitch Control :: FUN_2CE16 threshold (computed input) #2,Compared with a value computed inside the function (not a single RAM variable).
0x15438E,16,0x2014B,threshold_unk,MEDIUM,fef009f4,FUN_2CE16,if ((iVar11 == 1) && ((uVar10 < uVar5 || (uVar2 < uVar16)))) { iVar12 = iVar12 * (DAT_ram_fef00a37 < bVar4),X,,,Pitch Control :: FUN_2CE16 threshold vs fef009f4 #3,"Compared with RAM fef009f4, whose meaning is not identified yet (written by FUN_2D3B6 (filter of fef00a4c))."
0x154390,16,0x2014C,untraced,LOW,,FUN_2D012,,X,,,Cruise Control :: FUN_2D012 parameter #1,Read by FUN_2D012; the trace could not resolve how the value is used (indirect or structure access). Purpose unknown - leave stock.
0x154392,16,0x2014D,untraced,LOW,,FUN_2D012,,X,,,Cruise Control :: FUN_2D012 parameter #2,Read by FUN_2D012; the trace could not resolve how the value is used (indirect or structure access). Purpose unknown - leave stock.
0x154394,16,0x2014E,untraced,LOW,,FUN_2D012,,X,,,Cruise Control :: FUN_2D012 parameter #3,Read by FUN_2D012; the trace could not resolve how the value is used (indirect or structure access). Purpose unknown - leave stock.
0x15439A,16,0x20151,arith,MEDIUM,fef00954,FUN_29C5A,DAT_ram_fef00954 = FUN_ram_00091a82(((((DAT_ram_fef009e4 - 0x8000) * (iVar2 + -0x8000)) / 0x80) * DAT_ram_fef0096d) / 5000 + (((((uVar4 * (i,X,,,Pitch Control :: FUN_29C5A factor in fef00954 #1,"Used in the expression that computes RAM fef00954 (gain, offset or per-case value)."
0x15439C,16,0x20152,arith,MEDIUM,fef00a3a,FUN_2D0F0,"DAT_ram_fef00a3a = FUN_ram_00091a82(((((uVar3 - DAT_ram_fef02638) / 2) * uVar2) / 0x19 << 3) / 0x271 + iVar1,0xffff,0)",X,,,Cruise Control :: FUN_2D0F0 factor in fef00a3a #1,"Used in the expression that computes RAM fef00a3a (gain, offset or per-case value)."
0x15439E,16,0x20153,default,HIGH,fef009ee,FUN_2CFE4,DAT_ram_fef009ee = DAT_ram_0015439e,X,,,Cruise Control :: FUN_2CFE4 value written to fef009ee #1,"Written directly into RAM fef009ee (initial, fallback or target value). Writer of fef009ee: FUN_2CFE4 (expr)."
0x1543A0,16,0x20154,arith,MEDIUM,fef009ee,FUN_2D150,"} DAT_ram_fef009ee = FUN_ram_00091a30(uVar1,DAT_ram_001543a0,DAT_ram_001543a2)",X,,,Cruise Control :: FUN_2D150 factor in fef009ee #3,"Used in the expression that computes RAM fef009ee (gain, offset or per-case value)."
0x1543A2,16,0x20155,arith,MEDIUM,fef009ee,FUN_2D150,"} DAT_ram_fef009ee = FUN_ram_00091a30(uVar1,DAT_ram_001543a0,DAT_ram_001543a2)",X,,,Cruise Control :: FUN_2D150 factor in fef009ee #4,"Used in the expression that computes RAM fef009ee (gain, offset or per-case value)."
0x1543A4,16,0x20156,arith,MEDIUM,fef00a3c,FUN_2D286,DAT_ram_fef00a3c = FUN_ram_00091a82((((DAT_ram_fef009ea * 4 + -0x20000) * 9) / 0x32,X,,,Cruise Control :: FUN_2D286 factor in fef00a3c #1,"Used in the expression that computes RAM fef00a3c (gain, offset or per-case value)."
0x1543A6,16,0x20157,limit,MEDIUM,,FUN_2D96C,"if ((iVar3 == 1) && (iVar3 = FUN_ram_00077da8(), iVar3 == 0)) { uVar6 = FUN_ram_000919c2(uVar8 + uVar14,0xffff)",X,,,Cruise Control :: FUN_2D96C clamp/limit value #1,Used as a limit or operand inside a saturating calculation.
0x1543A8,16,0x20158,untraced,LOW,,FUN_2D96C,,X,,,Cruise Control :: FUN_2D96C parameter #2,Read by FUN_2D96C; the trace could not resolve how the value is used (indirect or structure access). Purpose unknown - leave stock.
0x1543AA,16,0x20159,untraced,LOW,,FUN_2D96C,,X,,,Cruise Control :: FUN_2D96C parameter #3,Read by FUN_2D96C; the trace could not resolve how the value is used (indirect or structure access). Purpose unknown - leave stock.
0x1543AC,16,0x2015A,untraced,LOW,,FUN_2DAC8,,X,,,Cruise Control :: FUN_2DAC8 parameter #1,Read by FUN_2DAC8; the trace could not resolve how the value is used (indirect or structure access). Purpose unknown - leave stock.
0x1543AE,16,0x2015B,limit,MEDIUM,,FUN_2D96C,"if ((iVar3 == 1) && (iVar3 = FUN_ram_00077d5c(), iVar3 == 0)) { uVar4 = FUN_ram_000919c2(uVar6 + uVar14,0xffff)",X,,,Cruise Control :: FUN_2D96C clamp/limit value #4,Used as a limit or operand inside a saturating calculation.
0x1543B0,16,0x2015C,limit,MEDIUM,,FUN_2D96C,"if (((uVar4 & 0xffff) < uVar12) || (uVar14 = uVar12, uVar6 = uVar11, (uVar5 & 0xffff) <= uVar12)) { uVar14 = FUN_ram_000919c2(uVar9 + uVar6,",X,,,Cruise Control :: FUN_2D96C clamp/limit value #5,Used as a limit or operand inside a saturating calculation.
0x1543B2,16,0x2015D,untraced,LOW,,FUN_2D96C,,X,,,Cruise Control :: FUN_2D96C parameter #6,Read by FUN_2D96C; the trace could not resolve how the value is used (indirect or structure access). Purpose unknown - leave stock.
0x1543B4,16,0x2015E,limit,MEDIUM,,FUN_2DB2A,"uVar2 = FUN_ram_000919c2(uVar4 + iVar3,0xffff)",X,,,Cruise Control :: FUN_2DB2A clamp/limit value #1,Used as a limit or operand inside a saturating calculation.
0x1543B6,16,0x2015F,cmp_local,MEDIUM,,FUN_2DB8E,if (cVar3 == '\x0e') { cVar7 = (uVar4 < uVar1) * '\v' + cVar7 * (uVar4 >= uVar1),X,,,Cruise Control :: FUN_2DB8E threshold (computed input) #1,Compared with a value computed inside the function (not a single RAM variable).
0x1543B8,16,0x20160,untraced,LOW,,FUN_2DC0A,,X,,,Cruise Control :: FUN_2DC0A parameter #1,Read by FUN_2DC0A; the trace could not resolve how the value is used (indirect or structure access). Purpose unknown - leave stock.
0x1543BA,16,0x20161,limit,MEDIUM,,FUN_2DC60,"uVar1 = FUN_ram_000919c2(uVar3 + uVar4,0xffff)",X,,,Cruise Control :: FUN_2DC60 clamp/limit value #1,Used as a limit or operand inside a saturating calculation.
0x1543BC,16,0x20162,limit,MEDIUM,,FUN_2E1F8,"if (iVar3 == 0) { uVar1 = FUN_ram_000919c2(uVar5 + uVar7 >> 7,0xffff)",X,,,Cruise Control :: FUN_2E1F8 clamp/limit value #1,Used as a limit or operand inside a saturating calculation.
0x1543BE,16,0x20163,limit,MEDIUM,,FUN_2E080,"if (iVar3 == 0) { uVar4 = FUN_ram_000919c2(uVar5 << 7,0xffff)",X,,,Cruise Control :: FUN_2E080 clamp/limit value #1,Used as a limit or operand inside a saturating calculation.
0x1543C0,16,0x20164,limit,MEDIUM,,FUN_2E2D6,"if (iVar5 == 0) { uVar3 = FUN_ram_000919c2(uVar7 + uVar9 >> 7,0xffff)",X,,,Cruise Control :: FUN_2E2D6 clamp/limit value #1,Used as a limit or operand inside a saturating calculation.
0x1543C2,16,0x20165,untraced,LOW,,FUN_2E264,,X,,,Cruise Control :: FUN_2E264 parameter #1,Read by FUN_2E264; the trace could not resolve how the value is used (indirect or structure access). Purpose unknown - leave stock.
0x1543C4,16,0x20166,limit,MEDIUM,,FUN_2E144,"if (iVar5 == 0) { uVar6 = FUN_ram_000919c2(uVar7 << 7,0xffff)",X,,,Cruise Control :: FUN_2E144 clamp/limit value #1,Used as a limit or operand inside a saturating calculation.
0x1543C6,16,0x20167,untraced,LOW,,FUN_2E35E,,X,,,Cruise Control :: FUN_2E35E parameter #1,Read by FUN_2E35E; the trace could not resolve how the value is used (indirect or structure access). Purpose unknown - leave stock.
0x1543C8,16,0x20168,limit,MEDIUM,,FUN_2E1F8,"} else { uVar2 = FUN_ram_000919c2(uVar4 + uVar6 >> 7,0xffff)",X,,,Cruise Control :: FUN_2E1F8 clamp/limit value #2,Used as a limit or operand inside a saturating calculation.
0x1543CA,16,0x20169,limit,MEDIUM,,FUN_2E080,"if (iVar3 == 0) { uVar4 = FUN_ram_000919c2(uVar5 << 7,0xffff)",X,,,Cruise Control :: FUN_2E080 clamp/limit value #2,Used as a limit or operand inside a saturating calculation.
0x1543CC,16,0x2016A,limit,MEDIUM,,FUN_2E2D6,"} else { uVar4 = FUN_ram_000919c2(uVar6 + uVar8 >> 7,0xffff)",X,,,Cruise Control :: FUN_2E2D6 clamp/limit value #2,Used as a limit or operand inside a saturating calculation.
0x1543CE,16,0x2016B,untraced,LOW,,FUN_2E264,,X,,,Cruise Control :: FUN_2E264 parameter #2,Read by FUN_2E264; the trace could not resolve how the value is used (indirect or structure access). Purpose unknown - leave stock.
0x1543D0,16,0x2016C,cmp_local,MEDIUM,,FUN_2E144,if (uVar6 == 0) { uVar3 = uVar1 >> 7,X,,,Cruise Control :: FUN_2E144 threshold (computed input) #2,Compared with a value computed inside the function (not a single RAM variable).
0x1543D2,16,0x2016D,untraced,LOW,,FUN_2E35E,,X,,,Cruise Control :: FUN_2E35E parameter #2,Read by FUN_2E35E; the trace could not resolve how the value is used (indirect or structure access). Purpose unknown - leave stock.
0x1543D4,16,0x2016E,threshold_unk,MEDIUM,fef00a70,FUN_2E2D6,if (iVar5 != 0) { if (uVar1 <= uVar10) { uVar10 = 0,X,,,Cruise Control :: FUN_2E2D6 threshold vs fef00a70 #3,"Compared with RAM fef00a70, whose meaning is not identified yet (written by FUN_2E2D6 (expr))."
0x1543D6,16,0x2016F,threshold,HIGH,fef025ec = Grip (accelerator) position,FUN_2E64C,"if ((((uVar1 <= uVar4) && (uVar6 <= uVar2)) && (iVar7 = FUN_ram_0002f1a4(), iVar7 == 1)) && ((bVar11 || ((DAT_ram_fef00a8d & 4) != 0)))) { b",X/364.08,,,Cruise Control :: FUN_2E64C grip threshold #1,Compared with fef025ec = Grip (accelerator) position (meaning verified from the code that writes it).
0x1543D8,16,0x20170,threshold_unk,MEDIUM,fef00a74,FUN_2E64C,"if ((((uVar1 <= uVar4) && (uVar6 <= uVar2)) && (iVar7 = FUN_ram_0002f1a4(), iVar7 == 1)) && ((bVar11 || ((DAT_ram_fef00a8d & 4) != 0)))) { b",X/364.08,,,Cruise Control :: FUN_2E64C threshold vs fef00a74 #2,"Compared with RAM fef00a74, whose meaning is not identified yet (written by FUN_2E64C (expr)). The displayed unit was inferred earlier and is NOT confirmed by this trace."
0x1543DA,16,0x20171,threshold_unk,MEDIUM,fef025ee,FUN_2E64C,bVar11 = DAT_ram_001543da <= DAT_ram_fef025ee,X,,,Cruise Control :: FUN_2E64C threshold vs fef025ee #3,"Compared with RAM fef025ee, whose meaning is not identified yet (written by FUN_76BCC (expr of fef025ec,fef02798))."
0x1543DC,16,0x20172,threshold_unk,MEDIUM,fef00a74,FUN_2E64C,"} if ((DAT_ram_fef00a8d & 2) != 0) { if (uVar6 < DAT_ram_001543dc) { uVar5 = FUN_ram_00091ab6(uVar6,1)",X,,,Cruise Control :: FUN_2E64C threshold vs fef00a74 #4,"Compared with RAM fef00a74, whose meaning is not identified yet (written by FUN_2E64C (expr))."
0x1543DE,16,0x20173,threshold,HIGH,fef025ec = Grip (accelerator) position,FUN_2E64C,} if ((bVar10 * (uVar3 <= uVar4)) == '\x01') { DAT_ram_fef00a8b = DAT_ram_fef00a8b | 1,X/364.08,,,Cruise Control :: FUN_2E64C grip threshold #5,Compared with fef025ec = Grip (accelerator) position (meaning verified from the code that writes it).
0x1543E0,16,0x20174,limit,MEDIUM,,FUN_2E742,"uVar2 = FUN_ram_000919c2(DAT_ram_001543e0 + DAT_ram_fef00a58,0xffff)",X,,,Cruise Control :: FUN_2E742 clamp/limit value #1,Used as a limit or operand inside a saturating calculation.
0x1543E2,16,0x20175,threshold_unk,MEDIUM,fef02a0a,FUN_2E742,if (iVar3 == 1) { iVar6 = (uVar4 < uVar5) + iVar6 * (uVar4 >= uVar5),X,,,Cruise Control :: FUN_2E742 threshold vs fef02a0a #2,"Compared with RAM fef02a0a, whose meaning is not identified yet (written by writer not found)."
0x1543E4,16,0x20176,threshold,HIGH,fef009f2 = filtered copy of Rear wheel speed,FUN_2E7CC,if ((DAT_ram_fef00a08 << 1 < DAT_ram_fef02a0a) && (DAT_ram_0015440c * 0x40 < DAT_ram_fef025ec)) { bVar1 = DAT_ram_fef009f2 <= DAT_ram_001543,X/128,km/h,1,Cruise Control :: FUN_2E7CC speed threshold #1,Compared with fef009f2 = filtered copy of Rear wheel speed (meaning verified from the code that writes it).
0x1543E6,16,0x20177,threshold,HIGH,fef0258e = Engine speed,FUN_2E88A,if (DAT_ram_001543e6 < DAT_ram_fef0258e) { if (DAT_ram_001543e8 <= DAT_ram_fef00a76,X/2.56,,,Cruise Control :: FUN_2E88A RPM threshold #1,Compared with fef0258e = Engine speed (meaning verified from the code that writes it).
0x1543E8,16,0x20178,count,HIGH,fef00a76,FUN_2E88A,if (DAT_ram_001543e6 < DAT_ram_fef0258e) { if (DAT_ram_001543e8 <= DAT_ram_fef00a76,X,,,Cruise Control :: FUN_2E88A debounce/timer count #2,"Compared with fef00a76, a counter the code steps by 1 each cycle, so this is a cycle count (debounce/delay), not a sensor value."
0x1543EA,16,0x20179,limit,MEDIUM,,FUN_2E8D2,"uVar1 = FUN_ram_000919c2(DAT_ram_001543ea + uVar4,0xffff)",X,,,Cruise Control :: FUN_2E8D2 clamp/limit value #1,Used as a limit or operand inside a saturating calculation.
0x1543EC,16,0x2017A,threshold,HIGH,fef009f2 = filtered copy of Rear wheel speed,FUN_2DDE8,if ((DAT_ram_fef00a84 - 10 < 10) && (uVar1 <= uVar3)) { iVar5 = FUN_ram_0002f17e(),X/128,km/h,1,Cruise Control :: FUN_2DDE8 speed threshold #1,Compared with fef009f2 = filtered copy of Rear wheel speed (meaning verified from the code that writes it).
0x1543EE,16,0x2017B,arith,MEDIUM,fef00aa6,FUN_2F39C,DAT_ram_fef00aa6 = FUN_ram_00091a82(((DAT_ram_001543ee + DAT_ram_fef00a04) - DAT_ra,X,,,Cruise Control :: FUN_2DDE8 factor in fef00aa6 #2,"Used in the expression that computes RAM fef00aa6 (gain, offset or per-case value)."
0x1543F0,16,0x2017C,untraced,LOW,,FUN_2E946,,X,,,Cruise Control :: FUN_2E946 parameter #1,Read by FUN_2E946; the trace could not resolve how the value is used (indirect or structure access). Purpose unknown - leave stock.
0x1543F2,16,0x2017D,threshold_unk,MEDIUM,fef00a78,FUN_2E946,if ((uVar2 < uVar4) && (DAT_ram_fef00a84 == '\v')) { if (uVar1 <= uVar3) { DAT_ram_fef00a8e = DAT_ram_fef00a8e | 8,X,,,Cruise Control :: FUN_2E946 threshold vs fef00a78 #2,"Compared with RAM fef00a78, whose meaning is not identified yet (written by FUN_2E946 (expr))."
0x1543F4,16,0x2017E,threshold_unk,MEDIUM,fef009f6,FUN_2E9AA,if ((DAT_ram_fef009f6 < DAT_ram_001543f4) || ((uVar5 << 0x1c) < 0)) { DAT_ram_fef00a8e = DAT_ram_fef00a8e & 0xef,X,,,Cruise Control :: FUN_2E9AA threshold vs fef009f6 #1,"Compared with RAM fef009f6, whose meaning is not identified yet (written by FUN_2D3B6 (alias of fef009f6))."
0x1543F6,16,0x2017F,count,HIGH,fef00a7a,FUN_2E9AA,} else { if (DAT_ram_001543f6 <= DAT_ram_fef00a7a) { DAT_ram_fef00a8e = DAT_ram_fef00a8e | 0x10,X,,,Cruise Control :: FUN_2E9AA debounce/timer count #2,"Compared with fef00a7a, a counter the code steps by 1 each cycle, so this is a cycle count (debounce/delay), not a sensor value."
0x1543F8,16,0x20180,threshold_unk,MEDIUM,fef009f6,FUN_2E9AA,} if ((uVar1 < uVar3) || ((uVar5 << 0x1c) < 0)) { DAT_ram_fef00a8e = DAT_ram_fef00a8e & 0xdf,X,,,Cruise Control :: FUN_2E9AA threshold vs fef009f6 #3,"Compared with RAM fef009f6, whose meaning is not identified yet (written by FUN_2D3B6 (alias of fef009f6))."
0x1543FA,16,0x20181,threshold_unk,MEDIUM,fef00a7c,FUN_2E9AA,} else { if (uVar2 <= uVar4) { DAT_ram_fef00a8e = DAT_ram_fef00a8e | 0x20,X,,,Cruise Control :: FUN_2E9AA threshold vs fef00a7c #4,"Compared with RAM fef00a7c, whose meaning is not identified yet (written by FUN_2E9AA (expr))."
0x1543FC,16,0x20182,threshold_unk,MEDIUM,fef009e6,FUN_2EA34,if (DAT_ram_001543fc < DAT_ram_fef009e6) { if (DAT_ram_001543fe <= DAT_ram_fef00a7e,X,,,Rider Aids (Cruise/IMU) :: FUN_2EA34 threshold vs fef009e6 #1,"Compared with RAM fef009e6, whose meaning is not identified yet (written by FUN_2D1BC (filter of fef009ee))."
0x1543FE,16,0x20183,count,HIGH,fef00a7e,FUN_2EA34,if (DAT_ram_001543fc < DAT_ram_fef009e6) { if (DAT_ram_001543fe <= DAT_ram_fef00a7e,X,,,Rider Aids (Cruise/IMU) :: FUN_2EA34 debounce/timer count #2,"Compared with fef00a7e, a counter the code steps by 1 each cycle, so this is a cycle count (debounce/delay), not a sensor value."
0x154400,16,0x20184,threshold_unk,MEDIUM,fef0264e,FUN_2EA7C,if (((((iVar10 == 1) || (uVar1 < DAT_ram_fef0264e)) || ((DAT_ram_fef00a8e & 1) != 0)) || ((((DAT_ram_fef00a8e & 2) != 0 || ((DAT_ram_fef00a8,X,,,Cruise Control :: FUN_2EA7C threshold vs fef0264e #1,"Compared with RAM fef0264e, whose meaning is not identified yet (written by FUN_77330 (expr))."
0x154402,16,0x20185,default,HIGH,fef0847c,FUN_682D6,} DAT_ram_fef0847c = DAT_ram_00154402,X,,,Cruise Control :: FUN_2D538 value written to fef0847c #1,"Written directly into RAM fef0847c (initial, fallback or target value). Writer of fef0847c: FUN_646EC (alias of fef01e88)."
0x154404,16,0x20186,count,HIGH,fef00a80,FUN_2EF00,"LAB_ram_0002ef64: if (DAT_ram_fef00a80 < DAT_ram_00154404) { DAT_ram_fef00a80 = FUN_ram_00091ab6(DAT_ram_fef00a80,1)",X,,,Cruise Control :: FUN_2EF00 debounce/timer count #1,"Compared with fef00a80, a counter the code steps by 1 each cycle, so this is a cycle count (debounce/delay), not a sensor value."
0x154406,16,0x20187,threshold,HIGH,fef025ec = Grip (accelerator) position,FUN_2D724,"if ((((DAT_ram_fef00a84 == '\t') && (iVar3 = FUN_ram_0007790e(), iVar3 == 1)) && (iVar3 = FUN_ram_00077934(), iVar3 == 0)) && (DAT_ram_fef02",X/364.08,,,Cruise Control :: FUN_2D724 grip threshold #1,Compared with fef025ec = Grip (accelerator) position (meaning verified from the code that writes it).
0x154408,16,0x20188,threshold,HIGH,fef025fe = Throttle valve position,FUN_2D724,"if ((((DAT_ram_fef00a84 == '\t') && (iVar3 = FUN_ram_0007790e(), iVar3 == 1)) && (iVar3 = FUN_ram_00077934(), iVar3 == 0)) && (DAT_ram_fef02",X/364.08,,,Cruise Control :: FUN_2D724 throttle threshold #2,Compared with fef025fe = Throttle valve position (meaning verified from the code that writes it).
0x15440A,16,0x20189,cmp_local,MEDIUM,,FUN_2D538,if (uVar12 == 0) { uVar5 = (uVar8 >> 7),X,,,Cruise Control :: FUN_2D538 threshold (computed input) #2,Compared with a value computed inside the function (not a single RAM variable).
0x15440C,16,0x2018A,threshold,HIGH,fef025ec = Grip (accelerator) position,FUN_2E7CC,if ((DAT_ram_fef00a08 << 1 < DAT_ram_fef02a0a) && (DAT_ram_0015440c * 0x40 < DAT_ram_fef025ec)) { bVar1 = DAT_ram_fef009f2 <= DAT_ram_001543,X/364.08,,,Cruise Control :: FUN_2E7CC grip threshold #2,Compared with fef025ec = Grip (accelerator) position (meaning verified from the code that writes it).
0x15440E,16,0x2018B,count,HIGH,fef00a6e,FUN_2EC1E,} if ((-1 < iVar1) || (DAT_ram_0015440e < DAT_ram_fef00a6e)) { uVar2 = 0,X,,,Cruise Control :: FUN_2EC1E debounce/timer count #1,"Compared with fef00a6e, a counter the code steps by 1 each cycle, so this is a cycle count (debounce/delay), not a sensor value."
0x154410,16,0x2018C,count,HIGH,fef00a6c,FUN_2EC1E,if ((((DAT_ram_fef00a8f & 0x80) == 0) && (iVar1 < 0)) || (DAT_ram_00154410 < DAT_ram_fef00a6c)) { uVar2 = 1,X,,,Cruise Control :: FUN_2EC1E debounce/timer count #2,"Compared with fef00a6c, a counter the code steps by 1 each cycle, so this is a cycle count (debounce/delay), not a sensor value."
0x154412,16,0x2018D,cmp_local,MEDIUM,,FUN_2EB6E,if (uVar2 < uVar3) { bVar1 = DAT_ram_fef00a8c & 0xf7,X,,,Cruise Control :: FUN_2EB6E threshold (computed input) #1,Compared with a value computed inside the function (not a single RAM variable).
0x154414,16,0x2018E,count,HIGH,fef00a82,FUN_2DCBA,} if (DAT_ram_fef00a84 == '\x12') { if ((uVar1 <= DAT_ram_fef00a82) || (iVar3 == 1)) { bVar6 = 0x11,X,,,Cruise Control :: FUN_2DCBA debounce/timer count #1,"Compared with fef00a82, a counter the code steps by 1 each cycle, so this is a cycle count (debounce/delay), not a sensor value."
0x154416,16,0x2018F,threshold_unk,MEDIUM,fef00abe,FUN_2F3EC,"if ((DAT_ram_fef00a17 == '\r') && (DAT_ram_fef00abe < uVar1)) { uVar3 = FUN_ram_000919b6(uVar3,uVar2)",X,,,Cruise Control :: FUN_2F3EC threshold vs fef00abe #1,"Compared with RAM fef00abe, whose meaning is not identified yet (written by FUN_2F3EC (expr))."
0x154418,16,0x20190,default,HIGH,fef00abe,FUN_2F3EC,} DAT_ram_fef00abe = uVar2,X,,,Cruise Control :: FUN_2F3EC value written to fef00abe #2,"Written directly into RAM fef00abe (initial, fallback or target value). Writer of fef00abe: FUN_2F3EC (expr)."
0x15441A,16,0x20191,default,HIGH,fef00aa0,FUN_2F598,DAT_ram_fef00aa0 = DAT_ram_0015441a,X,,,Cruise Control :: FUN_2F598 value written to fef00aa0 #1,"Written directly into RAM fef00aa0 (initial, fallback or target value). Writer of fef00aa0: FUN_2F598 (expr)."
0x15441C,16,0x20192,arith,MEDIUM,fef00ab4,FUN_2F6F8,"DAT_ram_fef00ab4 = FUN_ram_00091a82(((uVar7 - DAT_ram_fef00ab2) * uVar8) / 0x100 + 0x8000,uVar2,uVar1)",X,,,Cruise Control :: FUN_2F6F8 factor in fef00ab4 #1,"Used in the expression that computes RAM fef00ab4 (gain, offset or per-case value)."
0x15441E,16,0x20193,arith,MEDIUM,fef00ab4,FUN_2F6F8,"DAT_ram_fef00ab4 = FUN_ram_00091a82(((uVar7 - DAT_ram_fef00ab2) * uVar8) / 0x100 + 0x8000,uVar2,uVar1)",X,,,Cruise Control :: FUN_2F6F8 factor in fef00ab4 #2,"Used in the expression that computes RAM fef00ab4 (gain, offset or per-case value)."
0x154420,16,0x20194,arith,MEDIUM,fef00ab6,FUN_2F6F8,"DAT_ram_fef00ab6 = FUN_ram_00091a82((DAT_ram_fef00ab4 - 0x8000) + DAT_ram_fef00ab2,uVar4,uVar3)",X,,,Cruise Control :: FUN_2F6F8 factor in fef00ab6 #3,"Used in the expression that computes RAM fef00ab6 (gain, offset or per-case value)."
0x154422,16,0x20195,arith,MEDIUM,fef00ab6,FUN_2F6F8,"DAT_ram_fef00ab6 = FUN_ram_00091a82((DAT_ram_fef00ab4 - 0x8000) + DAT_ram_fef00ab2,uVar4,uVar3)",X,,,Cruise Control :: FUN_2F6F8 factor in fef00ab6 #4,"Used in the expression that computes RAM fef00ab6 (gain, offset or per-case value)."
0x154424,16,0x20196,untraced,LOW,,FUN_2F7B0,,X,,,Cruise Control :: FUN_2F7B0 parameter #1,Read by FUN_2F7B0; the trace could not resolve how the value is used (indirect or structure access). Purpose unknown - leave stock.
0x154426,16,0x20197,untraced,LOW,,FUN_2F7B0,,X,,,Cruise Control :: FUN_2F7B0 parameter #2,Read by FUN_2F7B0; the trace could not resolve how the value is used (indirect or structure access). Purpose unknown - leave stock.
0x154428,16,0x20198,count,HIGH,fef00ac2,FUN_2F7B0,"if (DAT_ram_fef02a0a < uVar2) { if (DAT_ram_fef00ac2 < uVar1) { DAT_ram_fef00ac2 = FUN_ram_00091ab6(DAT_ram_fef00ac2,1)",X,,,Cruise Control :: FUN_2F7B0 debounce/timer count #3,"Compared with fef00ac2, a counter the code steps by 1 each cycle, so this is a cycle count (debounce/delay), not a sensor value."
0x15442A,16,0x20199,limit,MEDIUM,,FUN_2F47C,"uVar3 = FUN_ram_000919b6(DAT_ram_fef00a9c,uVar1)",X,,,Cruise Control :: FUN_2F47C clamp/limit value #1,Used as a limit or operand inside a saturating calculation.
0x15442C,16,0x2019A,count,HIGH,fef00ac0,FUN_2F47C,"if (DAT_ram_fef00ac0 < uVar2) { DAT_ram_fef00ac0 = FUN_ram_00091ab6(DAT_ram_fef00ac0,1)",X,,,Cruise Control :: FUN_2F47C debounce/timer count #2,"Compared with fef00ac0, a counter the code steps by 1 each cycle, so this is a cycle count (debounce/delay), not a sensor value."
0x15442E,16,0x2019B,cmp_local,MEDIUM,,FUN_2FE16,if ((DAT_ram_0015442e < uVar1) && (DAT_ram_0015442e < uVar2)) { bVar4 = DAT_ram_00154430 <= DAT_ram_fef00ae2,X,,,IMU / Wheel Speed :: FUN_2FE16 threshold (computed input) #1,Compared with a value computed inside the function (not a single RAM variable).
0x154430,16,0x2019C,count,HIGH,fef00ae2,FUN_2FE16,if ((DAT_ram_0015442e < uVar1) && (DAT_ram_0015442e < uVar2)) { bVar4 = DAT_ram_00154430 <= DAT_ram_fef00ae2,X,,,IMU / Wheel Speed :: FUN_2FE16 debounce/timer count #2,"Compared with fef00ae2, a counter the code steps by 1 each cycle, so this is a cycle count (debounce/delay), not a sensor value."
0x154432,16,0x2019D,count,HIGH,fef00ae4,FUN_2FE98,} if ((DAT_ram_fef02634 <= uVar2) && (uVar3 <= DAT_ram_fef02636)) { if (uVar1 <= DAT_ram_fef00ae4) { FUN_ram_0002ff50(1),X,,,IMU / Wheel Speed :: FUN_2FE98 debounce/timer count #1,"Compared with fef00ae4, a counter the code steps by 1 each cycle, so this is a cycle count (debounce/delay), not a sensor value."
0x15443A,16,0x201A1,arith,MEDIUM,fef00a10,FUN_30160,"DAT_ram_fef00a10 = FUN_ram_00091a82((DAT_ram_fef00aec >> 1) + (DAT_ram_fef00aea - 0x8000),uVar4, uVar3)",X,,,Anti-Lift Control :: FUN_30160 factor in fef00a10 #1,"Used in the expression that computes RAM fef00a10 (gain, offset or per-case value)."
0x15443C,16,0x201A2,arith,MEDIUM,fef00a10,FUN_30160,"DAT_ram_fef00a10 = FUN_ram_00091a82((DAT_ram_fef00aec >> 1) + (DAT_ram_fef00aea - 0x8000),uVar4, uVar3)",X,,,Anti-Lift Control :: FUN_30160 factor in fef00a10 #2,"Used in the expression that computes RAM fef00a10 (gain, offset or per-case value)."
0x15443E,16,0x201A3,default,HIGH,fef00a10,FUN_2FF8E,if ((DAT_ram_fef00af5 == '\0') || (iVar1 == 1)) { DAT_ram_fef00a10 = DAT_ram_0015443e,X,,,Cruise Control :: FUN_2FF8E value written to fef00a10 #1,"Written directly into RAM fef00a10 (initial, fallback or target value). Writer of fef00a10: FUN_2FF8E (expr)."
0x154440,8,0x201A4,switch,HIGH,,FUN_2BDEC,if ((((uVar2 <= uVar1) && ((DAT_ram_fef009c5 & 1) != 0)) && ((DAT_ram_fef028c1 & 1) == 0)) && (iVar3 == 1)) { bVar4 = (DAT_ram_00154440 == -,X,,,SWITCH Launch Control :: FUN_2BDEC option byte (0x80 = on) #2,"Tested for 0x80: 0x80 = function ON, anything else = OFF."
0x154441,8,0x201A5,count,HIGH,fef009c4,FUN_2BE96,if ((bVar2 == true) && (((DAT_ram_fef009c5 & 1) == 0 || ((DAT_ram_fef028c1 & 1) == 1)))) { if (DAT_ram_00154441 <= DAT_ram_fef009c4) { bVar2,X,,,Launch Control :: FUN_2BE96 debounce/timer count #1,"Compared with fef009c4, a counter the code steps by 1 each cycle, so this is a cycle count (debounce/delay), not a sensor value."
0x154442,8,0x201A6,count,HIGH,fef00a2a,FUN_2C8E2,} } else { bVar14 = DAT_ram_00154442 <= DAT_ram_fef00a2a,X,,,Limiters :: Gear-Position Voltage Window Check debounce/timer count #1,"Compared with fef00a2a, a counter the code steps by 1 each cycle, so this is a cycle count (debounce/delay), not a sensor value."
0x154443,8,0x201A7,count,HIGH,fef00a2b,FUN_2C8E2,} bVar15 = bVar9 <= DAT_ram_fef00a2b,X,,,Limiters :: Gear-Position Voltage Window Check debounce/timer count #2,"Compared with fef00a2b, a counter the code steps by 1 each cycle, so this is a cycle count (debounce/delay), not a sensor value."
0x154444,8,0x201A8,count,HIGH,fef00a2c,FUN_2C8E2,LAB_ram_0002c9d6: if ((((uVar1 < uVar11) && (uVar11 < uVar2)) || ((uVar3 < uVar11 && (uVar11 < uVar4)))) || (((uVar5 < uVar11 && (uVar11 < u,X,,,Limiters :: Gear-Position Voltage Window Check debounce/timer count #3,"Compared with fef00a2c, a counter the code steps by 1 each cycle, so this is a cycle count (debounce/delay), not a sensor value."
0x154445,8,0x201A9,threshold_unk,MEDIUM,fef00a2d,FUN_2CA78,"if (((DAT_ram_00154298 < DAT_ram_fef0263a) && (DAT_ram_00154298 < DAT_ram_fef0263c)) || (uVar6 = 0, (DAT_ram_fef00a2f & 4) != 0)) { if (DAT_",X,,,Limiters :: Limiter Wheel-Speed / Grip Conditions threshold vs fef00a2d #4,"Compared with RAM fef00a2d, whose meaning is not identified yet (written by FUN_2CA78 (expr))."
0x154446,8,0x201AA,count,HIGH,fef00a2e,FUN_2CA78,} else { if (bVar3 <= DAT_ram_fef00a2e) { DAT_ram_fef00a2f = DAT_ram_fef00a2f & 0xfd,X,,,Limiters :: Limiter Wheel-Speed / Grip Conditions debounce/timer count #5,"Compared with fef00a2e, a counter the code steps by 1 each cycle, so this is a cycle count (debounce/delay), not a sensor value."
0x154448,8,0x201AB,threshold_unk,MEDIUM,fef00a20,FUN_2C4CC,} else { DAT_ram_fef00a1f = (bVar2 <= DAT_ram_fef00a20) * '\x03' + cVar3 * (bVar2 > DAT_ram_fef00a20),X,,,Limiters :: FUN_2C4CC threshold vs fef00a20 #1,"Compared with RAM fef00a20, whose meaning is not identified yet (written by FUN_2C7B4 (expr))."
0x154449,8,0x201AC,threshold,HIGH,fef026bd = Coolant temperature (ECT),FUN_2C7E8,} if (bVar3 < bVar1) { DAT_ram_fef00a1e = DAT_ram_fef00a1e & 0xf7,X*0.9375-30,,,Limiters :: FUN_2C7E8 coolant-temp threshold #1,Compared with fef026bd = Coolant temperature (ECT) (meaning verified from the code that writes it).
0x15444A,8,0x201AD,threshold,HIGH,fef026bd = Coolant temperature (ECT),FUN_2C7E8,} else if (bVar2 < bVar3) { DAT_ram_fef00a1e = DAT_ram_fef00a1e | 8,X*0.9375-30,,,Limiters :: FUN_2C7E8 coolant-temp threshold #2,Compared with fef026bd = Coolant temperature (ECT) (meaning verified from the code that writes it).
0x15444C,8,0x201AE,switch,HIGH,,FUN_2C184,if ((((cVar2 != '\x02') && (cVar2 != '\x04')) && (DAT_ram_0015444c == -0x80)) && ((DAT_ram_fef009c7 & 1) == 0)) { uVar5 = DAT_ram_001542f6,X,,,SWITCH Limiters :: Per-Gear RPM Flag (3rd-6th) option byte (0x80 = on) #9,"Tested for 0x80: 0x80 = function ON, anything else = OFF."
0x15444D,8,0x201AF,count,HIGH,fef009c8,FUN_2C01A,"if (((DAT_ram_0015444d < DAT_ram_fef009c8) || (iVar3 != 1)) || (bVar1 = true, cVar2 != '\x01')) { bVar1 = false",X,,,Limiters :: FUN_2C01A debounce/timer count #1,"Compared with fef009c8, a counter the code steps by 1 each cycle, so this is a cycle count (debounce/delay), not a sensor value."
0x15444E,8,0x201B0,untraced,LOW,,FUN_2BF90,,X,,,Limiters :: FUN_2BF90 parameter #1,Read by FUN_2BF90; the trace could not resolve how the value is used (indirect or structure access). Purpose unknown - leave stock.
0x15444F,8,0x201B1,untraced,LOW,,FUN_2BF90,,X,,,Limiters :: FUN_2BF90 parameter #2,Read by FUN_2BF90; the trace could not resolve how the value is used (indirect or structure access). Purpose unknown - leave stock.
0x154479,8,0x201DB,switch,HIGH,,FUN_2A33A,FUN_ram_0002a2d6(DAT_ram_00154479 == -0x80),X,,,SWITCH Anti-Lift Control :: FUN_2A33A option byte (0x80 = on) #1,"Tested for 0x80: 0x80 = function ON, anything else = OFF."
0x15447A,8,0x201DC,limit,MEDIUM,,FUN_2970A,if ((iVar2 >> 8) <= DAT_ram_fef00948) { uVar1 = FUN_ram_00091a82(DAT_ram_fef00944 - ((DAT_ram_fef00944 - 0x8000) * ((DAT_ram_fef01560 * uVar,X,,,Anti-Lift Control :: FUN_2970A clamp/limit value #1,Used as a limit or operand inside a saturating calculation.
0x15447B,8,0x201DD,untraced,LOW,,FUN_2937E,,X,,,Pitch Control :: FUN_2937E parameter #1,Read by FUN_2937E; the trace could not resolve how the value is used (indirect or structure access). Purpose unknown - leave stock.
0x15447C,8,0x201DE,cmp_local,MEDIUM,,FUN_2937E,if (uVar4 == 0) { iVar2 = 0x7fffffff,X,,,Pitch Control :: FUN_2937E threshold (computed input) #2,Compared with a value computed inside the function (not a single RAM variable).
0x15447D,8,0x201DF,filter,HIGH,,FUN_29612,"FUN_ram_00091826(&uStack_a,DAT_ram_0015447d * -0x100,DAT_ram_fef0093a)",X,,,Pitch Control :: FUN_29612 filter strength #1,Passed as the coefficient of the first-order filter FUN_91826 (as (256 - value) << 8); sets how strongly the signal is smoothed.
0x15447E,8,0x201E0,count,HIGH,fef00943,FUN_29660,} else { FUN_ram_000292a6(DAT_ram_0015447e <= DAT_ram_fef00943),X,,,Anti-Lift Control :: FUN_29660 debounce/timer count #1,"Compared with fef00943, a counter the code steps by 1 each cycle, so this is a cycle count (debounce/delay), not a sensor value."
0x15447F,8,0x201E1,arith,MEDIUM,fef00950,FUN_29B6E,"DAT_ram_fef00950 = FUN_ram_00091a82(((DAT_ram_fef02632 + ((iVar1 + -0x8000) * uVar2) / 0x80) * 0x1000) / 0x753,0xffff,0)",X,,,SWITCH Anti-Lift Control :: FUN_29B6E factor in fef00950 #1,"Used in the expression that computes RAM fef00950 (gain, offset or per-case value)."
0x154480,8,0x201E2,arith,MEDIUM,fef0096c,FUN_29BC4,DAT_ram_fef0096c = cVar4 * bVar9 + cVar3 * !bVar9,X,,,Anti-Lift Control :: FUN_29BC4 factor in fef0096c #3,"Used in the expression that computes RAM fef0096c (gain, offset or per-case value)."
0x154481,8,0x201E3,arith,MEDIUM,fef0096c,FUN_29BC4,DAT_ram_fef0096c = cVar4 * bVar9 + cVar3 * !bVar9,X,,,Anti-Lift Control :: FUN_29BC4 factor in fef0096c #4,"Used in the expression that computes RAM fef0096c (gain, offset or per-case value)."
0x154482,8,0x201E4,arith,MEDIUM,fef0096d,FUN_29BC4,DAT_ram_fef0096d = cVar6 * bVar9 + cVar5 * !bVar9,X,,,Anti-Lift Control :: FUN_29BC4 factor in fef0096d #5,"Used in the expression that computes RAM fef0096d (gain, offset or per-case value)."
0x154483,8,0x201E5,arith,MEDIUM,fef0096d,FUN_29BC4,DAT_ram_fef0096d = cVar6 * bVar9 + cVar5 * !bVar9,X,,,Anti-Lift Control :: FUN_29BC4 factor in fef0096d #6,"Used in the expression that computes RAM fef0096d (gain, offset or per-case value)."
0x154484,8,0x201E6,untraced,LOW,,FUN_29D6A,,X,,,Anti-Lift Control :: FUN_29D6A parameter #4,Read by FUN_29D6A; the trace could not resolve how the value is used (indirect or structure access). Purpose unknown - leave stock.
0x154485,8,0x201E7,cmp_local,MEDIUM,,FUN_29FD2,if ((iVar5 != 1) || (cVar2 != '\x01')) goto LAB_ram_0002a060,X,,,Anti-Lift Control :: FUN_29FD2 threshold (computed input) #4,Compared with a value computed inside the function (not a single RAM variable).
0x154486,8,0x201E8,filter,HIGH,,FUN_29FD2,"FUN_ram_00091826(&DAT_ram_fef009ce,(-DAT_ram_00154486 & 0xff) << 8,uVar6)",X,,,Anti-Lift Control :: FUN_29FD2 filter strength #5,Passed as the coefficient of the first-order filter FUN_91826 (as (256 - value) << 8); sets how strongly the signal is smoothed.
0x154487,8,0x201E9,count,HIGH,fef0096e,FUN_2A0CA,} else { FUN_ram_00029a98(DAT_ram_00154487 <= DAT_ram_fef0096e),X,,,Anti-Lift Control :: FUN_2A0CA debounce/timer count #1,"Compared with fef0096e, a counter the code steps by 1 each cycle, so this is a cycle count (debounce/delay), not a sensor value."
0x15448A,8,0x201EA,arith,MEDIUM,fef00710,FUN_2888C,"if (uVar12 < uVar7) { DAT_ram_fef00710 = FUN_ram_00091a82((uVar11 - (&DAT_ram_fef00726)[uVar12]) + 0x8000,0xffff,0)",X,,,SWITCH Launch Control :: FUN_2888C factor in fef00710 #4,"Used in the expression that computes RAM fef00710 (gain, offset or per-case value)."
0x15448B,8,0x201EB,threshold_unk,MEDIUM,fef00722,FUN_28BC6,"if (((DAT_ram_0018da8e < DAT_ram_fef0258e) && (DAT_ram_0015448b <= DAT_ram_fef00722)) && (iVar5 = FUN_ram_00073b52(), iVar5 == 0)) { if (uVa",X,,,Launch Control :: FUN_28BC6 threshold vs fef00722 #1,"Compared with RAM fef00722, whose meaning is not identified yet (written by FUN_28BC6 (expr))."
0x15448C,8,0x201EC,count,HIGH,fef00723,FUN_28CC4,if (iVar2 == 1) { if (bVar1 <= DAT_ram_fef00723) { FUN_ram_00028730(0),X,,,Launch Control :: FUN_28CC4 debounce/timer count #1,"Compared with fef00723, a counter the code steps by 1 each cycle, so this is a cycle count (debounce/delay), not a sensor value."
0x154490,8,0x201ED,count,HIGH,fef00700,FUN_28582,if (DAT_ram_fef00700 < bVar2) { bVar3 = DAT_ram_fef00701 & 0xfe,X,,,Pitch Control :: FUN_28582 debounce/timer count #2,"Compared with fef00700, a counter the code steps by 1 each cycle, so this is a cycle count (debounce/delay), not a sensor value."
0x154491,8,0x201EE,count,HIGH,fef0092b,FUN_29024,} else { if (bVar1 <= DAT_ram_fef0092b) { FUN_ram_0002925a(1),X,,,Engine Brake Control :: FUN_29024 debounce/timer count #3,"Compared with fef0092b, a counter the code steps by 1 each cycle, so this is a cycle count (debounce/delay), not a sensor value."
0x154492,8,0x201EF,count,HIGH,fef0092c,FUN_290EA,"} } else { if ((cVar4 == '\x01') || (iVar8 = FUN_ram_00029a18(), iVar8 == 1)) { if (DAT_ram_fef0092c < bVar1) { uVar7 = FUN_ram_00091dde(&LA",X,,,Engine Brake Control :: FUN_290EA debounce/timer count #1,"Compared with fef0092c, a counter the code steps by 1 each cycle, so this is a cycle count (debounce/delay), not a sensor value."
0x154493,8,0x201F0,count,HIGH,fef00a36,FUN_2CE16,if (((iVar13 == 1) && (iVar11 == 0)) && ((uVar9 <= uVar10 && ((uVar6 < uVar7 && (uVar1 < uVar8)))))) { iVar12 = (bVar3 <= DAT_ram_fef00a36) ,X,,,Pitch Control :: FUN_2CE16 debounce/timer count #4,"Compared with fef00a36, a counter the code steps by 1 each cycle, so this is a cycle count (debounce/delay), not a sensor value."
0x154494,8,0x201F1,count,HIGH,fef00a37,FUN_2CE16,if ((iVar11 == 1) && ((uVar10 < uVar5 || (uVar2 < uVar16)))) { iVar12 = iVar12 * (DAT_ram_fef00a37 < bVar4),X,,,Pitch Control :: FUN_2CE16 debounce/timer count #5,"Compared with fef00a37, a counter the code steps by 1 each cycle, so this is a cycle count (debounce/delay), not a sensor value."
0x154495,8,0x201F2,filter,HIGH,,FUN_2D1BC,"FUN_ram_00091826(&local_18,(-DAT_ram_00154495 & 0xff) << 8,DAT_ram_fef009ee)",X,,,Cruise Control :: FUN_2D1BC filter strength #1,Passed as the coefficient of the first-order filter FUN_91826 (as (256 - value) << 8); sets how strongly the signal is smoothed.
0x154496,8,0x201F3,filter,HIGH,,FUN_2D1BC,"FUN_ram_00091826(&uStack_16,(-uVar1 & 0xff) << 8,DAT_ram_fef009ee)",X,,,Cruise Control :: FUN_2D1BC filter strength #2,Passed as the coefficient of the first-order filter FUN_91826 (as (256 - value) << 8); sets how strongly the signal is smoothed.
0x154497,8,0x201F4,filter,HIGH,,FUN_2D2F0,"FUN_ram_00091826(&local_30,(-DAT_ram_00154497 & 0xff) << 8,DAT_ram_fef02634)",X,,,Cruise Control :: FUN_2D2F0 filter strength #1,Passed as the coefficient of the first-order filter FUN_91826 (as (256 - value) << 8); sets how strongly the signal is smoothed.
0x154498,8,0x201F5,filter,HIGH,,FUN_2D2F0,"FUN_ram_00091826(&uStack_2c,(-uVar6 & 0xff) << 8,uVar2)",X,,,Cruise Control :: FUN_2D2F0 filter strength #2,Passed as the coefficient of the first-order filter FUN_91826 (as (256 - value) << 8); sets how strongly the signal is smoothed.
0x154499,8,0x201F6,filter,HIGH,,FUN_2D2F0,"FUN_ram_00091826(&uStack_2e,(-uVar5 & 0xff) << 8,uVar3)",X,,,Cruise Control :: FUN_2D2F0 filter strength #3,Passed as the coefficient of the first-order filter FUN_91826 (as (256 - value) << 8); sets how strongly the signal is smoothed.
0x15449A,8,0x201F7,filter,HIGH,,FUN_2D2F0,"FUN_ram_00091826(auStack_2a,(-uVar4 & 0xff) << 8,uVar3)",X,,,Cruise Control :: FUN_2D2F0 filter strength #4,Passed as the coefficient of the first-order filter FUN_91826 (as (256 - value) << 8); sets how strongly the signal is smoothed.
0x15449B,8,0x201F8,untraced,LOW,,FUN_2D3B6,,X,,,Cruise Control :: FUN_2D3B6 parameter #1,Read by FUN_2D3B6; the trace could not resolve how the value is used (indirect or structure access). Purpose unknown - leave stock.
0x15449C,8,0x201F9,filter,HIGH,,FUN_2D3B6,"FUN_ram_00091826(&uStack_22,(-uVar4 & 0xff) << 8,DAT_ram_fef00a4c)",X,,,Cruise Control :: FUN_2D3B6 filter strength #2,Passed as the coefficient of the first-order filter FUN_91826 (as (256 - value) << 8); sets how strongly the signal is smoothed.
0x15449D,8,0x201FA,untraced,LOW,,FUN_2D3B6,,X,,,Cruise Control :: FUN_2D3B6 parameter #3,Read by FUN_2D3B6; the trace could not resolve how the value is used (indirect or structure access). Purpose unknown - leave stock.
0x15449E,8,0x201FB,filter,HIGH,,FUN_2D3B6,"FUN_ram_00091826(&uStack_1e,(-uVar3 & 0xff) << 8,DAT_ram_fef00a4e)",X,,,Cruise Control :: FUN_2D3B6 filter strength #4,Passed as the coefficient of the first-order filter FUN_91826 (as (256 - value) << 8); sets how strongly the signal is smoothed.
0x15449F,8,0x201FC,cmp_local,MEDIUM,,FUN_2D538,"if (cVar2 != '\x01') { uVar6 = FUN_ram_000919c2((uVar9 * 100) / uVar12,0xffff)",X,,,Cruise Control :: FUN_2D538 threshold (computed input) #3,Compared with a value computed inside the function (not a single RAM variable).
0x1544A0,8,0x201FD,arith,MEDIUM,fef00a8f,FUN_2ECBC,if (((((cVar1 == '\0') && (iVar3 == 1)) && (iVar4 == 0)) && ((iVar5 == 1 && (DAT_ram_001544a0 == '\x01')))) && (((cVar2 != '\0' || (DAT_ram_,X,,,Cruise Control :: FUN_2D67A factor in fef00a8f #1,"Used in the expression that computes RAM fef00a8f (gain, offset or per-case value)."
0x1544A1,8,0x201FE,threshold_unk,MEDIUM,fef00a88,FUN_2EA7C,if (((((iVar10 == 1) || (uVar1 < DAT_ram_fef0264e)) || ((DAT_ram_fef00a8e & 1) != 0)) || ((((DAT_ram_fef00a8e & 2) != 0 || ((DAT_ram_fef00a8,X,,,Cruise Control :: FUN_2EA7C threshold vs fef00a88 #2,"Compared with RAM fef00a88, whose meaning is not identified yet (written by FUN_2E828 (expr))."
0x1544A2,8,0x201FF,cmp_local,MEDIUM,,FUN_2D7A4,"if (((iVar4 == 1) && (iVar4 = FUN_ram_00077934(), iVar4 == 0)) || ((iVar4 = FUN_ram_0007782a(), iVar4 == 1 && ((iVar4 = FUN_ram_00077850(), ",X,,,Cruise Control :: FUN_2D7A4 threshold (computed input) #1,Compared with a value computed inside the function (not a single RAM variable).
0x1544A3,8,0x20200,cmp_local,MEDIUM,,FUN_2EF00,if (((((((DAT_ram_fef00a8f & 1) == 0) && ((DAT_ram_fef00a8f & 2) == 0)) && ((DAT_ram_fef00a8f & 4) == 0)) && (((DAT_ram_fef00a8f & 8) == 0 &,X,,,Cruise Control :: FUN_2EF00 threshold (computed input) #2,Compared with a value computed inside the function (not a single RAM variable).
0x1544A4,8,0x20201,arith,MEDIUM,fef00ab4,FUN_2F6F8,"DAT_ram_fef00ab4 = FUN_ram_00091a82(((uVar7 - DAT_ram_fef00ab2) * uVar8) / 0x100 + 0x8000,uVar2,uVar1)",X,,,SWITCH Cruise Control :: FUN_2F6F8 factor in fef00ab4 #5,"Used in the expression that computes RAM fef00ab4 (gain, offset or per-case value)."
0x1544A5,8,0x20202,arith,MEDIUM,fef00a0c,FUN_2F2E0,"if (cVar1 == '\x01') { DAT_ram_fef00a0c = FUN_ram_00091a82(1000 - DAT_ram_fef026cc,0xffff,0)",X,,,Cruise Control :: FUN_2F2E0 factor in fef00a0c #1,"Used in the expression that computes RAM fef00a0c (gain, offset or per-case value)."
0x1544A6,8,0x20203,threshold_unk,MEDIUM,fef00ad2,FUN_2F90E,iVar6 = (uVar5 <= uVar8) + iVar6 * (uVar5 > uVar8),X,,,Cruise Control :: FUN_2F90E threshold vs fef00ad2 #1,"Compared with RAM fef00ad2, whose meaning is not identified yet (written by FUN_2F90E (alias of fef00ad2))."
0x1544A7,8,0x20204,threshold_unk,MEDIUM,fef00ad3,FUN_2F90E,iVar6 = iVar6 * (uVar7 < uVar4),X,,,Cruise Control :: FUN_2F90E threshold vs fef00ad3 #2,"Compared with RAM fef00ad3, whose meaning is not identified yet (written by FUN_2F90E (alias of fef00ad3))."
0x1544A8,8,0x20205,threshold_unk,MEDIUM,fef00ad4,FUN_2F9CE,if ((iVar13 == 1) && (iVar17 == 1)) { uVar18 = (bVar1 <= bVar5) + uVar18 * (bVar1 > bVar5),X,,,Cruise Control :: FUN_2F9CE threshold vs fef00ad4 #1,"Compared with RAM fef00ad4, whose meaning is not identified yet (written by FUN_2F9CE (expr))."
0x1544A9,8,0x20206,threshold_unk,MEDIUM,fef00ad5,FUN_2F9CE,if (iVar13 == 0) { uVar18 = uVar18 * (bVar6 < bVar2),X,,,Cruise Control :: FUN_2F9CE threshold vs fef00ad5 #2,"Compared with RAM fef00ad5, whose meaning is not identified yet (written by FUN_2F9CE (expr))."
0x1544AA,8,0x20207,cmp_local,MEDIUM,,FUN_2F9CE,} if (((uVar18 == 1) && (cVar20 == '\x01')) && (bVar3 <= (uVar16 >> 7))) { iVar13 = (bVar4 <= bVar7) + -((uVar15 << 0x1e) >> 0x1f) * (bVar4 ,X,,,Cruise Control :: FUN_2F9CE threshold (computed input) #3,Compared with a value computed inside the function (not a single RAM variable).
0x1544AB,8,0x20208,threshold_unk,MEDIUM,fef00ad6,FUN_2F9CE,} if (((uVar18 == 1) && (cVar20 == '\x01')) && (bVar3 <= (uVar16 >> 7))) { iVar13 = (bVar4 <= bVar7) + -((uVar15 << 0x1e) >> 0x1f) * (bVar4 ,X,,,Cruise Control :: FUN_2F9CE threshold vs fef00ad6 #4,"Compared with RAM fef00ad6, whose meaning is not identified yet (written by FUN_2F9CE (expr))."
0x1544AC,8,0x20209,cmp_local,MEDIUM,,FUN_2FFD8,if (((cVar1 == '\x01') && ((DAT_ram_fef00af4 & 1) == 0)) && (((iVar2 == 1 || ((((iVar3 == 1 || (iVar4 == 1)) || (iVar5 == 1)) || ((iVar6 == ,X,,,Cruise Control :: FUN_2FFD8 threshold (computed input) #1,Compared with a value computed inside the function (not a single RAM variable).
0x154720,16,0x2020A,cmp_local,MEDIUM,,FUN_3205E,if ((iVar4 == 0) && (param_1 < uVar1)) { bVar5 = cVar3 == -0x80,X,,,DTC P0120 :: threshold (computed input) #1,Compared with a value computed inside the function (not a single RAM variable).
0x154722,16,0x2020B,cmp_local,MEDIUM,,FUN_3214A,if ((iVar4 == 0) && (uVar1 < param_1)) { bVar5 = cVar3 == -0x80,X,,,DTC P0123 :: threshold (computed input) #1,Compared with a value computed inside the function (not a single RAM variable).
0x154724,16,0x2020C,count,HIGH,fef00c2a,FUN_3205E,if (iVar4 == 1) { if (uVar2 <= DAT_ram_fef00c2a) { FUN_ram_00031dc0(1),X,,,DTC P0120 :: debounce/timer count #2,"Compared with fef00c2a, a counter the code steps by 1 each cycle, so this is a cycle count (debounce/delay), not a sensor value."
0x154726,16,0x2020D,count,HIGH,fef00c2e,FUN_3214A,if (iVar4 == 1) { if (uVar2 <= DAT_ram_fef00c2e) { FUN_ram_00031e58(1),X,,,DTC P0123 :: debounce/timer count #2,"Compared with fef00c2e, a counter the code steps by 1 each cycle, so this is a cycle count (debounce/delay), not a sensor value."
0x154728,16,0x2020E,cmp_local,MEDIUM,,FUN_320D4,if ((iVar4 == 0) && (param_1 < uVar1)) { bVar5 = cVar3 == -0x80,X,,,DTC P0220 :: threshold (computed input) #1,Compared with a value computed inside the function (not a single RAM variable).
0x15472A,16,0x2020F,cmp_local,MEDIUM,,FUN_321C0,if ((iVar4 == 0) && (uVar1 < param_1)) { bVar5 = cVar3 == -0x80,X,,,DTC P0223 :: threshold (computed input) #1,Compared with a value computed inside the function (not a single RAM variable).
0x15472C,16,0x20210,count,HIGH,fef00c2c,FUN_320D4,if (iVar4 == 1) { if (uVar2 <= DAT_ram_fef00c2c) { FUN_ram_00031ef0(1),X,,,DTC P0220 :: debounce/timer count #2,"Compared with fef00c2c, a counter the code steps by 1 each cycle, so this is a cycle count (debounce/delay), not a sensor value."
0x15472E,16,0x20211,count,HIGH,fef00c30,FUN_321C0,if (iVar4 == 1) { if (uVar2 <= DAT_ram_fef00c30) { FUN_ram_00031fae(1),X,,,DTC P0223 :: debounce/timer count #2,"Compared with fef00c30, a counter the code steps by 1 each cycle, so this is a cycle count (debounce/delay), not a sensor value."
0x154730,16,0x20212,count,HIGH,fef00c32,FUN_3243E,if (uVar1 <= DAT_ram_fef00c32) { FUN_ram_00031f88(1),X,,,DTC P2135 :: debounce/timer count #1,"Compared with fef00c32, a counter the code steps by 1 each cycle, so this is a cycle count (debounce/delay), not a sensor value."
0x15473E,16,0x20213,threshold,HIGH,fef025a6 = Supply voltage (ADC ch03),FUN_38750,} else { bVar2 = DAT_ram_0015473e <= DAT_ram_fef025a6,X/51.2,,,Diagnostics - Monitors :: FUN_38750 voltage voltage threshold #1,Compared with fef025a6 = Supply voltage (ADC ch03) (meaning verified from the code that writes it).
0x154740,16,0x20214,count,HIGH,fef00d02,FUN_38798,if ((DAT_ram_fef00d00 & 1) == 1) { bVar3 = DAT_ram_00154740 <= DAT_ram_fef00d02,X,,,Diagnostics - Monitors :: FUN_38798 debounce/timer count #1,"Compared with fef00d02, a counter the code steps by 1 each cycle, so this is a cycle count (debounce/delay), not a sensor value."
0x154742,16,0x20215,cmp_local,MEDIUM,,FUN_308FE,"if ((uVar1 < uVar2) || (uVar3 < uVar1)) { uVar6 = FUN_ram_00091ab6(uVar4,1)",X,,,Diagnostics - Monitors :: FUN_308FE threshold (computed input) #1,Compared with a value computed inside the function (not a single RAM variable).
0x154744,16,0x20216,cmp_local,MEDIUM,,FUN_308FE,"if ((uVar1 < uVar2) || (uVar3 < uVar1)) { uVar6 = FUN_ram_00091ab6(uVar4,1)",X,,,Diagnostics - Monitors :: FUN_308FE threshold (computed input) #2,Compared with a value computed inside the function (not a single RAM variable).
0x154746,16,0x20217,cmp_local,MEDIUM,,FUN_30D6E,if (iVar3 == 1) { bVar6 = uVar1 <= (&DAT_ram_fef00b02)[param_1],X,,,Diagnostics - Monitors :: FUN_30D6E threshold (computed input) #1,Compared with a value computed inside the function (not a single RAM variable).
0x154748,16,0x20218,threshold,HIGH,fef0258e = Engine speed,FUN_30CD0,if (uVar7 < uVar3) { uVar9 = 0,X/2.56,,,Diagnostics - Monitors :: FUN_30CD0 RPM threshold #1,Compared with fef0258e = Engine speed (meaning verified from the code that writes it).
0x15474A,16,0x20219,cmp_local,MEDIUM,,FUN_30CD0,bVar11 = bVar2 && uVar4 <= uVar1,X,,,Diagnostics - Monitors :: FUN_30CD0 threshold (computed input) #2,Compared with a value computed inside the function (not a single RAM variable).
0x15474C,16,0x2021A,cmp_local,MEDIUM,,FUN_30C64,if (iVar4 == 1) { bVar7 = uVar2 <= uVar1,X,,,Diagnostics - Monitors :: FUN_30C64 threshold (computed input) #1,Compared with a value computed inside the function (not a single RAM variable).
0x15474E,16,0x2021B,cmp_local,MEDIUM,,FUN_308FE,iVar5 = (uVar7 <= uVar6) + iVar5 * (uVar7 > uVar6),X,,,Diagnostics - Monitors :: FUN_308FE threshold (computed input) #3,Compared with a value computed inside the function (not a single RAM variable).
0x154750,16,0x2021C,threshold,HIGH,fef0258e = Engine speed,FUN_347F8,} } } else if ((((bVar9 <= bVar17) && (uVar2 <= uVar14)) && ((uVar14 <= uVar3 && ((uVar4 <= uVar15 && (uVar15 <= uVar5)))))) && ((uVar6 <= u,X/2.56,,,DTC P0130 #1 / P2A00 / P0150 #1 :: RPM threshold #1,Compared with fef0258e = Engine speed (meaning verified from the code that writes it).
0x154752,16,0x2021D,threshold,HIGH,fef0258e = Engine speed,FUN_347F8,} } } else if ((((bVar9 <= bVar17) && (uVar2 <= uVar14)) && ((uVar14 <= uVar3 && ((uVar4 <= uVar15 && (uVar15 <= uVar5)))))) && ((uVar6 <= u,X/2.56,,,DTC P0130 #1 / P2A00 / P0150 #1 :: RPM threshold #2,Compared with fef0258e = Engine speed (meaning verified from the code that writes it).
0x154754,16,0x2021E,threshold,HIGH,fef02600 = Throttle valve position,FUN_347F8,} } } else if ((((bVar9 <= bVar17) && (uVar2 <= uVar14)) && ((uVar14 <= uVar3 && ((uVar4 <= uVar15 && (uVar15 <= uVar5)))))) && ((uVar6 <= u,X/364.08,,,DTC P0130 #1 / P2A00 / P0150 #1 :: throttle threshold #3,Compared with fef02600 = Throttle valve position (meaning verified from the code that writes it).
0x154756,16,0x2021F,threshold,HIGH,fef02600 = Throttle valve position,FUN_347F8,} } } else if ((((bVar9 <= bVar17) && (uVar2 <= uVar14)) && ((uVar14 <= uVar3 && ((uVar4 <= uVar15 && (uVar15 <= uVar5)))))) && ((uVar6 <= u,X/364.08,,,DTC P0130 #1 / P2A00 / P0150 #1 :: throttle threshold #4,Compared with fef02600 = Throttle valve position (meaning verified from the code that writes it).
0x154758,16,0x20220,threshold,HIGH,fef02628 = Manifold vacuum (AP - IAP),FUN_347F8,} } } else if ((((bVar9 <= bVar17) && (uVar2 <= uVar14)) && ((uVar14 <= uVar3 && ((uVar4 <= uVar15 && (uVar15 <= uVar5)))))) && ((uVar6 <= u,(X-7862)/393.14,,,DTC P0130 #1 / P2A00 / P0150 #1 :: vacuum vacuum threshold #5,Compared with fef02628 = Manifold vacuum (AP - IAP) (meaning verified from the code that writes it).
0x15475A,16,0x20221,threshold,HIGH,fef02628 = Manifold vacuum (AP - IAP),FUN_347F8,} } } else if ((((bVar9 <= bVar17) && (uVar2 <= uVar14)) && ((uVar14 <= uVar3 && ((uVar4 <= uVar15 && (uVar15 <= uVar5)))))) && ((uVar6 <= u,(X-7862)/393.14,,,DTC P0130 #1 / P2A00 / P0150 #1 :: vacuum vacuum threshold #6,Compared with fef02628 = Manifold vacuum (AP - IAP) (meaning verified from the code that writes it).
0x15475C,16,0x20222,cmp_local,MEDIUM,,FUN_347F8,} if ((((cVar11 == -0x80) && (iVar29 == 0)) && (cVar26 == '\0')) && (cVar27 == '\0')) { if (cVar12 == -0x80) { if (cVar13 == '\x02') { joine,X,,,DTC P0130 #1 / P2A00 / P0150 #1 :: threshold (computed input) #7,Compared with a value computed inside the function (not a single RAM variable).
0x15475E,16,0x20223,cmp_local,MEDIUM,,FUN_34A06,"if (iVar4 == 1) { if (uVar2 <= uVar1) { FUN_ram_000346ca(param_1,1)",X,,,Diagnostics - Monitors :: FUN_34A06 threshold (computed input) #1,Compared with a value computed inside the function (not a single RAM variable).
0x154760,16,0x20224,threshold,HIGH,fef025a6 = Supply voltage (ADC ch03),FUN_35FA0,if ((((iVar8 == 0) && (cVar3 == -0x80)) && (uVar1 < uVar5)) && (((uVar5 < 0x333 && (-1 < (uVar9 << 0x1d))) && (iVar7 == 0)))) { bVar10 = uVa,X/51.2,,,DTC P0351 / P0352 / P0353 :: voltage voltage threshold #1,Compared with fef025a6 = Supply voltage (ADC ch03) (meaning verified from the code that writes it).
0x154762,16,0x20225,threshold,HIGH,fef0258e = Engine speed,FUN_35FA0,if ((((iVar8 == 0) && (cVar3 == -0x80)) && (uVar1 < uVar5)) && (((uVar5 < 0x333 && (-1 < (uVar9 << 0x1d))) && (iVar7 == 0)))) { bVar10 = uVa,X/2.56,,,DTC P0351 / P0352 / P0353 :: RPM threshold #2,Compared with fef0258e = Engine speed (meaning verified from the code that writes it).
0x154764,16,0x20226,threshold,HIGH,fef025a2 = Battery voltage (ADC ch29),FUN_35802,if ((iVar6 == 0) && (iVar7 == 0)) { switchD_ram_0003583a_default: if ((cVar2 == -0x80) && (((uVar1 < uVar3 && (uVar3 < 0x333)) && (-1 < (uVa,X/51.2,,,DTC P0201 / P0202 / P0203 :: voltage voltage threshold #1,Compared with fef025a2 = Battery voltage (ADC ch29) (meaning verified from the code that writes it).
0x154766,16,0x20227,threshold,HIGH,fef0258e = Engine speed,FUN_337D6,if (((((DAT_ram_fef00c7a & 1) != 0) && (DAT_ram_00154766 <= DAT_ram_fef0258e)) && (,X/2.56,,,Diagnostics - DTC Lamp Control :: FUN_337D6 RPM threshold #1,Compared with fef0258e = Engine speed (meaning verified from the code that writes it).
0x154768,16,0x20228,threshold,HIGH,fef0258e = Engine speed,FUN_338D0,if (((((DAT_ram_fef00c7a & 2) != 0) && (DAT_ram_00154768 <= DAT_ram_fef0258e)) && (DAT_ram_fef025d2 < DAT_ram_0015476c)) && (((DAT_ram_fef02,X/2.56,,,Diagnostics - DTC Lamp Control :: FUN_338D0 RPM threshold #1,Compared with fef0258e = Engine speed (meaning verified from the code that writes it).
0x15476A,16,0x20229,threshold,HIGH,fef025d2 = Throttle or grip angle (selected),FUN_337D6,if (((((DAT_ram_fef00c7a & 1) != 0) && (DAT_ram_00154766 <= DAT_ram_fef0258e)) && (,X/364.08,,,Diagnostics - DTC Lamp Control :: FUN_337D6 throttle threshold #2,Compared with fef025d2 = Throttle or grip angle (selected) (meaning verified from the code that writes it).
0x15476C,16,0x2022A,threshold,HIGH,fef025d2 = Throttle or grip angle (selected),FUN_338D0,if (((((DAT_ram_fef00c7a & 2) != 0) && (DAT_ram_00154768 <= DAT_ram_fef0258e)) && (DAT_ram_fef025d2 < DAT_ram_0015476c)) && (((DAT_ram_fef02,X/364.08,,,Diagnostics - DTC Lamp Control :: FUN_338D0 throttle threshold #2,Compared with fef025d2 = Throttle or grip angle (selected) (meaning verified from the code that writes it).
0x154770,16,0x2022C,threshold_unk,MEDIUM,fef00c76,FUN_33836,} if ((uVar3 << 0x1d) < 0) { if (uVar2 <= uVar4) { DAT_ram_fef00c6f = DAT_ram_fef00c6f & 0xfd | 8,X,,,Diagnostics - DTC Lamp Control :: FUN_33836 threshold vs fef00c76 #1,"Compared with RAM fef00c76, whose meaning is not identified yet (written by FUN_33836 (alias of fef00c76))."
0x154772,16,0x2022D,threshold_unk,MEDIUM,fef00c78,FUN_33968,} if ((uVar3 << 0x19) < 0) { if (uVar2 <= uVar4) { DAT_ram_fef00c6f = DAT_ram_fef00c6f & 0xdf | 0x80,X,,,Diagnostics - DTC Lamp Control :: FUN_33968 threshold vs fef00c78 #1,"Compared with RAM fef00c78, whose meaning is not identified yet (written by FUN_33968 (alias of fef00c78))."
0x154774,16,0x2022E,threshold_unk,MEDIUM,fef00cee,FUN_38092,} if ((bVar13 && uVar6 <= uVar3) && (uVar11 == 1)) { bVar14 = bVar2 == 0,X,,,Diagnostics - Monitors :: FUN_38092 threshold vs fef00cee #1,"Compared with RAM fef00cee, whose meaning is not identified yet (written by FUN_38092 (expr))."
0x154776,16,0x2022F,threshold,HIGH,fef025d2 = Throttle or grip angle (selected),FUN_38092,if (uVar8 < uVar4) { uVar9 = 0,X/364.08,,,Diagnostics - Monitors :: FUN_38092 throttle threshold #2,Compared with fef025d2 = Throttle or grip angle (selected) (meaning verified from the code that writes it).
0x154778,16,0x20230,threshold,HIGH,fef025a2 = Battery voltage (ADC ch29),FUN_38CA6,if ((((DAT_ram_fef00d0e & 1) == 0) || (iVar1 != 1)) || (DAT_ram_00154778 <= DAT_ram_fef025a2)) { bVar3 = false,X/51.2,,,DTC P0232 / P023F :: voltage voltage threshold #1,Compared with fef025a2 = Battery voltage (ADC ch29) (meaning verified from the code that writes it).
0x15477A,16,0x20231,threshold,HIGH,fef025a2 = Battery voltage (ADC ch29),FUN_38C1E,if ((((DAT_ram_fef00d0e & 1) == 0) || (iVar1 != 1)) || (DAT_ram_fef025a2 < DAT_ram_0015477a)) { bVar3 = false,X/51.2,,,DTC P0232 / P023F :: voltage voltage threshold #2,Compared with fef025a2 = Battery voltage (ADC ch29) (meaning verified from the code that writes it).
0x15477C,16,0x20232,threshold,HIGH,fef0258e = Engine speed,FUN_3362A,if (((((DAT_ram_fef00c6a & 0x10) == 0) || (DAT_ram_fef0258e < DAT_ram_0015477c)) || (DAT_ram_0015477e <= DAT_ram_fef025d2)) || (DAT_ram_fef0,X/2.56,,,Diagnostics - DTC Lamp Control :: FUN_3362A RPM threshold #1,Compared with fef0258e = Engine speed (meaning verified from the code that writes it).
0x15477E,16,0x20233,threshold,HIGH,fef025d2 = Throttle or grip angle (selected),FUN_3362A,if (((((DAT_ram_fef00c6a & 0x10) == 0) || (DAT_ram_fef0258e < DAT_ram_0015477c)) || (DAT_ram_0015477e <= DAT_ram_fef025d2)) || (DAT_ram_fef0,X/364.08,,,Diagnostics - DTC Lamp Control :: FUN_3362A throttle threshold #2,Compared with fef025d2 = Throttle or grip angle (selected) (meaning verified from the code that writes it).
0x154780,16,0x20234,threshold_unk,MEDIUM,fef00c6c,FUN_3368A,if ((DAT_ram_fef00c6a & 4) != 0) { bVar4 = DAT_ram_00154780 <= DAT_ram_fef00c6c,X,,,Diagnostics - DTC Lamp Control :: FUN_3368A threshold vs fef00c6c #1,"Compared with RAM fef00c6c, whose meaning is not identified yet (written by FUN_3368A (expr))."
0x154782,16,0x20235,threshold,HIGH,fef025a6 = Supply voltage (ADC ch03),FUN_385DA,} if ((((DAT_ram_fef00cff & 1) == 0) || (uVar3 <= uVar1)) || (iVar4 != 1 || (bVar2 & 2) != 0)) { DAT_ram_fef00cfc = DAT_ram_fef00cfc & 0xfb,X/51.2,,,Diagnostics - Monitors :: FUN_385DA voltage voltage threshold #1,Compared with fef025a6 = Supply voltage (ADC ch03) (meaning verified from the code that writes it).
0x154784,16,0x20236,threshold,HIGH,fef02564 = ECT sensor raw ADC (ch2D),FUN_32F1A,if (((iVar3 == 0) && (cVar2 == -0x80)) && (uVar1 <= DAT_ram_fef02564)) { DAT_ram_fef00c56 = DAT_ram_fef00c56 & 0xfe | 2,X,,,DTC P0117 :: raw-ADC threshold #1,Compared with fef02564 = ECT sensor raw ADC (ch2D) (meaning verified from the code that writes it).
0x154786,16,0x20237,threshold,HIGH,fef02564 = ECT sensor raw ADC (ch2D),FUN_32FAE,if (((iVar3 == 0) && (cVar2 == -0x80)) && (DAT_ram_fef02564 <= uVar1)) { DAT_ram_fef00c56 = DAT_ram_fef00c56 & 0xef | 0x20,X,,,DTC P0115 :: raw-ADC threshold #1,Compared with fef02564 = ECT sensor raw ADC (ch2D) (meaning verified from the code that writes it).
0x154788,16,0x20238,threshold_unk,MEDIUM,fef00c58,FUN_32F64,if ((DAT_ram_fef00c56 & 2) != 0) { if (DAT_ram_00154788 <= DAT_ram_fef00c58) { DAT_ram_fef00c56 = DAT_ram_fef00c56 & 0xfb | 8,X,,,Diagnostics - Monitors :: FUN_32F64 threshold vs fef00c58 #1,"Compared with RAM fef00c58, whose meaning is not identified yet (written by FUN_32F64 (expr))."
0x15478A,16,0x20239,threshold_unk,MEDIUM,fef00c5a,FUN_32FF8,if ((DAT_ram_fef00c56 & 0x20) != 0) { if (DAT_ram_0015478a <= DAT_ram_fef00c5a) { DAT_ram_fef00c56 = DAT_ram_fef00c56 & 0xbf | 0x80,X,,,Diagnostics - Monitors :: FUN_32FF8 threshold vs fef00c5a #1,"Compared with RAM fef00c5a, whose meaning is not identified yet (written by FUN_32FF8 (expr))."
0x15478C,16,0x2023A,count,HIGH,fef00c5c,FUN_3308C,} else { if (DAT_ram_0015478c <= DAT_ram_fef00c5c) { DAT_ram_fef00c56 = DAT_ram_fef00c56 & 0xf7 | 4,X,,,Diagnostics - Monitors :: FUN_3308C debounce/timer count #1,"Compared with fef00c5c, a counter the code steps by 1 each cycle, so this is a cycle count (debounce/delay), not a sensor value."
0x15478E,16,0x2023B,threshold_unk,MEDIUM,fef00c5e,FUN_3311E,if ((DAT_ram_fef00c56 & 0x10) != 0) { if (DAT_ram_0015478e <= DAT_ram_fef00c5e) { DAT_ram_fef00c56 = DAT_ram_fef00c56 & 0x7f | 0x40,X,,,Diagnostics - Monitors :: FUN_3311E threshold vs fef00c5e #1,"Compared with RAM fef00c5e, whose meaning is not identified yet (written by FUN_3311E (expr))."
0x154790,16,0x2023C,threshold,HIGH,fef0257c = Temperature ch00 raw ADC,FUN_314E0,if ((iVar5 == 0) && (cVar2 == -0x80)) { bVar4 = uVar1 <= uVar3,X,,,DTC P0197 :: raw-ADC threshold #1,Compared with fef0257c = Temperature ch00 raw ADC (meaning verified from the code that writes it).
0x154792,16,0x2023D,threshold,HIGH,fef0257c = Temperature ch00 raw ADC,FUN_31562,if ((iVar5 == 0) && (cVar2 == -0x80)) { bVar4 = uVar3 <= uVar1,X,,,DTC P0195 :: raw-ADC threshold #1,Compared with fef0257c = Temperature ch00 raw ADC (meaning verified from the code that writes it).
0x154794,16,0x2023E,threshold_unk,MEDIUM,fef00b24,FUN_31520,if (iVar3 == 1) { if (uVar1 <= uVar2) { FUN_ram_0003140a(0),X,,,Diagnostics - Monitors :: FUN_31520 threshold vs fef00b24 #1,"Compared with RAM fef00b24, whose meaning is not identified yet (written by FUN_31520 (expr))."
0x154796,16,0x2023F,threshold_unk,MEDIUM,fef00b26,FUN_315A2,if (iVar3 == 1) { if (uVar1 <= uVar2) { FUN_ram_000314a2(0),X,,,Diagnostics - Monitors :: FUN_315A2 threshold vs fef00b26 #1,"Compared with RAM fef00b26, whose meaning is not identified yet (written by FUN_315A2 (expr))."
0x154798,16,0x20240,threshold_unk,MEDIUM,fef00b28,FUN_31624,if (iVar3 == 1) { if (uVar1 <= uVar2) { FUN_ram_0003140a(1),X,,,Diagnostics - Monitors :: FUN_31624 threshold vs fef00b28 #1,"Compared with RAM fef00b28, whose meaning is not identified yet (written by FUN_31624 (expr))."
0x15479A,16,0x20241,threshold_unk,MEDIUM,fef00b2a,FUN_316A6,if (iVar3 == 1) { if (uVar1 <= uVar2) { FUN_ram_000314a2(1),X,,,Diagnostics - Monitors :: FUN_316A6 threshold vs fef00b2a #1,"Compared with RAM fef00b2a, whose meaning is not identified yet (written by FUN_316A6 (expr))."
0x15479C,16,0x20242,threshold,HIGH,fef02566 = IAT sensor raw ADC (ch02),FUN_33200,if (((iVar1 == 0) && (DAT_ram_0015479c <= DAT_ram_fef02566)) && (DAT_ram_00154992 == -0x80)) { DAT_ram_fef00c60 = DAT_ram_fef00c60 & 0xfe | ,X,,,DTC P0112 :: raw-ADC threshold #1,Compared with fef02566 = IAT sensor raw ADC (ch02) (meaning verified from the code that writes it).
0x15479E,16,0x20243,threshold,HIGH,fef02566 = IAT sensor raw ADC (ch02),FUN_33316,if (((iVar1 == 0) && (DAT_ram_fef02566 <= DAT_ram_0015479e)) && (DAT_ram_00154993 == -0x80)) { DAT_ram_fef00c60 = DAT_ram_fef00c60 & 0xef | ,X,,,DTC P0110 :: raw-ADC threshold #1,Compared with fef02566 = IAT sensor raw ADC (ch02) (meaning verified from the code that writes it).
0x1547A0,16,0x20244,threshold_unk,MEDIUM,fef00c62,FUN_3324A,if ((DAT_ram_fef00c60 & 2) != 0) { if (DAT_ram_001547a0 <= DAT_ram_fef00c62) { DAT_ram_fef00c60 = DAT_ram_fef00c60 & 0xfb | 8,X,,,Diagnostics - Monitors :: FUN_3324A threshold vs fef00c62 #1,"Compared with RAM fef00c62, whose meaning is not identified yet (written by FUN_3324A (expr))."
0x1547A2,16,0x20245,threshold_unk,MEDIUM,fef00c64,FUN_33360,if ((DAT_ram_fef00c60 & 0x20) != 0) { if (DAT_ram_001547a2 <= DAT_ram_fef00c64) { DAT_ram_fef00c60 = DAT_ram_fef00c60 & 0xbf | 0x80,X,,,Diagnostics - Monitors :: FUN_33360 threshold vs fef00c64 #1,"Compared with RAM fef00c64, whose meaning is not identified yet (written by FUN_33360 (expr))."
0x1547A4,16,0x20246,count,HIGH,fef00c66,FUN_332D6,} else { if (DAT_ram_001547a4 <= DAT_ram_fef00c66) { DAT_ram_fef00c60 = DAT_ram_fef00c60 & 0xf7 | 4,X,,,Diagnostics - Monitors :: FUN_332D6 debounce/timer count #1,"Compared with fef00c66, a counter the code steps by 1 each cycle, so this is a cycle count (debounce/delay), not a sensor value."
0x1547A6,16,0x20247,threshold_unk,MEDIUM,fef00c68,FUN_333EC,if ((DAT_ram_fef00c60 & 0x10) != 0) { if (DAT_ram_001547a6 <= DAT_ram_fef00c68) { DAT_ram_fef00c60 = DAT_ram_fef00c60 & 0x7f | 0x40,X,,,Diagnostics - Monitors :: FUN_333EC threshold vs fef00c68 #1,"Compared with RAM fef00c68, whose meaning is not identified yet (written by FUN_333EC (expr))."
0x1547A8,16,0x20248,threshold_unk,MEDIUM,fef00cf4,FUN_38346,if ((iVar3 == 1) && (iVar4 == 0)) { if (uVar1 <= uVar2) { FUN_ram_0003822a(0),X,,,Diagnostics - Monitors :: FUN_38346 threshold vs fef00cf4 #1,"Compared with RAM fef00cf4, whose meaning is not identified yet (written by FUN_38346 (expr))."
0x1547AA,16,0x20249,threshold_unk,MEDIUM,fef00cf8,FUN_38464,if ((iVar3 == 1) && (iVar4 == 0)) { if (uVar1 <= uVar2) { FUN_ram_000382c2(0),X,,,Diagnostics - Monitors :: FUN_38464 threshold vs fef00cf8 #1,"Compared with RAM fef00cf8, whose meaning is not identified yet (written by FUN_38464 (expr))."
0x1547AC,16,0x2024A,threshold_unk,MEDIUM,fef00cf6,FUN_383DC,if (iVar3 == 1) { if (uVar1 <= uVar2) { FUN_ram_0003822a(1),X,,,Diagnostics - Monitors :: FUN_383DC threshold vs fef00cf6 #1,"Compared with RAM fef00cf6, whose meaning is not identified yet (written by FUN_383DC (expr))."
0x1547AE,16,0x2024B,threshold_unk,MEDIUM,fef00cfa,FUN_384FA,if (iVar3 == 1) { if (uVar1 <= uVar2) { FUN_ram_000382c2(1),X,,,Diagnostics - Monitors :: FUN_384FA threshold vs fef00cfa #1,"Compared with RAM fef00cfa, whose meaning is not identified yet (written by FUN_384FA (expr))."
0x1547B0,16,0x2024C,cmp_local,MEDIUM,,FUN_3502C,if (iVar3 == 1) { bVar6 = uVar1 <= (&DAT_ram_fef00c9e)[param_1],X,,,Diagnostics - Monitors :: FUN_3502C threshold (computed input) #1,Compared with a value computed inside the function (not a single RAM variable).
0x1547B2,16,0x2024D,cmp_local,MEDIUM,,FUN_34F8C,if (iVar3 == 1) { bVar6 = uVar1 <= (&DAT_ram_fef00ca2)[param_1],X,,,Diagnostics - Monitors :: FUN_34F8C threshold (computed input) #1,Compared with a value computed inside the function (not a single RAM variable).
0x1547B4,16,0x2024E,threshold,HIGH,fef025a6 = Supply voltage (ADC ch03),FUN_39B16,if ((((cVar2 == -0x80) && (iVar5 == 0)) && (uVar1 <= uVar3)) && (iVar4 == 1)) { DAT_ram_fef00d2f = DAT_ram_fef00d2f | 1,X/51.2,,,DTC P1750 :: voltage voltage threshold #1,Compared with fef025a6 = Supply voltage (ADC ch03) (meaning verified from the code that writes it).
0x1547B6,16,0x2024F,cmp_local,MEDIUM,,FUN_32938,if ((iVar4 == 0) && (param_1 < uVar1)) { bVar5 = cVar3 == -0x80,X,,,DTC P2120 :: threshold (computed input) #1,Compared with a value computed inside the function (not a single RAM variable).
0x1547B8,16,0x20250,cmp_local,MEDIUM,,FUN_32A24,if ((iVar4 == 0) && (uVar1 < param_1)) { bVar5 = cVar3 == -0x80,X,,,DTC P2123 :: threshold (computed input) #1,Compared with a value computed inside the function (not a single RAM variable).
0x1547BA,16,0x20251,count,HIGH,fef00c42,FUN_32938,if (iVar4 == 1) { if (uVar2 <= DAT_ram_fef00c42) { FUN_ram_0003269a(1),X,,,DTC P2120 :: debounce/timer count #2,"Compared with fef00c42, a counter the code steps by 1 each cycle, so this is a cycle count (debounce/delay), not a sensor value."
0x1547BC,16,0x20252,count,HIGH,fef00c46,FUN_32A24,if (iVar4 == 1) { if (uVar2 <= DAT_ram_fef00c46) { FUN_ram_00032732(1),X,,,DTC P2123 :: debounce/timer count #2,"Compared with fef00c46, a counter the code steps by 1 each cycle, so this is a cycle count (debounce/delay), not a sensor value."
0x1547BE,16,0x20253,cmp_local,MEDIUM,,FUN_329AE,if ((iVar4 == 0) && (param_1 < uVar1)) { bVar5 = cVar3 == -0x80,X,,,DTC P2125 :: threshold (computed input) #1,Compared with a value computed inside the function (not a single RAM variable).
0x1547C0,16,0x20254,cmp_local,MEDIUM,,FUN_32A9A,if ((iVar4 == 0) && (uVar1 < param_1)) { bVar5 = cVar3 == -0x80,X,,,DTC P2128 :: threshold (computed input) #1,Compared with a value computed inside the function (not a single RAM variable).
0x1547C2,16,0x20255,count,HIGH,fef00c44,FUN_329AE,if (iVar4 == 1) { if (uVar2 <= DAT_ram_fef00c44) { FUN_ram_000327ca(1),X,,,DTC P2125 :: debounce/timer count #2,"Compared with fef00c44, a counter the code steps by 1 each cycle, so this is a cycle count (debounce/delay), not a sensor value."
0x1547C4,16,0x20256,count,HIGH,fef00c48,FUN_32A9A,if (iVar4 == 1) { if (uVar2 <= DAT_ram_fef00c48) { FUN_ram_00032888(1),X,,,DTC P2128 :: debounce/timer count #2,"Compared with fef00c48, a counter the code steps by 1 each cycle, so this is a cycle count (debounce/delay), not a sensor value."
0x1547C6,16,0x20257,count,HIGH,fef00c4a,FUN_32D18,if (uVar1 <= DAT_ram_fef00c4a) { FUN_ram_00032862(1),X,,,DTC P2138 :: debounce/timer count #1,"Compared with fef00c4a, a counter the code steps by 1 each cycle, so this is a cycle count (debounce/delay), not a sensor value."
0x1547C8,16,0x20258,count,HIGH,fef00c4c,FUN_32B54,if (iVar2 == 1) { if (uVar1 <= DAT_ram_fef00c4c) { FUN_ram_000326c0(1),X,,,Diagnostics - Monitors :: FUN_32B54 debounce/timer count #1,"Compared with fef00c4c, a counter the code steps by 1 each cycle, so this is a cycle count (debounce/delay), not a sensor value."
0x1547CA,16,0x20259,count,HIGH,fef00c50,FUN_32C58,if (iVar2 == 1) { if (uVar1 <= DAT_ram_fef00c50) { FUN_ram_00032758(1),X,,,Diagnostics - Monitors :: FUN_32C58 debounce/timer count #1,"Compared with fef00c50, a counter the code steps by 1 each cycle, so this is a cycle count (debounce/delay), not a sensor value."
0x1547CC,16,0x2025A,count,HIGH,fef00c4e,FUN_32BD6,if (iVar2 == 1) { if (uVar1 <= DAT_ram_fef00c4e) { FUN_ram_000328ae(1),X,,,Diagnostics - Monitors :: FUN_32BD6 debounce/timer count #1,"Compared with fef00c4e, a counter the code steps by 1 each cycle, so this is a cycle count (debounce/delay), not a sensor value."
0x1547CE,16,0x2025B,count,HIGH,fef00c52,FUN_32CDA,if (iVar2 == 1) { if (uVar1 <= DAT_ram_fef00c52) { FUN_ram_000328d4(1),X,,,Diagnostics - Monitors :: FUN_32CDA debounce/timer count #1,"Compared with fef00c52, a counter the code steps by 1 each cycle, so this is a cycle count (debounce/delay), not a sensor value."
0x1547D0,16,0x2025C,count,HIGH,fef00c54,FUN_32E14,if (iVar2 == 1) { if (uVar1 <= DAT_ram_fef00c54) { FUN_ram_00032920(1),X,,,Diagnostics - Monitors :: FUN_32E14 debounce/timer count #1,"Compared with fef00c54, a counter the code steps by 1 each cycle, so this is a cycle count (debounce/delay), not a sensor value."
0x1547D2,16,0x2025D,count,HIGH,fef00c34,FUN_3227A,if (iVar2 == 1) { if (uVar1 <= DAT_ram_fef00c34) { FUN_ram_00031de6(1),X,,,Diagnostics - Monitors :: FUN_3227A debounce/timer count #1,"Compared with fef00c34, a counter the code steps by 1 each cycle, so this is a cycle count (debounce/delay), not a sensor value."
0x1547D4,16,0x2025E,count,HIGH,fef00c38,FUN_3237E,if (iVar2 == 1) { if (uVar1 <= DAT_ram_fef00c38) { FUN_ram_00031e7e(1),X,,,Diagnostics - Monitors :: FUN_3237E debounce/timer count #1,"Compared with fef00c38, a counter the code steps by 1 each cycle, so this is a cycle count (debounce/delay), not a sensor value."
0x1547D6,16,0x2025F,count,HIGH,fef00c36,FUN_322FC,if (iVar2 == 1) { if (uVar1 <= DAT_ram_fef00c36) { FUN_ram_00031fd4(1),X,,,Diagnostics - Monitors :: FUN_322FC debounce/timer count #1,"Compared with fef00c36, a counter the code steps by 1 each cycle, so this is a cycle count (debounce/delay), not a sensor value."
0x1547D8,16,0x20260,count,HIGH,fef00c3a,FUN_32400,if (iVar2 == 1) { if (uVar1 <= DAT_ram_fef00c3a) { FUN_ram_00031ffa(1),X,,,Diagnostics - Monitors :: FUN_32400 debounce/timer count #1,"Compared with fef00c3a, a counter the code steps by 1 each cycle, so this is a cycle count (debounce/delay), not a sensor value."
0x1547DA,16,0x20261,count,HIGH,fef00c3c,FUN_3253A,if (iVar2 == 1) { if (uVar1 <= DAT_ram_fef00c3c) { FUN_ram_00032046(1),X,,,Diagnostics - Monitors :: FUN_3253A debounce/timer count #1,"Compared with fef00c3c, a counter the code steps by 1 each cycle, so this is a cycle count (debounce/delay), not a sensor value."
0x1547DC,16,0x20262,cmp_local,MEDIUM,,FUN_31830,} if (uVar4 < uVar3) { iVar5 = 1,X,,,Diagnostics - Monitors :: FUN_31830 threshold (computed input) #1,Compared with a value computed inside the function (not a single RAM variable).
0x1547DE,16,0x20263,cmp_local,MEDIUM,,FUN_318A2,} if (uVar4 < uVar3) { iVar5 = 1,X,,,Diagnostics - Monitors :: FUN_318A2 threshold (computed input) #1,Compared with a value computed inside the function (not a single RAM variable).
0x1547E4,16,0x20264,threshold_unk,MEDIUM,fef00d10,FUN_39034,if (iVar3 == 1) { if (uVar1 <= uVar2) { FUN_ram_00038f1e(0),X,,,Diagnostics - Monitors :: FUN_39034 threshold vs fef00d10 #1,"Compared with RAM fef00d10, whose meaning is not identified yet (written by FUN_39034 (expr))."
0x1547E6,16,0x20265,threshold_unk,MEDIUM,fef00d12,FUN_39138,if (iVar3 == 1) { if (uVar1 <= uVar2) { FUN_ram_00038fb6(0),X,,,Diagnostics - Monitors :: FUN_39138 threshold vs fef00d12 #1,"Compared with RAM fef00d12, whose meaning is not identified yet (written by FUN_39138 (expr))."
0x1547E8,16,0x20266,threshold_unk,MEDIUM,fef00d14,FUN_390B6,if (iVar3 == 1) { if (uVar1 <= uVar2) { FUN_ram_00038f1e(1),X,,,Diagnostics - Monitors :: FUN_390B6 threshold vs fef00d14 #1,"Compared with RAM fef00d14, whose meaning is not identified yet (written by FUN_390B6 (expr))."
0x1547EA,16,0x20267,threshold_unk,MEDIUM,fef00d16,FUN_391BA,if (iVar3 == 1) { if (uVar1 <= uVar2) { FUN_ram_00038fb6(1),X,,,Diagnostics - Monitors :: FUN_391BA threshold vs fef00d16 #1,"Compared with RAM fef00d16, whose meaning is not identified yet (written by FUN_391BA (expr))."
0x1547EC,16,0x20268,threshold,HIGH,fef0257a = ADC ch33 raw (unidentified sensor),FUN_393D0,if ((iVar2 == 0) && (DAT_ram_001547ec <= uVar1)) { bVar3 = DAT_ram_001549a9 == -0x80,X,,,DTC P1400 :: raw-ADC threshold #1,Compared with fef0257a = ADC ch33 raw (unidentified sensor) (meaning verified from the code that writes it).
0x1547EE,16,0x20269,threshold,HIGH,fef0257a = ADC ch33 raw (unidentified sensor),FUN_394D4,if ((iVar2 == 0) && (uVar1 <= DAT_ram_001547ee)) { bVar3 = DAT_ram_001549aa == -0x80,X,,,DTC P1402 :: raw-ADC threshold #1,Compared with fef0257a = ADC ch33 raw (unidentified sensor) (meaning verified from the code that writes it).
0x1547F0,16,0x2026A,threshold_unk,MEDIUM,fef00d1a,FUN_39410,if (iVar3 == 1) { if (uVar1 <= uVar2) { FUN_ram_000392fa(0),X,,,Diagnostics - Monitors :: FUN_39410 threshold vs fef00d1a #1,"Compared with RAM fef00d1a, whose meaning is not identified yet (written by FUN_39410 (expr))."
0x1547F2,16,0x2026B,threshold_unk,MEDIUM,fef00d1c,FUN_39514,if (iVar3 == 1) { if (uVar1 <= uVar2) { FUN_ram_00039392(0),X,,,Diagnostics - Monitors :: FUN_39514 threshold vs fef00d1c #1,"Compared with RAM fef00d1c, whose meaning is not identified yet (written by FUN_39514 (expr))."
0x1547F4,16,0x2026C,threshold_unk,MEDIUM,fef00d1e,FUN_39492,if (iVar3 == 1) { if (uVar1 <= uVar2) { FUN_ram_000392fa(1),X,,,Diagnostics - Monitors :: FUN_39492 threshold vs fef00d1e #1,"Compared with RAM fef00d1e, whose meaning is not identified yet (written by FUN_39492 (expr))."
0x1547F6,16,0x2026D,threshold_unk,MEDIUM,fef00d20,FUN_39596,if (iVar3 == 1) { if (uVar1 <= uVar2) { FUN_ram_00039392(1),X,,,Diagnostics - Monitors :: FUN_39596 threshold vs fef00d20 #1,"Compared with RAM fef00d20, whose meaning is not identified yet (written by FUN_39596 (expr))."
0x1547F8,16,0x2026E,threshold,HIGH,fef02576 = AP sensor raw ADC (ch30),FUN_397AC,if ((uVar1 < DAT_ram_001547f8) || (DAT_ram_001549ab != -0x80)) { bVar3 = false,X,,,DTC P2228 :: raw-ADC threshold #1,Compared with fef02576 = AP sensor raw ADC (ch30) (meaning verified from the code that writes it).
0x1547FA,16,0x2026F,threshold,HIGH,fef02576 = AP sensor raw ADC (ch30),FUN_398B0,if ((DAT_ram_001547fa < uVar1) || (DAT_ram_001549ac != -0x80)) { bVar3 = false,X,,,DTC P2226 :: raw-ADC threshold #1,Compared with fef02576 = AP sensor raw ADC (ch30) (meaning verified from the code that writes it).
0x1547FC,16,0x20270,threshold_unk,MEDIUM,fef00d24,FUN_397EC,if (iVar3 == 1) { if (uVar1 <= uVar2) { FUN_ram_000396d6(0),X,,,Diagnostics - Monitors :: FUN_397EC threshold vs fef00d24 #1,"Compared with RAM fef00d24, whose meaning is not identified yet (written by FUN_397EC (expr))."
0x1547FE,16,0x20271,threshold_unk,MEDIUM,fef00d28,FUN_398F0,if (iVar3 == 1) { if (uVar1 <= uVar2) { FUN_ram_0003976e(0),X,,,Diagnostics - Monitors :: FUN_398F0 threshold vs fef00d28 #1,"Compared with RAM fef00d28, whose meaning is not identified yet (written by FUN_398F0 (expr))."
0x154800,16,0x20272,threshold_unk,MEDIUM,fef00d26,FUN_3986E,if (iVar3 == 1) { if (uVar1 <= uVar2) { FUN_ram_000396d6(1),X,,,Diagnostics - Monitors :: FUN_3986E threshold vs fef00d26 #1,"Compared with RAM fef00d26, whose meaning is not identified yet (written by FUN_3986E (expr))."
0x154802,16,0x20273,threshold_unk,MEDIUM,fef00d2a,FUN_39972,if (iVar3 == 1) { if (uVar1 <= uVar2) { FUN_ram_0003976e(1),X,,,Diagnostics - Monitors :: FUN_39972 threshold vs fef00d2a #1,"Compared with RAM fef00d2a, whose meaning is not identified yet (written by FUN_39972 (expr))."
0x154804,16,0x20274,cmp_local,MEDIUM,,FUN_39D1C,if ((uVar2 < uVar3) || (uVar2 < uVar4)) { bVar1 = true,X,,,Diagnostics - Monitors :: FUN_39D1C threshold (computed input) #1,Compared with a value computed inside the function (not a single RAM variable).
0x154806,16,0x20275,threshold_unk,MEDIUM,fef00d32,FUN_39E8A,} else { bVar4 = DAT_ram_00154806 <= uVar1,X,,,Diagnostics - Monitors :: FUN_39E8A threshold vs fef00d32 #1,"Compared with RAM fef00d32, whose meaning is not identified yet (written by FUN_39E8A (expr))."
0x154808,16,0x20276,threshold_unk,MEDIUM,fef00d34,FUN_39F6A,} else { bVar4 = DAT_ram_00154808 <= uVar1,X,,,Diagnostics - Monitors :: FUN_39F6A threshold vs fef00d34 #1,"Compared with RAM fef00d34, whose meaning is not identified yet (written by FUN_39F6A (expr))."
0x15480A,16,0x20277,threshold_unk,MEDIUM,fef00c0c,FUN_3A234,FUN_ram_0003a04a(iVar2 == 1 && DAT_ram_fef00c0c < uVar1),X,,,Diagnostics - Monitors :: FUN_3A234 threshold vs fef00c0c #1,"Compared with RAM fef00c0c, whose meaning is not identified yet (written by FUN_3A184 (expr))."
0x15480C,16,0x20278,threshold_unk,MEDIUM,fef00d38,FUN_3A110,if (((iVar3 == 0) && (DAT_ram_001549ae == -0x80)) && (-1 < (DAT_ram_fef021c1 << 0x1d))) { FUN_ram_0003a0e2(uVar1 <= DAT_ram_fef00d38),X,,,DTC P0069 :: threshold vs fef00d38 #1,"Compared with RAM fef00d38, whose meaning is not identified yet (written by FUN_3A110 (expr))."
0x15480E,16,0x20279,count,HIGH,fef00d3a,FUN_3A184,} else { bVar8 = uVar1 <= DAT_ram_fef00d3a,X,,,Diagnostics - Monitors :: FUN_3A184 debounce/timer count #1,"Compared with fef00d3a, a counter the code steps by 1 each cycle, so this is a cycle count (debounce/delay), not a sensor value."
0x154810,16,0x2027A,threshold,HIGH,fef0257a = ADC ch33 raw (unidentified sensor),FUN_3AA50,if (((iVar5 == 0) && (cVar3 == -0x80)) && (uVar1 <= DAT_ram_fef0257a)) { bVar4 = DAT_ram_fef0257a <= uVar2,X,,,DTC P1404 #1 :: raw-ADC threshold #1,Compared with fef0257a = ADC ch33 raw (unidentified sensor) (meaning verified from the code that writes it).
0x154812,16,0x2027B,threshold,HIGH,fef0257a = ADC ch33 raw (unidentified sensor),FUN_3AA50,if (((iVar5 == 0) && (cVar3 == -0x80)) && (uVar1 <= DAT_ram_fef0257a)) { bVar4 = DAT_ram_fef0257a <= uVar2,X,,,DTC P1404 #1 :: raw-ADC threshold #2,Compared with fef0257a = ADC ch33 raw (unidentified sensor) (meaning verified from the code that writes it).
0x154814,16,0x2027C,threshold,HIGH,fef0257a = ADC ch33 raw (unidentified sensor),FUN_3AADE,if ((iVar7 == 0) && (cVar5 == -0x80)) { if ((uVar3 <= DAT_ram_fef0257a) && (DAT_ram_fef0257a < uVar1)) { bVar6 = true,X,,,DTC P1404 #1 :: raw-ADC threshold #3,Compared with fef0257a = ADC ch33 raw (unidentified sensor) (meaning verified from the code that writes it).
0x154816,16,0x2027D,threshold,HIGH,fef0257a = ADC ch33 raw (unidentified sensor),FUN_3AADE,} if (uVar2 < DAT_ram_fef0257a) { bVar6 = DAT_ram_fef0257a <= uVar4,X,,,DTC P1404 #1 :: raw-ADC threshold #4,Compared with fef0257a = ADC ch33 raw (unidentified sensor) (meaning verified from the code that writes it).
0x154818,16,0x2027E,threshold_unk,MEDIUM,fef00d50,FUN_3AA9C,if (iVar3 == 1) { if (uVar1 <= DAT_ram_fef00d50) { FUN_ram_0003ac32(0),X,,,Diagnostics - Monitors :: FUN_3AA9C threshold vs fef00d50 #1,"Compared with RAM fef00d50, whose meaning is not identified yet (written by FUN_3AA9C (expr))."
0x15481A,16,0x2027F,threshold_unk,MEDIUM,fef00d52,FUN_3AB46,if (iVar3 == 1) { if (uVar1 <= DAT_ram_fef00d52) { FUN_ram_0003ac32(1),X,,,Diagnostics - Monitors :: FUN_3AB46 threshold vs fef00d52 #1,"Compared with RAM fef00d52, whose meaning is not identified yet (written by FUN_3AB46 (expr))."
0x15481C,16,0x20280,threshold,HIGH,fef02600 = Throttle valve position,FUN_3A760,if ((((iVar6 == 0) && (cVar3 == -0x80)) && (uVar5 <= uVar1)) && ((iVar7 == 0 && (iVar8 == 0)))) { FUN_ram_0003aa12(uVar2 <= DAT_ram_fef00d48,X/364.08,,,DTC P1106 :: throttle threshold #1,Compared with fef02600 = Throttle valve position (meaning verified from the code that writes it).
0x15481E,16,0x20281,cmp_local,MEDIUM,,FUN_3A7DC,FUN_ram_0003a9a0(iVar3 == 1 && uVar1 < uVar2),X,,,Diagnostics - Monitors :: FUN_3A7DC threshold (computed input) #1,Compared with a value computed inside the function (not a single RAM variable).
0x154820,16,0x20282,threshold_unk,MEDIUM,fef00d48,FUN_3A760,if ((((iVar6 == 0) && (cVar3 == -0x80)) && (uVar5 <= uVar1)) && ((iVar7 == 0 && (iVar8 == 0)))) { FUN_ram_0003aa12(uVar2 <= DAT_ram_fef00d48,X,,,DTC P1106 :: threshold vs fef00d48 #2,"Compared with RAM fef00d48, whose meaning is not identified yet (written by FUN_3A760 (expr))."
0x154822,16,0x20283,threshold_unk,MEDIUM,fef00d4a,FUN_3A81C,if (iVar3 == 1) { if (uVar1 <= DAT_ram_fef00d4a) { FUN_ram_0003a9ec(1),X,,,Diagnostics - Monitors :: FUN_3A81C threshold vs fef00d4a #1,"Compared with RAM fef00d4a, whose meaning is not identified yet (written by FUN_3A81C (expr))."
0x154824,16,0x20284,threshold_unk,MEDIUM,fef02666,FUN_2A6E8,if (uVar6 <= uVar11) { if (cVar4 == -0x80) { if (((uVar25 << 6 <= uVar28) && (uVar28 <= uVar24 * 0x40)) && ((uVar28 <= uVar18 || (uVar20 <= ,X,,,DTC P0828 :: threshold vs fef02666 #1,"Compared with RAM fef02666, whose meaning is not identified yet (written by FUN_6F9C6 (expr of fef02584))."
0x154826,16,0x20285,threshold_unk,MEDIUM,fef02584,FUN_3A48C,if ((cVar2 == -0x80) && (uVar3 < uVar1)) { bVar5 = iVar4 == 0,X,,,DTC P0826 :: threshold vs fef02584 #1,"Compared with RAM fef02584, whose meaning is not identified yet (written by FUN_74D12 (expr))."
0x154828,16,0x20286,count,HIGH,fef00d40,FUN_3A438,if (iVar1 == 1) { bVar4 = DAT_ram_00154828 <= DAT_ram_fef00d40,X,,,Diagnostics - Monitors :: FUN_3A438 debounce/timer count #1,"Compared with fef00d40, a counter the code steps by 1 each cycle, so this is a cycle count (debounce/delay), not a sensor value."
0x15482A,16,0x20287,count,HIGH,fef00d3e,FUN_3A3A4,if (iVar1 == 1) { bVar4 = DAT_ram_0015482a <= DAT_ram_fef00d3e,X,,,Diagnostics - Monitors :: FUN_3A3A4 debounce/timer count #1,"Compared with fef00d3e, a counter the code steps by 1 each cycle, so this is a cycle count (debounce/delay), not a sensor value."
0x15482C,16,0x20288,threshold,HIGH,fef0258e = Engine speed,FUN_3ACC0,if (((((iVar10 == 0) && (uVar1 < uVar8)) && (uVar8 < uVar2)) && ((uVar3 < uVar9 && (uVar9 < uVar4)))) && (((DAT_ram_fef00d5c << 0x1e) < 0 &&,X/2.56,,,DTC P0915 #2 :: RPM threshold #1,Compared with fef0258e = Engine speed (meaning verified from the code that writes it).
0x15482E,16,0x20289,threshold,HIGH,fef0258e = Engine speed,FUN_3ACC0,if (((((iVar10 == 0) && (uVar1 < uVar8)) && (uVar8 < uVar2)) && ((uVar3 < uVar9 && (uVar9 < uVar4)))) && (((DAT_ram_fef00d5c << 0x1e) < 0 &&,X/2.56,,,DTC P0915 #2 :: RPM threshold #2,Compared with fef0258e = Engine speed (meaning verified from the code that writes it).
0x154830,16,0x2028A,threshold,HIGH,fef02600 = Throttle valve position,FUN_3ACC0,if (((((iVar10 == 0) && (uVar1 < uVar8)) && (uVar8 < uVar2)) && ((uVar3 < uVar9 && (uVar9 < uVar4)))) && (((DAT_ram_fef00d5c << 0x1e) < 0 &&,X/364.08,,,DTC P0915 #2 :: throttle threshold #3,Compared with fef02600 = Throttle valve position (meaning verified from the code that writes it).
0x154832,16,0x2028B,threshold,HIGH,fef02600 = Throttle valve position,FUN_3ACC0,if (((((iVar10 == 0) && (uVar1 < uVar8)) && (uVar8 < uVar2)) && ((uVar3 < uVar9 && (uVar9 < uVar4)))) && (((DAT_ram_fef00d5c << 0x1e) < 0 &&,X/364.08,,,DTC P0915 #2 :: throttle threshold #4,Compared with fef02600 = Throttle valve position (meaning verified from the code that writes it).
0x154834,16,0x2028C,threshold_unk,MEDIUM,fef00d56,FUN_3ACC0,bVar11 = uVar5 <= uVar7,X,,,DTC P0915 #2 :: threshold vs fef00d56 #5,"Compared with RAM fef00d56, whose meaning is not identified yet (written by FUN_3ACC0 (expr))."
0x154836,16,0x2028D,threshold_unk,MEDIUM,fef00d58,FUN_3ADB4,if (iVar3 == 1) { if (uVar1 <= uVar2) { FUN_ram_0003aff2(1),X,,,Diagnostics - Monitors :: FUN_3ADB4 threshold vs fef00d58 #1,"Compared with RAM fef00d58, whose meaning is not identified yet (written by FUN_3ADB4 (expr))."
0x154838,16,0x2028E,threshold,HIGH,fef0258e = Engine speed,FUN_3B0A2,if ((((uVar1 < DAT_ram_fef0258e) && (DAT_ram_fef0258e < uVar2)) && (uVar3 < DAT_ram_fef02600)) && ((DAT_ram_fef02600 < uVar4 && (bVar7 <= DA,X/2.56,,,DTC P0830 :: RPM threshold #1,Compared with fef0258e = Engine speed (meaning verified from the code that writes it).
0x15483A,16,0x2028F,threshold,HIGH,fef0258e = Engine speed,FUN_3B0A2,if ((((uVar1 < DAT_ram_fef0258e) && (DAT_ram_fef0258e < uVar2)) && (uVar3 < DAT_ram_fef02600)) && ((DAT_ram_fef02600 < uVar4 && (bVar7 <= DA,X/2.56,,,DTC P0830 :: RPM threshold #2,Compared with fef0258e = Engine speed (meaning verified from the code that writes it).
0x15483E,16,0x20291,threshold,HIGH,fef02600 = Throttle valve position,FUN_3B0A2,if ((((uVar1 < DAT_ram_fef0258e) && (DAT_ram_fef0258e < uVar2)) && (uVar3 < DAT_ram_fef02600)) && ((DAT_ram_fef02600 < uVar4 && (bVar7 <= DA,X/364.08,,,DTC P0830 :: throttle threshold #4,Compared with fef02600 = Throttle valve position (meaning verified from the code that writes it).
0x154840,16,0x20292,threshold_unk,MEDIUM,fef00d5e,FUN_3B0A2,if (((uVar8 < uVar5) || (cVar9 != '\0')) || (cVar6 != -0x80)) { DAT_ram_fef00d64 = DAT_ram_fef00d64 & 0xfe,X,,,DTC P0830 :: threshold vs fef00d5e #5,"Compared with RAM fef00d5e, whose meaning is not identified yet (written by FUN_3B0A2 (expr))."
0x154842,16,0x20293,threshold_unk,MEDIUM,fef00d60,FUN_3B196,if (iVar3 == 1) { if (uVar1 <= DAT_ram_fef00d60) { FUN_ram_0003b32e(1),X,,,Diagnostics - Monitors :: FUN_3B196 threshold vs fef00d60 #1,"Compared with RAM fef00d60, whose meaning is not identified yet (written by FUN_3B196 (expr))."
0x154844,16,0x20294,threshold,HIGH,fef0258e = Engine speed,FUN_3B3B8,if (((((uVar1 < DAT_ram_fef0258e) && (DAT_ram_fef0258e < uVar2)) && (uVar3 < DAT_ram_fef02600)) && ((DAT_ram_fef02600 < uVar4 && ((DAT_ram_f,X/2.56,,,DTC P0850 :: RPM threshold #1,Compared with fef0258e = Engine speed (meaning verified from the code that writes it).
0x154846,16,0x20295,threshold,HIGH,fef0258e = Engine speed,FUN_3B3B8,if (((((uVar1 < DAT_ram_fef0258e) && (DAT_ram_fef0258e < uVar2)) && (uVar3 < DAT_ram_fef02600)) && ((DAT_ram_fef02600 < uVar4 && ((DAT_ram_f,X/2.56,,,DTC P0850 :: RPM threshold #2,Compared with fef0258e = Engine speed (meaning verified from the code that writes it).
0x15484A,16,0x20297,threshold,HIGH,fef02600 = Throttle valve position,FUN_3B3B8,if (((((uVar1 < DAT_ram_fef0258e) && (DAT_ram_fef0258e < uVar2)) && (uVar3 < DAT_ram_fef02600)) && ((DAT_ram_fef02600 < uVar4 && ((DAT_ram_f,X/364.08,,,DTC P0850 :: throttle threshold #4,Compared with fef02600 = Throttle valve position (meaning verified from the code that writes it).
0x15484C,16,0x20298,threshold_unk,MEDIUM,fef00d66,FUN_3B3B8,if (((uVar8 < uVar5) || (cVar9 != '\0')) || (cVar6 != -0x80)) { DAT_ram_fef00d6c = DAT_ram_fef00d6c & 0xfd,X,,,DTC P0850 :: threshold vs fef00d66 #5,"Compared with RAM fef00d66, whose meaning is not identified yet (written by FUN_3B3B8 (expr))."
0x15484E,16,0x20299,threshold_unk,MEDIUM,fef00d68,FUN_3B4B8,if (iVar3 == 1) { if (uVar1 <= DAT_ram_fef00d68) { FUN_ram_0003b65c(1),X,,,Diagnostics - Monitors :: FUN_3B4B8 threshold vs fef00d68 #1,"Compared with RAM fef00d68, whose meaning is not identified yet (written by FUN_3B4B8 (expr))."
0x154850,16,0x2029A,cmp_local,MEDIUM,,FUN_3BCA6,bVar41 = uVar7 <= uVar2 || bVar43,X,,,DTC P0133 / P0153 :: threshold (computed input) #1,Compared with a value computed inside the function (not a single RAM variable).
0x154852,16,0x2029B,threshold_unk,MEDIUM,fef01f56,FUN_3BCA6,if ((((((iVar36 == 0) && (cVar29 == '\x01')) && (uVar8 <= uVar23)) && (((uVar9 <= uVar24 && (uVar24 <= uVar10)) && ((uVar11 <= uVar25 && ((u,X,,,DTC P0133 / P0153 :: threshold vs fef01f56 #2,"Compared with RAM fef01f56, whose meaning is not identified yet (written by FUN_5DCAA (expr))."
0x154854,16,0x2029C,threshold,HIGH,fef0258e = Engine speed,FUN_3BCA6,if ((((((iVar36 == 0) && (cVar29 == '\x01')) && (uVar8 <= uVar23)) && (((uVar9 <= uVar24 && (uVar24 <= uVar10)) && ((uVar11 <= uVar25 && ((u,X/2.56,,,DTC P0133 / P0153 :: RPM threshold #3,Compared with fef0258e = Engine speed (meaning verified from the code that writes it).
0x154856,16,0x2029D,threshold,HIGH,fef0258e = Engine speed,FUN_3BCA6,if ((((((iVar36 == 0) && (cVar29 == '\x01')) && (uVar8 <= uVar23)) && (((uVar9 <= uVar24 && (uVar24 <= uVar10)) && ((uVar11 <= uVar25 && ((u,X/2.56,,,DTC P0133 / P0153 :: RPM threshold #4,Compared with fef0258e = Engine speed (meaning verified from the code that writes it).
0x154858,16,0x2029E,threshold,HIGH,fef02628 = Manifold vacuum (AP - IAP),FUN_3BCA6,if ((((((iVar36 == 0) && (cVar29 == '\x01')) && (uVar8 <= uVar23)) && (((uVar9 <= uVar24 && (uVar24 <= uVar10)) && ((uVar11 <= uVar25 && ((u,(X-7862)/393.14,,,DTC P0133 / P0153 :: vacuum vacuum threshold #5,Compared with fef02628 = Manifold vacuum (AP - IAP) (meaning verified from the code that writes it).
0x15485A,16,0x2029F,threshold_unk,MEDIUM,fef00da4,FUN_3BCA6,if ((((((iVar36 == 0) && (cVar29 == '\x01')) && (uVar8 <= uVar23)) && (((uVar9 <= uVar24 && (uVar24 <= uVar10)) && ((uVar11 <= uVar25 && ((u,X,,,DTC P0133 / P0153 :: threshold vs fef00da4 #6,"Compared with RAM fef00da4, whose meaning is not identified yet (written by FUN_3BB20 (expr of fef02628))."
0x15485C,16,0x202A0,cmp_local,MEDIUM,,FUN_3BCA6,if ((((((iVar36 == 0) && (cVar29 == '\x01')) && (uVar8 <= uVar23)) && (((uVar9 <= uVar24 && (uVar24 <= uVar10)) && ((uVar11 <= uVar25 && ((u,(X-7862)/393.14,,,DTC P0133 / P0153 :: vacuum threshold (computed input) #7,Compared with a value computed inside the function (not a single RAM variable). The displayed unit was inferred earlier and is NOT confirmed by this trace.
0x15485E,16,0x202A1,cmp_local,MEDIUM,,FUN_3BCA6,if ((((((iVar36 == 0) && (cVar29 == '\x01')) && (uVar8 <= uVar23)) && (((uVar9 <= uVar24 && (uVar24 <= uVar10)) && ((uVar11 <= uVar25 && ((u,X,,,DTC P0133 / P0153 :: threshold (computed input) #8,Compared with a value computed inside the function (not a single RAM variable).
0x154866,16,0x202A5,cmp_local,MEDIUM,,FUN_3BCA6,if ((((((iVar36 == 0) && (cVar29 == '\x01')) && (uVar8 <= uVar23)) && (((uVar9 <= uVar24 && (uVar24 <= uVar10)) && ((uVar11 <= uVar25 && ((u,X,,,DTC P0133 / P0153 :: threshold (computed input) #12,Compared with a value computed inside the function (not a single RAM variable).
0x154868,16,0x202A6,threshold_unk,MEDIUM,fef00daa,FUN_3BB20,if (DAT_ram_00154868 <= DAT_ram_fef00daa) { DAT_ram_fef00da6 = DAT_ram_fef02628,X,,,HO2 / Closed Loop :: FUN_3BB20 threshold vs fef00daa #1,"Compared with RAM fef00daa, whose meaning is not identified yet (written by FUN_3BB20 (expr))."
0x15486A,16,0x202A7,cmp_local,MEDIUM,,FUN_3C444,"if ((iVar4 == 1) && ((DAT_ram_0015486a <= uVar2 || (DAT_ram_001549ca <= bVar1)))) { uVar9 = FUN_ram_000919b6(uVar9 + 1,bVar10 + DAT_ram_0015",X,,,Diagnostics - Monitors :: FUN_3C444 threshold (computed input) #1,Compared with a value computed inside the function (not a single RAM variable).
0x15486C,16,0x202A8,arith,MEDIUM,fef00be8,FUN_3C616,"DAT_ram_fef00be8 = FUN_ram_000919c2(uVar6 << 3,0xffff)",X,,,Diagnostics - Monitors :: FUN_3C616 factor in fef00be8 #1,"Used in the expression that computes RAM fef00be8 (gain, offset or per-case value)."
0x15486E,16,0x202A9,arith,MEDIUM,fef00be6,FUN_3C616,"DAT_ram_fef00be6 = FUN_ram_000919c2(uVar7 << 3,0xffff)",X,,,Diagnostics - Monitors :: FUN_3C616 factor in fef00be6 #2,"Used in the expression that computes RAM fef00be6 (gain, offset or per-case value)."
0x154870,16,0x202AA,arith,MEDIUM,fef00bea,FUN_3C616,"DAT_ram_fef00bea = FUN_ram_000919c2(uVar8 << 3,0xffff)",X,,,Diagnostics - Monitors :: FUN_3C616 factor in fef00bea #3,"Used in the expression that computes RAM fef00bea (gain, offset or per-case value)."
0x154872,16,0x202AB,cmp_local,MEDIUM,,FUN_3BCA6,if ((((((iVar36 == 0) && (cVar29 == '\x01')) && (uVar8 <= uVar23)) && (((uVar9 <= uVar24 && (uVar24 <= uVar10)) && ((uVar11 <= uVar25 && ((u,X,,,DTC P0133 / P0153 :: threshold (computed input) #13,Compared with a value computed inside the function (not a single RAM variable).
0x154874,16,0x202AC,threshold_unk,MEDIUM,fef00dac,FUN_3BB62,if (iVar3 == 0) { if (uVar1 <= uVar2) { DAT_ram_fef00dbb = DAT_ram_fef00dbb & 0xf7,X,,,HO2 / Closed Loop :: FUN_3BB62 threshold vs fef00dac #1,"Compared with RAM fef00dac, whose meaning is not identified yet (written by FUN_3BB62 (expr))."
0x154876,16,0x202AD,cmp_local,MEDIUM,,FUN_3CE94,"if ((uVar2 < uVar1) || (uVar3 = 1, iVar4 != 1)) { uVar3 = 0",X,,,Diagnostics - Monitors :: FUN_3CE94 threshold (computed input) #1,Compared with a value computed inside the function (not a single RAM variable).
0x154878,16,0x202AE,cmp_local,MEDIUM,,FUN_3CECC,"if (iVar4 == 1) { if (uVar2 <= uVar1) { FUN_ram_0003ccd8(param_1,1)",X,,,Diagnostics - Monitors :: FUN_3CECC threshold (computed input) #1,Compared with a value computed inside the function (not a single RAM variable).
0x15487A,16,0x202AF,cmp_local,MEDIUM,,FUN_3D51A,"if (iVar4 == 1) { if (uVar2 <= uVar1) { FUN_ram_0003d1ce(param_1,1)",X,,,HO2 / Closed Loop :: FUN_3D51A threshold (computed input) #1,Compared with a value computed inside the function (not a single RAM variable).
0x15487C,16,0x202B0,cmp_local,MEDIUM,,FUN_3D46C,if (iVar4 == 1) { if ((uVar2 < uVar1) && (uVar1 < uVar3)) { return,X,,,Diagnostics - Monitors :: FUN_3D46C threshold (computed input) #1,Compared with a value computed inside the function (not a single RAM variable).
0x15487E,16,0x202B1,cmp_local,MEDIUM,,FUN_3D46C,if (iVar4 == 1) { if ((uVar2 < uVar1) && (uVar1 < uVar3)) { return,X,,,Diagnostics - Monitors :: FUN_3D46C threshold (computed input) #2,Compared with a value computed inside the function (not a single RAM variable).
0x154880,16,0x202B2,threshold_unk,MEDIUM,fef0118c,FUN_3DCDC,"} if (((uVar1 + uVar2 <= uVar5) || (uVar2 <= uVar6)) || (uVar3 = 1, iVar4 != 1)) { uVar3 = 0",X,,,HO2 / Closed Loop :: FUN_3DCDC threshold vs fef0118c #1,"Compared with RAM fef0118c, whose meaning is not identified yet (written by writer not found)."
0x154882,16,0x202B3,threshold_unk,MEDIUM,fef0118c,FUN_3DBAE,"} if (((uVar3 + 0x10000 <= uVar1 + uVar2) || (uVar6 <= uVar2)) || (uVar4 = 1, iVar5 != 1)) { uVar4 = 0",X,,,HO2 / Closed Loop :: FUN_3DBAE threshold vs fef0118c #1,"Compared with RAM fef0118c, whose meaning is not identified yet (written by writer not found)."
0x154884,16,0x202B4,cmp_local,MEDIUM,,FUN_3DC5E,if (iVar4 == 1) { bVar8 = uVar2 <= uVar1,X,,,HO2 / Closed Loop :: FUN_3DC5E threshold (computed input) #1,Compared with a value computed inside the function (not a single RAM variable).
0x154886,16,0x202B5,cmp_local,MEDIUM,,FUN_3DD34,if (iVar4 == 1) { bVar8 = uVar2 <= uVar1,X,,,HO2 / Closed Loop :: FUN_3DD34 threshold (computed input) #1,Compared with a value computed inside the function (not a single RAM variable).
0x154888,16,0x202B6,cmp_local,MEDIUM,,FUN_3DE22,} if ((cVar5 == '\x01' && uVar3 <= uVar1) || (cVar6 == '\x01' && uVar4 <= uVar2)) { uVar10 = 1,X,,,HO2 / Closed Loop :: FUN_3DE22 threshold (computed input) #1,Compared with a value computed inside the function (not a single RAM variable).
0x15488A,16,0x202B7,cmp_local,MEDIUM,,FUN_3DE22,} if ((cVar5 == '\x01' && uVar3 <= uVar1) || (cVar6 == '\x01' && uVar4 <= uVar2)) { uVar10 = 1,X,,,HO2 / Closed Loop :: FUN_3DE22 threshold (computed input) #2,Compared with a value computed inside the function (not a single RAM variable).
0x15488C,16,0x202B8,cmp_local,MEDIUM,,FUN_3DF62,} if ((cVar5 == '\x01' && uVar3 <= uVar1) || (cVar6 == '\x01' && uVar4 <= uVar2)) { uVar10 = 1,X,,,HO2 / Closed Loop :: FUN_3DF62 threshold (computed input) #1,Compared with a value computed inside the function (not a single RAM variable).
0x15488E,16,0x202B9,cmp_local,MEDIUM,,FUN_3DF62,} if ((cVar5 == '\x01' && uVar3 <= uVar1) || (cVar6 == '\x01' && uVar4 <= uVar2)) { uVar10 = 1,X,,,HO2 / Closed Loop :: FUN_3DF62 threshold (computed input) #2,Compared with a value computed inside the function (not a single RAM variable).
0x154890,16,0x202BA,count,HIGH,fef00ef2,FUN_41712,if ((uVar1 & 1) == 1) { bVar4 = DAT_ram_00154890 <= DAT_ram_fef00ef2,X,,,Traction Control :: FUN_41712 debounce/timer count #1,"Compared with fef00ef2, a counter the code steps by 1 each cycle, so this is a cycle count (debounce/delay), not a sensor value."
0x154892,16,0x202BB,threshold,HIGH,fef02572 = Gear position sensor raw ADC (ch2E),FUN_3E210,if (((iVar4 == 0) && (uVar1 <= uVar3)) && (cVar2 == -0x80)) { DAT_ram_fef00dfc = DAT_ram_fef00dfc & 0xfe | 2,X,,,DTC P0916 :: raw-ADC threshold #1,Compared with fef02572 = Gear position sensor raw ADC (ch2E) (meaning verified from the code that writes it).
0x154894,16,0x202BC,threshold,HIGH,fef02572 = Gear position sensor raw ADC (ch2E),FUN_3E29A,if (((iVar4 == 0) && (uVar3 <= uVar1)) && (cVar2 == -0x80)) { DAT_ram_fef00dfc = DAT_ram_fef00dfc & 0xef | 0x20,X,,,DTC P0914 :: raw-ADC threshold #1,Compared with fef02572 = Gear position sensor raw ADC (ch2E) (meaning verified from the code that writes it).
0x154896,16,0x202BD,threshold_unk,MEDIUM,fef00df4,FUN_3E258,if ((DAT_ram_fef00dfc & 2) != 0) { if (DAT_ram_00154896 <= DAT_ram_fef00df4) { DAT_ram_fef00dfc = DAT_ram_fef00dfc & 0xfb | 8,X,,,Diagnostics - Monitors :: FUN_3E258 threshold vs fef00df4 #1,"Compared with RAM fef00df4, whose meaning is not identified yet (written by FUN_3E258 (expr))."
0x154898,16,0x202BE,threshold_unk,MEDIUM,fef00df6,FUN_3E2E2,if ((DAT_ram_fef00dfc & 0x20) != 0) { if (DAT_ram_00154898 <= DAT_ram_fef00df6) { DAT_ram_fef00dfc = DAT_ram_fef00dfc & 0xbf | 0x80,X,,,Diagnostics - Monitors :: FUN_3E2E2 threshold vs fef00df6 #1,"Compared with RAM fef00df6, whose meaning is not identified yet (written by FUN_3E2E2 (expr))."
0x15489A,16,0x202BF,count,HIGH,fef00df8,FUN_3E36C,} else { if (DAT_ram_0015489a <= DAT_ram_fef00df8) { DAT_ram_fef00dfc = DAT_ram_fef00dfc & 0xf7 | 4,X,,,Diagnostics - Monitors :: FUN_3E36C debounce/timer count #1,"Compared with fef00df8, a counter the code steps by 1 each cycle, so this is a cycle count (debounce/delay), not a sensor value."
0x15489C,16,0x202C0,threshold_unk,MEDIUM,fef00dfa,FUN_3E3F4,if ((DAT_ram_fef00dfc & 0x10) != 0) { if (DAT_ram_0015489c <= DAT_ram_fef00dfa) { DAT_ram_fef00dfc = DAT_ram_fef00dfc & 0x7f | 0x40,X,,,Diagnostics - Monitors :: FUN_3E3F4 threshold vs fef00dfa #1,"Compared with RAM fef00dfa, whose meaning is not identified yet (written by FUN_3E3F4 (expr))."
0x15489E,16,0x202C1,threshold,HIGH,fef02572 = Gear position sensor raw ADC (ch2E),FUN_3E4C6,if ((((iVar5 == 0) && (cVar3 == -0x80)) && (uVar1 <= uVar4)) && (uVar4 <= uVar2)) { DAT_ram_fef00e02 = DAT_ram_fef00e02 & 0xfe | 2,X,,,DTC P0915 #1 :: raw-ADC threshold #1,Compared with fef02572 = Gear position sensor raw ADC (ch2E) (meaning verified from the code that writes it).
0x1548A0,16,0x202C2,threshold,HIGH,fef02572 = Gear position sensor raw ADC (ch2E),FUN_3E55C,if (((iVar7 == 0) && (cVar5 == -0x80)) && (((uVar2 <= uVar6 && (uVar6 < uVar1)) || ((uVar3 < uVar6 && (uVar6 <= uVar4)))))) { DAT_ram_fef00e,X,,,DTC P0915 #1 :: raw-ADC threshold #2,Compared with fef02572 = Gear position sensor raw ADC (ch2E) (meaning verified from the code that writes it).
0x1548A2,16,0x202C3,threshold,HIGH,fef02572 = Gear position sensor raw ADC (ch2E),FUN_3E4C6,if ((((iVar5 == 0) && (cVar3 == -0x80)) && (uVar1 <= uVar4)) && (uVar4 <= uVar2)) { DAT_ram_fef00e02 = DAT_ram_fef00e02 & 0xfe | 2,X,,,DTC P0915 #1 :: raw-ADC threshold #3,Compared with fef02572 = Gear position sensor raw ADC (ch2E) (meaning verified from the code that writes it).
0x1548A4,16,0x202C4,threshold,HIGH,fef02572 = Gear position sensor raw ADC (ch2E),FUN_3E55C,if (((iVar7 == 0) && (cVar5 == -0x80)) && (((uVar2 <= uVar6 && (uVar6 < uVar1)) || ((uVar3 < uVar6 && (uVar6 <= uVar4)))))) { DAT_ram_fef00e,X,,,DTC P0915 #1 :: raw-ADC threshold #4,Compared with fef02572 = Gear position sensor raw ADC (ch2E) (meaning verified from the code that writes it).
0x1548A6,16,0x202C5,threshold_unk,MEDIUM,fef00dfe,FUN_3E51A,if ((DAT_ram_fef00e02 & 2) != 0) { if (DAT_ram_001548a6 <= DAT_ram_fef00dfe) { DAT_ram_fef00e02 = DAT_ram_fef00e02 & 0xfb | 8,X,,,Diagnostics - Monitors :: FUN_3E51A threshold vs fef00dfe #1,"Compared with RAM fef00dfe, whose meaning is not identified yet (written by FUN_3E51A (expr))."
0x1548A8,16,0x202C6,count,HIGH,fef00e00,FUN_3E5C8,} else { if (DAT_ram_001548a8 <= DAT_ram_fef00e00) { DAT_ram_fef00e02 = DAT_ram_fef00e02 & 0xf7 | 4,X,,,Diagnostics - Monitors :: FUN_3E5C8 debounce/timer count #1,"Compared with fef00e00, a counter the code steps by 1 each cycle, so this is a cycle count (debounce/delay), not a sensor value."
0x1548AE,16,0x202C9,threshold,HIGH,fef02600 = Throttle valve position,FUN_3E95C,} } if ((((((cVar29 == '\0') && (cVar13 == -0x80)) && (bVar14 <= bVar27)) && (((bVar27 <= bVar15 && (uVar3 <= uVar23)) && ((uVar23 <= uVar4 ,X/364.08,,,DTC P0410 :: throttle threshold #3,Compared with fef02600 = Throttle valve position (meaning verified from the code that writes it).
0x1548B0,16,0x202CA,threshold,HIGH,fef02600 = Throttle valve position,FUN_3E95C,} } if ((((((cVar29 == '\0') && (cVar13 == -0x80)) && (bVar14 <= bVar27)) && (((bVar27 <= bVar15 && (uVar3 <= uVar23)) && ((uVar23 <= uVar4 ,X/364.08,,,DTC P0410 :: throttle threshold #4,Compared with fef02600 = Throttle valve position (meaning verified from the code that writes it).
0x1548B2,16,0x202CB,threshold,HIGH,fef02628 = Manifold vacuum (AP - IAP),FUN_3E95C,} } if ((((((cVar29 == '\0') && (cVar13 == -0x80)) && (bVar14 <= bVar27)) && (((bVar27 <= bVar15 && (uVar3 <= uVar23)) && ((uVar23 <= uVar4 ,(X-7862)/393.14,,,DTC P0410 :: vacuum vacuum threshold #5,Compared with fef02628 = Manifold vacuum (AP - IAP) (meaning verified from the code that writes it).
0x1548B6,16,0x202CD,threshold_unk,MEDIUM,fef00e16,FUN_3E95C,} } if ((((((cVar29 == '\0') && (cVar13 == -0x80)) && (bVar14 <= bVar27)) && (((bVar27 <= bVar15 && (uVar3 <= uVar23)) && ((uVar23 <= uVar4 ,X,,,DTC P0410 :: threshold vs fef00e16 #7,"Compared with RAM fef00e16, whose meaning is not identified yet (written by FUN_3E95C (expr))."
0x1548B8,16,0x202CE,arith,MEDIUM,fef00e14,FUN_3E88E,if ((DAT_ram_0018249c <= DAT_ram_fef011da) || ((DAT_ram_fef00e14 = DAT_ram_,X,,,Diagnostics - Monitors :: Fuel-Trim Monitor Limits factor in fef00e14 #1,"Used in the expression that computes RAM fef00e14 (gain, offset or per-case value)."
0x1548BA,16,0x202CF,arith,MEDIUM,fef00e14,FUN_3E88E,if ((DAT_ram_0018249c <= DAT_ram_fef011da) || ((DAT_ram_fef00e14 = DAT_ram_,X,,,Diagnostics - Monitors :: Fuel-Trim Monitor Limits factor in fef00e14 #2,"Used in the expression that computes RAM fef00e14 (gain, offset or per-case value)."
0x1548BC,16,0x202D0,default,HIGH,fef00e0e,FUN_3E88E,DAT_ram_fef00e0e = DAT_ram_001548bc,X,,,Diagnostics - Monitors :: Fuel-Trim Monitor Limits value written to fef00e0e #3,"Written directly into RAM fef00e0e (initial, fallback or target value). Writer of fef00e0e: FUN_3E88E (expr)."
0x1548BE,16,0x202D1,default,HIGH,fef00e10,FUN_3E88E,DAT_ram_fef00e10 = DAT_ram_001548be,X,,,Diagnostics - Monitors :: Fuel-Trim Monitor Limits value written to fef00e10 #4,"Written directly into RAM fef00e10 (initial, fallback or target value). Writer of fef00e10: FUN_3E88E (expr)."
0x1548C0,16,0x202D2,arith,MEDIUM,fef00e14,FUN_3E88E,if ((DAT_ram_0018249c <= DAT_ram_fef011da) || ((DAT_ram_fef00e14 = DAT_ram_,X,,,Diagnostics - Monitors :: Fuel-Trim Monitor Limits factor in fef00e14 #5,"Used in the expression that computes RAM fef00e14 (gain, offset or per-case value)."
0x1548C2,16,0x202D3,arith,MEDIUM,fef00e14,FUN_3E88E,if ((DAT_ram_0018249c <= DAT_ram_fef011da) || ((DAT_ram_fef00e14 = DAT_ram_,X,,,Diagnostics - Monitors :: Fuel-Trim Monitor Limits factor in fef00e14 #6,"Used in the expression that computes RAM fef00e14 (gain, offset or per-case value)."
0x1548C4,16,0x202D4,default,HIGH,fef00e12,FUN_3E88E,DAT_ram_fef00e12 = DAT_ram_001548c4,X,,,Diagnostics - Monitors :: Fuel-Trim Monitor Limits value written to fef00e12 #7,"Written directly into RAM fef00e12 (initial, fallback or target value). Writer of fef00e12: FUN_3E88E (expr)."
0x1548C6,16,0x202D5,arith,MEDIUM,fef00e14,FUN_3E88E,if ((DAT_ram_0018249c <= DAT_ram_fef011da) || ((DAT_ram_fef00e14 = DAT_ram_,X,,,Diagnostics - Monitors :: Fuel-Trim Monitor Limits factor in fef00e14 #8,"Used in the expression that computes RAM fef00e14 (gain, offset or per-case value)."
0x1548C8,16,0x202D6,threshold_unk,MEDIUM,fef00e18,FUN_3EBF2,LAB_ram_0003ed56: if (((bVar13) && (bVar1)) && ((sVar12 == 0 && (((bVar2 == 1 && (bVar23)) && (cVar16 == '\x01'))))) ) { if (uVar3 <= uVar7),X,,,HO2 / Closed Loop :: FUN_3EBF2 threshold vs fef00e18 #1,"Compared with RAM fef00e18, whose meaning is not identified yet (written by FUN_3EBF2 (expr))."
0x1548CA,16,0x202D7,threshold_unk,MEDIUM,fef00e1a,FUN_3EDF6,} } else { LAB_ram_0003eee8: if (-1 < iVar10) { if (bVar12 == true) { bVar12 = uVar11 < uVar1,X,,,HO2 / Closed Loop :: FUN_3EDF6 threshold vs fef00e1a #1,"Compared with RAM fef00e1a, whose meaning is not identified yet (written by FUN_3EDF6 (expr))."
0x1548CC,16,0x202D8,arith,MEDIUM,fef00e20,FUN_3EFA0,"DAT_ram_fef00e20 = FUN_ram_00091a82((DAT_ram_fef00e2c * ((((iVar2 >> 8) + 0x180) * (uVar3 - 0x8000)) / 4)) / 0x4000 + 0x8000,0xffff,0)",X,,,HO2 / Closed Loop :: FUN_3EFA0 factor in fef00e20 #1,"Used in the expression that computes RAM fef00e20 (gain, offset or per-case value)."
0x1548CE,16,0x202D9,arith,MEDIUM,fef00e22,FUN_3EFA0,if (param_1 != '\0') { DAT_ram_fef00e22 = FUN_ram_00091a82((DAT_ram_fef00e2c * (((DAT_ram_fef00e2d + 0x180) * (DAT_ram_001548ce - 0x8000)) /,X,,,HO2 / Closed Loop :: FUN_3EFA0 factor in fef00e22 #2,"Used in the expression that computes RAM fef00e22 (gain, offset or per-case value)."
0x1548D0,16,0x202DA,count,HIGH,fef00e1c,FUN_3F1DC,if ((uVar1 << 0x1a) < 0) { bVar4 = DAT_ram_001548d0 <= DAT_ram_fef00e1c,X,,,HO2 / Closed Loop :: FUN_3F1DC debounce/timer count #1,"Compared with fef00e1c, a counter the code steps by 1 each cycle, so this is a cycle count (debounce/delay), not a sensor value."
0x1548D2,16,0x202DB,count,HIGH,fef00e1e,FUN_3E910,if (iVar2 == 0) { iVar2 = (uVar1 <= DAT_ram_fef00e1e) + -((DAT_ram_fef00e2b << 0x1c) >> 0x1f) * (uVar1 > DAT_ram_fef00e1e),X,,,Diagnostics - Monitors :: FUN_3E910 debounce/timer count #1,"Compared with fef00e1e, a counter the code steps by 1 each cycle, so this is a cycle count (debounce/delay), not a sensor value."
0x1548D4,16,0x202DC,threshold,HIGH,fef025c0 = Atmospheric pressure (AP),FUN_3E95C,} } if ((((((cVar29 == '\0') && (cVar13 == -0x80)) && (bVar14 <= bVar27)) && (((bVar27 <= bVar15 && (uVar3 <= uVar23)) && ((uVar23 <= uVar4 ,(X-7862)/393.14,,,DTC P0410 :: pressure threshold #8,Compared with fef025c0 = Atmospheric pressure (AP) (meaning verified from the code that writes it).
0x1548D6,16,0x202DD,cmp_local,MEDIUM,,FUN_3E95C,} } if ((((((cVar29 == '\0') && (cVar13 == -0x80)) && (bVar14 <= bVar27)) && (((bVar27 <= bVar15 && (uVar3 <= uVar23)) && ((uVar23 <= uVar4 ,(X-7862)/393.14,,,DTC P0410 :: threshold (computed input) #9,Compared with a value computed inside the function (not a single RAM variable). The displayed unit was inferred earlier and is NOT confirmed by this trace.
0x1548D8,16,0x202DE,cmp_local,MEDIUM,,FUN_3E95C,} } if ((((((cVar29 == '\0') && (cVar13 == -0x80)) && (bVar14 <= bVar27)) && (((bVar27 <= bVar15 && (uVar3 <= uVar23)) && ((uVar23 <= uVar4 ,X,,,DTC P0410 :: threshold (computed input) #10,Compared with a value computed inside the function (not a single RAM variable).
0x1548DA,16,0x202DF,cmp_local,MEDIUM,,FUN_3EBF2,} if (((bVar2 == 0) || (uVar4 <= uVar17)) || ((uVar5 <= uVar18 || (uVar6 <= uVar19)))) { uVar22 = 0,X,,,HO2 / Closed Loop :: FUN_3EBF2 threshold (computed input) #2,Compared with a value computed inside the function (not a single RAM variable).
0x1548DC,16,0x202E0,cmp_local,MEDIUM,,FUN_3EBF2,} if (((bVar2 == 0) || (uVar4 <= uVar17)) || ((uVar5 <= uVar18 || (uVar6 <= uVar19)))) { uVar22 = 0,X,,,HO2 / Closed Loop :: FUN_3EBF2 threshold (computed input) #3,Compared with a value computed inside the function (not a single RAM variable).
0x1548DE,16,0x202E1,cmp_local,MEDIUM,,FUN_3EBF2,} if (((bVar2 == 0) || (uVar4 <= uVar17)) || ((uVar5 <= uVar18 || (uVar6 <= uVar19)))) { uVar22 = 0,X,,,HO2 / Closed Loop :: FUN_3EBF2 threshold (computed input) #4,Compared with a value computed inside the function (not a single RAM variable).
0x1548E0,16,0x202E2,threshold,HIGH,fef0258e = Engine speed,FUN_3F510,if (((((DAT_ram_fef00e50 & 1) == 0) || (DAT_ram_fef0258e < DAT_ram_001548e0)) || (DAT_ram_001548e4 <= DAT_ram_fef025d2)) || ((DAT_ram_fef026,X/2.56,,,HO2 / Closed Loop :: FUN_3F510 RPM threshold #1,Compared with fef0258e = Engine speed (meaning verified from the code that writes it).
0x1548E2,16,0x202E3,threshold,HIGH,fef0258e = Engine speed,FUN_3F624,if ((((bVar2 == 1) && (DAT_ram_001548e2 <= DAT_ram_fef0258e)) && (DAT_ram_fef025d2 < DAT_ram_001548e6)) && (((DAT_ram_fef02634 == 0 && (DAT_,X/2.56,,,Diagnostics - Monitors :: FUN_3F624 RPM threshold #1,Compared with fef0258e = Engine speed (meaning verified from the code that writes it).
0x1548E4,16,0x202E4,threshold,HIGH,fef025d2 = Throttle or grip angle (selected),FUN_3F510,if (((((DAT_ram_fef00e50 & 1) == 0) || (DAT_ram_fef0258e < DAT_ram_001548e0)) || (DAT_ram_001548e4 <= DAT_ram_fef025d2)) || ((DAT_ram_fef026,X/364.08,,,HO2 / Closed Loop :: FUN_3F510 throttle threshold #2,Compared with fef025d2 = Throttle or grip angle (selected) (meaning verified from the code that writes it).
0x1548E6,16,0x202E5,threshold,HIGH,fef025d2 = Throttle or grip angle (selected),FUN_3F624,if ((((bVar2 == 1) && (DAT_ram_001548e2 <= DAT_ram_fef0258e)) && (DAT_ram_fef025d2 < DAT_ram_001548e6)) && (((DAT_ram_fef02634 == 0 && (DAT_,X/364.08,,,Diagnostics - Monitors :: FUN_3F624 throttle threshold #2,Compared with fef025d2 = Throttle or grip angle (selected) (meaning verified from the code that writes it).
0x1548EA,16,0x202E7,threshold_unk,MEDIUM,fef00e4c,FUN_3F586,} if (iVar1 == 1) { if (uVar2 <= uVar3) { FUN_ram_0003f8fc(1),X,,,HO2 / Closed Loop :: FUN_3F586 threshold vs fef00e4c #1,"Compared with RAM fef00e4c, whose meaning is not identified yet (written by FUN_3F586 (alias of fef00e4c))."
0x1548EC,16,0x202E8,threshold_unk,MEDIUM,fef00e4e,FUN_3F6D6,} if (iVar1 == 1) { if (uVar2 <= uVar3) { FUN_ram_0003f994(1),X,,,Diagnostics - Monitors :: FUN_3F6D6 threshold vs fef00e4e #1,"Compared with RAM fef00e4e, whose meaning is not identified yet (written by FUN_3F6D6 (alias of fef00e4e))."
0x1548EE,16,0x202E9,threshold_unk,MEDIUM,fef02688,FUN_3F510,if (((((DAT_ram_fef00e50 & 1) == 0) || (DAT_ram_fef0258e < DAT_ram_001548e0)) || (DAT_ram_001548e4 <= DAT_ram_fef025d2)) || ((DAT_ram_fef026,X/364.08,,,HO2 / Closed Loop :: FUN_3F510 threshold vs fef02688 #3,"Compared with RAM fef02688, whose meaning is not identified yet (written by FUN_7A4E6 (expr of fef02684)). The displayed unit was inferred earlier and is NOT confirmed by this trace."
0x1548F0,16,0x202EA,threshold,HIGH,fef02566 = IAT sensor raw ADC (ch02),FUN_3FA44,if ((((iVar5 == 0) && (cVar3 == -0x80)) && (uVar1 <= DAT_ram_fef02566)) && (DAT_ram_fef02566 <= uVar2)) { FUN_ram_0003fbe6(0),X,,,DTC P0111 #1 :: raw-ADC threshold #1,Compared with fef02566 = IAT sensor raw ADC (ch02) (meaning verified from the code that writes it).
0x1548F2,16,0x202EB,threshold,HIGH,fef02566 = IAT sensor raw ADC (ch02),FUN_3FAD8,if (((iVar6 == 0) && (cVar5 == -0x80)) && (((uVar2 <= DAT_ram_fef02566 && (DAT_ram_fef02566 < uVar1)) || ((uVar3 < DAT_ram_fef02566 && (DAT_,X,,,DTC P0111 #1 :: raw-ADC threshold #2,Compared with fef02566 = IAT sensor raw ADC (ch02) (meaning verified from the code that writes it).
0x1548F4,16,0x202EC,threshold,HIGH,fef02566 = IAT sensor raw ADC (ch02),FUN_3FA44,if ((((iVar5 == 0) && (cVar3 == -0x80)) && (uVar1 <= DAT_ram_fef02566)) && (DAT_ram_fef02566 <= uVar2)) { FUN_ram_0003fbe6(0),X,,,DTC P0111 #1 :: raw-ADC threshold #3,Compared with fef02566 = IAT sensor raw ADC (ch02) (meaning verified from the code that writes it).
0x1548F6,16,0x202ED,threshold,HIGH,fef02566 = IAT sensor raw ADC (ch02),FUN_3FAD8,if (((iVar6 == 0) && (cVar5 == -0x80)) && (((uVar2 <= DAT_ram_fef02566 && (DAT_ram_fef02566 < uVar1)) || ((uVar3 < DAT_ram_fef02566 && (DAT_,X,,,DTC P0111 #1 :: raw-ADC threshold #4,Compared with fef02566 = IAT sensor raw ADC (ch02) (meaning verified from the code that writes it).
0x1548F8,16,0x202EE,threshold_unk,MEDIUM,fef00e54,FUN_3FA96,if (iVar3 == 1) { if (uVar1 <= DAT_ram_fef00e54) { FUN_ram_0003fc32(0),X,,,Diagnostics - Monitors :: FUN_3FA96 threshold vs fef00e54 #1,"Compared with RAM fef00e54, whose meaning is not identified yet (written by FUN_3FA96 (expr))."
0x1548FA,16,0x202EF,threshold_unk,MEDIUM,fef00e56,FUN_3FB46,if (iVar3 == 1) { if (uVar1 <= DAT_ram_fef00e56) { FUN_ram_0003fc32(1),X,,,Diagnostics - Monitors :: FUN_3FB46 threshold vs fef00e56 #1,"Compared with RAM fef00e56, whose meaning is not identified yet (written by FUN_3FB46 (expr))."
0x1548FC,16,0x202F0,threshold,HIGH,fef02564 = ECT sensor raw ADC (ch2D),FUN_3FED2,if ((((iVar5 == 0) && (cVar3 == -0x80)) && (uVar1 <= DAT_ram_fef02564)) && (DAT_ram_fef02564 <= uVar2)) { FUN_ram_00040074(0),X,,,DTC P0116 #1 :: raw-ADC threshold #1,Compared with fef02564 = ECT sensor raw ADC (ch2D) (meaning verified from the code that writes it).
0x1548FE,16,0x202F1,threshold,HIGH,fef02564 = ECT sensor raw ADC (ch2D),FUN_3FF66,if (((iVar6 == 0) && (cVar5 == -0x80)) && (((uVar2 <= DAT_ram_fef02564 && (DAT_ram_fef02564 < uVar1)) || ((uVar3 < DAT_ram_fef02564 && (DAT_,X,,,DTC P0116 #1 :: raw-ADC threshold #2,Compared with fef02564 = ECT sensor raw ADC (ch2D) (meaning verified from the code that writes it).
0x154900,16,0x202F2,threshold,HIGH,fef02564 = ECT sensor raw ADC (ch2D),FUN_3FED2,if ((((iVar5 == 0) && (cVar3 == -0x80)) && (uVar1 <= DAT_ram_fef02564)) && (DAT_ram_fef02564 <= uVar2)) { FUN_ram_00040074(0),X,,,DTC P0116 #1 :: raw-ADC threshold #3,Compared with fef02564 = ECT sensor raw ADC (ch2D) (meaning verified from the code that writes it).
0x154902,16,0x202F3,threshold,HIGH,fef02564 = ECT sensor raw ADC (ch2D),FUN_3FF66,if (((iVar6 == 0) && (cVar5 == -0x80)) && (((uVar2 <= DAT_ram_fef02564 && (DAT_ram_fef02564 < uVar1)) || ((uVar3 < DAT_ram_fef02564 && (DAT_,X,,,DTC P0116 #1 :: raw-ADC threshold #4,Compared with fef02564 = ECT sensor raw ADC (ch2D) (meaning verified from the code that writes it).
0x154904,16,0x202F4,threshold_unk,MEDIUM,fef00e5e,FUN_3FF24,if (iVar3 == 1) { if (uVar1 <= DAT_ram_fef00e5e) { FUN_ram_000400c0(0),X,,,HO2 / Closed Loop :: FUN_3FF24 threshold vs fef00e5e #1,"Compared with RAM fef00e5e, whose meaning is not identified yet (written by FUN_3FF24 (expr))."
0x154906,16,0x202F5,threshold_unk,MEDIUM,fef00e60,FUN_3FFD4,if (iVar3 == 1) { if (uVar1 <= DAT_ram_fef00e60) { FUN_ram_000400c0(1),X,,,HO2 / Closed Loop :: FUN_3FFD4 threshold vs fef00e60 #1,"Compared with RAM fef00e60, whose meaning is not identified yet (written by FUN_3FFD4 (expr))."
0x154908,16,0x202F6,threshold_unk,MEDIUM,fef03a60,FUN_8CE5C,if (iVar3 == 0) { bVar4 = (uVar1 <= uVar2) + bVar4 * (uVar1 > uVar2),X,,,DTC P0111 #2 :: threshold vs fef03a60 #1,"Compared with RAM fef03a60, whose meaning is not identified yet (written by FUN_8CE5C (expr))."
0x15490A,16,0x202F7,arith,MEDIUM,fef0390e,FUN_8CD18,if (((DAT_ram_fef03a64 - DAT_ram_fef03a62) < DAT_ram_0015490a) && (DAT_ram_0015490a,X,,,DTC P0111 #2 :: factor in fef0390e #2,"Used in the expression that computes RAM fef0390e (gain, offset or per-case value)."
0x15490C,16,0x202F8,threshold,HIGH,fef0258e = Engine speed,FUN_40224,if (((((DAT_ram_fef00e6e & 1) == 1) && (uVar2 <= uVar4)) && (uVar5 <= uVar3)) && ((iVar8 == 0 && (-1 < (DAT_ram_fef03148 << 0x19))))) { uVar,X/2.56,,,HO2 / Closed Loop :: FUN_40224 RPM threshold #1,Compared with fef0258e = Engine speed (meaning verified from the code that writes it).
0x154910,16,0x202FA,threshold_unk,MEDIUM,fef00c0e,FUN_402A4,if (((DAT_ram_fef00e6e & 1) != 0) && (DAT_ram_00154910 <= DAT_ram_fef00c0e)) { DAT_,X,,,HO2 / Closed Loop :: FUN_402A4 threshold vs fef00c0e #1,"Compared with RAM fef00c0e, whose meaning is not identified yet (written by FUN_40132 (expr))."
0x154912,16,0x202FB,count,HIGH,fef00e6c,FUN_4032A,if (iVar7 == 0) { if ((((DAT_ram_fef00e6c < uVar1) || (iVar6 != 0)) || (cVar4 != -0x80)) || ((bVar5 < bVar3 || (DAT_ram_fef00c10 < uVar2)))),X,,,DTC P0116 #3 :: debounce/timer count #1,"Compared with fef00e6c, a counter the code steps by 1 each cycle, so this is a cycle count (debounce/delay), not a sensor value."
0x154914,16,0x202FC,threshold_unk,MEDIUM,fef00c10,FUN_4032A,if (iVar7 == 0) { if ((((DAT_ram_fef00e6c < uVar1) || (iVar6 != 0)) || (cVar4 != -0x80)) || ((bVar5 < bVar3 || (DAT_ram_fef00c10 < uVar2)))),X*0.9375-30,,,DTC P0116 #3 :: threshold vs fef00c10 #2,"Compared with RAM fef00c10, whose meaning is not identified yet (written by FUN_40188 (expr)). The displayed unit was inferred earlier and is NOT confirmed by this trace."
0x154916,16,0x202FD,threshold_unk,MEDIUM,fef00c0e,FUN_403B6,if (((DAT_ram_fef00e6e & 8) != 0) && (DAT_ram_00154916 <= DAT_ram_fef00c0e)) { DAT_,X,,,HO2 / Closed Loop :: FUN_403B6 threshold vs fef00c0e #1,"Compared with RAM fef00c0e, whose meaning is not identified yet (written by FUN_40132 (expr))."
0x154918,16,0x202FE,threshold_unk,MEDIUM,fef00e70,FUN_4060C,if (iVar3 == 1) { if (uVar1 <= uVar2) { FUN_ram_000407d0(0),X,,,HO2 / Closed Loop :: FUN_4060C threshold vs fef00e70 #1,"Compared with RAM fef00e70, whose meaning is not identified yet (written by FUN_4060C (expr))."
0x15491A,16,0x202FF,threshold_unk,MEDIUM,fef00e72,FUN_406E4,if (iVar3 == 1) { if (uVar1 <= uVar2) { FUN_ram_000407d0(1),X,,,HO2 / Closed Loop :: FUN_406E4 threshold vs fef00e72 #1,"Compared with RAM fef00e72, whose meaning is not identified yet (written by FUN_406E4 (expr))."
0x15491C,16,0x20300,count,HIGH,fef01f66,FUN_4080E,if ((((iVar4 == 0) && (uVar3 <= uVar1)) && (iVar5 == 1)) && (0x1ce < DAT_ram_fef025a6)) { bVar6 = cVar2 == -0x80,X,cycles,0,DTC P1406 :: voltage debounce/timer count #1,"Compared with fef01f66, a counter the code steps by 1 each cycle, so this is a cycle count (debounce/delay), not a sensor value."
0x15491E,16,0x20301,threshold_unk,MEDIUM,fef00e76,FUN_40866,if (iVar3 == 1) { if (uVar1 <= uVar2) { FUN_ram_00040b64(0),X,,,HO2 / Closed Loop :: FUN_40866 threshold vs fef00e76 #1,"Compared with RAM fef00e76, whose meaning is not identified yet (written by FUN_40866 (expr))."
0x154920,16,0x20302,threshold_unk,MEDIUM,fef00e7a,FUN_4099A,if (iVar3 == 1) { if (uVar1 <= uVar2) { FUN_ram_00040b64(1),X,,,Diagnostics - Monitors :: FUN_4099A threshold vs fef00e7a #1,"Compared with RAM fef00e7a, whose meaning is not identified yet (written by FUN_4099A (expr))."
0x154922,16,0x20303,threshold_unk,MEDIUM,fef00e80,FUN_40D44,if ((((iVar4 == 0) && (cVar2 == -0x80)) && ((DAT_ram_fef00e86 & 1) != 0)) && (((DAT_ram_fef00e86 & 2) != 0 && (iVar5 == 0)))) { bVar6 = uVar,X,,,DTC P1404 #2 :: threshold vs fef00e80 #1,"Compared with RAM fef00e80, whose meaning is not identified yet (written by FUN_40D44 (expr))."
0x154924,16,0x20304,threshold_unk,MEDIUM,fef00e82,FUN_40DE2,if (iVar3 == 1) { if (uVar1 <= uVar2) { FUN_ram_00040fa4(1),X,,,Diagnostics - Monitors :: FUN_40DE2 threshold vs fef00e82 #1,"Compared with RAM fef00e82, whose meaning is not identified yet (written by FUN_40DE2 (expr))."
0x154926,16,0x20305,threshold_unk,MEDIUM,fef00e88,FUN_4120E,if (DAT_ram_00154928 < DAT_ram_fef00c00) { if ((DAT_ram_fef00e88 < DAT_ram_00154926) || ((DAT_ram_fef00e8f & 1) == 0)) { FUN_ram_00041526(0),X,,,Diagnostics - Monitors :: FUN_4120E threshold vs fef00e88 #1,"Compared with RAM fef00e88, whose meaning is not identified yet (written by FUN_4120E (expr))."
0x154928,16,0x20306,threshold_unk,MEDIUM,fef00c00,FUN_4120E,if (DAT_ram_00154928 < DAT_ram_fef00c00) { if ((DAT_ram_fef00e88 < DAT_ram_00154926) || ((DAT_ram_fef00e8f & 1) == 0)) { FUN_ram_00041526(0),X,,,Diagnostics - Monitors :: FUN_4120E threshold vs fef00c00 #2,"Compared with RAM fef00c00, whose meaning is not identified yet (written by FUN_41144 (filter of fef00bfe))."
0x15492A,16,0x20307,threshold,HIGH,fef0258e = Engine speed,FUN_30F9C,if (iVar11 != 0) { bVar1 = uVar2 < uVar4,X/2.56,,,Diagnostics - Monitors :: FUN_30F9C RPM threshold #1,Compared with fef0258e = Engine speed (meaning verified from the code that writes it).
0x15492C,16,0x20308,count,HIGH,fef00b1a,FUN_31052,} else { if (DAT_ram_0015492c <= DAT_ram_fef00b1a) { FUN_ram_00030ec6(1),X,,,Diagnostics - Monitors :: FUN_31052 debounce/timer count #1,"Compared with fef00b1a, a counter the code steps by 1 each cycle, so this is a cycle count (debounce/delay), not a sensor value."
0x15492E,16,0x20309,threshold_unk,MEDIUM,fef02a1a,FUN_31052,if (((DAT_ram_fef00b22 & 1) == 0) || (DAT_ram_fef02a1a <= DAT_ram_0015492e)) { DAT_,X,,,Diagnostics - Monitors :: FUN_31052 threshold vs fef02a1a #2,"Compared with RAM fef02a1a, whose meaning is not identified yet (written by FUN_7AC80 (expr of fef0260c,fef02610,fef02a14))."
0x154930,16,0x2030A,count,HIGH,fef00b1c,FUN_310A4,} else { if (DAT_ram_00154930 <= DAT_ram_fef00b1c) { FUN_ram_00030eec(1),X,,,Diagnostics - Monitors :: FUN_310A4 debounce/timer count #1,"Compared with fef00b1c, a counter the code steps by 1 each cycle, so this is a cycle count (debounce/delay), not a sensor value."
0x154932,16,0x2030B,threshold_unk,MEDIUM,fef02a1a,FUN_310A4,if (((DAT_ram_fef00b22 & 1) == 0) || (DAT_ram_00154932 <= DAT_ram_fef02a1a)) { DAT_,X,,,Diagnostics - Monitors :: FUN_310A4 threshold vs fef02a1a #2,"Compared with RAM fef02a1a, whose meaning is not identified yet (written by FUN_7AC80 (expr of fef0260c,fef02610,fef02a14))."
0x154934,16,0x2030C,count,HIGH,fef00b1e,FUN_3111A,} else { if (DAT_ram_00154934 <= DAT_ram_fef00b1e) { FUN_ram_00030f12(1),X,,,Diagnostics - Monitors :: FUN_3111A debounce/timer count #1,"Compared with fef00b1e, a counter the code steps by 1 each cycle, so this is a cycle count (debounce/delay), not a sensor value."
0x154936,16,0x2030D,threshold_unk,MEDIUM,fef02606,FUN_3111A,if ((((DAT_ram_fef00b22 & 1) == 0) || (DAT_ram_fef02606 <= DAT_ram_00154936)) || (D,X,,,Diagnostics - Monitors :: FUN_3111A threshold vs fef02606 #2,"Compared with RAM fef02606, whose meaning is not identified yet (written by writer not found)."
0x154938,16,0x2030E,threshold_unk,MEDIUM,fef02a1c,FUN_3111A,if ((((DAT_ram_fef00b22 & 1) == 0) || (DAT_ram_fef02606 <= DAT_ram_00154936)) || (D,X,,,Diagnostics - Monitors :: FUN_3111A threshold vs fef02a1c #3,"Compared with RAM fef02a1c, whose meaning is not identified yet (written by FUN_7B582 (alias of fef02a30))."
0x15493A,16,0x2030F,count,HIGH,fef00b20,FUN_31182,} else { if (DAT_ram_0015493a <= DAT_ram_fef00b20) { FUN_ram_00030f38(1),X,,,Diagnostics - Monitors :: FUN_31182 debounce/timer count #1,"Compared with fef00b20, a counter the code steps by 1 each cycle, so this is a cycle count (debounce/delay), not a sensor value."
0x15493C,16,0x20310,threshold_unk,MEDIUM,fef02606,FUN_31182,if ((((DAT_ram_fef00b22 & 1) == 0) || (DAT_ram_0015493c <= DAT_ram_fef02606)) || (D,X,,,Diagnostics - Monitors :: FUN_31182 threshold vs fef02606 #2,"Compared with RAM fef02606, whose meaning is not identified yet (written by writer not found)."
0x15493E,16,0x20311,threshold_unk,MEDIUM,fef02a1c,FUN_31182,if ((((DAT_ram_fef00b22 & 1) == 0) || (DAT_ram_0015493c <= DAT_ram_fef02606)) || (D,X,,,Diagnostics - Monitors :: FUN_31182 threshold vs fef02a1c #3,"Compared with RAM fef02a1c, whose meaning is not identified yet (written by FUN_7B582 (alias of fef02a30))."
0x154940,16,0x20312,arith,MEDIUM,fef00b16,FUN_31256,if (bVar3) { DAT_ram_fef00b16 = 0,X,,,Diagnostics - Monitors :: FUN_31256 factor in fef00b16 #1,"Used in the expression that computes RAM fef00b16 (gain, offset or per-case value)."
0x154942,16,0x20313,cmp_local,MEDIUM,,FUN_312AC,"if (((DAT_ram_fef00b22 & 2) != 0) && (uVar2 = 0, uVar1 < DAT_ram_00154942)) { uVar2 = FUN_ram_00091ab6(DAT_ram_fef00b18,1)",X,,,Diagnostics - Monitors :: FUN_312AC threshold (computed input) #1,Compared with a value computed inside the function (not a single RAM variable).
0x154944,16,0x20314,count,HIGH,fef00b16,FUN_312F2,if ((DAT_ram_fef00b22 & 2) != 0) { if (((DAT_ram_fef00b16 == 0) || (DAT_ram_00154944 <= DAT_ram_fef00b16)) || (DAT_ram_fef00b18 <= DAT_ram_0,X,,,Diagnostics - Monitors :: FUN_312F2 debounce/timer count #1,"Compared with fef00b16, a counter the code steps by 1 each cycle, so this is a cycle count (debounce/delay), not a sensor value."
0x154946,16,0x20315,threshold_unk,MEDIUM,fef00b18,FUN_312F2,if ((DAT_ram_fef00b22 & 2) != 0) { if (((DAT_ram_fef00b16 == 0) || (DAT_ram_00154944 <= DAT_ram_fef00b16)) || (DAT_ram_fef00b18 <= DAT_ram_0,X,,,Diagnostics - Monitors :: FUN_312F2 threshold vs fef00b18 #2,"Compared with RAM fef00b18, whose meaning is not identified yet (written by FUN_31256 (alias of fef00b18))."
0x154948,16,0x20316,threshold_unk,MEDIUM,fef00ef8,FUN_419FC,if ((((cVar6 == '\x01') && (uVar9 < uVar11)) && (uVar3 < uVar8)) && ((cVar7 == '\0' || (uVar1 < uVar5)))) { if (uVar2 <= uVar4) { FUN_ram_00,X,,,Traction Control :: FUN_419FC threshold vs fef00ef8 #1,"Compared with RAM fef00ef8, whose meaning is not identified yet (written by FUN_419FC (expr))."
0x15494A,16,0x20317,threshold,HIGH,fef025a6 = Supply voltage (ADC ch03),FUN_419FC,if ((((cVar6 == '\x01') && (uVar9 < uVar11)) && (uVar3 < uVar8)) && ((cVar7 == '\0' || (uVar1 < uVar5)))) { if (uVar2 <= uVar4) { FUN_ram_00,X/51.2,,,Traction Control :: FUN_419FC voltage voltage threshold #2,Compared with fef025a6 = Supply voltage (ADC ch03) (meaning verified from the code that writes it).
0x15494C,16,0x20318,cmp_local,MEDIUM,,FUN_419FC,if ((((cVar6 == '\x01') && (uVar9 < uVar11)) && (uVar3 < uVar8)) && ((cVar7 == '\0' || (uVar1 < uVar5)))) { if (uVar2 <= uVar4) { FUN_ram_00,X/51.2,,,Traction Control :: FUN_419FC voltage threshold (computed input) #3,Compared with a value computed inside the function (not a single RAM variable). The displayed unit was inferred earlier and is NOT confirmed by this trace.
0x15494E,16,0x20319,threshold,HIGH,fef0258a = ADC ch0E raw (unidentified sensor),FUN_41BCE,if ((iVar2 == 0) && (DAT_ram_0015494e <= uVar1)) { bVar3 = DAT_ram_001549ef == -0x80,X,,,DTC P0522 :: raw-ADC threshold #1,Compared with fef0258a = ADC ch0E raw (unidentified sensor) (meaning verified from the code that writes it).
0x154950,16,0x2031A,threshold,HIGH,fef0258a = ADC ch0E raw (unidentified sensor),FUN_41CD2,if ((iVar2 == 0) && (uVar1 <= DAT_ram_00154950)) { bVar3 = DAT_ram_001549f0 == -0x80,X,,,DTC P0520 :: raw-ADC threshold #1,Compared with fef0258a = ADC ch0E raw (unidentified sensor) (meaning verified from the code that writes it).
0x154952,16,0x2031B,threshold_unk,MEDIUM,fef00efe,FUN_41C0E,if (iVar2 == 1) { if (DAT_ram_00154952 <= uVar1) { FUN_ram_00041ed4(0),X,,,Traction Control :: FUN_41C0E threshold vs fef00efe #1,"Compared with RAM fef00efe, whose meaning is not identified yet (written by FUN_41C0E (expr))."
0x154954,16,0x2031C,threshold_unk,MEDIUM,fef00f02,FUN_41D12,if (iVar2 == 1) { if (DAT_ram_00154954 <= uVar1) { FUN_ram_00041f6c(0),X,,,Traction Control :: FUN_41D12 threshold vs fef00f02 #1,"Compared with RAM fef00f02, whose meaning is not identified yet (written by FUN_41D12 (expr))."
0x154956,16,0x2031D,threshold_unk,MEDIUM,fef00f00,FUN_41C90,if (iVar2 == 1) { if (DAT_ram_00154956 <= uVar1) { FUN_ram_00041ed4(1),X,,,Traction Control :: FUN_41C90 threshold vs fef00f00 #1,"Compared with RAM fef00f00, whose meaning is not identified yet (written by FUN_41C90 (expr))."
0x154958,16,0x2031E,threshold_unk,MEDIUM,fef00f04,FUN_41D94,if (iVar2 == 1) { if (DAT_ram_00154958 <= uVar1) { FUN_ram_00041f6c(1),X,,,EVAP Purge :: FUN_41D94 threshold vs fef00f04 #1,"Compared with RAM fef00f04, whose meaning is not identified yet (written by FUN_41D94 (expr))."
0x15495A,16,0x2031F,threshold_unk,MEDIUM,fef00e24,FUN_3F0E0,"if ((((iVar5 == 1) && (iVar3 == 1)) || ((cVar2 == -0x80 && ((iVar5 == 1 && (uVar1 <= DAT_ram_fef00e24)))))) || (iVar4 = 0, iVar5 == 1)) { DA",X,,,HO2 / Closed Loop :: FUN_3F0E0 threshold vs fef00e24 #1,"Compared with RAM fef00e24, whose meaning is not identified yet (written by FUN_3F0E0 (expr))."
0x15495C,8,0x20320,switch,HIGH,,FUN_30598,if (cVar1 == -0x80) { DAT_ram_fef00c1b = '\0',X,,,SWITCH Anti-Lift Control :: FUN_30598 option byte (0x80 = on) #1,"Tested for 0x80: 0x80 = function ON, anything else = OFF."
0x15495D,8,0x20321,arith,MEDIUM,fef00c1f,FUN_30454,if ((cVar1 == '\x01') || ((iVar2 == 1 && (DAT_ram_0015495d != '\0')))) { DAT_ram_fef00c1f = 1,X,,,Anti-Lift Control :: FUN_30454 factor in fef00c1f #1,"Used in the expression that computes RAM fef00c1f (gain, offset or per-case value)."
0x15495E,8,0x20322,threshold_unk,MEDIUM,fef00aff,FUN_306AE,if (uVar4 <= uVar1) { DAT_ram_fef00afa = DAT_ram_fef00afa | 4,X,,,Anti-Lift Control :: FUN_306AE threshold vs fef00aff #1,"Compared with RAM fef00aff, whose meaning is not identified yet (written by writer not found)."
0x15495F,8,0x20323,switch,HIGH,,FUN_304CC,DAT_ram_fef00c1a = ((uVar4 < uVar3) + cVar2 * (uVar4 >= uVar3)) * (cVar1 != -0x80),X,,,SWITCH Anti-Lift Control :: FUN_304CC option byte (0x80 = on) #1,"Tested for 0x80: 0x80 = function ON, anything else = OFF."
0x154960,8,0x20324,arith,MEDIUM,fef00c1a,FUN_304CC,DAT_ram_fef00c1a = ((uVar4 < uVar3) + cVar2 * (uVar4 >= uVar3)) * (cVar1 != -0x80),X,,,SWITCH Anti-Lift Control :: FUN_304CC factor in fef00c1a #2,"Used in the expression that computes RAM fef00c1a (gain, offset or per-case value)."
0x154963,8,0x20325,switch,HIGH,,FUN_320D4,if ((iVar4 == 0) && (param_1 < uVar1)) { bVar5 = cVar3 == -0x80,X,,,SWITCH DTC P0220 :: option byte (0x80 = on) #3,"Tested for 0x80: 0x80 = function ON, anything else = OFF."
0x154969,8,0x20326,cmp_local,MEDIUM,,FUN_343D6,if (iVar3 == 1) { bVar6 = bVar1 <= (&DAT_ram_fef00c89)[param_1],X,,,Diagnostics - Monitors :: FUN_343D6 threshold (computed input) #1,Compared with a value computed inside the function (not a single RAM variable).
0x15496C,8,0x20327,threshold,HIGH,fef026bd = Coolant temperature (ECT),FUN_30868,if (DAT_ram_fef026bd < DAT_ram_0015496c || DAT_ram_fef026c3 < DAT_ram_0015496d) { D,X*0.9375-30,,,Diagnostics - Monitors :: FUN_30868 coolant-temp threshold #1,Compared with fef026bd = Coolant temperature (ECT) (meaning verified from the code that writes it).
0x15496D,8,0x20328,threshold,HIGH,fef026c3 = Intake air temperature (IAT),FUN_30868,if (DAT_ram_fef026bd < DAT_ram_0015496c || DAT_ram_fef026c3 < DAT_ram_0015496d) { D,X*0.9375-30,,,Diagnostics - Monitors :: FUN_30868 intake-air-temp threshold #2,Compared with fef026c3 = Intake air temperature (IAT) (meaning verified from the code that writes it).
0x15496E,8,0x20329,threshold_unk,MEDIUM,fef0208f,FUN_30B0C,if ((((DAT_ram_fef00b13 & 4) != 0) && ((DAT_ram_fef00cec & 1) == 1)) && ((DAT_ram_0,X,,,SWITCH Diagnostics - Monitors :: FUN_30B0C threshold vs fef0208f #1,"Compared with RAM fef0208f, whose meaning is not identified yet (written by FUN_69B96 (expr of fef01f73))."
0x15496F,8,0x2032A,switch,HIGH,,FUN_30B0C,if ((((DAT_ram_fef00b13 & 4) != 0) && ((DAT_ram_fef00cec & 1) == 1)) && ((DAT_ram_0,X,,,SWITCH Diagnostics - Monitors :: FUN_30B0C option byte (0x80 = on) #2,"Tested for 0x80: 0x80 = function ON, anything else = OFF."
0x154971,8,0x2032B,count,HIGH,fef00c80,FUN_33DE4,if ((DAT_ram_fef00c7f & 1) == 1) { bVar3 = DAT_ram_00154971 <= DAT_ram_fef00c80,X,,,Diagnostics - DTC Lamp Control :: FUN_33DE4 debounce/timer count #1,"Compared with fef00c80, a counter the code steps by 1 each cycle, so this is a cycle count (debounce/delay), not a sensor value."
0x154973,8,0x2032C,threshold,HIGH,fef026bd = Coolant temperature (ECT),FUN_347F8,} } } else if ((((bVar9 <= bVar17) && (uVar2 <= uVar14)) && ((uVar14 <= uVar3 && ((uVar4 <= uVar15 && (uVar15 <= uVar5)))))) && ((uVar6 <= u,X,,,DTC P0130 #1 / P2A00 / P0150 #1 :: coolant-temp threshold #8,Compared with fef026bd = Coolant temperature (ECT) (meaning verified from the code that writes it).
0x154974,8,0x2032D,threshold,HIGH,fef026c3 = Intake air temperature (IAT),FUN_347F8,} } } else if ((((bVar9 <= bVar17) && (uVar2 <= uVar14)) && ((uVar14 <= uVar3 && ((uVar4 <= uVar15 && (uVar15 <= uVar5)))))) && ((uVar6 <= u,X,,,DTC P0130 #1 / P2A00 / P0150 #1 :: intake-air-temp threshold #9,Compared with fef026c3 = Intake air temperature (IAT) (meaning verified from the code that writes it).
0x154977,8,0x2032E,count,HIGH,fef00c7c,FUN_33BA8,if ((DAT_ram_fef00c7b & 1) == 1) { bVar3 = DAT_ram_00154977 <= DAT_ram_fef00c7c,X,,,Diagnostics - DTC Lamp Control :: FUN_33BA8 debounce/timer count #1,"Compared with fef00c7c, a counter the code steps by 1 each cycle, so this is a cycle count (debounce/delay), not a sensor value."
0x15497A,8,0x2032F,cmp_local,MEDIUM,,FUN_360AA,bVar6 = uVar5 <= uVar4,X,,,Diagnostics - Monitors :: FUN_360AA threshold (computed input) #1,Compared with a value computed inside the function (not a single RAM variable).
0x15497B,8,0x20330,cmp_local,MEDIUM,,FUN_36142,bVar6 = uVar5 <= uVar4,X,,,Diagnostics - Monitors :: FUN_36142 threshold (computed input) #1,Compared with a value computed inside the function (not a single RAM variable).
0x15497D,8,0x20331,cmp_local,MEDIUM,,FUN_35924,bVar7 = uVar6 <= uVar5,X,,,Diagnostics - Monitors :: FUN_35924 threshold (computed input) #1,Compared with a value computed inside the function (not a single RAM variable).
0x15497E,8,0x20332,cmp_local,MEDIUM,,FUN_359BC,bVar7 = uVar6 <= uVar5,X,,,Diagnostics - Monitors :: FUN_359BC threshold (computed input) #1,Compared with a value computed inside the function (not a single RAM variable).
0x154982,8,0x20333,untraced,LOW,,FUN_338D0,,X,,,Diagnostics - DTC Lamp Control :: FUN_338D0 gear mask #4,Read by FUN_338D0; the trace could not resolve how the value is used (indirect or structure access). Purpose unknown - leave stock.
0x154983,8,0x20334,threshold_unk,MEDIUM,fef00cf0,FUN_38092,} else { if ((bVar5 <= bVar7) && ((DAT_ram_fef00cf2 & 2) == 0)) { uVar11 = 1,X,,,Diagnostics - Monitors :: FUN_38092 threshold vs fef00cf0 #3,"Compared with RAM fef00cf0, whose meaning is not identified yet (written by FUN_38092 (expr))."
0x154985,8,0x20335,threshold_unk,MEDIUM,fef00d0a,FUN_38C64,if (iVar2 == 1) { if (DAT_ram_00154985 <= DAT_ram_fef00d0a) { FUN_ram_00038b72(1),X,,,Diagnostics - Monitors :: FUN_38C64 threshold vs fef00d0a #1,"Compared with RAM fef00d0a, whose meaning is not identified yet (written by FUN_38C64 (expr))."
0x154987,8,0x20336,switch,HIGH,,FUN_334EC,if (((DAT_ram_fef00cec & 1) != 0) && ((DAT_ram_00154987 == -0x80 || ((DAT_ram_00154987 == -1 && (DAT_ram_fef0208f <= DAT_ram_00154988)))))) ,X,,,SWITCH Diagnostics - Monitors :: FUN_334EC option byte (0x80 = on) #1,"Tested for 0x80: 0x80 = function ON, anything else = OFF."
0x154988,8,0x20337,threshold_unk,MEDIUM,fef0208f,FUN_334EC,if (((DAT_ram_fef00cec & 1) != 0) && ((DAT_ram_00154987 == -0x80 || ((DAT_ram_00154987 == -1 && (DAT_ram_fef0208f <= DAT_ram_00154988)))))) ,X,,,Diagnostics - Monitors :: FUN_334EC threshold vs fef0208f #2,"Compared with RAM fef0208f, whose meaning is not identified yet (written by FUN_69B96 (expr of fef01f73))."
0x154989,8,0x20338,arith,MEDIUM,fef00c6e,FUN_33604,if ((DAT_ram_00154989 & DAT_ram_fef026c2) == 0) { DAT_ram_fef00c6e = DAT_ram_fef00c,X,,,Diagnostics - DTC Lamp Control :: FUN_33604 factor in fef00c6e #1,"Used in the expression that computes RAM fef00c6e (gain, offset or per-case value)."
0x15498B,8,0x20339,count,HIGH,fef00c84,FUN_33FF6,} else { if (DAT_ram_0015498b <= DAT_ram_fef00c84) { DAT_ram_fef00c83 = DAT_ram_fef00c83 & 0xf7 | 2,X,,,Diagnostics - DTC Lamp Control :: FUN_33FF6 debounce/timer count #1,"Compared with fef00c84, a counter the code steps by 1 each cycle, so this is a cycle count (debounce/delay), not a sensor value."
0x15498D,8,0x2033A,threshold_unk,MEDIUM,fef00cfe,FUN_3862E,} if ((uVar3 << 0x1d) < 0) { if (uVar2 <= uVar4) { DAT_ram_fef00cfc = DAT_ram_fef00cfc & 0xfd | 8,X,,,Diagnostics - Monitors :: FUN_3862E threshold vs fef00cfe #1,"Compared with RAM fef00cfe, whose meaning is not identified yet (written by FUN_3862E (alias of fef00cfe))."
0x154996,8,0x2033B,threshold,HIGH,fef026bc = ADC ch2A (unidentified),FUN_38300,if (((iVar5 == 0) && (bVar2 <= bVar3)) && (cVar1 == -0x80)) { FUN_ram_000381de(0),X,,,SWITCH DTC P1700 :: raw-ADC threshold #1,Compared with fef026bc = ADC ch2A (unidentified) (meaning verified from the code that writes it).
0x154997,8,0x2033C,threshold,HIGH,fef026bc = ADC ch2A (unidentified),FUN_3841E,if (((iVar5 == 0) && (bVar3 <= bVar2)) && (cVar1 == -0x80)) { FUN_ram_00038276(0),X,,,SWITCH DTC P1702 :: raw-ADC threshold #1,Compared with fef026bc = ADC ch2A (unidentified) (meaning verified from the code that writes it).
0x154999,8,0x2033D,cmp_local,MEDIUM,,FUN_39B66,if (uVar5 <= uVar4) { FUN_ram_00039afe(1),X,,,Diagnostics - Monitors :: FUN_39B66 threshold (computed input) #1,Compared with a value computed inside the function (not a single RAM variable).
0x1549A0,8,0x2033E,cmp_local,MEDIUM,,FUN_31924,if (DAT_ram_001549a0 == -1) { cVar4 = '\x01',X,,,Diagnostics - Monitors :: FUN_31924 threshold (computed input) #1,Compared with a value computed inside the function (not a single RAM variable).
0x1549A1,8,0x2033F,cmp_local,MEDIUM,,FUN_3199A,if (DAT_ram_001549a1 == -1) { cVar4 = '\x01',X,,,Diagnostics - Monitors :: FUN_3199A threshold (computed input) #1,Compared with a value computed inside the function (not a single RAM variable).
0x1549A2,8,0x20340,cmp_local,MEDIUM,,FUN_31A06,if (DAT_ram_001549a2 == -1) { cVar4 = '\x01',X,,,Diagnostics - Monitors :: FUN_31A06 threshold (computed input) #1,Compared with a value computed inside the function (not a single RAM variable).
0x1549A3,8,0x20341,cmp_local,MEDIUM,,FUN_376AA,iVar3 = iVar3 * (uVar8 < uVar7),X,,,Diagnostics - Monitors :: FUN_376AA threshold (computed input) #1,Compared with a value computed inside the function (not a single RAM variable).
0x1549A4,8,0x20342,cmp_local,MEDIUM,,FUN_37718,iVar3 = iVar3 * (uVar8 < uVar7),X,,,Diagnostics - Monitors :: FUN_37718 threshold (computed input) #1,Compared with a value computed inside the function (not a single RAM variable).
0x1549A5,8,0x20343,cmp_local,MEDIUM,,FUN_37998,iVar3 = iVar3 * (uVar8 < uVar7),X,,,Diagnostics - Monitors :: FUN_37998 threshold (computed input) #1,Compared with a value computed inside the function (not a single RAM variable).
0x1549A6,8,0x20344,cmp_local,MEDIUM,,FUN_37A06,iVar3 = iVar3 * (uVar8 < uVar7),X,,,Diagnostics - Monitors :: FUN_37A06 threshold (computed input) #1,Compared with a value computed inside the function (not a single RAM variable).
0x1549B2,8,0x20345,untraced,LOW,,FUN_3AC72,,X,,,Diagnostics - Monitors :: FUN_3AC72 parameter #1,Read by FUN_3AC72; the trace could not resolve how the value is used (indirect or structure access). Purpose unknown - leave stock.
0x1549B4,8,0x20346,threshold,HIGH,"fef026c2 = Gear position bitmask (1=N,2=1st..0x40=6th)",FUN_3ADF6,if (bVar2 < DAT_ram_fef026c2) { bVar3 = bVar1 <= DAT_ram_fef026c2,X,,,Diagnostics - Monitors :: Gear-vs-Ratio Plausibility Window gear threshold #1,"Compared with fef026c2 = Gear position bitmask (1=N,2=1st..0x40=6th) (meaning verified from the code that writes it)."
0x1549B5,8,0x20347,threshold,HIGH,"fef026c2 = Gear position bitmask (1=N,2=1st..0x40=6th)",FUN_3ADF6,if (bVar2 < DAT_ram_fef026c2) { bVar3 = bVar1 <= DAT_ram_fef026c2,X,,,Diagnostics - Monitors :: Gear-vs-Ratio Plausibility Window gear threshold #2,"Compared with fef026c2 = Gear position bitmask (1=N,2=1st..0x40=6th) (meaning verified from the code that writes it)."
0x1549B6,8,0x20348,threshold,HIGH,"fef026c2 = Gear position bitmask (1=N,2=1st..0x40=6th)",FUN_3ADF6,if (bVar2 < DAT_ram_fef026c2) { bVar3 = bVar1 <= DAT_ram_fef026c2,X,,,Diagnostics - Monitors :: Gear-vs-Ratio Plausibility Window gear threshold #3,"Compared with fef026c2 = Gear position bitmask (1=N,2=1st..0x40=6th) (meaning verified from the code that writes it)."
0x1549B7,8,0x20349,threshold,HIGH,"fef026c2 = Gear position bitmask (1=N,2=1st..0x40=6th)",FUN_3ADF6,if (bVar2 < DAT_ram_fef026c2) { bVar3 = bVar1 <= DAT_ram_fef026c2,X,,,Diagnostics - Monitors :: Gear-vs-Ratio Plausibility Window gear threshold #4,"Compared with fef026c2 = Gear position bitmask (1=N,2=1st..0x40=6th) (meaning verified from the code that writes it)."
0x1549B8,8,0x2034A,threshold,HIGH,"fef026c2 = Gear position bitmask (1=N,2=1st..0x40=6th)",FUN_3ADF6,if (bVar2 < DAT_ram_fef026c2) { bVar3 = bVar1 <= DAT_ram_fef026c2,X,,,Diagnostics - Monitors :: Gear-vs-Ratio Plausibility Window gear threshold #5,"Compared with fef026c2 = Gear position bitmask (1=N,2=1st..0x40=6th) (meaning verified from the code that writes it)."
0x1549B9,8,0x2034B,threshold,HIGH,"fef026c2 = Gear position bitmask (1=N,2=1st..0x40=6th)",FUN_3ADF6,if (bVar2 < DAT_ram_fef026c2) { bVar3 = bVar1 <= DAT_ram_fef026c2,X,,,Diagnostics - Monitors :: Gear-vs-Ratio Plausibility Window gear threshold #6,"Compared with fef026c2 = Gear position bitmask (1=N,2=1st..0x40=6th) (meaning verified from the code that writes it)."
0x1549BA,8,0x2034C,threshold,HIGH,"fef026c2 = Gear position bitmask (1=N,2=1st..0x40=6th)",FUN_3ADF6,if (bVar2 < DAT_ram_fef026c2) { bVar3 = bVar1 <= DAT_ram_fef026c2,X,,,Diagnostics - Monitors :: Gear-vs-Ratio Plausibility Window gear threshold #7,"Compared with fef026c2 = Gear position bitmask (1=N,2=1st..0x40=6th) (meaning verified from the code that writes it)."
0x1549BB,8,0x2034D,threshold,HIGH,"fef026c2 = Gear position bitmask (1=N,2=1st..0x40=6th)",FUN_3ADF6,if (bVar2 < DAT_ram_fef026c2) { bVar3 = bVar1 <= DAT_ram_fef026c2,X,,,Diagnostics - Monitors :: Gear-vs-Ratio Plausibility Window gear threshold #8,"Compared with fef026c2 = Gear position bitmask (1=N,2=1st..0x40=6th) (meaning verified from the code that writes it)."
0x1549BC,8,0x2034E,threshold,HIGH,"fef026c2 = Gear position bitmask (1=N,2=1st..0x40=6th)",FUN_3ADF6,if (bVar2 < DAT_ram_fef026c2) { bVar3 = bVar1 <= DAT_ram_fef026c2,X,,,Diagnostics - Monitors :: Gear-vs-Ratio Plausibility Window gear threshold #9,"Compared with fef026c2 = Gear position bitmask (1=N,2=1st..0x40=6th) (meaning verified from the code that writes it)."
0x1549BD,8,0x2034F,threshold,HIGH,"fef026c2 = Gear position bitmask (1=N,2=1st..0x40=6th)",FUN_3ADF6,if (bVar2 < DAT_ram_fef026c2) { bVar3 = bVar1 <= DAT_ram_fef026c2,X,,,Diagnostics - Monitors :: Gear-vs-Ratio Plausibility Window gear threshold #10,"Compared with fef026c2 = Gear position bitmask (1=N,2=1st..0x40=6th) (meaning verified from the code that writes it)."
0x1549BE,8,0x20350,threshold,HIGH,"fef026c2 = Gear position bitmask (1=N,2=1st..0x40=6th)",FUN_3ADF6,if (bVar2 < DAT_ram_fef026c2) { bVar3 = bVar1 <= DAT_ram_fef026c2,X,,,Diagnostics - Monitors :: Gear-vs-Ratio Plausibility Window gear threshold #11,"Compared with fef026c2 = Gear position bitmask (1=N,2=1st..0x40=6th) (meaning verified from the code that writes it)."
0x1549BF,8,0x20351,threshold,HIGH,"fef026c2 = Gear position bitmask (1=N,2=1st..0x40=6th)",FUN_3ADF6,if (bVar2 < DAT_ram_fef026c2) { bVar3 = bVar1 <= DAT_ram_fef026c2,X,,,Diagnostics - Monitors :: Gear-vs-Ratio Plausibility Window gear threshold #12,"Compared with fef026c2 = Gear position bitmask (1=N,2=1st..0x40=6th) (meaning verified from the code that writes it)."
0x1549C1,8,0x20352,threshold_unk,MEDIUM,fef0270d,FUN_3B0A2,if ((((uVar1 < DAT_ram_fef0258e) && (DAT_ram_fef0258e < uVar2)) && (uVar3 < DAT_ram_fef02600)) && ((DAT_ram_fef02600 < uVar4 && (bVar7 <= DA,X,,,DTC P0830 :: threshold vs fef0270d #6,"Compared with RAM fef0270d, whose meaning is not identified yet (written by FUN_7A976 (expr))."
0x1549C3,8,0x20353,threshold_unk,MEDIUM,fef0270d,FUN_3B3B8,if (((((uVar1 < DAT_ram_fef0258e) && (DAT_ram_fef0258e < uVar2)) && (uVar3 < DAT_ram_fef02600)) && ((DAT_ram_fef02600 < uVar4 && ((DAT_ram_f,X,,,DTC P0850 :: threshold vs fef0270d #6,"Compared with RAM fef0270d, whose meaning is not identified yet (written by FUN_7A976 (expr))."
0x1549C5,8,0x20354,arith,MEDIUM,fef00be4,FUN_3C616,"DAT_ram_fef00be4 = FUN_ram_000919c2(((bVar9 + uVar11) * 0x4c4b4) / 0x1e80,0xffff)",X,,,HO2 / Closed Loop :: FUN_3C068 factor in fef00be4 #1,"Used in the expression that computes RAM fef00be4 (gain, offset or per-case value)."
0x1549C6,8,0x20355,cmp_local,MEDIUM,,FUN_3C068,} if ((param_2 < uVar2) && (uVar2 <= param_1)) { return 4,X,,,HO2 / Closed Loop :: FUN_3C068 threshold (computed input) #2,Compared with a value computed inside the function (not a single RAM variable).
0x1549C7,8,0x20356,cmp_local,MEDIUM,,FUN_3C444,bVar10 = 9 < DAT_ram_001549c7 - 1,X,,,Diagnostics - Monitors :: FUN_3C444 threshold (computed input) #2,Compared with a value computed inside the function (not a single RAM variable).
0x1549C8,8,0x20357,cmp_local,MEDIUM,,FUN_3BCA6,} bVar43 = bVar21 <= uVar40,X,,,DTC P0133 / P0153 :: threshold (computed input) #14,Compared with a value computed inside the function (not a single RAM variable).
0x1549C9,8,0x20358,cmp_local,MEDIUM,,FUN_3C37C,"} else if ((iVar5 == 1) && (DAT_ram_001549c9 <= (&DAT_ram_fef00db4)[param_1])) { uVar2 = FUN_ram_00091ab6(uVar2,uVar1)",X,,,Diagnostics - Monitors :: FUN_3C37C threshold (computed input) #1,Compared with a value computed inside the function (not a single RAM variable).
0x1549CA,8,0x20359,cmp_local,MEDIUM,,FUN_3C444,"if ((iVar4 == 1) && ((DAT_ram_0015486a <= uVar2 || (DAT_ram_001549ca <= bVar1)))) { uVar9 = FUN_ram_000919b6(uVar9 + 1,bVar10 + DAT_ram_0015",X,,,Diagnostics - Monitors :: FUN_3C444 threshold (computed input) #3,Compared with a value computed inside the function (not a single RAM variable).
0x1549D0,8,0x2035A,cmp_local,MEDIUM,,FUN_416BA,do { bVar1 = (bVar1 & DAT_ram_001549d0 <= (&DAT_ram_fef00bd8)[uVar3]),X,,,Traction Control :: FUN_416BA threshold (computed input) #1,Compared with a value computed inside the function (not a single RAM variable).
0x1549D1,8,0x2035B,cmp_local,MEDIUM,,FUN_416BA,bVar2 = (bVar2 & (&DAT_ram_fef00bd8)[uVar3] <= DAT_ram_001549d1),X,,,Traction Control :: FUN_416BA threshold (computed input) #2,Compared with a value computed inside the function (not a single RAM variable).
0x1549D5,8,0x2035C,untraced,LOW,,FUN_3E83E,,X,,,Diagnostics - Monitors :: FUN_3E83E gear mask #1,Read by FUN_3E83E; the trace could not resolve how the value is used (indirect or structure access). Purpose unknown - leave stock.
0x1549D7,8,0x2035D,threshold,HIGH,fef026bd = Coolant temperature (ECT),FUN_3E95C,} } if ((((((cVar29 == '\0') && (cVar13 == -0x80)) && (bVar14 <= bVar27)) && (((bVar27 <= bVar15 && (uVar3 <= uVar23)) && ((uVar23 <= uVar4 ,X,,,SWITCH DTC P0410 :: coolant-temp threshold #11,Compared with fef026bd = Coolant temperature (ECT) (meaning verified from the code that writes it).
0x1549D8,8,0x2035E,threshold,HIGH,fef026bd = Coolant temperature (ECT),FUN_3E95C,} } if ((((((cVar29 == '\0') && (cVar13 == -0x80)) && (bVar14 <= bVar27)) && (((bVar27 <= bVar15 && (uVar3 <= uVar23)) && ((uVar23 <= uVar4 ,X*0.9375-30,,,DTC P0410 :: coolant-temp threshold #12,Compared with fef026bd = Coolant temperature (ECT) (meaning verified from the code that writes it).
0x1549D9,8,0x2035F,threshold,HIGH,fef026c3 = Intake air temperature (IAT),FUN_3E95C,} } if ((((((cVar29 == '\0') && (cVar13 == -0x80)) && (bVar14 <= bVar27)) && (((bVar27 <= bVar15 && (uVar3 <= uVar23)) && ((uVar23 <= uVar4 ,X*0.9375-30,,,DTC P0410 :: intake-air-temp threshold #13,Compared with fef026c3 = Intake air temperature (IAT) (meaning verified from the code that writes it).
0x1549DA,8,0x20360,threshold,HIGH,fef026c3 = Intake air temperature (IAT),FUN_3E95C,} } if ((((((cVar29 == '\0') && (cVar13 == -0x80)) && (bVar14 <= bVar27)) && (((bVar27 <= bVar15 && (uVar3 <= uVar23)) && ((uVar23 <= uVar4 ,X*0.9375-30,,,DTC P0410 :: intake-air-temp threshold #14,Compared with fef026c3 = Intake air temperature (IAT) (meaning verified from the code that writes it).
0x1549DB,8,0x20361,threshold_unk,MEDIUM,fef00e28,FUN_3E726,if (bVar1 <= bVar2) { uVar3 = (&DAT_ram_fef00e2e)[uVar6],X,,,Diagnostics - Monitors :: FUN_3E726 threshold vs fef00e28 #1,"Compared with RAM fef00e28, whose meaning is not identified yet (written by FUN_3E726 (expr))."
0x1549DC,8,0x20362,threshold_unk,MEDIUM,fef00e29,FUN_3E7B2,if (bVar1 <= bVar2) { uVar3 = (&DAT_ram_fef00e3a)[uVar6],X,,,Diagnostics - Monitors :: FUN_3E7B2 threshold vs fef00e29 #1,"Compared with RAM fef00e29, whose meaning is not identified yet (written by FUN_3E7B2 (expr))."
0x1549DE,8,0x20363,untraced,LOW,,FUN_3F624,,X,,,Diagnostics - Monitors :: FUN_3F624 gear mask #4,Read by FUN_3F624; the trace could not resolve how the value is used (indirect or structure access). Purpose unknown - leave stock.
0x1549E2,8,0x20364,threshold,HIGH,fef026be = Coolant temperature (copy),FUN_3FCBC,} else { bVar8 = DAT_ram_fef026be < bVar3,X,,,DTC P0111 #2 :: coolant-temp threshold #3,Compared with fef026be = Coolant temperature (copy) (meaning verified from the code that writes it).
0x1549E4,8,0x20365,threshold,HIGH,fef026bd = Coolant temperature (ECT),FUN_401DE,if (((iVar3 == 0) && (cVar1 == -0x80)) && (DAT_ram_fef026bd < bVar2)) { DAT_ram_fef00e6e = DAT_ram_fef00e6e | 1,X,,,SWITCH DTC P0116 #2 / P0116 #3 :: coolant-temp threshold #1,Compared with fef026bd = Coolant temperature (ECT) (meaning verified from the code that writes it).
0x1549EB,8,0x20366,arith,MEDIUM,fef00e8e,FUN_4102E,DAT_ram_fef00e8e = bVar1 + DAT_ram_001549eb * !bVar1,X,,,Diagnostics - Monitors :: FUN_4102E factor in fef00e8e #1,"Used in the expression that computes RAM fef00e8e (gain, offset or per-case value)."
0x1549EC,8,0x20367,filter,HIGH,,FUN_4104C,"FUN_ram_00091826(&local_e,(-DAT_ram_001549ec & 0xff) << 8,uVar1)",X,,,Diagnostics - Monitors :: FUN_4104C filter strength #1,Passed as the coefficient of the first-order filter FUN_91826 (as (256 - value) << 8); sets how strongly the signal is smoothed.
0x1549ED,8,0x20368,filter,HIGH,,FUN_41278,"FUN_ram_00091826(&local_e,(-DAT_ram_001549ed & 0xff) << 8,uVar1)",X,,,Diagnostics - Monitors :: FUN_41278 filter strength #1,Passed as the coefficient of the first-order filter FUN_91826 (as (256 - value) << 8); sets how strongly the signal is smoothed.
0x1549EE,8,0x20369,filter,HIGH,,FUN_41144,"FUN_ram_00091826(&uStack_a,(-DAT_ram_001549ee & 0xff) << 8,DAT_ram_fef00bfe)",X,,,Diagnostics - Monitors :: FUN_41144 filter strength #1,Passed as the coefficient of the first-order filter FUN_91826 (as (256 - value) << 8); sets how strongly the signal is smoothed.
0x1549F1,8,0x2036A,threshold_unk,MEDIUM,fef0270d,FUN_3ACC0,if (((((iVar10 == 0) && (uVar1 < uVar8)) && (uVar8 < uVar2)) && ((uVar3 < uVar9 && (uVar9 < uVar4)))) && (((DAT_ram_fef00d5c << 0x1e) < 0 &&,X,,,SWITCH DTC P0915 #2 :: threshold vs fef0270d #6,"Compared with RAM fef0270d, whose meaning is not identified yet (written by FUN_7A976 (expr))."
0x1549F2,8,0x2036B,switch,HIGH,,FUN_3F0E0,"if ((((iVar5 == 1) && (iVar3 == 1)) || ((cVar2 == -0x80 && ((iVar5 == 1 && (uVar1 <= DAT_ram_fef00e24)))))) || (iVar4 = 0, iVar5 == 1)) { DA",X,,,SWITCH HO2 / Closed Loop :: FUN_3F0E0 option byte (0x80 = on) #2,"Tested for 0x80: 0x80 = function ON, anything else = OFF."
0x1549F4,8,0x2036C,threshold_unk,MEDIUM,fef00af8,FUN_30310,if (uVar2 <= uVar1) { DAT_ram_fef00af7 = DAT_ram_fef00af7 & 0xfd | 8,X,,,Anti-Lift Control :: FUN_30310 threshold vs fef00af8 #1,"Compared with RAM fef00af8, whose meaning is not identified yet (written by FUN_30310 (alias of fef00af8))."
0x1549F8,8,0x2036D,threshold_unk,MEDIUM,fef0222a,FUN_6B352,if (uVar9 < uVar11) goto LAB_ram_0006b426,X,,,Ride Mode Presets :: FUN_6B352 threshold vs fef0222a #1,"Compared with RAM fef0222a, whose meaning is not identified yet (written by writer not found)."
0x1549F9,8,0x2036E,arith,MEDIUM,fef01f6a,FUN_6B86E,if (((DAT_ram_0018dbb4 == -0x80) && (DAT_ram_001549f9 != '\0')) && ((DAT_ram_fef022,X,,,SWITCH Ride Mode Presets :: FUN_6B86E factor in fef01f6a #1,"Used in the expression that computes RAM fef01f6a (gain, offset or per-case value)."
0x1549FA,8,0x2036F,switch,HIGH,,FUN_6B8AE,if (uVar4 <= uVar5) { if (cVar1 == -0x80) { DAT_ram_fef01f6a = uVar2,X,,,SWITCH Ride Mode Presets :: FUN_6B8AE option byte (0x80 = on) #1,"Tested for 0x80: 0x80 = function ON, anything else = OFF."
0x18249C,16,0x20370,threshold_unk,MEDIUM,fef011da,FUN_3E88E,if ((DAT_ram_0018249c <= DAT_ram_fef011da) || ((DAT_ram_fef00e14 = DAT_ram_,X,,,Diagnostics - Monitors :: Fuel-Trim Monitor Limits threshold vs fef011da #9,"Compared with RAM fef011da, whose meaning is not identified yet (written by FUN_484E0 (expr))."
0x18249E,16,0x20371,threshold_unk,MEDIUM,fef011dc,FUN_3E88E,if ((DAT_ram_0018249c <= DAT_ram_fef011da) || ((DAT_ram_fef00e14 = DAT_ram_,X,,,Diagnostics - Monitors :: Fuel-Trim Monitor Limits threshold vs fef011dc #10,"Compared with RAM fef011dc, whose meaning is not identified yet (written by FUN_484E0 (alias of fef011dc))."
0x182504,16,0x20373,threshold_unk,MEDIUM,fef012b8,FUN_4B46E,if (DAT_ram_fef012b8 < DAT_ram_00182504) { iVar1 = (iVar1 * (DAT_ram_00182699 + 0x20)) / 0x20,X,,,Deceleration Fuel Cut :: FUN_4B46E threshold vs fef012b8 #1,"Compared with RAM fef012b8, whose meaning is not identified yet (written by FUN_4B24A (expr of fef012b6,fef02602))."
0x182506,16,0x20374,threshold,HIGH,fef02602 = Throttle valve position,FUN_4B24A,if (((param_1 == '\x01') || (DAT_ram_fef012c8 < 100)) || (DAT_ram_00182506,X/364.08,,,Deceleration Fuel Cut :: FUN_4B24A throttle threshold #1,Compared with fef02602 = Throttle valve position (meaning verified from the code that writes it).
0x182508,16,0x20375,arith,MEDIUM,fef012c2,FUN_4B29E,if (uVar1 < uVar2) { DAT_ram_fef012c2 = (DAT_ram_fef012b8 >> 8),X,,,Deceleration Fuel Cut :: FUN_4B29E factor in fef012c2 #1,"Used in the expression that computes RAM fef012c2 (gain, offset or per-case value)."
0x18250A,16,0x20376,arith,MEDIUM,fef012c5,FUN_4B3AA,if (uVar1 < uVar3) { DAT_ram_fef012c5 = (DAT_ram_fef012bc >> 8),X,,,Deceleration Fuel Cut :: FUN_4B3AA factor in fef012c5 #1,"Used in the expression that computes RAM fef012c5 (gain, offset or per-case value)."
0x1825AE,16,0x20378,cmp_local,MEDIUM,,FUN_436C2,if (3 < uVar8) { if (((((((((uVar19 << 0x1d) < 0) && (bVar18 == 1)) && (cVar11 == '\0')) && ((-1 < (uVar17 << 0x19) && (cVar13 == '\0')))) &,X,,,Fuel :: FUN_436C2 threshold (computed input) #1,Compared with a value computed inside the function (not a single RAM variable).
0x1825B0,16,0x20379,cmp_local,MEDIUM,,FUN_43886,if (3 < uVar6) { if ((((((uVar16 << 0x1d) < 0) && (bVar15 == 1)) && (cVar10 == '\0')) && (((cVar12 == '\0' && (iVar14 == 0)) && ((cVar7 == ',X,,,Fuel :: FUN_43886 threshold (computed input) #1,Compared with a value computed inside the function (not a single RAM variable).
0x1825B2,16,0x2037A,threshold_unk,MEDIUM,fef011e0,FUN_43A16,if ((((iVar6 == 1) && ((&DAT_ram_fef011e6)[param_1] == '\x01')) && ((&DAT_ram_fef00f5e)[param_1] == '\x01')) && (((uVar1 <= DAT_ram_fef011e0,X,,,HO2 / Closed Loop :: FUN_43A16 threshold vs fef011e0 #1,"Compared with RAM fef011e0, whose meaning is not identified yet (written by FUN_4B560 (expr))."
0x1825B4,16,0x2037B,threshold_unk,MEDIUM,fef011e0,FUN_43B7A,if ((((iVar6 == 1) && ((&DAT_ram_fef011ec)[param_1] == '\x01')) && ((&DAT_ram_fef00f86)[param_1] == '\x01')) && (((uVar1 <= DAT_ram_fef011e0,X/364.08,,,HO2 / Closed Loop :: FUN_43B7A threshold vs fef011e0 #1,"Compared with RAM fef011e0, whose meaning is not identified yet (written by FUN_4B560 (expr)). The displayed unit was inferred earlier and is NOT confirmed by this trace."
0x1825B6,16,0x2037C,threshold_unk,MEDIUM,fef011e0,FUN_43A16,if ((((iVar6 == 1) && ((&DAT_ram_fef011e6)[param_1] == '\x01')) && ((&DAT_ram_fef00f5e)[param_1] == '\x01')) && (((uVar1 <= DAT_ram_fef011e0,X,,,HO2 / Closed Loop :: FUN_43A16 threshold vs fef011e0 #2,"Compared with RAM fef011e0, whose meaning is not identified yet (written by FUN_4B560 (expr))."
0x1825B8,16,0x2037D,threshold_unk,MEDIUM,fef011e0,FUN_43B7A,if ((((iVar6 == 1) && ((&DAT_ram_fef011ec)[param_1] == '\x01')) && ((&DAT_ram_fef00f86)[param_1] == '\x01')) && (((uVar1 <= DAT_ram_fef011e0,X/364.08,,,HO2 / Closed Loop :: FUN_43B7A threshold vs fef011e0 #2,"Compared with RAM fef011e0, whose meaning is not identified yet (written by FUN_4B560 (expr)). The displayed unit was inferred earlier and is NOT confirmed by this trace."
0x1825C0,16,0x20381,threshold_unk,MEDIUM,fef00a0e,FUN_43A16,if ((((iVar6 == 1) && ((&DAT_ram_fef011e6)[param_1] == '\x01')) && ((&DAT_ram_fef00f5e)[param_1] == '\x01')) && (((uVar1 <= DAT_ram_fef011e0,X,,,HO2 / Closed Loop :: FUN_43A16 threshold vs fef00a0e #5,"Compared with RAM fef00a0e, whose meaning is not identified yet (written by FUN_2BBE4 (expr))."
0x1825C4,16,0x20383,threshold,HIGH,fef0258e = Engine speed,FUN_42B84,if ((DAT_ram_fef0258e < DAT_ram_001825c4) + -((DAT_ram_fef00f98 << 0x1e) >> 0x1f) *,X/2.56,,,HO2 / Closed Loop :: FUN_42B84 RPM threshold #1,Compared with fef0258e = Engine speed (meaning verified from the code that writes it).
0x1825C6,16,0x20384,threshold,HIGH,fef0258e = Engine speed,FUN_42B84,if ((DAT_ram_fef0258e < DAT_ram_001825c4) + -((DAT_ram_fef00f98 << 0x1e) >> 0x1f) *,X/2.56,,,HO2 / Closed Loop :: FUN_42B84 RPM threshold #2,Compared with fef0258e = Engine speed (meaning verified from the code that writes it).
0x1825C8,16,0x20385,threshold_unk,MEDIUM,fef0261c,FUN_42BC6,if ((DAT_ram_fef0261c < DAT_ram_001825c8) + -((DAT_ram_fef00f98 << 0x1d) >> 0x1f) *,X,,,HO2 / Closed Loop :: FUN_42BC6 threshold vs fef0261c #1,"Compared with RAM fef0261c, whose meaning is not identified yet (written by FUN_7316A (expr of fef016f4,fef02602,fef02a10))."
0x1825CA,16,0x20386,threshold_unk,MEDIUM,fef0261c,FUN_42BC6,if ((DAT_ram_fef0261c < DAT_ram_001825c8) + -((DAT_ram_fef00f98 << 0x1d) >> 0x1f) *,X,,,HO2 / Closed Loop :: FUN_42BC6 threshold vs fef0261c #2,"Compared with RAM fef0261c, whose meaning is not identified yet (written by FUN_7316A (expr of fef016f4,fef02602,fef02a10))."
0x1825DC,16,0x2038B,cmp_local,MEDIUM,,FUN_35094,"FUN_ram_00034cac(param_1 & 0xff,iVar2 == 1 && (&DAT_ram_fef011a0)[param_1 & 0xff] <= uVar1 )",X,,,Diagnostics - Monitors :: FUN_35094 threshold (computed input) #1,Compared with a value computed inside the function (not a single RAM variable).
0x1825DE,16,0x2038C,arith,MEDIUM,fef011e8,FUN_42DCE,DAT_ram_fef011e8 = DAT_ram_001825de * !bVar1 - bVar1,X,,,HO2 / Closed Loop :: FUN_42DCE factor in fef011e8 #1,"Used in the expression that computes RAM fef011e8 (gain, offset or per-case value)."
0x1825E0,16,0x2038D,untraced,LOW,,FUN_444F8,,X,,,HO2 / Closed Loop :: FUN_444F8 parameter #1,Read by FUN_444F8; the trace could not resolve how the value is used (indirect or structure access). Purpose unknown - leave stock.
0x1825E2,16,0x2038E,untraced,LOW,,FUN_444F8,,X,,,HO2 / Closed Loop :: FUN_444F8 parameter #2,Read by FUN_444F8; the trace could not resolve how the value is used (indirect or structure access). Purpose unknown - leave stock.
0x1825EA,8,0x2038F,array,MEDIUM,,FUN_44886,uVar1 = uVar1 + 1 & 0xff) { cVar2 = cVar2 * ((&DAT_ram_001825ea)[uVar1] <= (&DAT_ram_fef011ea)[uVar1]),X,,,HO2 / Closed Loop :: FUN_44886 table element #1,Part of a table the code reads by index.
0x1825EC,16,0x20390,untraced,LOW,,FUN_43F4E,,X/2.56,,,HO2 / Closed Loop :: FUN_43F4E RPM threshold #1,Read by FUN_43F4E; the trace could not resolve how the value is used (indirect or structure access). Purpose unknown - leave stock. The displayed unit was inferred earlier and is NOT confirmed by this trace.
0x1825EE,16,0x20391,untraced,LOW,,FUN_43FA4,,X/2.56,,,HO2 / Closed Loop :: FUN_43FA4 RPM threshold #1,Read by FUN_43FA4; the trace could not resolve how the value is used (indirect or structure access). Purpose unknown - leave stock. The displayed unit was inferred earlier and is NOT confirmed by this trace.
0x1825F0,16,0x20392,limit,MEDIUM,,FUN_4B12E,if (iVar2 == 1) { uVar1 = FUN_ram_00091a82((((&DAT_ram_fef011a0)[param_1] - 0x8000) * uVar3) / 0x100 + (((&DAT_ram_fef011a4)[param_1] - 0x80,X,,,Deceleration Fuel Cut :: FUN_4B12E clamp/limit value #1,Used as a limit or operand inside a saturating calculation.
0x1825F2,16,0x20393,untraced,LOW,,FUN_4BC76,,X,,,Limiters :: Fuel-Cut Pattern per Cyl / Limiter Stage parameter #1,Read by FUN_4BC76; the trace could not resolve how the value is used (indirect or structure access). Purpose unknown - leave stock.
0x1825F4,16,0x20394,untraced,LOW,,FUN_4BC76,,X,,,Limiters :: Fuel-Cut Pattern per Cyl / Limiter Stage parameter #2,Read by FUN_4BC76; the trace could not resolve how the value is used (indirect or structure access). Purpose unknown - leave stock.
0x1825F6,16,0x20395,untraced,LOW,,FUN_4BC76,,X,,,Limiters :: Fuel-Cut Pattern per Cyl / Limiter Stage parameter #3,Read by FUN_4BC76; the trace could not resolve how the value is used (indirect or structure access). Purpose unknown - leave stock.
0x1825F8,16,0x20396,untraced,LOW,,FUN_4BC76,,X,,,Limiters :: Fuel-Cut Pattern per Cyl / Limiter Stage parameter #4,Read by FUN_4BC76; the trace could not resolve how the value is used (indirect or structure access). Purpose unknown - leave stock.
0x1825FA,16,0x20397,threshold_unk,MEDIUM,fef025d4,FUN_4B76A,if (((uVar1 <= uVar3) && (uVar5 < uVar6)) && (iVar4 == 0)) { DAT_ram_fef01309 = DAT_ram_fef01309 | 0x10,X,,,Ignition :: Ignition RPM-Threshold Correction threshold vs fef025d4 #1,"Compared with RAM fef025d4, whose meaning is not identified yet (written by FUN_7A89E (expr))."
0x18263A,16,0x20398,threshold,HIGH,fef02602 = Throttle valve position,FUN_4C2DA,} if ((uVar1 < uVar5) && (uVar6 < DAT_ram_00182640)) { if ((uVar6 < DAT_ram_0018263a) && (uVar7 < DAT_ram_0018263c)) { DAT_ram_fef01348 = DA,X/364.08,,,Idle Control :: Idle Speed Control Parameter throttle threshold #1,Compared with fef02602 = Throttle valve position (meaning verified from the code that writes it).
0x18263E,16,0x2039A,threshold,HIGH,fef0258e = Engine speed,FUN_4C2DA,} if ((uVar1 < uVar5) && (uVar6 < DAT_ram_00182640)) { if ((uVar6 < DAT_ram_0018263a) && (uVar7 < DAT_ram_0018263c)) { DAT_ram_fef01348 = DA,X/2.56,,,Idle Control :: Idle Speed Control Parameter RPM threshold #3,Compared with fef0258e = Engine speed (meaning verified from the code that writes it).
0x182640,16,0x2039B,threshold,HIGH,fef02602 = Throttle valve position,FUN_4C2DA,} if ((uVar1 < uVar5) && (uVar6 < DAT_ram_00182640)) { if ((uVar6 < DAT_ram_0018263a) && (uVar7 < DAT_ram_0018263c)) { DAT_ram_fef01348 = DA,X/364.08,,,Idle Control :: Idle Speed Control Parameter throttle threshold #4,Compared with fef02602 = Throttle valve position (meaning verified from the code that writes it).
0x182642,16,0x2039C,threshold_unk,MEDIUM,fef011f4,FUN_4C266,if (DAT_ram_00182642 < DAT_ram_fef011f4) { iVar2 = (DAT_ram_00182644 <= DAT_ram_fef0133c) + iVar2 * (DAT_ram_00182644 > DAT_ram_fef0133c),X,,,Idle Control :: FUN_4C266 threshold vs fef011f4 #1,"Compared with RAM fef011f4, whose meaning is not identified yet (written by FUN_4C468 (alias of fef011f4))."
0x182644,16,0x2039D,threshold_unk,MEDIUM,fef0133c,FUN_4C266,if (DAT_ram_00182642 < DAT_ram_fef011f4) { iVar2 = (DAT_ram_00182644 <= DAT_ram_fef0133c) + iVar2 * (DAT_ram_00182644 > DAT_ram_fef0133c),X,,,Idle Control :: FUN_4C266 threshold vs fef0133c #2,"Compared with RAM fef0133c, whose meaning is not identified yet (written by FUN_4C266 (expr))."
0x182646,16,0x2039E,count,HIGH,fef0133e,FUN_4C266,iVar2 = iVar2 * (DAT_ram_fef0133e < DAT_ram_00182646),X,,,Idle Control :: FUN_4C266 debounce/timer count #3,"Compared with fef0133e, a counter the code steps by 1 each cycle, so this is a cycle count (debounce/delay), not a sensor value."
0x182648,16,0x2039F,cmp_local,MEDIUM,,FUN_4C5AC,if (uVar6 <= uVar5) { uVar3 = 0x8000,X,,,Ignition :: Ignition Transient Correction threshold (computed input) #1,Compared with a value computed inside the function (not a single RAM variable).
0x18264A,16,0x203A0,threshold,HIGH,fef02602 = Throttle valve position,FUN_4C2DA,if ((uVar3 < uVar6) && (((uVar4 < uVar7 && (uVar16 <= uVar14)) && (uVar14 <= uVar15)))) { bVar8 = 4,X/364.08,,,Idle Control :: Idle Speed Control Parameter throttle threshold #5,Compared with fef02602 = Throttle valve position (meaning verified from the code that writes it).
0x18264E,16,0x203A2,cmp_local,MEDIUM,,FUN_4C2DA,if ((uVar3 < uVar6) && (((uVar4 < uVar7 && (uVar16 <= uVar14)) && (uVar14 <= uVar15)))) { bVar8 = 4,X/364.08,,,Idle Control :: Idle Speed Control Parameter threshold (computed input) #7,Compared with a value computed inside the function (not a single RAM variable). The displayed unit was inferred earlier and is NOT confirmed by this trace.
0x182650,16,0x203A3,cmp_local,MEDIUM,,FUN_4C2DA,if ((uVar3 < uVar6) && (((uVar4 < uVar7 && (uVar16 <= uVar14)) && (uVar14 <= uVar15)))) { bVar8 = 4,X/364.08,,,Idle Control :: Idle Speed Control Parameter threshold (computed input) #8,Compared with a value computed inside the function (not a single RAM variable). The displayed unit was inferred earlier and is NOT confirmed by this trace.
0x182652,16,0x203A4,threshold,HIGH,fef02602 = Throttle valve position,FUN_4C51A,"if (uVar1 < uVar2) { if (((DAT_ram_00182652 < uVar4) && (iVar6 == 0)) && (iVar7 == 0)) { uVar9 = FUN_ram_00091ab6(DAT_ram_fef01342,1)",X/364.08,,,Ignition :: Ignition Transient Correction throttle threshold #2,Compared with fef02602 = Throttle valve position (meaning verified from the code that writes it).
0x182654,16,0x203A5,threshold_unk,MEDIUM,fef011f4,FUN_4C51A,"if (uVar1 < uVar2) { if (((DAT_ram_00182652 < uVar4) && (iVar6 == 0)) && (iVar7 == 0)) { uVar9 = FUN_ram_00091ab6(DAT_ram_fef01342,1)",X,,,Ignition :: Ignition Transient Correction threshold vs fef011f4 #3,"Compared with RAM fef011f4, whose meaning is not identified yet (written by FUN_4C468 (alias of fef011f4))."
0x182656,16,0x203A6,threshold_unk,MEDIUM,fef01338,FUN_4C67A,} else if (uVar19 < uVar6) { if (DAT_ram_fef01338 < uVar1) { ppuVar3 = &PTR_DAT_ram_0000120a_ram_00157268,X,,,Ignition :: Ignition Transient Correction threshold vs fef01338 #4,"Compared with RAM fef01338, whose meaning is not identified yet (written by FUN_4C51A (alias of fef01338))."
0x182658,16,0x203A7,limit,MEDIUM,,FUN_422AE,"} uVar11 = FUN_ram_00091a82(iVar12,uVar8,uVar9)",X,,,EVAP Purge :: EVAP Purge Parameter clamp/limit value #1,Used as a limit or operand inside a saturating calculation.
0x18265A,16,0x203A8,cmp_local,MEDIUM,,FUN_422AE,if (cVar10 == '\x01') { if ((uVar4 <= uVar2) || (uVar4 <= uVar3)) { if ((uVar2 <= uVar5) || (uVar3 <= uVar5)) goto LAB_ram_0004237c,X,,,EVAP Purge :: EVAP Purge Parameter threshold (computed input) #2,Compared with a value computed inside the function (not a single RAM variable).
0x18265C,16,0x203A9,cmp_local,MEDIUM,,FUN_422AE,if (cVar10 == '\x01') { if ((uVar4 <= uVar2) || (uVar4 <= uVar3)) { if ((uVar2 <= uVar5) || (uVar3 <= uVar5)) goto LAB_ram_0004237c,X,,,EVAP Purge :: EVAP Purge Parameter threshold (computed input) #3,Compared with a value computed inside the function (not a single RAM variable).
0x18265E,16,0x203AA,untraced,LOW,,FUN_422AE,,X,,,EVAP Purge :: EVAP Purge Parameter parameter #4,Read by FUN_422AE; the trace could not resolve how the value is used (indirect or structure access). Purpose unknown - leave stock.
0x182660,16,0x203AB,untraced,LOW,,FUN_422AE,,X,,,EVAP Purge :: EVAP Purge Parameter parameter #5,Read by FUN_422AE; the trace could not resolve how the value is used (indirect or structure access). Purpose unknown - leave stock.
0x182662,16,0x203AC,untraced,LOW,,FUN_422AE,,X,,,EVAP Purge :: EVAP Purge Parameter parameter #6,Read by FUN_422AE; the trace could not resolve how the value is used (indirect or structure access). Purpose unknown - leave stock.
0x182664,16,0x203AD,threshold_unk,MEDIUM,fef00f24,FUN_42556,} if ((sVar3 == -0x8000) && (sVar4 == -0x8000)) { iVar8 = iVar8 * (uVar2 < uVar1),X,,,EVAP Purge :: FUN_42556 threshold vs fef00f24 #1,"Compared with RAM fef00f24, whose meaning is not identified yet (written by FUN_42556 (expr))."
0x182666,16,0x203AE,threshold,HIGH,fef0258e = Engine speed,FUN_42384,if ((((((iVar15 == 1) && (bVar7 <= DAT_ram_fef026bd)) && (DAT_ram_fef026bd <= bVar8)) && ((bVar9 <= DAT_ram_fef026c3 && (DAT_ram_fef026c3 <=,X/2.56,,,EVAP Purge :: EVAP Purge Enable Window RPM threshold #1,Compared with fef0258e = Engine speed (meaning verified from the code that writes it).
0x182668,16,0x203AF,threshold,HIGH,fef0258e = Engine speed,FUN_42384,if ((((((iVar15 == 1) && (bVar7 <= DAT_ram_fef026bd)) && (DAT_ram_fef026bd <= bVar8)) && ((bVar9 <= DAT_ram_fef026c3 && (DAT_ram_fef026c3 <=,X/2.56,,,EVAP Purge :: EVAP Purge Enable Window RPM threshold #2,Compared with fef0258e = Engine speed (meaning verified from the code that writes it).
0x18266C,16,0x203B1,threshold,HIGH,fef02602 = Throttle valve position,FUN_42384,if ((((((iVar15 == 1) && (bVar7 <= DAT_ram_fef026bd)) && (DAT_ram_fef026bd <= bVar8)) && ((bVar9 <= DAT_ram_fef026c3 && (DAT_ram_fef026c3 <=,X/364.08,,,EVAP Purge :: EVAP Purge Enable Window throttle threshold #4,Compared with fef02602 = Throttle valve position (meaning verified from the code that writes it).
0x182670,16,0x203B3,threshold,HIGH,fef02628 = Manifold vacuum (AP - IAP),FUN_42384,if ((((((iVar15 == 1) && (bVar7 <= DAT_ram_fef026bd)) && (DAT_ram_fef026bd <= bVar8)) && ((bVar9 <= DAT_ram_fef026c3 && (DAT_ram_fef026c3 <=,(X-7862)/393.14,,,EVAP Purge :: EVAP Purge Enable Window vacuum vacuum threshold #6,Compared with fef02628 = Manifold vacuum (AP - IAP) (meaning verified from the code that writes it).
0x182672,16,0x203B4,threshold_unk,MEDIUM,fef00f22,FUN_424B2,if ((iVar7 == 1) && (iVar6 == 0)) { sVar8 = sVar4 * (uVar2 <= uVar5) + sVar8 * (uVar2 > uVar5),X,,,EVAP Purge :: FUN_424B2 threshold vs fef00f22 #1,"Compared with RAM fef00f22, whose meaning is not identified yet (written by FUN_424B2 (alias of fef00f22))."
0x18267F,8,0x203B5,switch,HIGH,,FUN_4AF76,if (DAT_ram_0018267f == -0x80) { if (uVar2 < 0x2ee1) { if (uVar2 < 0x1771) { if (uVar2 < 0xbb9) { if (uVar2 < 0x5dd) goto LAB_ram_0004afc6,X,,,SWITCH Deceleration Fuel Cut :: FUN_4AF76 option byte (0x80 = on) #1,"Tested for 0x80: 0x80 = function ON, anything else = OFF."
0x182680,8,0x203B6,default,HIGH,fef01200,FUN_46DF2,DAT_ram_fef01200 = DAT_ram_00182680,X,,,Fuel :: FUN_46DF2 value written to fef01200 #1,"Written directly into RAM fef01200 (initial, fallback or target value). Writer of fef01200: FUN_46DF2 (expr)."
0x182681,8,0x203B7,switch,HIGH,,FUN_46F7E,"if (DAT_ram_00182681 == -0x80) { iVar5 = FUN_ram_000919c2(DAT_ram_00182682 * 0xf,0xffffffff)",X,,,SWITCH Fuel :: FUN_46F7E option byte (0x80 = on) #1,"Tested for 0x80: 0x80 = function ON, anything else = OFF."
0x182682,8,0x203B8,limit,MEDIUM,,FUN_46F7E,"if (DAT_ram_00182681 == -0x80) { iVar5 = FUN_ram_000919c2(DAT_ram_00182682 * 0xf,0xffffffff)",X,,,Fuel :: FUN_46F7E clamp/limit value #2,Used as a limit or operand inside a saturating calculation.
0x182683,8,0x203B9,threshold,HIGH,fef026bd = Coolant temperature (ECT),FUN_46E26,cVar2 = (DAT_ram_fef0120e & 1) * (DAT_ram_00182683 < DAT_ram_fef026bd),X*0.9375-30,,,Fuel :: FUN_46E26 coolant-temp threshold #1,Compared with fef026bd = Coolant temperature (ECT) (meaning verified from the code that writes it).
0x182684,8,0x203BA,threshold,HIGH,fef026bd = Coolant temperature (ECT),FUN_46E26,if (DAT_ram_fef026bd < DAT_ram_00182684) { if (cVar2 == '\0') { ppuVar1 = &PTR_DAT_ram_00140a29_ram_00155994,X*0.9375-30,,,Fuel :: FUN_46E26 coolant-temp threshold #2,Compared with fef026bd = Coolant temperature (ECT) (meaning verified from the code that writes it).
0x182685,8,0x203BB,switch,HIGH,,FUN_46EA0,"if (((DAT_ram_00182685 != -0x80) || (iVar6 != 1)) && (DAT_ram_fef026c2 != '\x01')) { FUN_ram_00091dde(&PTR_DAT_ram_00140a29_ram_001559cc,uVa",X,,,SWITCH Fuel :: FUN_46EA0 option byte (0x80 = on) #1,"Tested for 0x80: 0x80 = function ON, anything else = OFF."
0x182686,8,0x203BC,untraced,LOW,,FUN_46EA0,,X,,,Fuel :: FUN_46EA0 parameter #2,Read by FUN_46EA0; the trace could not resolve how the value is used (indirect or structure access). Purpose unknown - leave stock.
0x182687,8,0x203BD,default,HIGH,fef01207,FUN_46CFA,DAT_ram_fef01207 = DAT_ram_00182687,X,,,Fuel :: FUN_46CFA value written to fef01207 #1,"Written directly into RAM fef01207 (initial, fallback or target value). Writer of fef01207: FUN_46CFA (expr)."
0x182688,8,0x203BE,default,HIGH,fef0120b,FUN_46CFA,DAT_ram_fef0120b = DAT_ram_00182688,X,,,Fuel :: FUN_46CFA value written to fef0120b #2,"Written directly into RAM fef0120b (initial, fallback or target value). Writer of fef0120b: FUN_46CFA (expr)."
0x18268E,8,0x203BF,threshold_unk,MEDIUM,fef010c8,FUN_4687C,if ((DAT_ram_fef010c8 < DAT_ram_0018268e) || (-1 < (DAT_ram_fef010c7 << 0x1d))) { uVar2 = 0,X,,,Fuel :: FUN_4687C threshold vs fef010c8 #1,"Compared with RAM fef010c8, whose meaning is not identified yet (written by FUN_4687C (expr))."
0x18268F,8,0x203C0,arith,MEDIUM,fef011ce,FUN_4687C,DAT_ram_fef011ce = uVar2 << 5,X,,,Fuel :: FUN_4687C factor in fef011ce #2,"Used in the expression that computes RAM fef011ce (gain, offset or per-case value)."
0x182690,8,0x203C1,switch,HIGH,,FUN_46946,if (((((DAT_ram_fef010cb & 1) == 1) && (cVar3 != -0x80 || iVar4 == 1)) && (bVar2 <= DAT_ram_fef010ca)) && (cVar1 == -0x80)) { FUN_ram_000469,X,,,SWITCH Fuel :: FUN_46946 option byte (0x80 = on) #1,"Tested for 0x80: 0x80 = function ON, anything else = OFF."
0x182691,8,0x203C2,count,HIGH,fef010ca,FUN_46946,if (((((DAT_ram_fef010cb & 1) == 1) && (cVar3 != -0x80 || iVar4 == 1)) && (bVar2 <= DAT_ram_fef010ca)) && (cVar1 == -0x80)) { FUN_ram_000469,X,,,SWITCH Fuel :: FUN_46946 debounce/timer count #2,"Compared with fef010ca, a counter the code steps by 1 each cycle, so this is a cycle count (debounce/delay), not a sensor value."
0x182692,8,0x203C3,limit,MEDIUM,,FUN_469BC,"if (iVar3 == 1) { uVar2 = FUN_ram_000919c2(((uVar6 + 0x180) * uVar5 * bVar1 >> 2) * uVar4 >> 0xd,0xffff)",X,,,Fuel :: FUN_469BC clamp/limit value #1,Used as a limit or operand inside a saturating calculation.
0x182697,8,0x203C4,threshold_unk,MEDIUM,fef0131d,FUN_4C00C,if (DAT_ram_fef0131d <= bVar1) { DAT_ram_fef0131d = 0,X,,,Idle Control :: FUN_4C00C threshold vs fef0131d #1,"Compared with RAM fef0131d, whose meaning is not identified yet (written by FUN_4C00C (expr of fef0131e,fef026c3))."
0x182699,8,0x203C5,untraced,LOW,,FUN_4B46E,,X,,,Deceleration Fuel Cut :: FUN_4B46E parameter #2,Read by FUN_4B46E; the trace could not resolve how the value is used (indirect or structure access). Purpose unknown - leave stock.
0x18269A,8,0x203C6,untraced,LOW,,FUN_4B1EE,,X,,,Deceleration Fuel Cut :: FUN_4B1EE parameter #1,Read by FUN_4B1EE; the trace could not resolve how the value is used (indirect or structure access). Purpose unknown - leave stock.
0x18269B,8,0x203C7,default,HIGH,fef012c3,FUN_4B1EE,DAT_ram_fef012c3 = iVar1,X,,,Deceleration Fuel Cut :: FUN_4B1EE value written to fef012c3 #2,"Written directly into RAM fef012c3 (initial, fallback or target value). Writer of fef012c3: FUN_4B1EE (expr)."
0x18269C,8,0x203C8,untraced,LOW,,FUN_4B2E4,,X,,,Deceleration Fuel Cut :: FUN_4B2E4 parameter #1,Read by FUN_4B2E4; the trace could not resolve how the value is used (indirect or structure access). Purpose unknown - leave stock.
0x18269D,8,0x203C9,filter,HIGH,,FUN_4B2E4,"FUN_ram_00091826(&uStack_a,(-iVar1 & 0xffU) << 8,param_1)",X,,,Deceleration Fuel Cut :: FUN_4B2E4 filter strength #2,Passed as the coefficient of the first-order filter FUN_91826 (as (256 - value) << 8); sets how strongly the signal is smoothed.
0x18269E,8,0x203CA,threshold_unk,MEDIUM,fef01291,FUN_4A416,if (uVar5 <= uVar3) { iVar9 = (bVar1 <= DAT_ram_fef01291) + iVar9 * (bVar1 > DAT_ram_fef01291),X,,,Engine Brake Control :: FUN_4A416 threshold vs fef01291 #1,"Compared with RAM fef01291, whose meaning is not identified yet (written by FUN_4ACA2 (expr))."
0x18269F,8,0x203CB,cmp_local,MEDIUM,,FUN_4A416,if (((iVar6 == 1) || (iVar7 == 1)) || ((iVar9 == 1 && ((uVar4 <= uVar5 && (bVar2 <= (&DAT_ram_fef01280)[param_1])))))) { iVar9 = 0,X,,,Engine Brake Control :: FUN_4A416 threshold (computed input) #2,Compared with a value computed inside the function (not a single RAM variable).
0x1826A0,8,0x203CC,default,HIGH,fef0128e,FUN_4A54E,DAT_ram_fef0128e = uVar7,X,,,Engine Brake Control :: FUN_4A54E value written to fef0128e #1,"Written directly into RAM fef0128e (initial, fallback or target value). Writer of fef0128e: FUN_4A54E (alias of fef0128e)."
0x1826A1,8,0x203CD,count,HIGH,fef0128f,FUN_4AD2E,if (DAT_ram_fef0128f < bVar1) { bVar2 = DAT_ram_fef01293 & 0xfe,X,,,Deceleration Fuel Cut :: FUN_4AD2E debounce/timer count #1,"Compared with fef0128f, a counter the code steps by 1 each cycle, so this is a cycle count (debounce/delay), not a sensor value."
0x1826A2,8,0x203CE,threshold,HIGH,fef026bd = Coolant temperature (ECT),FUN_4AD7A,if (DAT_ram_fef026bd <= DAT_ram_001826a2) { bVar1 = DAT_ram_fef01293 & 0xfd,X*0.9375-30,,,Deceleration Fuel Cut :: FUN_4AD7A coolant-temp threshold #1,Compared with fef026bd = Coolant temperature (ECT) (meaning verified from the code that writes it).
0x1826A4,8,0x203CF,count,HIGH,fef01290,FUN_4AB6A,if (DAT_ram_fef01290 < DAT_ram_001826a4) { bVar1 = DAT_ram_fef01294 & 0xfe,X,,,Deceleration Fuel Cut :: FUN_4AB6A debounce/timer count #2,"Compared with fef01290, a counter the code steps by 1 each cycle, so this is a cycle count (debounce/delay), not a sensor value."
0x1826A5,8,0x203D0,count,HIGH,fef01292,FUN_4AC5C,} if (iVar3 != 0 || bVar1 < bVar2) { DAT_ram_fef01293 = DAT_ram_fef01293 | 0x80,X,,,Deceleration Fuel Cut :: FUN_4AC5C debounce/timer count #1,"Compared with fef01292, a counter the code steps by 1 each cycle, so this is a cycle count (debounce/delay), not a sensor value."
0x1826A6,8,0x203D1,switch,HIGH,,FUN_44E6E,if (DAT_ram_001826a6 == -0x80) { bVar1 = (&DAT_ram_fef00ff1)[param_1 & 0xff] == '\x01',X,,,SWITCH Fuel :: FUN_44E6E option byte (0x80 = on) #1,"Tested for 0x80: 0x80 = function ON, anything else = OFF."
0x1826AF,8,0x203D2,threshold,HIGH,fef026bd = Coolant temperature (ECT),FUN_42C30,if (((iVar7 == 1) && (bVar2 <= bVar6)) && (bVar6 <= bVar3)) { bVar1 = true,X*0.9375-30,,,HO2 / Closed Loop :: FUN_42C30 coolant-temp threshold #1,Compared with fef026bd = Coolant temperature (ECT) (meaning verified from the code that writes it).
0x1826B0,8,0x203D3,threshold,HIGH,fef026bd = Coolant temperature (ECT),FUN_42C30,if (((iVar7 == 1) && (bVar2 <= bVar6)) && (bVar6 <= bVar3)) { bVar1 = true,X*0.9375-30,,,HO2 / Closed Loop :: FUN_42C30 coolant-temp threshold #2,Compared with fef026bd = Coolant temperature (ECT) (meaning verified from the code that writes it).
0x1826B1,8,0x203D4,threshold,HIGH,fef026bd = Coolant temperature (ECT),FUN_42C30,} else if ((iVar7 == 0) && (bVar4 <= bVar6)) { bVar1 = bVar6 <= bVar5,X*0.9375-30,,,HO2 / Closed Loop :: FUN_42C30 coolant-temp threshold #3,Compared with fef026bd = Coolant temperature (ECT) (meaning verified from the code that writes it).
0x1826B2,8,0x203D5,threshold,HIGH,fef026bd = Coolant temperature (ECT),FUN_42C30,} else if ((iVar7 == 0) && (bVar4 <= bVar6)) { bVar1 = bVar6 <= bVar5,X*0.9375-30,,,HO2 / Closed Loop :: FUN_42C30 coolant-temp threshold #4,Compared with fef026bd = Coolant temperature (ECT) (meaning verified from the code that writes it).
0x1826B3,8,0x203D6,switch,HIGH,,FUN_42D0C,"if (((-1 < (uVar3 << 0x1a)) && (cVar1 == -0x80)) || (bVar4 = true, -1 < (uVar3 << 0x19)) ) { bVar4 = iVar2 == 1",X,,,SWITCH HO2 / Closed Loop :: FUN_42D0C option byte (0x80 = on) #1,"Tested for 0x80: 0x80 = function ON, anything else = OFF."
0x1826D0,8,0x203D7,cmp_local,MEDIUM,,FUN_44A16,if ((uVar7 == 0xff) || ((uVar2 < uVar1 && (uVar1 < uVar3)))) { LAB_ram_00044a80: iVar5 = 0,X,,,HO2 / Closed Loop :: FUN_44A16 threshold (computed input) #1,Compared with a value computed inside the function (not a single RAM variable).
0x1826D1,8,0x203D8,untraced,LOW,,FUN_42D56,,X,,,HO2 / Closed Loop :: FUN_42D56 gear mask #1,Read by FUN_42D56; the trace could not resolve how the value is used (indirect or structure access). Purpose unknown - leave stock.
0x1826D2,8,0x203D9,untraced,LOW,,FUN_42D92,,X,,,HO2 / Closed Loop :: FUN_42D92 gear mask #1,Read by FUN_42D92; the trace could not resolve how the value is used (indirect or structure access). Purpose unknown - leave stock.
0x1826D3,8,0x203DA,switch,HIGH,,FUN_436C2,if (3 < uVar8) { if (((((((((uVar19 << 0x1d) < 0) && (bVar18 == 1)) && (cVar11 == '\0')) && ((-1 < (uVar17 << 0x19) && (cVar13 == '\0')))) &,X,,,SWITCH Fuel :: FUN_436C2 option byte (0x80 = on) #2,"Tested for 0x80: 0x80 = function ON, anything else = OFF."
0x1826D4,8,0x203DB,switch,HIGH,,FUN_43F4E,"if ((cVar1 != -0x80) || (iVar4 != 1)) { uVar3 = FUN_ram_00091d8a((&PTR_DAT_ram_0015529c_ram_00154a24)[param_1 & 0xff],uVar2)",X,,,SWITCH HO2 / Closed Loop :: FUN_43F4E option byte (0x80 = on) #2,"Tested for 0x80: 0x80 = function ON, anything else = OFF."
0x1826D5,8,0x203DC,untraced,LOW,,FUN_4402A,,X,,,HO2 / Closed Loop :: FUN_4402A parameter #1,Read by FUN_4402A; the trace could not resolve how the value is used (indirect or structure access). Purpose unknown - leave stock.
0x1826D6,8,0x203DD,untraced,LOW,,FUN_440CA,,X,,,HO2 / Closed Loop :: FUN_440CA parameter #1,Read by FUN_440CA; the trace could not resolve how the value is used (indirect or structure access). Purpose unknown - leave stock.
0x1826D7,8,0x203DE,switch,HIGH,,FUN_436C2,if (3 < uVar8) { if (((((((((uVar19 << 0x1d) < 0) && (bVar18 == 1)) && (cVar11 == '\0')) && ((-1 < (uVar17 << 0x19) && (cVar13 == '\0')))) &,X,,,SWITCH Fuel :: FUN_436C2 option byte (0x80 = on) #3,"Tested for 0x80: 0x80 = function ON, anything else = OFF."
0x1826D9,8,0x203DF,default,HIGH,fef012fc,FUN_4BC76,} } else if (DAT_ram_fef00a12 == '\x01') { DAT_ram_fef012fc = bVar3,X,,,Limiters :: Fuel-Cut Pattern per Cyl / Limiter Stage value written to fef012fc #5,"Written directly into RAM fef012fc (initial, fallback or target value). Writer of fef012fc: FUN_4BC76 (expr)."
0x1826DA,8,0x203E0,default,HIGH,fef012fe,FUN_4BC76,DAT_ram_fef012fe = uVar19,X,,,Limiters :: Fuel-Cut Pattern per Cyl / Limiter Stage value written to fef012fe #6,"Written directly into RAM fef012fe (initial, fallback or target value). Writer of fef012fe: FUN_4BC76 (expr)."
0x1826DB,8,0x203E1,default,HIGH,fef012fc,FUN_4BC76,} else if (DAT_ram_fef00a12 == '\x02') { DAT_ram_fef012fc = bVar5,X,,,Limiters :: Fuel-Cut Pattern per Cyl / Limiter Stage value written to fef012fc #7,"Written directly into RAM fef012fc (initial, fallback or target value). Writer of fef012fc: FUN_4BC76 (expr)."
0x1826DC,8,0x203E2,default,HIGH,fef012fe,FUN_4BC76,DAT_ram_fef012fe = uVar18,X,,,Limiters :: Fuel-Cut Pattern per Cyl / Limiter Stage value written to fef012fe #8,"Written directly into RAM fef012fe (initial, fallback or target value). Writer of fef012fe: FUN_4BC76 (expr)."
0x1826DD,8,0x203E3,default,HIGH,fef012fc,FUN_4BC76,} else if (DAT_ram_fef00a12 == '\x03') { DAT_ram_fef012fc = bVar7,X,,,Limiters :: Fuel-Cut Pattern per Cyl / Limiter Stage value written to fef012fc #9,"Written directly into RAM fef012fc (initial, fallback or target value). Writer of fef012fc: FUN_4BC76 (expr)."
0x1826DE,8,0x203E4,default,HIGH,fef012fe,FUN_4BC76,DAT_ram_fef012fe = uVar17,X,,,Limiters :: Fuel-Cut Pattern per Cyl / Limiter Stage value written to fef012fe #10,"Written directly into RAM fef012fe (initial, fallback or target value). Writer of fef012fe: FUN_4BC76 (expr)."
0x1826DF,8,0x203E5,untraced,LOW,,FUN_4B91C,,X,,,Launch Control :: FUN_4B91C parameter #1,Read by FUN_4B91C; the trace could not resolve how the value is used (indirect or structure access). Purpose unknown - leave stock.
0x1826E0,8,0x203E6,default,HIGH,fef01300,FUN_4BC76,} else { DAT_ram_fef01300 = bVar9,X,,,Limiters :: Fuel-Cut Pattern per Cyl / Limiter Stage value written to fef01300 #11,"Written directly into RAM fef01300 (initial, fallback or target value). Writer of fef01300: FUN_4BC76 (expr)."
0x1826E1,8,0x203E7,default,HIGH,fef01302,FUN_4BC76,DAT_ram_fef01302 = uVar16,X,,,Limiters :: Fuel-Cut Pattern per Cyl / Limiter Stage value written to fef01302 #12,"Written directly into RAM fef01302 (initial, fallback or target value). Writer of fef01302: FUN_4BC76 (expr)."
0x1826E2,8,0x203E8,untraced,LOW,,FUN_4BC76,,X,,,Limiters :: Fuel-Cut Pattern per Cyl / Limiter Stage parameter #13,Read by FUN_4BC76; the trace could not resolve how the value is used (indirect or structure access). Purpose unknown - leave stock.
0x1826E3,8,0x203E9,untraced,LOW,,FUN_4BC76,,X,,,Limiters :: Fuel-Cut Pattern per Cyl / Limiter Stage parameter #14,Read by FUN_4BC76; the trace could not resolve how the value is used (indirect or structure access). Purpose unknown - leave stock.
0x1826E4,8,0x203EA,untraced,LOW,,FUN_4BC76,,X,,,Limiters :: Fuel-Cut Pattern per Cyl / Limiter Stage parameter #15,Read by FUN_4BC76; the trace could not resolve how the value is used (indirect or structure access). Purpose unknown - leave stock.
0x1826E5,8,0x203EB,untraced,LOW,,FUN_4BC76,,X,,,Limiters :: Fuel-Cut Pattern per Cyl / Limiter Stage parameter #16,Read by FUN_4BC76; the trace could not resolve how the value is used (indirect or structure access). Purpose unknown - leave stock.
0x1826E6,8,0x203EC,cmp_local,MEDIUM,,FUN_4B7C0,FUN_ram_0004b752(uVar3 <= uVar4 && bVar1 < bVar2),X*0.9375-30,,,Ignition :: FUN_4B7C0 threshold (computed input) #1,Compared with a value computed inside the function (not a single RAM variable). The displayed unit was inferred earlier and is NOT confirmed by this trace.
0x182706,8,0x203ED,switch,HIGH,,FUN_45182,if ((((((cVar3 == -0x80) && (cVar1 == -0x80)) && ((DAT_ram_fef00ff8 & 1) != 0)) && ((uVar2 <= uVar4 && (iVar11 == 1)))) && ((iVar8 == 0 && (,X,,,SWITCH Fuel :: FUN_45182 option byte (0x80 = on) #1,"Tested for 0x80: 0x80 = function ON, anything else = OFF."
0x182707,8,0x203EE,threshold,HIGH,fef026bd = Coolant temperature (ECT),FUN_4C224,if (((DAT_ram_fef026bd < DAT_ram_00182707) + -((DAT_ram_fef01348 << 0x1c) >> 0x1f),X*0.9375-30,,,Idle Control :: FUN_4C224 coolant-temp threshold #1,Compared with fef026bd = Coolant temperature (ECT) (meaning verified from the code that writes it).
0x182708,8,0x203EF,threshold,HIGH,fef026bd = Coolant temperature (ECT),FUN_4C224,if (((DAT_ram_fef026bd < DAT_ram_00182707) + -((DAT_ram_fef01348 << 0x1c) >> 0x1f),X*0.9375-30,,,Idle Control :: FUN_4C224 coolant-temp threshold #2,Compared with fef026bd = Coolant temperature (ECT) (meaning verified from the code that writes it).
0x182709,8,0x203F0,cmp_local,MEDIUM,,FUN_4C5AC,if (bVar1 <= uVar4) { uVar4 = 0,X,,,Ignition :: Ignition Transient Correction threshold (computed input) #5,Compared with a value computed inside the function (not a single RAM variable).
0x18270A,8,0x203F1,untraced,LOW,,FUN_4C2DA,,X,,,Idle Control :: Idle Speed Control Parameter gear mask #9,Read by FUN_4C2DA; the trace could not resolve how the value is used (indirect or structure access). Purpose unknown - leave stock.
0x18270B,8,0x203F2,threshold_unk,MEDIUM,fef00fef,FUN_44DF2,if ((DAT_ram_fef011f6 == 0) || (DAT_ram_fef00fef < DAT_ram_0018270b)) { uVar2 = 0,X,,,HO2 / Closed Loop :: FUN_44DF2 threshold vs fef00fef #1,"Compared with RAM fef00fef, whose meaning is not identified yet (written by FUN_44DF2 (expr))."
0x18270C,8,0x203F3,arith,MEDIUM,fef011f6,FUN_44D96,"if ((iVar4 == 1) && (((cVar2 == '\x01' && (bVar1 = DAT_ram_0018270c, iVar5 == 0)) || ((cVar3 == '\x01' && (bVar1 = DAT_ram_0018270d, iVar6 =",X,,,HO2 / Closed Loop :: FUN_44D96 factor in fef011f6 #1,"Used in the expression that computes RAM fef011f6 (gain, offset or per-case value)."
0x18270D,8,0x203F4,arith,MEDIUM,fef011f6,FUN_44D96,"if ((iVar4 == 1) && (((cVar2 == '\x01' && (bVar1 = DAT_ram_0018270c, iVar5 == 0)) || ((cVar3 == '\x01' && (bVar1 = DAT_ram_0018270d, iVar6 =",X,,,HO2 / Closed Loop :: FUN_44D96 factor in fef011f6 #2,"Used in the expression that computes RAM fef011f6 (gain, offset or per-case value)."
0x18270E,8,0x203F5,switch,HIGH,,FUN_42264,if (((cVar1 == -0x80) || (iVar2 != 1)) || (-1 < (DAT_ram_fef020c6 << 0x1d))) { bVar3 = false,X,,,SWITCH EVAP Purge :: FUN_42264 option byte (0x80 = on) #1,"Tested for 0x80: 0x80 = function ON, anything else = OFF."
0x18270F,8,0x203F6,threshold,HIGH,fef026bd = Coolant temperature (ECT),FUN_42384,if ((((((iVar15 == 1) && (bVar7 <= DAT_ram_fef026bd)) && (DAT_ram_fef026bd <= bVar8)) && ((bVar9 <= DAT_ram_fef026c3 && (DAT_ram_fef026c3 <=,X*0.9375-30,,,EVAP Purge :: EVAP Purge Enable Window coolant-temp threshold #7,Compared with fef026bd = Coolant temperature (ECT) (meaning verified from the code that writes it).
0x182710,8,0x203F7,threshold,HIGH,fef026bd = Coolant temperature (ECT),FUN_42384,if ((((((iVar15 == 1) && (bVar7 <= DAT_ram_fef026bd)) && (DAT_ram_fef026bd <= bVar8)) && ((bVar9 <= DAT_ram_fef026c3 && (DAT_ram_fef026c3 <=,X*0.9375-30,,,EVAP Purge :: EVAP Purge Enable Window coolant-temp threshold #8,Compared with fef026bd = Coolant temperature (ECT) (meaning verified from the code that writes it).
0x182711,8,0x203F8,threshold,HIGH,fef026c3 = Intake air temperature (IAT),FUN_42384,if ((((((iVar15 == 1) && (bVar7 <= DAT_ram_fef026bd)) && (DAT_ram_fef026bd <= bVar8)) && ((bVar9 <= DAT_ram_fef026c3 && (DAT_ram_fef026c3 <=,X*0.9375-30,,,EVAP Purge :: EVAP Purge Enable Window intake-air-temp threshold #9,Compared with fef026c3 = Intake air temperature (IAT) (meaning verified from the code that writes it).
0x182712,8,0x203F9,threshold,HIGH,fef026c3 = Intake air temperature (IAT),FUN_42384,if ((((((iVar15 == 1) && (bVar7 <= DAT_ram_fef026bd)) && (DAT_ram_fef026bd <= bVar8)) && ((bVar9 <= DAT_ram_fef026c3 && (DAT_ram_fef026c3 <=,X*0.9375-30,,,EVAP Purge :: EVAP Purge Enable Window intake-air-temp threshold #10,Compared with fef026c3 = Intake air temperature (IAT) (meaning verified from the code that writes it).
0x182713,8,0x203FA,untraced,LOW,,FUN_4B624,,X,,,Fuel :: FUN_4B624 gear mask #1,Read by FUN_4B624; the trace could not resolve how the value is used (indirect or structure access). Purpose unknown - leave stock.
0x184358,32,0x203FB,untraced,LOW,,FUN_4EFC2,,X,,,Ignition :: Per-Gear Retard parameter #1,Read by FUN_4EFC2; the trace could not resolve how the value is used (indirect or structure access). Purpose unknown - leave stock.
0x184360,32,0x203FC,untraced,LOW,,FUN_4EFC2,,X,,,Ignition :: Per-Gear Retard parameter #2,Read by FUN_4EFC2; the trace could not resolve how the value is used (indirect or structure access). Purpose unknown - leave stock.
0x18B630,16,0x203FD,threshold,HIGH,fef0258c = Engine speed,FUN_4F364,FUN_ram_0004f2a0(DAT_ram_fef0258c <= DAT_ram_0018b630 && DAT_ram_0018b634 < DAT_ram,X/2.56,,,Ignition :: Ignition RPM Window Flag RPM threshold #1,Compared with fef0258c = Engine speed (meaning verified from the code that writes it).
0x18B634,16,0x203FF,threshold,HIGH,fef0258c = Engine speed,FUN_4F364,FUN_ram_0004f2a0(DAT_ram_fef0258c <= DAT_ram_0018b630 && DAT_ram_0018b634 < DAT_ram,X/2.56,,,ECU Settings :: FUN_19B90 RPM threshold #1,Compared with fef0258c = Engine speed (meaning verified from the code that writes it).
0x18B636,16,0x20400,threshold,HIGH,fef0258e = Engine speed,FUN_50C92,} else if (DAT_ram_0018b636 <= DAT_ram_fef0258e) { if (DAT_ram_0018b63a <= DAT_ram_fef01642) { DAT_ram_fef01644 = DAT_ram_fef01644 | 1,X/2.56,,,Limiters :: FUN_50C92 RPM threshold #1,Compared with fef0258e = Engine speed (meaning verified from the code that writes it).
0x18B638,16,0x20401,threshold,HIGH,fef0258e = Engine speed,FUN_50C92,if (DAT_ram_fef0258e < DAT_ram_0018b638) { DAT_ram_fef01644 = DAT_ram_fef01644 & 0x,X/2.56,,,Limiters :: FUN_50C92 RPM threshold #2,Compared with fef0258e = Engine speed (meaning verified from the code that writes it).
0x18B63A,16,0x20402,count,HIGH,fef01642,FUN_50C92,} else if (DAT_ram_0018b636 <= DAT_ram_fef0258e) { if (DAT_ram_0018b63a <= DAT_ram_fef01642) { DAT_ram_fef01644 = DAT_ram_fef01644 | 1,X,,,Limiters :: FUN_50C92 debounce/timer count #3,"Compared with fef01642, a counter the code steps by 1 each cycle, so this is a cycle count (debounce/delay), not a sensor value."
0x18B640,16,0x20405,threshold,HIGH,fef02600 = Throttle valve position,FUN_4FE00,if (((((DAT_ram_fef015b0 & 1) == 0) || (DAT_ram_fef02604 < DAT_ram_0018b63c)) || (DAT_ram_0018b63e < DAT_ram_fef02604)) || (((DAT_ram_fef026,X/364.08,,,Ignition :: Transient One-Shot Timing Correction throttle threshold #3,Compared with fef02600 = Throttle valve position (meaning verified from the code that writes it).
0x18B642,16,0x20406,threshold,HIGH,fef02600 = Throttle valve position,FUN_4FE00,if (((((DAT_ram_fef015b0 & 1) == 0) || (DAT_ram_fef02604 < DAT_ram_0018b63c)) || (DAT_ram_0018b63e < DAT_ram_fef02604)) || (((DAT_ram_fef026,X/364.08,,,Ignition :: Transient One-Shot Timing Correction throttle threshold #4,Compared with fef02600 = Throttle valve position (meaning verified from the code that writes it).
0x18B646,16,0x20408,threshold,HIGH,fef02602 = Throttle valve position,FUN_51BDE,} else if (((iVar3 == 0) && (DAT_ram_0018b757 == -0x80)) && ((iVar4 == 0 && (uVar1 <= DAT_ram_0018b646)))) { iVar2 = uVar6 * (uVar6 == 1) + ,X/364.08,,,Ignition :: Retard Request Logic throttle threshold #2,Compared with fef02602 = Throttle valve position (meaning verified from the code that writes it).
0x18B64C,16,0x2040B,threshold_unk,MEDIUM,fef01664,FUN_51E86,} } else { if (DAT_ram_0018b64c <= uVar1) { DAT_ram_fef01687 = DAT_ram_fef01687 | 0x10,X,,,Ignition :: Retard Request Logic threshold vs fef01664 #5,"Compared with RAM fef01664, whose meaning is not identified yet (written by FUN_51E86 (expr))."
0x18B64E,16,0x2040C,threshold_unk,MEDIUM,fef01666,FUN_51CB0,if (DAT_ram_fef025fe < DAT_ram_0018b652) { if (DAT_ram_0018b64e <= DAT_ram_fef01666) { DAT_ram_fef01687 = DAT_ram_fef01687 | 0x40,X,,,Ignition :: Retard Request Logic threshold vs fef01666 #6,"Compared with RAM fef01666, whose meaning is not identified yet (written by FUN_51CB0 (expr))."
0x18B650,16,0x2040D,threshold_unk,MEDIUM,fef01668,FUN_51CB0,if (uVar1 <= uVar5) { DAT_ram_fef01687 = DAT_ram_fef01687 & 0xbf,X,,,Ignition :: Retard Request Logic threshold vs fef01668 #7,"Compared with RAM fef01668, whose meaning is not identified yet (written by FUN_51CB0 (expr))."
0x18B652,16,0x2040E,threshold,HIGH,fef025fe = Throttle valve position,FUN_51CB0,if (DAT_ram_fef025fe < DAT_ram_0018b652) { if (DAT_ram_0018b64e <= DAT_ram_fef01666) { DAT_ram_fef01687 = DAT_ram_fef01687 | 0x40,X/364.08,,,Ignition :: Retard Request Logic throttle threshold #8,Compared with fef025fe = Throttle valve position (meaning verified from the code that writes it).
0x18B654,16,0x2040F,threshold,HIGH,fef025fe = Throttle valve position,FUN_51CB0,} if (uVar3 < uVar2) { DAT_ram_fef01668 = 0,X/364.08,,,Ignition :: Retard Request Logic throttle threshold #9,Compared with fef025fe = Throttle valve position (meaning verified from the code that writes it).
0x18B656,16,0x20410,threshold_unk,MEDIUM,fef0166c,FUN_51DFC,if (uVar1 <= uVar5) { DAT_ram_fef01687 = DAT_ram_fef01687 | 0x80,X,,,Ignition :: Ride-Mode A Timing Thresholds threshold vs fef0166c #1,"Compared with RAM fef0166c, whose meaning is not identified yet (written by FUN_51DFC (expr))."
0x18B658,16,0x20411,threshold_unk,MEDIUM,fef0166a,FUN_51DFC,if (DAT_ram_fef025fe < DAT_ram_fef0165e) { if (DAT_ram_0018b658 <= DAT_ram_fef0166a) { DAT_ram_fef01687 = DAT_ram_fef01687 & 0x7f,X,,,Ignition :: Ride-Mode A Timing Thresholds threshold vs fef0166a #2,"Compared with RAM fef0166a, whose meaning is not identified yet (written by FUN_51DFC (expr))."
0x18B65A,16,0x20412,threshold,HIGH,fef0258c = Engine speed,FUN_50DD4,if (iVar1 == 1) { if (((DAT_ram_0018b65a < DAT_ram_fef0258c) || (DAT_ram_fef0258c <= DAT_ram_0018b634)) || ((&DAT_ram_fef01540)[param_1 & 0x,X/2.56,,,Limiters :: FUN_50DD4 RPM threshold #1,Compared with fef0258c = Engine speed (meaning verified from the code that writes it).
0x18B65C,16,0x20413,threshold,HIGH,fef0258c = Engine speed,FUN_50E38,if (uVar2 < uVar3) { puVar8 = &DAT_ram_00150048,X/2.56,,,Limiters :: FUN_50E38 RPM threshold #1,Compared with fef0258c = Engine speed (meaning verified from the code that writes it).
0x18B65E,16,0x20414,limit,MEDIUM,,FUN_50F52,"uVar1 = FUN_ram_00091a82(iVar2 - uVar3,0x7fff,0xffff8000)",X/2.56,,,Ignition :: Per-Cylinder Timing Correction clamp/limit value #1,Used as a limit or operand inside a saturating calculation. The displayed unit was inferred earlier and is NOT confirmed by this trace.
0x18B664,16,0x20417,threshold,HIGH,fef02592 = Engine speed,FUN_511D8,if (DAT_ram_fef02592 <= DAT_ram_0018b664) { DAT_ram_fef0164c = DAT_ram_fef0164c | 2,X/2.56,,,Ignition :: Retard Request Logic RPM threshold #12,Compared with fef02592 = Engine speed (meaning verified from the code that writes it).
0x18B666,16,0x20418,threshold,HIGH,fef02592 = Engine speed,FUN_511D8,} if (DAT_ram_0018b666 <= DAT_ram_fef02592) { DAT_ram_fef0164c = DAT_ram_fef0164c & 0xfd,X/2.56,,,Ignition :: Retard Request Logic RPM threshold #13,Compared with fef02592 = Engine speed (meaning verified from the code that writes it).
0x18B668,16,0x20419,threshold,HIGH,fef025d2 = Throttle or grip angle (selected),FUN_51208,if (DAT_ram_fef025d2 <= DAT_ram_0018b668) { DAT_ram_fef0164c = DAT_ram_fef0164c | 4,X/364.08,,,Ignition :: Retard Request Logic throttle threshold #14,Compared with fef025d2 = Throttle or grip angle (selected) (meaning verified from the code that writes it).
0x18B66A,16,0x2041A,threshold,HIGH,fef025d2 = Throttle or grip angle (selected),FUN_51208,} if (DAT_ram_0018b66a <= DAT_ram_fef025d2) { DAT_ram_fef0164c = DAT_ram_fef0164c & 0xfb,X/364.08,,,Ignition :: Retard Request Logic throttle threshold #15,Compared with fef025d2 = Throttle or grip angle (selected) (meaning verified from the code that writes it).
0x18B66E,16,0x2041B,default,HIGH,fef015b6,FUN_509A2,DAT_ram_fef015b6 = DAT_ram_0018b66e,X,,,Ride Mode Presets :: FUN_509A2 value written to fef015b6 #1,"Written directly into RAM fef015b6 (initial, fallback or target value). Writer of fef015b6: FUN_509A2 (expr)."
0x18B674,16,0x2041C,default,HIGH,fef015b4,FUN_509A2,DAT_ram_fef015b4 = DAT_ram_0018b674,X,,,Ride Mode Presets :: FUN_509A2 value written to fef015b4 #2,"Written directly into RAM fef015b4 (initial, fallback or target value). Writer of fef015b4: FUN_509A2 (expr)."
0x18B676,16,0x2041D,default,HIGH,fef015b6,FUN_509A2,DAT_ram_fef015b6 = DAT_ram_0018b676,X,,,Ride Mode Presets :: FUN_509A2 value written to fef015b6 #3,"Written directly into RAM fef015b6 (initial, fallback or target value). Writer of fef015b6: FUN_509A2 (expr)."
0x18B67A,16,0x2041E,untraced,LOW,,FUN_50ACA,,X/2.56,,,Ride Mode Presets :: FUN_50ACA RPM threshold #1,Read by FUN_50ACA; the trace could not resolve how the value is used (indirect or structure access). Purpose unknown - leave stock. The displayed unit was inferred earlier and is NOT confirmed by this trace.
0x18B680,16,0x2041F,threshold,HIGH,fef015be = copy of Throttle or grip angle (selected),FUN_50258,if (DAT_ram_fef015be < DAT_ram_0018b680) { return DAT_ram_0018b680 <= DAT_ram_fef02,X/364.08,,,Ignition :: Ride-Mode Timing Variant throttle threshold #1,Compared with fef015be = copy of Throttle or grip angle (selected) (meaning verified from the code that writes it).
0x18B682,16,0x20420,threshold,HIGH,fef015ba = copy of Engine speed,FUN_503FE,} if ((uVar1 < uVar5) || (uVar4 < uVar1)) { if (uVar1 < uVar6) goto LAB_ram_000504da,X/2.56,RPM,0,Ignition :: Ride-Mode Timing Variant RPM threshold #2,Compared with fef015ba = copy of Engine speed (meaning verified from the code that writes it).
0x18B684,16,0x20421,threshold,HIGH,fef015ba = copy of Engine speed,FUN_503FE,} if ((uVar1 < uVar5) || (uVar4 < uVar1)) { if (uVar1 < uVar6) goto LAB_ram_000504da,X/2.56,RPM,0,Ignition :: Ride-Mode Timing Variant RPM threshold #3,Compared with fef015ba = copy of Engine speed (meaning verified from the code that writes it).
0x18B686,16,0x20422,threshold,HIGH,fef015ba = copy of Engine speed,FUN_503FE,} if ((uVar1 < uVar5) || (uVar4 < uVar1)) { if (uVar1 < uVar6) goto LAB_ram_000504da,X/2.56,RPM,0,Ignition :: Ride-Mode Timing Variant RPM threshold #4,Compared with fef015ba = copy of Engine speed (meaning verified from the code that writes it).
0x18B688,16,0x20423,threshold,HIGH,fef015ba = copy of Engine speed,FUN_503FE,if (uVar3 < uVar1) { DAT_ram_fef015c8 = DAT_ram_fef015c8 | 2,X/2.56,RPM,0,Ignition :: Ride-Mode Timing Variant RPM threshold #5,Compared with fef015ba = copy of Engine speed (meaning verified from the code that writes it).
0x18B68A,16,0x20424,threshold,HIGH,fef015bc = copy of Rear wheel speed,FUN_504EC,} if ((uVar1 < uVar5) || (uVar4 < uVar1)) { if (uVar1 < uVar6) goto LAB_ram_000505c8,X/128,km/h,1,Ignition :: Ride-Mode Timing Variant speed threshold #6,Compared with fef015bc = copy of Rear wheel speed (meaning verified from the code that writes it).
0x18B68C,16,0x20425,threshold,HIGH,fef015bc = copy of Rear wheel speed,FUN_504EC,} if ((uVar1 < uVar5) || (uVar4 < uVar1)) { if (uVar1 < uVar6) goto LAB_ram_000505c8,X/128,km/h,1,Ignition :: Ride-Mode Timing Variant speed threshold #7,Compared with fef015bc = copy of Rear wheel speed (meaning verified from the code that writes it).
0x18B68E,16,0x20426,threshold,HIGH,fef015bc = copy of Rear wheel speed,FUN_504EC,} if ((uVar1 < uVar5) || (uVar4 < uVar1)) { if (uVar1 < uVar6) goto LAB_ram_000505c8,X/128,km/h,1,Ignition :: Ride-Mode Timing Variant speed threshold #8,Compared with fef015bc = copy of Rear wheel speed (meaning verified from the code that writes it).
0x18B690,16,0x20427,threshold,HIGH,fef015bc = copy of Rear wheel speed,FUN_504EC,if (uVar3 < uVar1) { DAT_ram_fef015c8 = DAT_ram_fef015c8 | 2,X/128,km/h,1,Ignition :: Ride-Mode Timing Variant speed threshold #9,Compared with fef015bc = copy of Rear wheel speed (meaning verified from the code that writes it).
0x18B696,16,0x20428,threshold_unk,MEDIUM,fef015c4,FUN_5018A,if ((((DAT_ram_fef015b3 & 1) != 0) && (-1 < (DAT_ram_fef015b3 << 0x1e))) && ((DAT_r,X,,,Ignition :: Ride-Mode Timing Variant threshold vs fef015c4 #10,"Compared with RAM fef015c4, whose meaning is not identified yet (written by FUN_5087C (alias of fef015c4))."
0x18B69A,16,0x20429,threshold,HIGH,fef02600 = Throttle valve position,FUN_4FD0E,if ((((DAT_ram_fef02600 < DAT_ram_0018b69a) || (DAT_ram_0018b69e <= DAT_ram_fef0258e)) || (DAT_ram_fef0258e < DAT_ram_0018b69c)) || ((DAT_ra,X/364.08,,,Ignition :: IAT Timing Correction Gate throttle threshold #1,Compared with fef02600 = Throttle valve position (meaning verified from the code that writes it).
0x18B69C,16,0x2042A,threshold,HIGH,fef0258e = Engine speed,FUN_4FD0E,if ((((DAT_ram_fef02600 < DAT_ram_0018b69a) || (DAT_ram_0018b69e <= DAT_ram_fef0258e)) || (DAT_ram_fef0258e < DAT_ram_0018b69c)) || ((DAT_ra,X/2.56,,,Ignition :: IAT Timing Correction Gate RPM threshold #2,Compared with fef0258e = Engine speed (meaning verified from the code that writes it).
0x18B6A0,16,0x2042C,threshold,HIGH,fef02628 = Manifold vacuum (AP - IAP),FUN_4FD0E,if ((((DAT_ram_fef02600 < DAT_ram_0018b69a) || (DAT_ram_0018b69e <= DAT_ram_fef0258e)) || (DAT_ram_fef0258e < DAT_ram_0018b69c)) || ((DAT_ra,(X-7862)/393.14,,,Ignition :: IAT Timing Correction Gate vacuum vacuum threshold #4,Compared with fef02628 = Manifold vacuum (AP - IAP) (meaning verified from the code that writes it).
0x18B6A4,16,0x2042E,threshold,HIGH,fef0258e = Engine speed,FUN_4E936,if (DAT_ram_fef0258e < DAT_ram_0018b6a4) { bVar1 = DAT_ram_fef014d5 & 0xfd,X/2.56,,,Ignition :: Ignition Aux State Logic RPM threshold #2,Compared with fef0258e = Engine speed (meaning verified from the code that writes it).
0x18B6A6,16,0x2042F,count,HIGH,fef014ca,FUN_4EA30,if (DAT_ram_0018b6a6 <= DAT_ram_fef014ca) { bVar1 = DAT_ram_fef014d5 & 0x7f,X,,,Ignition :: Ignition Aux State Logic debounce/timer count #3,"Compared with fef014ca, a counter the code steps by 1 each cycle, so this is a cycle count (debounce/delay), not a sensor value."
0x18B6A8,16,0x20430,threshold_unk,MEDIUM,fef014c0,FUN_4EAA2,if (DAT_ram_fef014c0 < DAT_ram_0018b6a8) { DAT_ram_fef014d6 = DAT_ram_fef014d6 & 0xfd,X,,,Ignition :: Ignition Aux State Logic threshold vs fef014c0 #4,"Compared with RAM fef014c0, whose meaning is not identified yet (written by FUN_4E73A (expr of fef014be))."
0x18B6AA,16,0x20431,count,HIGH,fef014cc,FUN_4EAA2,if (DAT_ram_fef014cc < DAT_ram_0018b6aa) { bVar1 = DAT_ram_fef014d6 & 0xfd,X,,,Ignition :: Ignition Aux State Logic debounce/timer count #5,"Compared with fef014cc, a counter the code steps by 1 each cycle, so this is a cycle count (debounce/delay), not a sensor value."
0x18B6AC,16,0x20432,count,HIGH,fef014b8,FUN_4EAEA,if (DAT_ram_fef014b8 < DAT_ram_0018b6ac) { bVar1 = DAT_ram_fef014d6 & 0xf7,X,,,Ignition :: Ignition Aux State Logic debounce/timer count #6,"Compared with fef014b8, a counter the code steps by 1 each cycle, so this is a cycle count (debounce/delay), not a sensor value."
0x18B6AE,16,0x20433,threshold_unk,MEDIUM,fef014c4,FUN_4EB0A,if ((DAT_ram_fef014c4 < DAT_ram_0018b6b0) || (DAT_ram_0018b6ae < DAT_ram_fef014c4)) { DAT_ram_fef014d6 = DAT_ram_fef014d6 & 0xef,X,,,Ignition :: Ignition Aux State Logic threshold vs fef014c4 #7,"Compared with RAM fef014c4, whose meaning is not identified yet (written by FUN_4E830 (expr of fef014c2,fef0258e))."
0x18B6B0,16,0x20434,threshold_unk,MEDIUM,fef014c4,FUN_4EB0A,if ((DAT_ram_fef014c4 < DAT_ram_0018b6b0) || (DAT_ram_0018b6ae < DAT_ram_fef014c4)) { DAT_ram_fef014d6 = DAT_ram_fef014d6 & 0xef,X,,,Ignition :: Ignition Aux State Logic threshold vs fef014c4 #8,"Compared with RAM fef014c4, whose meaning is not identified yet (written by FUN_4E830 (expr of fef014c2,fef0258e))."
0x18B6B2,16,0x20435,count,HIGH,fef014ce,FUN_4EB0A,if (DAT_ram_fef014ce < DAT_ram_0018b6b2) { bVar1 = DAT_ram_fef014d6 & 0xef,X,,,Ignition :: Ignition Aux State Logic debounce/timer count #9,"Compared with fef014ce, a counter the code steps by 1 each cycle, so this is a cycle count (debounce/delay), not a sensor value."
0x18B6B4,16,0x20436,threshold_unk,MEDIUM,fef014c0,FUN_4EB5E,if (DAT_ram_0018b6b4 < DAT_ram_fef014c0) { DAT_ram_fef014d6 = DAT_ram_fef014d6 & 0xfb,X,,,Ignition :: Ignition Aux State Logic threshold vs fef014c0 #10,"Compared with RAM fef014c0, whose meaning is not identified yet (written by FUN_4E73A (expr of fef014be))."
0x18B6B6,16,0x20437,count,HIGH,fef014d0,FUN_4EB5E,if (DAT_ram_fef014d0 < DAT_ram_0018b6b6) { bVar1 = DAT_ram_fef014d6 & 0xfb,X,,,Ignition :: Ignition Aux State Logic debounce/timer count #11,"Compared with fef014d0, a counter the code steps by 1 each cycle, so this is a cycle count (debounce/delay), not a sensor value."
0x18B6B8,16,0x20438,count,HIGH,fef014b6,FUN_4EBA6,if (DAT_ram_fef014b6 < DAT_ram_0018b6b8) { bVar1 = DAT_ram_fef014d6 & 0xbf,X,,,Ignition :: Ignition Aux State Logic debounce/timer count #12,"Compared with fef014b6, a counter the code steps by 1 each cycle, so this is a cycle count (debounce/delay), not a sensor value."
0x18B6BA,16,0x20439,threshold_unk,MEDIUM,fef014c4,FUN_4EBC6,if ((DAT_ram_0018b6ba < DAT_ram_fef014c4) && (DAT_ram_fef014c4 <= DAT_ram_0018b6ae)) { DAT_ram_fef014d6 = DAT_ram_fef014d6 & 0xdf,X,,,Ignition :: Ignition Aux State Logic threshold vs fef014c4 #13,"Compared with RAM fef014c4, whose meaning is not identified yet (written by FUN_4E830 (expr of fef014c2,fef0258e))."
0x18B6BC,16,0x2043A,count,HIGH,fef014d2,FUN_4EBC6,if (DAT_ram_fef014d2 < DAT_ram_0018b6bc) { bVar1 = DAT_ram_fef014d6 & 0xdf,X,,,Ignition :: Ignition Aux State Logic debounce/timer count #14,"Compared with fef014d2, a counter the code steps by 1 each cycle, so this is a cycle count (debounce/delay), not a sensor value."
0x18B6BE,16,0x2043B,count,HIGH,fef0139e,FUN_4CAA4,if (DAT_ram_fef0139e < DAT_ram_0018b6be) { bVar1 = DAT_ram_fef013a8 & 0xdf,X,,,Traction Control :: FUN_4CAA4 debounce/timer count #1,"Compared with fef0139e, a counter the code steps by 1 each cycle, so this is a cycle count (debounce/delay), not a sensor value."
0x18B6C0,16,0x2043C,threshold,HIGH,fef0258e = Engine speed,FUN_4C9BA,if ((DAT_ram_0018b6c0 <= DAT_ram_fef0258e) && (DAT_ram_fef0258e <= DAT_ram_0018b6c2,X/2.56,,,Traction Control :: FUN_4C9BA RPM threshold #1,Compared with fef0258e = Engine speed (meaning verified from the code that writes it).
0x18B6C2,16,0x2043D,threshold,HIGH,fef0258e = Engine speed,FUN_4C9BA,if ((DAT_ram_0018b6c0 <= DAT_ram_fef0258e) && (DAT_ram_fef0258e <= DAT_ram_0018b6c2,X/2.56,,,Traction Control :: FUN_4C9BA RPM threshold #2,Compared with fef0258e = Engine speed (meaning verified from the code that writes it).
0x18B6C4,16,0x2043E,threshold,HIGH,fef025d2 = Throttle or grip angle (selected),FUN_4C9EC,if (DAT_ram_fef025d2 < DAT_ram_0018b6c4) { bVar1 = DAT_ram_fef013a8 & 0xfd,X/364.08,,,Traction Control :: FUN_4C9EC throttle threshold #1,Compared with fef025d2 = Throttle or grip angle (selected) (meaning verified from the code that writes it).
0x18B6C6,16,0x2043F,threshold,HIGH,fef0263a = Front wheel speed (averaged),FUN_4CA72,if ((DAT_ram_0018b6c6 <= DAT_ram_fef0263a) && (DAT_ram_0018b6c6 <= DAT_ram_fef0263c,X/128,,,Traction Control :: FUN_4CA72 speed threshold #1,Compared with fef0263a = Front wheel speed (averaged) (meaning verified from the code that writes it).
0x18B6C8,16,0x20440,threshold,HIGH,fef0263a = Front wheel speed (averaged),FUN_4DB4C,} if ((DAT_ram_fef02596 < DAT_ram_fef0134c) || (DAT_ram_fef0134e < DAT_ram_fef02596)) { if ((DAT_ram_0018b6cc <= DAT_ram_fef01394) && (DAT_r,X/128,,,Traction Control :: FUN_4DB4C speed threshold #1,Compared with fef0263a = Front wheel speed (averaged) (meaning verified from the code that writes it).
0x18B6CA,16,0x20441,count,HIGH,fef01392,FUN_4DB4C,} } else { LAB_ram_0004dbb6: if (DAT_ram_fef01392 < DAT_ram_0018b6ca) goto LAB_ram_0004dbbe,X,,,Traction Control :: FUN_4DB4C debounce/timer count #2,"Compared with fef01392, a counter the code steps by 1 each cycle, so this is a cycle count (debounce/delay), not a sensor value."
0x18B6CC,16,0x20442,count,HIGH,fef01394,FUN_4DB4C,} if ((DAT_ram_fef02596 < DAT_ram_fef0134c) || (DAT_ram_fef0134e < DAT_ram_fef02596)) { if ((DAT_ram_0018b6cc <= DAT_ram_fef01394) && (DAT_r,X,cycles,0,Traction Control :: FUN_4DB4C debounce/timer count #3,"Compared with fef01394, a counter the code steps by 1 each cycle, so this is a cycle count (debounce/delay), not a sensor value."
0x18B6E6,16,0x2044F,threshold_unk,MEDIUM,fef0136a,FUN_4CEB6,if (DAT_ram_fef0136a < DAT_ram_0018b6e6) { if (DAT_ram_0018b6e8 <= DAT_ram_fef013a2) { param_1 = param_1 & 0xfb | 3,X,,,Traction Control :: FUN_4CEB6 threshold vs fef0136a #1,"Compared with RAM fef0136a, whose meaning is not identified yet (written by FUN_4CE34 (expr))."
0x18B6E8,16,0x20450,count,HIGH,fef013a2,FUN_4CEB6,if (DAT_ram_fef0136a < DAT_ram_0018b6e6) { if (DAT_ram_0018b6e8 <= DAT_ram_fef013a2) { param_1 = param_1 & 0xfb | 3,X,,,Traction Control :: FUN_4CEB6 debounce/timer count #2,"Compared with fef013a2, a counter the code steps by 1 each cycle, so this is a cycle count (debounce/delay), not a sensor value."
0x18B6EA,16,0x20451,count,HIGH,fef013a0,FUN_4CF3C,} else { if (uVar2 <= DAT_ram_fef013a0) { DAT_ram_fef013a9 = DAT_ram_fef013a9 | 4,X,,,Traction Control :: FUN_4CF3C debounce/timer count #1,"Compared with fef013a0, a counter the code steps by 1 each cycle, so this is a cycle count (debounce/delay), not a sensor value."
0x18B704,16,0x20452,threshold,HIGH,fef02592 = Engine speed,FUN_4D53E,if (DAT_ram_fef02592 < uVar1) { DAT_ram_fef013a9 = DAT_ram_fef013a9 & 0xdf,X/2.56,,,Traction Control :: FUN_4D53E RPM threshold #1,Compared with fef02592 = Engine speed (meaning verified from the code that writes it).
0x18B706,16,0x20453,threshold,HIGH,fef02592 = Engine speed,FUN_4D53E,} else if (uVar2 <= DAT_ram_fef02592) { DAT_ram_fef013a9 = DAT_ram_fef013a9 | 0x20,X/2.56,,,Traction Control :: FUN_4D53E RPM threshold #2,Compared with fef02592 = Engine speed (meaning verified from the code that writes it).
0x18B708,16,0x20454,threshold_unk,MEDIUM,fef01386,FUN_4D53E,if ((((uVar3 < DAT_ram_fef01386) || (iVar6 == 1)) && (iVar7 == 0)) && (((DAT_ram_fef013a9 & 0x20) != 0 && ((DAT_ram_fef013ac & 8) == 0)))) {,X,,,Traction Control :: FUN_4D53E threshold vs fef01386 #3,"Compared with RAM fef01386, whose meaning is not identified yet (written by FUN_4D246 (expr))."
0x18B70A,16,0x20455,count,HIGH,fef0139c,FUN_4D374,if ((DAT_ram_0018b7c8 == -0x80) && ((DAT_ram_fef013a9 & 8) == 0)) { if (DAT_ram_0018b70a <= DAT_ram_fef0139c) { DAT_ram_fef013a9 = DAT_ram_f,X,,,Traction Control :: FUN_4D374 debounce/timer count #1,"Compared with fef0139c, a counter the code steps by 1 each cycle, so this is a cycle count (debounce/delay), not a sensor value."
0x18B70C,16,0x20456,threshold_unk,MEDIUM,fef01386,FUN_4D3C8,if (DAT_ram_fef01386 < DAT_ram_0018b70c) { DAT_ram_fef013aa = DAT_ram_fef013aa & 0xdf,X,,,Traction Control :: FUN_4D3C8 threshold vs fef01386 #1,"Compared with RAM fef01386, whose meaning is not identified yet (written by FUN_4D246 (expr))."
0x18B70E,16,0x20457,count,HIGH,fef01398,FUN_4D3C8,if (DAT_ram_fef01398 < DAT_ram_0018b70e) { bVar1 = DAT_ram_fef013aa & 0xdf,X,,,Traction Control :: FUN_4D3C8 debounce/timer count #2,"Compared with fef01398, a counter the code steps by 1 each cycle, so this is a cycle count (debounce/delay), not a sensor value."
0x18B710,16,0x20458,threshold_unk,MEDIUM,fef01386,FUN_4D410,if (DAT_ram_fef01386 < DAT_ram_0018b710) { bVar1 = DAT_ram_fef013aa | 0x40,X,,,Traction Control :: FUN_4D410 threshold vs fef01386 #1,"Compared with RAM fef01386, whose meaning is not identified yet (written by FUN_4D246 (expr))."
0x18B712,16,0x20459,count,HIGH,fef0139a,FUN_4D410,if (DAT_ram_fef0139a < DAT_ram_0018b712) { bVar1 = DAT_ram_fef013aa & 0xbf,X,,,Traction Control :: FUN_4D410 debounce/timer count #2,"Compared with fef0139a, a counter the code steps by 1 each cycle, so this is a cycle count (debounce/delay), not a sensor value."
0x18B714,16,0x2045A,threshold,HIGH,fef025d2 = Throttle or grip angle (selected),FUN_4D458,if (DAT_ram_fef025d2 < DAT_ram_0018b714) { bVar1 = DAT_ram_fef013aa | 0x80,X/364.08,,,Traction Control :: FUN_4D458 throttle threshold #1,Compared with fef025d2 = Throttle or grip angle (selected) (meaning verified from the code that writes it).
0x18B716,16,0x2045B,threshold,HIGH,fef025d2 = Throttle or grip angle (selected),FUN_4D4A4,if ((iVar5 == 0) && (cVar2 != -0x80)) { if (((DAT_ram_fef013aa & 0x20) != 0) && (((uVar1 <= uVar3 && (iVar6 == 0)) && ((DAT_ram_fef013a9 & 0,X/364.08,,,Traction Control :: FUN_4D4A4 throttle threshold #1,Compared with fef025d2 = Throttle or grip angle (selected) (meaning verified from the code that writes it).
0x18B718,16,0x2045C,threshold,HIGH,fef0258e = Engine speed,FUN_500A8,if (((DAT_ram_0018b718 < uVar1) && (uVar1 < DAT_ram_0018b71a)) && (uVar2 <= DAT_ram_0018b71c)) { if (iVar4 == 1) { puVar3 = &DAT_ram_0018481,X/2.56,,,Ignition :: Baro Timing Correction Gate RPM threshold #1,Compared with fef0258e = Engine speed (meaning verified from the code that writes it).
0x18B71A,16,0x2045D,threshold,HIGH,fef0258e = Engine speed,FUN_500A8,if (((DAT_ram_0018b718 < uVar1) && (uVar1 < DAT_ram_0018b71a)) && (uVar2 <= DAT_ram_0018b71c)) { if (iVar4 == 1) { puVar3 = &DAT_ram_0018481,X/2.56,,,Ignition :: Baro Timing Correction Gate RPM threshold #2,Compared with fef0258e = Engine speed (meaning verified from the code that writes it).
0x18B71E,8,0x2045F,limit,MEDIUM,,FUN_4F2B8,"uVar4 = FUN_ram_00091a82(((DAT_ram_fef025fe - DAT_ram_fef0153c) + DAT_ram_0018b71e * -0x100) * iVar6,0xff,0)",X,,,Ignition :: Dwell / Coil Control clamp/limit value #1,Used as a limit or operand inside a saturating calculation.
0x18B71F,8,0x20460,untraced,LOW,,FUN_4F2B8,,X,,,Ignition :: Dwell / Coil Control parameter #2,Read by FUN_4F2B8; the trace could not resolve how the value is used (indirect or structure access). Purpose unknown - leave stock.
0x18B720,8,0x20461,cmp_local,MEDIUM,,FUN_4F2B8,bVar7 = DAT_ram_0018b720 <= (DAT_ram_fef0258e >> 8),X,,,Ignition :: Dwell / Coil Control threshold (computed input) #3,Compared with a value computed inside the function (not a single RAM variable).
0x18B721,8,0x20462,untraced,LOW,,FUN_4F2B8,,X,,,Ignition :: Dwell / Coil Control parameter #4,Read by FUN_4F2B8; the trace could not resolve how the value is used (indirect or structure access). Purpose unknown - leave stock.
0x18B722,8,0x20463,default,HIGH,fef0153f,FUN_4F2B8,DAT_ram_fef0153f = iVar6,X,,,Ignition :: Dwell / Coil Control value written to fef0153f #5,"Written directly into RAM fef0153f (initial, fallback or target value). Writer of fef0153f: FUN_4F2B8 (expr)."
0x18B723,8,0x20464,arith,MEDIUM,fef0153e,FUN_4F2B8,"} DAT_ram_fef0153e = FUN_ram_000919aa(uVar4,uVar2)",X,,,Ignition :: Dwell / Coil Control factor in fef0153e #6,"Used in the expression that computes RAM fef0153e (gain, offset or per-case value)."
0x18B724,8,0x20465,arith,MEDIUM,fef0155a,FUN_4F408,"DAT_ram_fef0155a = FUN_ram_000919c2(DAT_ram_fef01558 * DAT_ram_0018b724 >> 7,0xffff",X,,,Ignition :: Dwell / Coil Control factor in fef0155a #7,"Used in the expression that computes RAM fef0155a (gain, offset or per-case value)."
0x18B725,8,0x20466,switch,HIGH,,FUN_4F3A0,if ((DAT_ram_0018b725 == -0x80) && ((&DAT_ram_ffff9682)[unaff_gp] == '\0')) { ppuVar1 = (undefined **)&DAT_ram_00183060,X,,,SWITCH Ignition :: Dwell / Coil Control option byte (0x80 = on) #8,"Tested for 0x80: 0x80 = function ON, anything else = OFF."
0x18B726,8,0x20467,switch,HIGH,,FUN_50930,"if ((DAT_ram_0018b726 != -0x80) || (bVar1 = true, -1 < (DAT_ram_fef015b3 << 0x1c))) { bVar1 = (DAT_ram_fef015b3 & 1) == 1",X,,,SWITCH Ride Mode Presets :: FUN_50930 option byte (0x80 = on) #1,"Tested for 0x80: 0x80 = function ON, anything else = OFF."
0x18B727,8,0x20468,default,HIGH,fef01534,FUN_4F16E,DAT_ram_fef01534 = DAT_ram_0018b727,X,,,Ignition :: Dwell / Coil Control value written to fef01534 #9,"Written directly into RAM fef01534 (initial, fallback or target value). Writer of fef01534: FUN_4F16E (expr)."
0x18B728,8,0x20469,untraced,LOW,,FUN_4F180,,X,,,Ignition :: Dwell / Coil Control parameter #10,Read by FUN_4F180; the trace could not resolve how the value is used (indirect or structure access). Purpose unknown - leave stock.
0x18B729,8,0x2046A,threshold_unk,MEDIUM,fef01533,FUN_4F180,if ((uVar14 == 1) && (uVar15 == 8)) { if (bVar3 <= bVar5) { uVar13 = bVar2,X,,,Ignition :: Dwell / Coil Control threshold vs fef01533 #11,"Compared with RAM fef01533, whose meaning is not identified yet (written by FUN_4F180 (alias of fef01533))."
0x18B72A,8,0x2046B,cmp_local,MEDIUM,,FUN_4F180,} if (((bVar4 <= (uVar11 >> 8)) || (uVar9 <= uVar15)) || ((iVar7 == 0 && (uVar9 <= uVar10)))) { uVar13 = bVar1,X,,,Ignition :: Dwell / Coil Control threshold (computed input) #12,Compared with a value computed inside the function (not a single RAM variable).
0x18B72B,8,0x2046C,threshold_unk,MEDIUM,fef01536,FUN_4F180,} if (((bVar4 <= (uVar11 >> 8)) || (uVar9 <= uVar15)) || ((iVar7 == 0 && (uVar9 <= uVar10)))) { uVar13 = bVar1,X,,,Ignition :: Dwell / Coil Control threshold vs fef01536 #13,"Compared with RAM fef01536, whose meaning is not identified yet (written by FUN_4F180 (expr))."
0x18B72C,8,0x2046D,untraced,LOW,,FUN_518EC,,X,,,Ignition :: FUN_518EC parameter #1,Read by FUN_518EC; the trace could not resolve how the value is used (indirect or structure access). Purpose unknown - leave stock.
0x18B72D,8,0x2046E,untraced,LOW,,FUN_518EC,,X,,,Ignition :: FUN_518EC parameter #2,Read by FUN_518EC; the trace could not resolve how the value is used (indirect or structure access). Purpose unknown - leave stock.
0x18B72E,8,0x2046F,cmp_local,MEDIUM,,FUN_517B4,if (DAT_ram_0018b72e == '\x03') { iVar6 = iVar6 + bVar1,X,,,Ignition :: FUN_517B4 threshold (computed input) #1,Compared with a value computed inside the function (not a single RAM variable).
0x18B72F,8,0x20470,limit,MEDIUM,,FUN_518EC,} else if (cVar2 != '\x01') { uVar3 = FUN_ram_00091a82((DAT_ram_fef0157a * (&DAT_ram_fef01544)[param_1] + (0x80 - DAT_ram_fef0157a) * (&DAT_,X,,,Ignition :: FUN_518EC clamp/limit value #3,Used as a limit or operand inside a saturating calculation.
0x18B730,8,0x20471,switch,HIGH,,FUN_517B4,if (DAT_ram_0018b730 == -0x80) { if (DAT_ram_fef0165a != '\0') { uVar3 = (&DAT_ram_fef01652)[param_1],X,,,SWITCH Ignition :: FUN_517B4 option byte (0x80 = on) #2,"Tested for 0x80: 0x80 = function ON, anything else = OFF."
0x18B731,8,0x20472,switch,HIGH,,FUN_5150E,if ((DAT_ram_fef0156a == '\0') && ((DAT_ram_fef01651 & 1) == 0)) { if (cVar1 == -0x80) { if ((iVar7 == 1) && (iVar3 == 1)) { FUN_ram_0005145,X,,,SWITCH Ignition :: FUN_5150E option byte (0x80 = on) #1,"Tested for 0x80: 0x80 = function ON, anything else = OFF."
0x18B732,8,0x20473,arith,MEDIUM,fef0156a,FUN_5145C,} else { DAT_ram_fef0156a = DAT_ram_0018b732 * (param_1 == '\x03'),X,,,Ignition :: FUN_5145C factor in fef0156a #1,"Used in the expression that computes RAM fef0156a (gain, offset or per-case value)."
0x18B733,8,0x20474,limit,MEDIUM,,FUN_51604,"} cVar2 = FUN_ram_00091954(DAT_ram_fef0156a - uVar3,0)",X,,,Ignition :: FUN_51604 clamp/limit value #1,Used as a limit or operand inside a saturating calculation.
0x18B734,8,0x20475,untraced,LOW,,FUN_51604,,X,,,Ignition :: FUN_51604 parameter #2,Read by FUN_51604; the trace could not resolve how the value is used (indirect or structure access). Purpose unknown - leave stock.
0x18B735,8,0x20476,limit,MEDIUM,,FUN_51604,"} cVar2 = FUN_ram_00091954(DAT_ram_fef0156a - uVar3,0)",X,,,Ignition :: FUN_51604 clamp/limit value #3,Used as a limit or operand inside a saturating calculation.
0x18B736,8,0x20477,limit,MEDIUM,,FUN_51604,"} cVar2 = FUN_ram_00091954(DAT_ram_fef0156a - uVar3,0)",X,,,Ignition :: FUN_51604 clamp/limit value #4,Used as a limit or operand inside a saturating calculation.
0x18B737,8,0x20478,arith,MEDIUM,fef0156a,FUN_5140A,if ((cVar1 != '\0') && ((uVar2 <= (uVar4 * 0x100) || (iVar3 == 0)))) { DAT_ram_fef0156a = '\0',X,,,Ignition :: FUN_5140A factor in fef0156a #1,"Used in the expression that computes RAM fef0156a (gain, offset or per-case value)."
0x18B738,8,0x20479,cmp_local,MEDIUM,,FUN_4F886,if (((cVar1 != '\x01') || (cVar2 != '\x01')) && (cVar1 != '\x02')) { uVar3 = 0,X,,,Ignition :: FUN_4F886 threshold (computed input) #1,Compared with a value computed inside the function (not a single RAM variable).
0x18B739,8,0x2047A,untraced,LOW,,FUN_4F7A2,,X,,,Ignition :: FUN_4F7A2 parameter #1,Read by FUN_4F7A2; the trace could not resolve how the value is used (indirect or structure access). Purpose unknown - leave stock.
0x18B73A,8,0x2047B,untraced,LOW,,FUN_4F7A2,,X,,,Ignition :: FUN_4F7A2 parameter #2,Read by FUN_4F7A2; the trace could not resolve how the value is used (indirect or structure access). Purpose unknown - leave stock.
0x18B73B,8,0x2047C,untraced,LOW,,FUN_4F7A2,,X,,,Ignition :: FUN_4F7A2 parameter #3,Read by FUN_4F7A2; the trace could not resolve how the value is used (indirect or structure access). Purpose unknown - leave stock.
0x18B73C,8,0x2047D,untraced,LOW,,FUN_4F7A2,,X,,,Ignition :: FUN_4F7A2 parameter #4,Read by FUN_4F7A2; the trace could not resolve how the value is used (indirect or structure access). Purpose unknown - leave stock.
0x18B73D,8,0x2047E,arith,MEDIUM,fef0156c,FUN_50CEC,DAT_ram_fef0156c = DAT_ram_0018b73d * ((DAT_ram_fef01644 & 1) != 0),X,,,Limiters :: FUN_50CEC factor in fef0156c #1,"Used in the expression that computes RAM fef0156c (gain, offset or per-case value)."
0x18B73E,8,0x2047F,threshold,HIGH,fef026bd = Coolant temperature (ECT),FUN_4FDBE,if ((((DAT_ram_0018b73e <= DAT_ram_fef026bd) && (DAT_ram_fef0156d == '@')) && ((DAT_ram_fef015b0 & 2) == 0)) && ((&DAT_ram_ffff9682)[unaff_g,X*0.9375-30,,,Ignition :: FUN_4FDBE coolant-temp threshold #1,Compared with fef026bd = Coolant temperature (ECT) (meaning verified from the code that writes it).
0x18B73F,8,0x20480,arith,MEDIUM,fef015b0,FUN_4FE00,if (((((DAT_ram_fef015b0 & 1) == 0) || (DAT_ram_fef02604 < DAT_ram_0018b63c)) || (DAT_ram_0018b63e < DAT_ram_fef02604)) || (((DAT_ram_fef026,X,,,Ignition :: Transient One-Shot Timing Correction factor in fef015b0 #6,"Used in the expression that computes RAM fef015b0 (gain, offset or per-case value)."
0x18B740,8,0x20481,arith,MEDIUM,fef015b0,FUN_4FE00,if (((((DAT_ram_fef015b0 & 1) == 0) || (DAT_ram_fef02604 < DAT_ram_0018b63c)) || (DAT_ram_0018b63e < DAT_ram_fef02604)) || (((DAT_ram_fef026,X,,,Ignition :: Transient One-Shot Timing Correction factor in fef015b0 #7,"Used in the expression that computes RAM fef015b0 (gain, offset or per-case value)."
0x18B741,8,0x20482,count,HIGH,fef015ae,FUN_4FEF4,if ((DAT_ram_fef015b0 & 4) != 0) { if (DAT_ram_0018b741 <= DAT_ram_fef015ae) { if (DAT_ram_0018b742 <= DAT_ram_fef015af) { DAT_ram_fef015af ,X,,,Ignition :: FUN_4FEF4 debounce/timer count #1,"Compared with fef015ae, a counter the code steps by 1 each cycle, so this is a cycle count (debounce/delay), not a sensor value."
0x18B742,8,0x20483,count,HIGH,fef015af,FUN_4FEF4,if ((DAT_ram_fef015b0 & 4) != 0) { if (DAT_ram_0018b741 <= DAT_ram_fef015ae) { if (DAT_ram_0018b742 <= DAT_ram_fef015af) { DAT_ram_fef015af ,X,,,Ignition :: FUN_4FEF4 debounce/timer count #2,"Compared with fef015af, a counter the code steps by 1 each cycle, so this is a cycle count (debounce/delay), not a sensor value."
0x18B743,8,0x20484,arith,MEDIUM,fef0156d,FUN_4FEF4,"if (uVar1 < 0x40) { DAT_ram_fef0156d = FUN_ram_000919b6(DAT_ram_0018b743 + uVar1,0x40)",X,,,Ignition :: FUN_4FEF4 factor in fef0156d #3,"Used in the expression that computes RAM fef0156d (gain, offset or per-case value)."
0x18B744,8,0x20485,threshold_unk,MEDIUM,fef015b1,FUN_4FFEC,if ((param_1 == '\x01') && (DAT_ram_0018b744 <= DAT_ram_fef015b1)) { DAT_ra,X,,,Ignition :: FUN_4FFEC threshold vs fef015b1 #1,"Compared with RAM fef015b1, whose meaning is not identified yet (written by FUN_5002C (expr))."
0x18B745,8,0x20486,arith,MEDIUM,fef01571,FUN_4FFEC,"DAT_ram_fef01571 = FUN_ram_00091aa4(DAT_ram_fef01571,DAT_ram_0018b745)",X,,,Ignition :: FUN_4FFEC factor in fef01571 #2,"Used in the expression that computes RAM fef01571 (gain, offset or per-case value)."
0x18B746,8,0x20487,count,HIGH,fef01681,FUN_520E0,if (DAT_ram_fef01681 < DAT_ram_0018b746) goto LAB_ram_00052152,X,,,Ignition :: FUN_520E0 debounce/timer count #1,"Compared with fef01681, a counter the code steps by 1 each cycle, so this is a cycle count (debounce/delay), not a sensor value."
0x18B747,8,0x20488,limit,MEDIUM,,FUN_520E0,} else if (uVar5 < uVar2) { uVar5 = FUN_ram_000919b6(uVar4 + uVar5),X,,,Ignition :: FUN_520E0 clamp/limit value #2,Used as a limit or operand inside a saturating calculation.
0x18B748,8,0x20489,limit,MEDIUM,,FUN_520E0,"if (uVar2 < uVar5) { uVar5 = FUN_ram_00091954(uVar5 - uVar3,uVar2)",X,,,Ignition :: FUN_520E0 clamp/limit value #3,Used as a limit or operand inside a saturating calculation.
0x18B749,8,0x2048A,count,HIGH,fef01685,FUN_51F8C,if (DAT_ram_0018b749 <= DAT_ram_fef01685) { DAT_ram_fef01685 = 0,X,,,Ignition :: FUN_51F8C debounce/timer count #1,"Compared with fef01685, a counter the code steps by 1 each cycle, so this is a cycle count (debounce/delay), not a sensor value."
0x18B74A,8,0x2048B,limit,MEDIUM,,FUN_51F8C,"bVar2 = FUN_ram_000919b6(DAT_ram_0018b74a + DAT_ram_fef01676,0x80)",X,,,SWITCH Ignition :: FUN_51F8C clamp/limit value #2,Used as a limit or operand inside a saturating calculation.
0x18B74B,8,0x2048C,count,HIGH,fef01680,FUN_51F14,if (DAT_ram_0018b74b <= DAT_ram_fef01680) { DAT_ram_fef01680 = 0,X,,,Ignition :: FUN_51F14 debounce/timer count #1,"Compared with fef01680, a counter the code steps by 1 each cycle, so this is a cycle count (debounce/delay), not a sensor value."
0x18B74C,8,0x2048D,arith,MEDIUM,fef01677,FUN_51F14,} else if (uVar1 < uVar3) { DAT_ram_fef01677 = FUN_ram_000919b6(uVar5 + uVar1),X,,,Ignition :: FUN_51F14 factor in fef01677 #2,"Used in the expression that computes RAM fef01677 (gain, offset or per-case value)."
0x18B74D,8,0x2048E,arith,MEDIUM,fef01677,FUN_51F14,"if (uVar3 < uVar1) { DAT_ram_fef01677 = FUN_ram_00091954(uVar1 - uVar4,uVar3)",X,,,Ignition :: FUN_51F14 factor in fef01677 #3,"Used in the expression that computes RAM fef01677 (gain, offset or per-case value)."
0x18B74E,8,0x2048F,threshold_unk,MEDIUM,fef0167c,FUN_51F8C,"if (uVar6 == 1) { if (uVar7 < DAT_ram_0018b74e) { uVar7 = FUN_ram_00091a92(uVar7,1)",X,,,Ignition :: FUN_51F8C threshold vs fef0167c #3,"Compared with RAM fef0167c, whose meaning is not identified yet (written by FUN_51F8C (alias of fef0167c))."
0x18B74F,8,0x20490,threshold_unk,MEDIUM,fef0167d,FUN_51F8C,"LAB_ram_0005205a: if (uVar9 < DAT_ram_0018b74f) { uVar9 = FUN_ram_00091a92(uVar9,uVar8)",X,,,Ignition :: FUN_51F8C threshold vs fef0167d #4,"Compared with RAM fef0167d, whose meaning is not identified yet (written by FUN_51F8C (alias of fef0167d))."
0x18B750,8,0x20491,count,HIGH,fef01682,FUN_52166,if (bVar2 <= DAT_ram_fef01682) { DAT_ram_fef01682 = 0,X,,,Ignition :: FUN_52166 debounce/timer count #1,"Compared with fef01682, a counter the code steps by 1 each cycle, so this is a cycle count (debounce/delay), not a sensor value."
0x18B751,8,0x20492,count,HIGH,fef01686,FUN_52166,if (DAT_ram_fef01686 < bVar3) { bVar1 = DAT_ram_fef01688 & 0xfe,X,,,Ignition :: FUN_52166 debounce/timer count #2,"Compared with fef01686, a counter the code steps by 1 each cycle, so this is a cycle count (debounce/delay), not a sensor value."
0x18B752,8,0x20493,arith,MEDIUM,fef0167a,FUN_52166,"} if ((DAT_ram_fef01688 & 1) != 0) { DAT_ram_fef0167a = FUN_ram_000919b6(DAT_ram_fef0167a + uVar8,0x80)",X,,,SWITCH Ignition :: FUN_52166 factor in fef0167a #3,"Used in the expression that computes RAM fef0167a (gain, offset or per-case value)."
0x18B753,8,0x20494,count,HIGH,fef01684,FUN_52218,"if ((DAT_ram_0018b753 <= DAT_ram_fef01684) && (DAT_ram_fef01684 = 0, (DAT_ram_fef01",X,,,Ignition :: FUN_52218 debounce/timer count #1,"Compared with fef01684, a counter the code steps by 1 each cycle, so this is a cycle count (debounce/delay), not a sensor value."
0x18B754,8,0x20495,arith,MEDIUM,fef01684,FUN_52218,"if ((DAT_ram_0018b753 <= DAT_ram_fef01684) && (DAT_ram_fef01684 = 0, (DAT_ram_fef01",X,,,Ignition :: FUN_52218 factor in fef01684 #2,"Used in the expression that computes RAM fef01684 (gain, offset or per-case value)."
0x18B755,8,0x20496,count,HIGH,fef01683,FUN_52266,"if (bVar1 <= DAT_ram_fef01683) { uVar6 = FUN_ram_00091954(uVar6 - uVar4,0)",X,,,Ignition :: FUN_52266 debounce/timer count #1,"Compared with fef01683, a counter the code steps by 1 each cycle, so this is a cycle count (debounce/delay), not a sensor value."
0x18B756,8,0x20497,limit,MEDIUM,,FUN_52266,"if (bVar1 <= DAT_ram_fef01683) { uVar6 = FUN_ram_00091954(uVar6 - uVar4,0)",X,,,Ignition :: FUN_52266 clamp/limit value #2,Used as a limit or operand inside a saturating calculation.
0x18B757,8,0x20498,switch,HIGH,,FUN_51BDE,} else if (((iVar3 == 0) && (DAT_ram_0018b757 == -0x80)) && ((iVar4 == 0 && (uVar1 <= DAT_ram_0018b646)))) { iVar2 = uVar6 * (uVar6 == 1) + ,X,,,SWITCH Ignition :: Retard Request Logic option byte (0x80 = on) #16,"Tested for 0x80: 0x80 = function ON, anything else = OFF."
0x18B758,8,0x20499,threshold,HIGH,fef026bd = Coolant temperature (ECT),FUN_51B8E,"if ((iVar3 == 1) || (cVar2 = (DAT_ram_0018b759 <= bVar1) + (DAT_ram_fef01687 & 1) * (DAT_ram_0018b759 > bVar1), bVar1 < DAT_ram_0018b758)) {",X*0.9375-30,,,Ignition :: FUN_51B8E coolant-temp threshold #1,Compared with fef026bd = Coolant temperature (ECT) (meaning verified from the code that writes it).
0x18B759,8,0x2049A,threshold,HIGH,fef026bd = Coolant temperature (ECT),FUN_51B8E,"if ((iVar3 == 1) || (cVar2 = (DAT_ram_0018b759 <= bVar1) + (DAT_ram_fef01687 & 1) * (DAT_ram_0018b759 > bVar1), bVar1 < DAT_ram_0018b758)) {",X*0.9375-30,,,Ignition :: FUN_51B8E coolant-temp threshold #2,Compared with fef026bd = Coolant temperature (ECT) (meaning verified from the code that writes it).
0x18B75A,8,0x2049B,untraced,LOW,,FUN_51C8C,,X,,,Ignition :: FUN_51C8C gear mask #1,Read by FUN_51C8C; the trace could not resolve how the value is used (indirect or structure access). Purpose unknown - leave stock.
0x18B75B,8,0x2049C,default,HIGH,fef01573,FUN_523A0,DAT_ram_fef01573 = DAT_ram_0018b75b,X,,,Ignition :: FUN_523A0 value written to fef01573 #1,"Written directly into RAM fef01573 (initial, fallback or target value). Writer of fef01573: FUN_523A0 (expr)."
0x18B75C,8,0x2049D,arith,MEDIUM,fef01573,FUN_523A0,"if ((((DAT_ram_fef026c2 != '\x02') && (DAT_ram_fef01573 = DAT_ram_0018b75c, DAT_ram_fef026c2 != '\x04')) && (DAT_ram_fef01573 = DAT_ram_0018",X,,,Ignition :: FUN_523A0 factor in fef01573 #2,"Used in the expression that computes RAM fef01573 (gain, offset or per-case value)."
0x18B75D,8,0x2049E,arith,MEDIUM,fef01573,FUN_523A0,"if ((((DAT_ram_fef026c2 != '\x02') && (DAT_ram_fef01573 = DAT_ram_0018b75c, DAT_ram_fef026c2 != '\x04')) && (DAT_ram_fef01573 = DAT_ram_0018",X,,,Ignition :: FUN_523A0 factor in fef01573 #3,"Used in the expression that computes RAM fef01573 (gain, offset or per-case value)."
0x18B75E,8,0x2049F,arith,MEDIUM,fef01573,FUN_523A0,"if ((((DAT_ram_fef026c2 != '\x02') && (DAT_ram_fef01573 = DAT_ram_0018b75c, DAT_ram_fef026c2 != '\x04')) && (DAT_ram_fef01573 = DAT_ram_0018",X,,,Ignition :: FUN_523A0 factor in fef01573 #4,"Used in the expression that computes RAM fef01573 (gain, offset or per-case value)."
0x18B75F,8,0x204A0,arith,MEDIUM,fef01573,FUN_523A0,"if ((((DAT_ram_fef026c2 != '\x02') && (DAT_ram_fef01573 = DAT_ram_0018b75c, DAT_ram_fef026c2 != '\x04')) && (DAT_ram_fef01573 = DAT_ram_0018",X,,,Ignition :: FUN_523A0 factor in fef01573 #5,"Used in the expression that computes RAM fef01573 (gain, offset or per-case value)."
0x18B760,8,0x204A1,arith,MEDIUM,fef01573,FUN_523A0,"if ((((DAT_ram_fef026c2 != '\x02') && (DAT_ram_fef01573 = DAT_ram_0018b75c, DAT_ram_fef026c2 != '\x04')) && (DAT_ram_fef01573 = DAT_ram_0018",X,,,Ignition :: FUN_523A0 factor in fef01573 #6,"Used in the expression that computes RAM fef01573 (gain, offset or per-case value)."
0x18B761,8,0x204A2,switch,HIGH,,FUN_52526,if ((cVar2 == '\x01') || ((iVar4 == 1 && (DAT_ram_0018b761 == -0x80)))) { puVar3 = &DAT_ram_0018307c,X,,,SWITCH Ignition :: FUN_52526 option byte (0x80 = on) #1,"Tested for 0x80: 0x80 = function ON, anything else = OFF."
0x18B762,8,0x204A3,default,HIGH,fef01675,FUN_52404,DAT_ram_fef01675 = DAT_ram_0018b762,X,,,Ignition :: FUN_52404 value written to fef01675 #1,"Written directly into RAM fef01675 (initial, fallback or target value). Writer of fef01675: FUN_52404 (expr)."
0x18B763,8,0x204A4,arith,MEDIUM,fef01675,FUN_52404,"if ((((DAT_ram_fef026c2 != '\x02') && (DAT_ram_fef01675 = DAT_ram_0018b763, DAT_ram_fef026c2 != '\x04')) && (DAT_ram_fef01675 = DAT_ram_0018",X,,,Ignition :: FUN_52404 factor in fef01675 #2,"Used in the expression that computes RAM fef01675 (gain, offset or per-case value)."
0x18B764,8,0x204A5,arith,MEDIUM,fef01675,FUN_52404,"if ((((DAT_ram_fef026c2 != '\x02') && (DAT_ram_fef01675 = DAT_ram_0018b763, DAT_ram_fef026c2 != '\x04')) && (DAT_ram_fef01675 = DAT_ram_0018",X,,,Ignition :: FUN_52404 factor in fef01675 #3,"Used in the expression that computes RAM fef01675 (gain, offset or per-case value)."
0x18B765,8,0x204A6,arith,MEDIUM,fef01675,FUN_52404,"if ((((DAT_ram_fef026c2 != '\x02') && (DAT_ram_fef01675 = DAT_ram_0018b763, DAT_ram_fef026c2 != '\x04')) && (DAT_ram_fef01675 = DAT_ram_0018",X,,,Ignition :: FUN_52404 factor in fef01675 #4,"Used in the expression that computes RAM fef01675 (gain, offset or per-case value)."
0x18B766,8,0x204A7,arith,MEDIUM,fef01675,FUN_52404,"if ((((DAT_ram_fef026c2 != '\x02') && (DAT_ram_fef01675 = DAT_ram_0018b763, DAT_ram_fef026c2 != '\x04')) && (DAT_ram_fef01675 = DAT_ram_0018",X,,,Ignition :: FUN_52404 factor in fef01675 #5,"Used in the expression that computes RAM fef01675 (gain, offset or per-case value)."
0x18B767,8,0x204A8,arith,MEDIUM,fef01675,FUN_52404,"if ((((DAT_ram_fef026c2 != '\x02') && (DAT_ram_fef01675 = DAT_ram_0018b763, DAT_ram_fef026c2 != '\x04')) && (DAT_ram_fef01675 = DAT_ram_0018",X,,,Ignition :: FUN_52404 factor in fef01675 #6,"Used in the expression that computes RAM fef01675 (gain, offset or per-case value)."
0x18B768,8,0x204A9,default,HIGH,fef0167f,FUN_52468,DAT_ram_fef0167f = DAT_ram_0018b768,X,,,Ignition :: FUN_52468 value written to fef0167f #1,"Written directly into RAM fef0167f (initial, fallback or target value). Writer of fef0167f: FUN_52468 (expr)."
0x18B769,8,0x204AA,arith,MEDIUM,fef0167f,FUN_52468,"if ((((DAT_ram_fef026c2 != '\x02') && (DAT_ram_fef0167f = DAT_ram_0018b769, DAT_ram_fef026c2 != '\x04')) && (DAT_ram_fef0167f = DAT_ram_0018",X,,,Ignition :: FUN_52468 factor in fef0167f #2,"Used in the expression that computes RAM fef0167f (gain, offset or per-case value)."
0x18B76A,8,0x204AB,arith,MEDIUM,fef0167f,FUN_52468,"if ((((DAT_ram_fef026c2 != '\x02') && (DAT_ram_fef0167f = DAT_ram_0018b769, DAT_ram_fef026c2 != '\x04')) && (DAT_ram_fef0167f = DAT_ram_0018",X,,,Ignition :: FUN_52468 factor in fef0167f #3,"Used in the expression that computes RAM fef0167f (gain, offset or per-case value)."
0x18B76B,8,0x204AC,arith,MEDIUM,fef0167f,FUN_52468,"if ((((DAT_ram_fef026c2 != '\x02') && (DAT_ram_fef0167f = DAT_ram_0018b769, DAT_ram_fef026c2 != '\x04')) && (DAT_ram_fef0167f = DAT_ram_0018",X,,,Ignition :: FUN_52468 factor in fef0167f #4,"Used in the expression that computes RAM fef0167f (gain, offset or per-case value)."
0x18B76C,8,0x204AD,arith,MEDIUM,fef0167f,FUN_52468,"if ((((DAT_ram_fef026c2 != '\x02') && (DAT_ram_fef0167f = DAT_ram_0018b769, DAT_ram_fef026c2 != '\x04')) && (DAT_ram_fef0167f = DAT_ram_0018",X,,,Ignition :: FUN_52468 factor in fef0167f #5,"Used in the expression that computes RAM fef0167f (gain, offset or per-case value)."
0x18B76D,8,0x204AE,arith,MEDIUM,fef0167f,FUN_52468,"if ((((DAT_ram_fef026c2 != '\x02') && (DAT_ram_fef0167f = DAT_ram_0018b769, DAT_ram_fef026c2 != '\x04')) && (DAT_ram_fef0167f = DAT_ram_0018",X,,,Ignition :: FUN_52468 factor in fef0167f #6,"Used in the expression that computes RAM fef0167f (gain, offset or per-case value)."
0x18B76E,8,0x204AF,threshold_unk,MEDIUM,fef0164b,FUN_51134,"if ((!bVar9) && (bVar7 = bVar9, uVar5 <= uVar2)) { bVar9 = bVar4 <= DAT_ram_fef0164b",X,,,Ignition :: Retard Request Logic threshold vs fef0164b #17,"Compared with RAM fef0164b, whose meaning is not identified yet (written by FUN_51134 (alias of fef0164b))."
0x18B76F,8,0x204B0,threshold,HIGH,fef026bd = Coolant temperature (ECT),FUN_51104,if (DAT_ram_fef026bd <= DAT_ram_0018b76f) { DAT_ram_fef0164c = DAT_ram_fef0164c | 1,X*0.9375-30,,,Ignition :: FUN_51104 coolant-temp threshold #1,Compared with fef026bd = Coolant temperature (ECT) (meaning verified from the code that writes it).
0x18B770,8,0x204B1,threshold,HIGH,fef026bd = Coolant temperature (ECT),FUN_51104,} if (DAT_ram_0018b770 <= DAT_ram_fef026bd) { DAT_ram_fef0164c = DAT_ram_fef0164c & 0xfe,X*0.9375-30,,,Ignition :: FUN_51104 coolant-temp threshold #2,Compared with fef026bd = Coolant temperature (ECT) (meaning verified from the code that writes it).
0x18B771,8,0x204B2,arith,MEDIUM,fef0164c,FUN_51238,if ((iVar1 == 0) && ((DAT_ram_0018b771 & DAT_ram_fef026c2) != 0)) { DAT_ram_fef0164c = DAT_ram_fef0164c | 8,X,,,Ignition :: FUN_51238 factor in fef0164c #1,"Used in the expression that computes RAM fef0164c (gain, offset or per-case value)."
0x18B772,8,0x204B3,arith,MEDIUM,fef0157a,FUN_5130C,"} } else if ((((DAT_ram_fef0164c & 8) == 0) || (iVar6 != 0)) || (uVar4 = DAT_ram_0018b777, bVar2 = DAT_ram_0018b774, iVar7 != 0)) { DAT_ram_",X,,,Ignition :: FUN_5130C factor in fef0157a #1,"Used in the expression that computes RAM fef0157a (gain, offset or per-case value)."
0x18B773,8,0x204B4,arith,MEDIUM,fef0157a,FUN_5130C,"} } else if ((((DAT_ram_fef0164c & 8) == 0) || (iVar6 != 0)) || (uVar4 = DAT_ram_0018b777, bVar2 = DAT_ram_0018b774, iVar7 != 0)) { DAT_ram_",X,,,SWITCH Ignition :: FUN_5130C factor in fef0157a #2,"Used in the expression that computes RAM fef0157a (gain, offset or per-case value)."
0x18B774,8,0x204B5,arith,MEDIUM,fef0157a,FUN_5130C,"} } else if ((((DAT_ram_fef0164c & 8) == 0) || (iVar6 != 0)) || (uVar4 = DAT_ram_0018b777, bVar2 = DAT_ram_0018b774, iVar7 != 0)) { DAT_ram_",X,,,Ignition :: FUN_5130C factor in fef0157a #3,"Used in the expression that computes RAM fef0157a (gain, offset or per-case value)."
0x18B775,8,0x204B6,arith,MEDIUM,fef0157a,FUN_5130C,"} } else if ((((DAT_ram_fef0164c & 8) == 0) || (iVar6 != 0)) || (uVar4 = DAT_ram_0018b777, bVar2 = DAT_ram_0018b774, iVar7 != 0)) { DAT_ram_",X,,,Ignition :: FUN_5130C factor in fef0157a #4,"Used in the expression that computes RAM fef0157a (gain, offset or per-case value)."
0x18B776,8,0x204B7,arith,MEDIUM,fef0157a,FUN_5130C,"} } else if ((((DAT_ram_fef0164c & 8) == 0) || (iVar6 != 0)) || (uVar4 = DAT_ram_0018b777, bVar2 = DAT_ram_0018b774, iVar7 != 0)) { DAT_ram_",X,,,Ignition :: FUN_5130C factor in fef0157a #5,"Used in the expression that computes RAM fef0157a (gain, offset or per-case value)."
0x18B777,8,0x204B8,arith,MEDIUM,fef0157a,FUN_5130C,"} } else if ((((DAT_ram_fef0164c & 8) == 0) || (iVar6 != 0)) || (uVar4 = DAT_ram_0018b777, bVar2 = DAT_ram_0018b774, iVar7 != 0)) { DAT_ram_",X,,,Ignition :: FUN_5130C factor in fef0157a #6,"Used in the expression that computes RAM fef0157a (gain, offset or per-case value)."
0x18B781,8,0x204B9,threshold_unk,MEDIUM,fef015d4,FUN_50306,if (DAT_ram_0018b781 <= DAT_ram_fef015d4) { bVar9 = 0,X,,,Ignition :: FUN_50306 threshold vs fef015d4 #1,"Compared with RAM fef015d4, whose meaning is not identified yet (written by FUN_50306 (expr))."
0x18B782,8,0x204BA,threshold_unk,MEDIUM,fef015c9,FUN_50306,uVar6 < uVar7,X,,,Ignition :: FUN_50306 threshold vs fef015c9 #2,"Compared with RAM fef015c9, whose meaning is not identified yet (written by FUN_50152 (expr))."
0x18B783,8,0x204BB,default,HIGH,fef015cc,FUN_503FE,DAT_ram_fef015cc = uVar7,X,,,Ignition :: Ride-Mode Timing Variant value written to fef015cc #11,"Written directly into RAM fef015cc (initial, fallback or target value). Writer of fef015cc: FUN_503FE (alias of fef015cc)."
0x18B784,8,0x204BC,switch,HIGH,,FUN_504EC,if (DAT_ram_0018b784 != -0x80) { DAT_ram_fef015cd = 0x40,X,,,SWITCH Ignition :: Ride-Mode Timing Variant option byte (0x80 = on) #12,"Tested for 0x80: 0x80 = function ON, anything else = OFF."
0x18B785,8,0x204BD,cmp_local,MEDIUM,,FUN_50BA2,} if (((cVar1 == -0x80) && (-1 < (uVar7 << 0x1b))) && (bVar9 == 1)) { if (cVar2 == -0x80) { if (uVar8 != 0) { for (uVar3 = 0,X,,,Ride Mode Presets :: FUN_50BA2 threshold (computed input) #1,Compared with a value computed inside the function (not a single RAM variable).
0x18B786,8,0x204BE,default,HIGH,fef015cd,FUN_504EC,DAT_ram_fef015cd = uVar7,X,,,Ignition :: Ride-Mode Timing Variant value written to fef015cd #13,"Written directly into RAM fef015cd (initial, fallback or target value). Writer of fef015cd: FUN_504EC (alias of fef015cd)."
0x18B787,8,0x204BF,switch,HIGH,,FUN_505DA,"if (DAT_ram_0018b787 == -0x80) { FUN_ram_00091d8a(&DAT_ram_00183030,DAT_ram_fef026c3)",X,,,SWITCH Ignition :: FUN_505DA option byte (0x80 = on) #1,"Tested for 0x80: 0x80 = function ON, anything else = OFF."
0x18B788,8,0x204C0,untraced,LOW,,FUN_50766,,X,,,Ignition :: FUN_50766 parameter #1,Read by FUN_50766; the trace could not resolve how the value is used (indirect or structure access). Purpose unknown - leave stock.
0x18B789,8,0x204C1,untraced,LOW,,FUN_507DE,,X,,,Ride Mode Presets :: FUN_507DE parameter #1,Read by FUN_507DE; the trace could not resolve how the value is used (indirect or structure access). Purpose unknown - leave stock.
0x18B78A,8,0x204C2,untraced,LOW,,FUN_4FA02,,X,,,Limiters :: Ignition-Cut Pattern (mode 3) per Gear x Cyl parameter #1,Read by FUN_4FA02; the trace could not resolve how the value is used (indirect or structure access). Purpose unknown - leave stock.
0x18B78B,8,0x204C3,untraced,LOW,,FUN_4FA02,,X,,,Limiters :: Ignition-Cut Pattern (mode 3) per Gear x Cyl parameter #2,Read by FUN_4FA02; the trace could not resolve how the value is used (indirect or structure access). Purpose unknown - leave stock.
0x18B78C,8,0x204C4,untraced,LOW,,FUN_4FA02,,X,,,Limiters :: Ignition-Cut Pattern (mode 3) per Gear x Cyl parameter #3,Read by FUN_4FA02; the trace could not resolve how the value is used (indirect or structure access). Purpose unknown - leave stock.
0x18B78D,8,0x204C5,untraced,LOW,,FUN_4FA02,,X,,,Limiters :: Ignition-Cut Pattern (mode 3) per Gear x Cyl parameter #4,Read by FUN_4FA02; the trace could not resolve how the value is used (indirect or structure access). Purpose unknown - leave stock.
0x18B78E,8,0x204C6,untraced,LOW,,FUN_4FA02,,X,,,Limiters :: Ignition-Cut Pattern (mode 3) per Gear x Cyl parameter #5,Read by FUN_4FA02; the trace could not resolve how the value is used (indirect or structure access). Purpose unknown - leave stock.
0x18B78F,8,0x204C7,untraced,LOW,,FUN_4FA02,,X,,,Limiters :: Ignition-Cut Pattern (mode 3) per Gear x Cyl parameter #6,Read by FUN_4FA02; the trace could not resolve how the value is used (indirect or structure access). Purpose unknown - leave stock.
0x18B790,8,0x204C8,untraced,LOW,,FUN_4FA02,,X,,,Limiters :: Ignition-Cut Pattern (mode 3) per Gear x Cyl parameter #7,Read by FUN_4FA02; the trace could not resolve how the value is used (indirect or structure access). Purpose unknown - leave stock.
0x18B791,8,0x204C9,untraced,LOW,,FUN_4FA02,,X,,,Limiters :: Ignition-Cut Pattern (mode 3) per Gear x Cyl parameter #8,Read by FUN_4FA02; the trace could not resolve how the value is used (indirect or structure access). Purpose unknown - leave stock.
0x18B792,8,0x204CA,untraced,LOW,,FUN_4FA02,,X,,,Limiters :: Ignition-Cut Pattern (mode 3) per Gear x Cyl parameter #9,Read by FUN_4FA02; the trace could not resolve how the value is used (indirect or structure access). Purpose unknown - leave stock.
0x18B793,8,0x204CB,untraced,LOW,,FUN_4FA02,,X,,,Limiters :: Ignition-Cut Pattern (mode 3) per Gear x Cyl parameter #10,Read by FUN_4FA02; the trace could not resolve how the value is used (indirect or structure access). Purpose unknown - leave stock.
0x18B794,8,0x204CC,untraced,LOW,,FUN_4FA02,,X,,,Limiters :: Ignition-Cut Pattern (mode 3) per Gear x Cyl parameter #11,Read by FUN_4FA02; the trace could not resolve how the value is used (indirect or structure access). Purpose unknown - leave stock.
0x18B795,8,0x204CD,untraced,LOW,,FUN_4FA02,,X,,,Limiters :: Ignition-Cut Pattern (mode 3) per Gear x Cyl parameter #12,Read by FUN_4FA02; the trace could not resolve how the value is used (indirect or structure access). Purpose unknown - leave stock.
0x18B796,8,0x204CE,untraced,LOW,,FUN_4FA02,,X,,,Limiters :: Ignition-Cut Pattern (mode 3) per Gear x Cyl parameter #13,Read by FUN_4FA02; the trace could not resolve how the value is used (indirect or structure access). Purpose unknown - leave stock.
0x18B797,8,0x204CF,untraced,LOW,,FUN_4FA02,,X,,,Limiters :: Ignition-Cut Pattern (mode 3) per Gear x Cyl parameter #14,Read by FUN_4FA02; the trace could not resolve how the value is used (indirect or structure access). Purpose unknown - leave stock.
0x18B798,8,0x204D0,untraced,LOW,,FUN_4FA02,,X,,,Limiters :: Ignition-Cut Pattern (mode 3) per Gear x Cyl parameter #15,Read by FUN_4FA02; the trace could not resolve how the value is used (indirect or structure access). Purpose unknown - leave stock.
0x18B799,8,0x204D1,untraced,LOW,,FUN_4FA02,,X,,,Limiters :: Ignition-Cut Pattern (mode 3) per Gear x Cyl parameter #16,Read by FUN_4FA02; the trace could not resolve how the value is used (indirect or structure access). Purpose unknown - leave stock.
0x18B79A,8,0x204D2,untraced,LOW,,FUN_4FA02,,X,,,Limiters :: Ignition-Cut Pattern (mode 3) per Gear x Cyl parameter #17,Read by FUN_4FA02; the trace could not resolve how the value is used (indirect or structure access). Purpose unknown - leave stock.
0x18B79B,8,0x204D3,untraced,LOW,,FUN_4FA02,,X,,,Limiters :: Ignition-Cut Pattern (mode 3) per Gear x Cyl parameter #18,Read by FUN_4FA02; the trace could not resolve how the value is used (indirect or structure access). Purpose unknown - leave stock.
0x18B79C,8,0x204D4,untraced,LOW,,FUN_4FA02,,X,,,Limiters :: Ignition-Cut Pattern (mode 3) per Gear x Cyl parameter #19,Read by FUN_4FA02; the trace could not resolve how the value is used (indirect or structure access). Purpose unknown - leave stock.
0x18B79D,8,0x204D5,untraced,LOW,,FUN_4FA02,,X,,,Limiters :: Ignition-Cut Pattern (mode 3) per Gear x Cyl parameter #20,Read by FUN_4FA02; the trace could not resolve how the value is used (indirect or structure access). Purpose unknown - leave stock.
0x18B79E,8,0x204D6,untraced,LOW,,FUN_4FA02,,X,,,Limiters :: Ignition-Cut Pattern (mode 3) per Gear x Cyl parameter #21,Read by FUN_4FA02; the trace could not resolve how the value is used (indirect or structure access). Purpose unknown - leave stock.
0x18B79F,8,0x204D7,untraced,LOW,,FUN_4FA02,,X,,,Limiters :: Ignition-Cut Pattern (mode 3) per Gear x Cyl parameter #22,Read by FUN_4FA02; the trace could not resolve how the value is used (indirect or structure access). Purpose unknown - leave stock.
0x18B7A0,8,0x204D8,untraced,LOW,,FUN_4FA02,,X,,,Limiters :: Ignition-Cut Pattern (mode 3) per Gear x Cyl parameter #23,Read by FUN_4FA02; the trace could not resolve how the value is used (indirect or structure access). Purpose unknown - leave stock.
0x18B7A1,8,0x204D9,untraced,LOW,,FUN_4FA02,,X,,,Limiters :: Ignition-Cut Pattern (mode 3) per Gear x Cyl parameter #24,Read by FUN_4FA02; the trace could not resolve how the value is used (indirect or structure access). Purpose unknown - leave stock.
0x18B7A2,8,0x204DA,untraced,LOW,,FUN_4FA02,,X,,,Limiters :: Ignition-Cut Pattern (mode 3) per Gear x Cyl parameter #25,Read by FUN_4FA02; the trace could not resolve how the value is used (indirect or structure access). Purpose unknown - leave stock.
0x18B7A3,8,0x204DB,untraced,LOW,,FUN_4FA02,,X,,,Limiters :: Ignition-Cut Pattern (mode 3) per Gear x Cyl parameter #26,Read by FUN_4FA02; the trace could not resolve how the value is used (indirect or structure access). Purpose unknown - leave stock.
0x18B7A4,8,0x204DC,untraced,LOW,,FUN_4FA02,,X,,,Limiters :: Ignition-Cut Pattern (mode 3) per Gear x Cyl parameter #27,Read by FUN_4FA02; the trace could not resolve how the value is used (indirect or structure access). Purpose unknown - leave stock.
0x18B7A5,8,0x204DD,untraced,LOW,,FUN_4FA02,,X,,,Limiters :: Ignition-Cut Pattern (mode 3) per Gear x Cyl parameter #28,Read by FUN_4FA02; the trace could not resolve how the value is used (indirect or structure access). Purpose unknown - leave stock.
0x18B7A6,8,0x204DE,untraced,LOW,,FUN_4FA02,,X,,,Limiters :: Ignition-Cut Pattern (mode 3) per Gear x Cyl parameter #29,Read by FUN_4FA02; the trace could not resolve how the value is used (indirect or structure access). Purpose unknown - leave stock.
0x18B7A7,8,0x204DF,untraced,LOW,,FUN_4FA02,,X,,,Limiters :: Ignition-Cut Pattern (mode 3) per Gear x Cyl parameter #30,Read by FUN_4FA02; the trace could not resolve how the value is used (indirect or structure access). Purpose unknown - leave stock.
0x18B7A8,8,0x204E0,untraced,LOW,,FUN_4FA02,,X,,,Limiters :: Ignition-Cut Pattern (mode 3) per Gear x Cyl parameter #31,Read by FUN_4FA02; the trace could not resolve how the value is used (indirect or structure access). Purpose unknown - leave stock.
0x18B7A9,8,0x204E1,untraced,LOW,,FUN_4FA02,,X,,,Limiters :: Ignition-Cut Pattern (mode 3) per Gear x Cyl parameter #32,Read by FUN_4FA02; the trace could not resolve how the value is used (indirect or structure access). Purpose unknown - leave stock.
0x18B7AA,8,0x204E2,switch,HIGH,,FUN_4FBCC,if ((((((iVar2 == 1) || (iVar3 == 1)) || (iVar4 == 1)) || ((bVar10 == 1 || (iVar6 == 1)))) || ((iVar7 == 1 || ((iVar8 == 1 || (cVar1 == '\x0,X,,,SWITCH Limiters :: FUN_4FBCC option byte (0x80 = on) #1,"Tested for 0x80: 0x80 = function ON, anything else = OFF."
0x18B7AB,8,0x204E3,threshold,HIGH,fef026bd = Coolant temperature (ECT),FUN_4FD0E,if ((((DAT_ram_fef02600 < DAT_ram_0018b69a) || (DAT_ram_0018b69e <= DAT_ram_fef0258e)) || (DAT_ram_fef0258e < DAT_ram_0018b69c)) || ((DAT_ra,X,,,Ignition :: IAT Timing Correction Gate coolant-temp threshold #5,Compared with fef026bd = Coolant temperature (ECT) (meaning verified from the code that writes it).
0x18B7AC,8,0x204E4,switch,HIGH,,FUN_4EC50,if (((((DAT_ram_0018b7ac == -0x80) && ((DAT_ram_fef014d5 & 1) != 0)) && ((DAT_ram_f,X,,,SWITCH Ignition :: FUN_4EC50 option byte (0x80 = on) #1,"Tested for 0x80: 0x80 = function ON, anything else = OFF."
0x18B7AD,8,0x204E5,untraced,LOW,,FUN_4E8EE,,X,,,Ignition :: FUN_4E8EE gear mask #1,Read by FUN_4E8EE; the trace could not resolve how the value is used (indirect or structure access). Purpose unknown - leave stock.
0x18B7AE,8,0x204E6,untraced,LOW,,FUN_4E73A,,X,,,Ignition :: FUN_4E73A parameter #1,Read by FUN_4E73A; the trace could not resolve how the value is used (indirect or structure access). Purpose unknown - leave stock.
0x18B7AF,8,0x204E7,untraced,LOW,,FUN_4E860,,X,,,Ignition :: FUN_4E860 parameter #1,Read by FUN_4E860; the trace could not resolve how the value is used (indirect or structure access). Purpose unknown - leave stock.
0x18B7B0,8,0x204E8,count,HIGH,fef014df,FUN_4F058,if (iVar3 == 0) { if ((DAT_ram_fef014d4 & 0x10) == 0) { if (DAT_ram_0018b7b0 <= DAT_ram_fef014df) { DAT_ram_fef014df = 0,X,,,Ignition :: FUN_4F058 debounce/timer count #1,"Compared with fef014df, a counter the code steps by 1 each cycle, so this is a cycle count (debounce/delay), not a sensor value."
0x18B7B1,8,0x204E9,limit,MEDIUM,,FUN_4F058,"bVar2 = FUN_ram_00091954(uVar5 - DAT_ram_0018b7b1,0)",X,,,Ignition :: FUN_4F058 clamp/limit value #2,Used as a limit or operand inside a saturating calculation.
0x18B7B2,8,0x204EA,default,HIGH,fef014d7,FUN_4EF36,DAT_ram_fef014d7 = DAT_ram_0018b7b2,X,,,Ignition :: FUN_4EF36 value written to fef014d7 #1,"Written directly into RAM fef014d7 (initial, fallback or target value). Writer of fef014d7: FUN_4EF36 (expr)."
0x18B7B3,8,0x204EB,arith,MEDIUM,fef014d7,FUN_4EF36,"if ((((DAT_ram_fef026c2 != '\x02') && (DAT_ram_fef014d7 = DAT_ram_0018b7b3, DAT_ram_fef026c2 != '\x04')) && (DAT_ram_fef014d7 = DAT_ram_0018",X,,,Ignition :: FUN_4EF36 factor in fef014d7 #2,"Used in the expression that computes RAM fef014d7 (gain, offset or per-case value)."
0x18B7B4,8,0x204EC,arith,MEDIUM,fef014d7,FUN_4EF36,"if ((((DAT_ram_fef026c2 != '\x02') && (DAT_ram_fef014d7 = DAT_ram_0018b7b3, DAT_ram_fef026c2 != '\x04')) && (DAT_ram_fef014d7 = DAT_ram_0018",X,,,Ignition :: FUN_4EF36 factor in fef014d7 #3,"Used in the expression that computes RAM fef014d7 (gain, offset or per-case value)."
0x18B7B5,8,0x204ED,arith,MEDIUM,fef014d7,FUN_4EF36,"if ((((DAT_ram_fef026c2 != '\x02') && (DAT_ram_fef014d7 = DAT_ram_0018b7b3, DAT_ram_fef026c2 != '\x04')) && (DAT_ram_fef014d7 = DAT_ram_0018",X,,,Ignition :: FUN_4EF36 factor in fef014d7 #4,"Used in the expression that computes RAM fef014d7 (gain, offset or per-case value)."
0x18B7B6,8,0x204EE,arith,MEDIUM,fef014d7,FUN_4EF36,"if ((((DAT_ram_fef026c2 != '\x02') && (DAT_ram_fef014d7 = DAT_ram_0018b7b3, DAT_ram_fef026c2 != '\x04')) && (DAT_ram_fef014d7 = DAT_ram_0018",X,,,Ignition :: FUN_4EF36 factor in fef014d7 #5,"Used in the expression that computes RAM fef014d7 (gain, offset or per-case value)."
0x18B7B7,8,0x204EF,arith,MEDIUM,fef014d7,FUN_4EF36,"if ((((DAT_ram_fef026c2 != '\x02') && (DAT_ram_fef014d7 = DAT_ram_0018b7b3, DAT_ram_fef026c2 != '\x04')) && (DAT_ram_fef014d7 = DAT_ram_0018",X,,,Ignition :: FUN_4EF36 factor in fef014d7 #6,"Used in the expression that computes RAM fef014d7 (gain, offset or per-case value)."
0x18B7B8,8,0x204F0,count,HIGH,fef014e0,FUN_4F058,} else { if (DAT_ram_0018b7b8 <= DAT_ram_fef014e0) { DAT_ram_fef014e0 = 0,X,,,Ignition :: FUN_4F058 debounce/timer count #3,"Compared with fef014e0, a counter the code steps by 1 each cycle, so this is a cycle count (debounce/delay), not a sensor value."
0x18B7B9,8,0x204F1,limit,MEDIUM,,FUN_4F058,if (uVar5 < (uVar4 & 0xff)) { bVar2 = FUN_ram_000919b6(DAT_ram_0018b7b9 + uVar5),X,,,Ignition :: FUN_4F058 clamp/limit value #4,Used as a limit or operand inside a saturating calculation.
0x18B7BA,8,0x204F2,cmp_local,MEDIUM,,FUN_4EFC2,} if (uVar1 != 2) { uVar1 = (uVar1 != 3) + uVar1 * (uVar1 == 3),X,,,Ignition :: Per-Gear Retard threshold (computed input) #3,Compared with a value computed inside the function (not a single RAM variable).
0x18B7BB,8,0x204F3,cmp_local,MEDIUM,,FUN_4EFC2,} if (uVar1 != 2) { uVar1 = (uVar1 != 3) + uVar1 * (uVar1 == 3),X,,,Ignition :: Per-Gear Retard threshold (computed input) #4,Compared with a value computed inside the function (not a single RAM variable).
0x18B7BC,8,0x204F4,cmp_local,MEDIUM,,FUN_4EFC2,} if (uVar1 != 2) { uVar1 = (uVar1 != 3) + uVar1 * (uVar1 == 3),X,,,Ignition :: Per-Gear Retard threshold (computed input) #5,Compared with a value computed inside the function (not a single RAM variable).
0x18B7BD,8,0x204F5,cmp_local,MEDIUM,,FUN_4EFC2,} if (uVar1 != 2) { uVar1 = (uVar1 != 3) + uVar1 * (uVar1 == 3),X,,,Ignition :: Per-Gear Retard threshold (computed input) #6,Compared with a value computed inside the function (not a single RAM variable).
0x18B7BE,8,0x204F6,cmp_local,MEDIUM,,FUN_4EFC2,} if (uVar1 != 2) { uVar1 = (uVar1 != 3) + uVar1 * (uVar1 == 3),X,,,Ignition :: Per-Gear Retard threshold (computed input) #7,Compared with a value computed inside the function (not a single RAM variable).
0x18B7BF,8,0x204F7,cmp_local,MEDIUM,,FUN_4EFC2,} if (uVar1 != 2) { uVar1 = (uVar1 != 3) + uVar1 * (uVar1 == 3),X,,,Ignition :: Per-Gear Retard threshold (computed input) #8,Compared with a value computed inside the function (not a single RAM variable).
0x18B7C0,8,0x204F8,untraced,LOW,,FUN_4D11C,,X,,,SWITCH Traction Control :: FUN_4CA4E option byte (0x80 = on) #1,"Read by FUN_4D11C, FUN_4CA4E; the trace could not resolve how the value is used (indirect or structure access). Purpose unknown - leave stock."
0x18B7C1,8,0x204F9,switch,HIGH,,FUN_4CBD2,if ((cVar1 != -0x80) && ((DAT_ram_fef013a8 & 1) != 0)) { if ((((DAT_ram_fef013a8 & 2) != 0) && ((((DAT_ram_fef013a8 & 4) != 0 && ((DAT_ram_f,X,,,SWITCH Traction Control :: FUN_4CBD2 option byte (0x80 = on) #1,"Tested for 0x80: 0x80 = function ON, anything else = OFF."
0x18B7C2,8,0x204FA,count,HIGH,fef013bb,FUN_4CA10,if (DAT_ram_fef013bb < DAT_ram_0018b7c2) { bVar1 = DAT_ram_fef013aa & 0xfb,X,,,Traction Control :: FUN_4CA10 debounce/timer count #1,"Compared with fef013bb, a counter the code steps by 1 each cycle, so this is a cycle count (debounce/delay), not a sensor value."
0x18B7C5,8,0x204FB,switch,HIGH,,FUN_4DDFC,"if (cVar13 == -0x80) { uVar21 = FUN_ram_00091a82(DAT_ram_fef01366 + iVar22 + -0x8000,0xffff,0)",X,,,SWITCH Traction Control :: FUN_4DDFC option byte (0x80 = on) #2,"Tested for 0x80: 0x80 = function ON, anything else = OFF."
0x18B7C6,8,0x204FC,arith,MEDIUM,fef013bc,FUN_4CE34,if (uVar3 < (bVar5 + uVar2 * !bVar5 + -1)) { DAT_ram_fef013bc = DAT_ram_fef013bc + 1,X,,,Traction Control :: FUN_4CE34 factor in fef013bc #1,"Used in the expression that computes RAM fef013bc (gain, offset or per-case value)."
0x18B7C7,8,0x204FD,cmp_local,MEDIUM,,FUN_4D246,bVar7 = 0x31 < DAT_ram_0018b7c7 - 1,X,,,Traction Control :: FUN_4D246 threshold (computed input) #1,Compared with a value computed inside the function (not a single RAM variable).
0x18B7C8,8,0x204FE,switch,HIGH,,FUN_4D374,if ((DAT_ram_0018b7c8 == -0x80) && ((DAT_ram_fef013a9 & 8) == 0)) { if (DAT_ram_0018b70a <= DAT_ram_fef0139c) { DAT_ram_fef013a9 = DAT_ram_f,X,,,SWITCH Traction Control :: FUN_4D374 option byte (0x80 = on) #2,"Tested for 0x80: 0x80 = function ON, anything else = OFF."
0x18B7C9,8,0x204FF,switch,HIGH,,FUN_4D4A4,if ((iVar5 == 0) && (cVar2 != -0x80)) { if (((DAT_ram_fef013aa & 0x20) != 0) && (((uVar1 <= uVar3 && (iVar6 == 0)) && ((DAT_ram_fef013a9 & 0,X,,,SWITCH Traction Control :: FUN_4D4A4 option byte (0x80 = on) #2,"Tested for 0x80: 0x80 = function ON, anything else = OFF."
0x18B7CA,8,0x20500,count,HIGH,fef013ad,FUN_4D458,if (DAT_ram_fef013ad < DAT_ram_0018b7ca) { bVar1 = DAT_ram_fef013aa & 0x7f,X,,,Traction Control :: FUN_4D458 debounce/timer count #2,"Compared with fef013ad, a counter the code steps by 1 each cycle, so this is a cycle count (debounce/delay), not a sensor value."
0x18B7CB,8,0x20501,count,HIGH,fef013ae,FUN_4D53E,} if (DAT_ram_fef026c2 == DAT_ram_fef013ba) { if (DAT_ram_0018b7cb <= DAT_ram_fef013ae) { DAT_ram_fef013ac = DAT_ram_fef013ac & 0xf7,X,,,Traction Control :: FUN_4D53E debounce/timer count #4,"Compared with fef013ae, a counter the code steps by 1 each cycle, so this is a cycle count (debounce/delay), not a sensor value."
0x18C474,16,0x20502,threshold,HIGH,fef02594 = Engine speed,FUN_52F74,if (((uVar9 == 1) && (uVar7 == 0)) && (DAT_ram_0018c474 + DAT_ram_fef016ea <= DAT_ram_fef02594)) { iVar5 = FUN_ram_00091d8a(&DAT_ram_0018ba8,X/2.56,RPM,0,Idle Control :: FUN_52F74 RPM threshold #1,Compared with fef02594 = Engine speed (meaning verified from the code that writes it).
0x18C476,16,0x20503,threshold,HIGH,fef02594 = Engine speed,FUN_5303C,FUN_ram_00052e5c(bVar6 + iVar2 * (uVar4 + uVar1 < uVar3) * !bVar6),X/2.56,RPM,0,Idle Control :: FUN_5303C RPM threshold #1,Compared with fef02594 = Engine speed (meaning verified from the code that writes it).
0x18C478,16,0x20504,threshold,HIGH,fef02594 = Engine speed,FUN_5303C,bVar6 = uVar5 + uVar1 <= uVar3,X/2.56,RPM,0,Idle Control :: FUN_5303C RPM threshold #2,Compared with fef02594 = Engine speed (meaning verified from the code that writes it).
0x18C47A,16,0x20505,threshold,HIGH,fef025ec = Grip (accelerator) position,FUN_52EE4,if (((DAT_ram_fef025ec < DAT_ram_0018c47a) + -((DAT_ram_fef016a4 << 0x1c) >> 0x1f),X/364.08,,,Idle Control :: FUN_52EE4 grip threshold #1,Compared with fef025ec = Grip (accelerator) position (meaning verified from the code that writes it).
0x18C47C,16,0x20506,threshold,HIGH,fef025ec = Grip (accelerator) position,FUN_52EE4,if (((DAT_ram_fef025ec < DAT_ram_0018c47a) + -((DAT_ram_fef016a4 << 0x1c) >> 0x1f),X/364.08,,,Idle Control :: FUN_52EE4 grip threshold #2,Compared with fef025ec = Grip (accelerator) position (meaning verified from the code that writes it).
0x18C47E,16,0x20507,threshold_unk,MEDIUM,fef025f8,FUN_538C4,if (((((((((iVar23 == 1) && (iVar24 == 0)) && (iVar25 == 0)) && ((iVar26 == 0 && (iVar27 == 0)))) && (cVar5 == '\0')) && (((cVar6 == '\0' &&,X,,,Idle Control :: FUN_538C4 threshold vs fef025f8 #1,"Compared with RAM fef025f8, whose meaning is not identified yet (written by FUN_763D4 (alias of fef0277c))."
0x18C480,16,0x20508,untraced,LOW,,FUN_53C2E,,X,,,Idle Control :: FUN_53C2E parameter #1,Read by FUN_53C2E; the trace could not resolve how the value is used (indirect or structure access). Purpose unknown - leave stock.
0x18C482,16,0x20509,untraced,LOW,,FUN_53C2E,,X,,,Idle Control :: FUN_53C2E parameter #2,Read by FUN_53C2E; the trace could not resolve how the value is used (indirect or structure access). Purpose unknown - leave stock.
0x18C484,16,0x2050A,cmp_local,MEDIUM,,FUN_53B4A,if (((sVar4 < bVar1) && (iVar5 < uVar8)) && (uVar9 < iVar6)) { uVar13 = uVar12,X,,,Idle Control :: FUN_53B4A threshold (computed input) #1,Compared with a value computed inside the function (not a single RAM variable).
0x18C486,16,0x2050B,cmp_local,MEDIUM,,FUN_53B4A,if (((sVar4 < bVar1) && (iVar5 < uVar8)) && (uVar9 < iVar6)) { uVar13 = uVar12,X,,,Idle Control :: FUN_53B4A threshold (computed input) #2,Compared with a value computed inside the function (not a single RAM variable).
0x18C488,16,0x2050C,arith,MEDIUM,fef016fa,FUN_5368E,if ((DAT_ram_fef08375 & 0x10) == 0) { DAT_ram_fef016fa = FUN_ram_00091a82(DAT_ram_f,X,,,Idle Control :: Idle Ignition Control Parameter factor in fef016fa #1,"Used in the expression that computes RAM fef016fa (gain, offset or per-case value)."
0x18C48A,16,0x2050D,arith,MEDIUM,fef016fa,FUN_5368E,if ((DAT_ram_fef08375 & 0x10) == 0) { DAT_ram_fef016fa = FUN_ram_00091a82(DAT_ram_f,X,,,Idle Control :: Idle Ignition Control Parameter factor in fef016fa #2,"Used in the expression that computes RAM fef016fa (gain, offset or per-case value)."
0x18C48C,16,0x2050E,threshold_unk,MEDIUM,fef016fa,FUN_53538,if (DAT_ram_fef016fa < uVar12) { uVar7 = FUN_ram_00091960(uVar12 - uVar10),X,,,Idle Control :: Idle Ignition Control Parameter threshold vs fef016fa #3,"Compared with RAM fef016fa, whose meaning is not identified yet (written by FUN_5367C (alias of fef016de))."
0x18C48E,16,0x2050F,default,HIGH,fef08462,FUN_53264,DAT_ram_fef016aa = DAT_ram_0018c48e,X,,,Idle Control :: FUN_53264 value written to fef08462 #1,"Written directly into RAM fef08462 (initial, fallback or target value). Writer of fef08462: FUN_60642 (expr)."
0x18C490,16,0x20510,threshold_unk,MEDIUM,fef01e90,FUN_53264,if ((((DAT_ram_0018c4c9 == -0x80) && (DAT_ram_fef01f73 != '\0')) && (DAT_ram_0018c490 <= DAT_ram_fef01e90)) && (DAT_ram_fef01e90 <= DAT_ram_,X,,,Idle Control :: FUN_53264 threshold vs fef01e90 #2,"Compared with RAM fef01e90, whose meaning is not identified yet (written by FUN_5EFFE (alias of fef08462))."
0x18C492,16,0x20511,threshold_unk,MEDIUM,fef01e90,FUN_53264,if ((((DAT_ram_0018c4c9 == -0x80) && (DAT_ram_fef01f73 != '\0')) && (DAT_ram_0018c490 <= DAT_ram_fef01e90)) && (DAT_ram_fef01e90 <= DAT_ram_,X,,,Idle Control :: FUN_53264 threshold vs fef01e90 #3,"Compared with RAM fef01e90, whose meaning is not identified yet (written by FUN_5EFFE (alias of fef08462))."
0x18C494,16,0x20512,threshold_unk,MEDIUM,fef016ea,FUN_532D0,if (uVar29 < uVar4) { if (uVar29 < uVar3) { if (uVar31 <= uVar18) { bVar37 = bVar9 <= bVar13,X,,,Idle Control :: Idle Ignition Control Parameter threshold vs fef016ea #4,"Compared with RAM fef016ea, whose meaning is not identified yet (written by FUN_528A6 (expr))."
0x18C496,16,0x20513,threshold_unk,MEDIUM,fef016ea,FUN_532D0,if (uVar29 < uVar4) { if (uVar29 < uVar3) { if (uVar31 <= uVar18) { bVar37 = bVar9 <= bVar13,X,,,Idle Control :: Idle Ignition Control Parameter threshold vs fef016ea #5,"Compared with RAM fef016ea, whose meaning is not identified yet (written by FUN_528A6 (expr))."
0x18C498,16,0x20514,limit,MEDIUM,,FUN_53538,uVar7 = FUN_ram_000919c2(uVar11 + uVar12),X,,,Idle Control :: Idle Ignition Control Parameter clamp/limit value #6,Used as a limit or operand inside a saturating calculation.
0x18C49A,16,0x20515,untraced,LOW,,FUN_53538,,X,,,Idle Control :: Idle Ignition Control Parameter parameter #7,Read by FUN_53538; the trace could not resolve how the value is used (indirect or structure access). Purpose unknown - leave stock.
0x18C49C,16,0x20516,arith,MEDIUM,fef016de,FUN_53538,"DAT_ram_fef016de = FUN_ram_00091a82(uVar5,uVar2,uVar1)",X,,,Idle Control :: Idle Ignition Control Parameter factor in fef016de #8,"Used in the expression that computes RAM fef016de (gain, offset or per-case value)."
0x18C49E,16,0x20517,untraced,LOW,,FUN_53538,,X,,,Idle Control :: Idle Ignition Control Parameter parameter #9,Read by FUN_53538; the trace could not resolve how the value is used (indirect or structure access). Purpose unknown - leave stock.
0x18C4A0,16,0x20518,threshold_unk,MEDIUM,fef016e0,FUN_532D0,} if (((((cVar21 == '\x01') && (bVar6 <= bVar10)) && (bVar7 <= bVar20)) && (((bVar20 <= bVar8 && (uVar15 <= uVar5)) && ((bVar36 || ((bVar38 ,X*0.9375-30,,,Idle Control :: Idle Ignition Control Parameter threshold vs fef016e0 #10,"Compared with RAM fef016e0, whose meaning is not identified yet (written by FUN_52D34 (expr of fef0169a,fef0169c)). The displayed unit was inferred earlier and is NOT confirmed by this trace."
0x18C4A4,16,0x2051A,threshold,HIGH,fef0263a = Front wheel speed (averaged),FUN_53F00,if ((DAT_ram_0018c4a4 < DAT_ram_fef0263a) && (DAT_ram_fef016fe == 0)) { bVar1 = DAT_ram_fef016d4 | 0x10,X/128,,,Idle Control :: FUN_53F00 speed threshold #1,Compared with fef0263a = Front wheel speed (averaged) (meaning verified from the code that writes it).
0x18C4A6,16,0x2051B,count,HIGH,fef016d2,FUN_53F00,if (DAT_ram_fef016d2 < DAT_ram_0018c4a6) { bVar1 = DAT_ram_fef016d4 & 0xef,X,,,Idle Control :: FUN_53F00 debounce/timer count #2,"Compared with fef016d2, a counter the code steps by 1 each cycle, so this is a cycle count (debounce/delay), not a sensor value."
0x18C4A8,16,0x2051C,threshold_unk,MEDIUM,fef025ee,FUN_53F5A,if (DAT_ram_0018c4a8 <= DAT_ram_fef025ee) { bVar1 = DAT_ram_fef016d4 & 0xfd,X,,,Idle Control :: FUN_53F5A threshold vs fef025ee #1,"Compared with RAM fef025ee, whose meaning is not identified yet (written by FUN_76BCC (expr of fef025ec,fef02798))."
0x18C4AA,16,0x2051D,threshold_unk,MEDIUM,fef025f0,FUN_541AC,if (DAT_ram_0018c4aa <= DAT_ram_fef025f0) { bVar1 = DAT_ram_fef016d4 & 0xfb,X,,,Idle Control :: FUN_541AC threshold vs fef025f0 #1,"Compared with RAM fef025f0, whose meaning is not identified yet (written by FUN_76556 (alias of fef025f0))."
0x18C4AC,16,0x2051E,threshold_unk,MEDIUM,fef02598,FUN_54172,if (DAT_ram_0018c4ac <= DAT_ram_fef02598) { bVar1 = DAT_ram_fef016d4 & 0xf7,X,,,Idle Control :: Idle Ignition Control Parameter threshold vs fef02598 #11,"Compared with RAM fef02598, whose meaning is not identified yet (written by FUN_747B6 (expr of fef0258c,fef0271e))."
0x18C4AE,16,0x2051F,threshold_unk,MEDIUM,fef02598,FUN_54094,if (DAT_ram_fef02598 < DAT_ram_0018c4ae + DAT_ram_0018c4ac) { if (uVar1 == 1) { if (DAT_ram_0018c4b0 <= DAT_ram_fef016ce) { if (DAT_ram_0018,X,,,Idle Control :: Idle Ignition Control Parameter threshold vs fef02598 #12,"Compared with RAM fef02598, whose meaning is not identified yet (written by FUN_747B6 (expr of fef0258c,fef0271e))."
0x18C4B0,16,0x20520,count,HIGH,fef016ce,FUN_54094,if (DAT_ram_fef02598 < DAT_ram_0018c4ae + DAT_ram_0018c4ac) { if (uVar1 == 1) { if (DAT_ram_0018c4b0 <= DAT_ram_fef016ce) { if (DAT_ram_0018,X,,,Idle Control :: Idle Ignition Control Parameter debounce/timer count #13,"Compared with fef016ce, a counter the code steps by 1 each cycle, so this is a cycle count (debounce/delay), not a sensor value."
0x18C4B2,16,0x20521,count,HIGH,fef016d0,FUN_54094,if (DAT_ram_fef02598 < DAT_ram_0018c4ae + DAT_ram_0018c4ac) { if (uVar1 == 1) { if (DAT_ram_0018c4b0 <= DAT_ram_fef016ce) { if (DAT_ram_0018,X,,,Idle Control :: Idle Ignition Control Parameter debounce/timer count #14,"Compared with fef016d0, a counter the code steps by 1 each cycle, so this is a cycle count (debounce/delay), not a sensor value."
0x18C4B4,16,0x20522,untraced,LOW,,FUN_54094,,X,,,Idle Control :: Idle Ignition Control Parameter parameter #15,Read by FUN_54094; the trace could not resolve how the value is used (indirect or structure access). Purpose unknown - leave stock.
0x18C4B6,16,0x20523,cmp_local,MEDIUM,,FUN_531EE,"if (param_1 < DAT_ram_0018c4b6) { uVar1 = FUN_ram_00091d8a(&PTR_DAT_ram_0000080a_ram_0018b890,param_1)",X,,,Idle Control :: FUN_531EE threshold (computed input) #1,Compared with a value computed inside the function (not a single RAM variable).
0x18C4B8,16,0x20524,default,HIGH,fef016f4,FUN_52C1E,if (DAT_ram_0018c4d4 == '\0') { DAT_ram_fef016f4 = DAT_ram_0018c4b8,X,,,Fuel :: FUN_52C1E value written to fef016f4 #1,"Written directly into RAM fef016f4 (initial, fallback or target value). Writer of fef016f4: FUN_52B5E (expr of fef01690,fef01692)."
0x18C4BA,16,0x20525,default,HIGH,fef016f4,FUN_52C1E,} else if ((DAT_ram_fef08379 << 0x1e) < 0) { DAT_ram_fef016f4 = DAT_ram_0018c4ba,X,,,Fuel :: FUN_52C1E value written to fef016f4 #2,"Written directly into RAM fef016f4 (initial, fallback or target value). Writer of fef016f4: FUN_52B5E (expr of fef01690,fef01692)."
0x18C4BC,16,0x20526,arith,MEDIUM,fef01694,FUN_52AEA,DAT_ram_fef01694 = FUN_ram_000919c2(DAT_ram_fef016f8 + DAT_ram_fef016fe + DAT_ram_0,X,,,Idle Control :: FUN_52AEA factor in fef01694 #1,"Used in the expression that computes RAM fef01694 (gain, offset or per-case value)."
0x18C4BE,16,0x20527,untraced,LOW,,FUN_52B5E,,X,,,Idle Control :: FUN_52B5E parameter #1,Read by FUN_52B5E; the trace could not resolve how the value is used (indirect or structure access). Purpose unknown - leave stock.
0x18C4C0,8,0x20528,threshold_unk,MEDIUM,fef016a8,FUN_5307C,if ((uVar5 << 0x1c) < 0) { iVar4 = (DAT_ram_0018c4c0 <= DAT_ram_fef016a8) + iVar4 * (DAT_ram_0018c4c0 > DAT_ram_fef016a8),X,,,Idle Control :: FUN_5307C threshold vs fef016a8 #1,"Compared with RAM fef016a8, whose meaning is not identified yet (written by FUN_5307C (expr))."
0x18C4C1,8,0x20529,threshold_unk,MEDIUM,fef016a9,FUN_5307C,} else { iVar4 = iVar4 * (bVar2 < bVar1),X,,,Idle Control :: FUN_5307C threshold vs fef016a9 #2,"Compared with RAM fef016a9, whose meaning is not identified yet (written by FUN_5307C (expr))."
0x18C4C2,8,0x2052A,threshold_unk,MEDIUM,fef016a6,FUN_53130,"if (((DAT_ram_fef016a4 & 1) != 0) && (uVar6 = FUN_ram_00091a92(uVar6,1), uVar5 <= uVar6)) { uVar6 = 0",X,,,Idle Control :: FUN_53130 threshold vs fef016a6 #1,"Compared with RAM fef016a6, whose meaning is not identified yet (written by writer not found)."
0x18C4C3,8,0x2052B,threshold_unk,MEDIUM,fef016c6,FUN_5384A,if (DAT_ram_fef016c6 < DAT_ram_0018c4c3) { cVar1 = (DAT_ram_fef016c2 & 1) * (DAT_ram_fef016c5 < DAT_ram_0018c4c4),X,,,Idle Control :: FUN_5384A threshold vs fef016c6 #1,"Compared with RAM fef016c6, whose meaning is not identified yet (written by FUN_537D6 (alias of fef016c6))."
0x18C4C4,8,0x2052C,threshold,HIGH,fef016c5 = copy of Coolant temperature (ECT),FUN_5384A,if (DAT_ram_fef016c6 < DAT_ram_0018c4c3) { cVar1 = (DAT_ram_fef016c2 & 1) * (DAT_ram_fef016c5 < DAT_ram_0018c4c4),X,,,Idle Control :: FUN_5384A coolant-temp threshold #2,Compared with fef016c5 = copy of Coolant temperature (ECT) (meaning verified from the code that writes it).
0x18C4C5,8,0x2052D,count,HIGH,fef016c8,FUN_53C2E,if (DAT_ram_fef016c8 < DAT_ram_0018c4c5) { return,X,,,Idle Control :: FUN_53C2E debounce/timer count #3,"Compared with fef016c8, a counter the code steps by 1 each cycle, so this is a cycle count (debounce/delay), not a sensor value."
0x18C4C6,8,0x2052E,cmp_local,MEDIUM,,FUN_53C2E,"if (cVar1 == '\0') { uVar10 = FUN_ram_000919c2(uVar6 + uVar10,0xffff)",X,,,Idle Control :: FUN_53C2E threshold (computed input) #4,Compared with a value computed inside the function (not a single RAM variable).
0x18C4C7,8,0x2052F,cmp_local,MEDIUM,,FUN_53B4A,if (((sVar4 < bVar1) && (iVar5 < uVar8)) && (uVar9 < iVar6)) { uVar13 = uVar12,X,,,Idle Control :: FUN_53B4A threshold (computed input) #3,Compared with a value computed inside the function (not a single RAM variable).
0x18C4C8,8,0x20530,switch,HIGH,,FUN_53B4A,"if (cVar2 == -0x80) { uVar13 = FUN_ram_000919c2(uVar10 + uVar13,0xffff)",X,,,SWITCH Idle Control :: FUN_53B4A option byte (0x80 = on) #4,"Tested for 0x80: 0x80 = function ON, anything else = OFF."
0x18C4C9,8,0x20531,switch,HIGH,,FUN_53264,if ((((DAT_ram_0018c4c9 == -0x80) && (DAT_ram_fef01f73 != '\0')) && (DAT_ram_0018c490 <= DAT_ram_fef01e90)) && (DAT_ram_fef01e90 <= DAT_ram_,X,,,SWITCH Idle Control :: FUN_53264 option byte (0x80 = on) #4,"Tested for 0x80: 0x80 = function ON, anything else = OFF."
0x18C4CA,8,0x20532,threshold_unk,MEDIUM,fef016af,FUN_532D0,} if (((((cVar21 == '\x01') && (bVar6 <= bVar10)) && (bVar7 <= bVar20)) && (((bVar20 <= bVar8 && (uVar15 <= uVar5)) && ((bVar36 || ((bVar38 ,X*0.9375-30,,,Idle Control :: Idle Ignition Control Parameter threshold vs fef016af #16,"Compared with RAM fef016af, whose meaning is not identified yet (written by writer not found). The displayed unit was inferred earlier and is NOT confirmed by this trace."
0x18C4CB,8,0x20533,threshold,HIGH,fef026bd = Coolant temperature (ECT),FUN_532D0,} if (((((cVar21 == '\x01') && (bVar6 <= bVar10)) && (bVar7 <= bVar20)) && (((bVar20 <= bVar8 && (uVar15 <= uVar5)) && ((bVar36 || ((bVar38 ,X*0.9375-30,,,Idle Control :: Idle Ignition Control Parameter coolant-temp threshold #17,Compared with fef026bd = Coolant temperature (ECT) (meaning verified from the code that writes it).
0x18C4CC,8,0x20534,threshold,HIGH,fef026bd = Coolant temperature (ECT),FUN_532D0,} if (((((cVar21 == '\x01') && (bVar6 <= bVar10)) && (bVar7 <= bVar20)) && (((bVar20 <= bVar8 && (uVar15 <= uVar5)) && ((bVar36 || ((bVar38 ,X*0.9375-30,,,Idle Control :: Idle Ignition Control Parameter coolant-temp threshold #18,Compared with fef026bd = Coolant temperature (ECT) (meaning verified from the code that writes it).
0x18C4CD,8,0x20535,threshold_unk,MEDIUM,fef016b2,FUN_532D0,if (uVar29 < uVar4) { if (uVar29 < uVar3) { if (uVar31 <= uVar18) { bVar37 = bVar9 <= bVar13,X,,,Idle Control :: Idle Ignition Control Parameter threshold vs fef016b2 #19,"Compared with RAM fef016b2, whose meaning is not identified yet (written by FUN_532D0 (expr))."
0x18C4CE,8,0x20536,cmp_local,MEDIUM,,FUN_53FAC,if (DAT_ram_fef026c2 == '\x02') { if (DAT_ram_0018c4ce == '\x02') goto LAB_ram_00054064,X,,,Idle Control :: Idle Ignition Control Parameter threshold (computed input) #20,Compared with a value computed inside the function (not a single RAM variable).
0x18C4CF,8,0x20537,cmp_local,MEDIUM,,FUN_53FAC,} else if (DAT_ram_fef026c2 == '\x04') { if (DAT_ram_0018c4cf == '\x02') goto LAB_ram_00054064,X,,,Idle Control :: Idle Ignition Control Parameter threshold (computed input) #21,Compared with a value computed inside the function (not a single RAM variable).
0x18C4D0,8,0x20538,cmp_local,MEDIUM,,FUN_53FAC,} else { if (DAT_ram_fef026c2 == '\b') { if (DAT_ram_0018c4d0 == '\x02') goto LAB_ram_00054064,X,,,Idle Control :: Idle Ignition Control Parameter threshold (computed input) #22,Compared with a value computed inside the function (not a single RAM variable).
0x18C4D1,8,0x20539,cmp_local,MEDIUM,,FUN_53FAC,} if (DAT_ram_fef026c2 == '\x10') { if (DAT_ram_0018c4d1 == '\x02') goto LAB_ram_00054064,X,,,Idle Control :: Idle Ignition Control Parameter threshold (computed input) #23,Compared with a value computed inside the function (not a single RAM variable).
0x18C4D2,8,0x2053A,cmp_local,MEDIUM,,FUN_53FAC,} if (DAT_ram_0018c4d2 != '\x02') { bVar2 = DAT_ram_0018c4d2 == '\x03',X,,,Idle Control :: Idle Ignition Control Parameter threshold (computed input) #24,Compared with a value computed inside the function (not a single RAM variable).
0x18C4D3,8,0x2053B,cmp_local,MEDIUM,,FUN_53FAC,} if (DAT_ram_fef026c2 != ' ') { if (DAT_ram_0018c4d3 == '\x02') goto LAB_ram_00054064,X,,,Idle Control :: Idle Ignition Control Parameter threshold (computed input) #25,Compared with a value computed inside the function (not a single RAM variable).
0x18C4D4,8,0x2053C,arith,MEDIUM,fef016f4,FUN_52C1E,if (DAT_ram_0018c4d4 == '\0') { DAT_ram_fef016f4 = DAT_ram_0018c4b8,X,,,Fuel :: FUN_52C1E factor in fef016f4 #3,"Used in the expression that computes RAM fef016f4 (gain, offset or per-case value)."
0x18C4D5,8,0x2053D,count,HIGH,fef01698,FUN_52B5E,"} else { if (DAT_ram_0018c4d5 <= DAT_ram_fef01698) { uVar2 = FUN_ram_00091aca(uVar3,DAT_ram_0018c4be)",X,,,Idle Control :: FUN_52B5E debounce/timer count #2,"Compared with fef01698, a counter the code steps by 1 each cycle, so this is a cycle count (debounce/delay), not a sensor value."
0x18C4D6,8,0x2053E,switch,HIGH,,FUN_53D8A,if ((((iVar3 == 0) && (cVar2 != '\x01')) && (iVar4 == 0)) && ((cVar1 != -0x80 || (iVar5 == 1)))) { DAT_ram_fef016cc = DAT_ram_fef016cc | 1,X,,,SWITCH Idle Control :: FUN_53D8A option byte (0x80 = on) #1,"Tested for 0x80: 0x80 = function ON, anything else = OFF."
0x18C4D7,8,0x2053F,cmp_local,MEDIUM,,FUN_53DD8,if (DAT_ram_fef026c2 == '\x02') { if (DAT_ram_0018c4d7 == '\x03') goto LAB_ram_00053e68,X,,,Idle Control :: Idle Ignition Control Parameter threshold (computed input) #26,Compared with a value computed inside the function (not a single RAM variable).
0x18C4D8,8,0x20540,cmp_local,MEDIUM,,FUN_53DD8,} else { if (DAT_ram_fef026c2 == '\x04') { if (DAT_ram_0018c4d8 == '\x03') goto LAB_ram_00053e68,X,,,Idle Control :: Idle Ignition Control Parameter threshold (computed input) #27,Compared with a value computed inside the function (not a single RAM variable).
0x18C4D9,8,0x20541,cmp_local,MEDIUM,,FUN_53DD8,} else if (DAT_ram_fef026c2 == '\b') { if (DAT_ram_0018c4d9 == '\x03') goto LAB_ram_00053e68,X,,,Idle Control :: Idle Ignition Control Parameter threshold (computed input) #28,Compared with a value computed inside the function (not a single RAM variable).
0x18C4DA,8,0x20542,cmp_local,MEDIUM,,FUN_53DD8,} else if (DAT_ram_fef026c2 == '\x10') { if (DAT_ram_0018c4da == '\x03') goto LAB_ram_00053e68,X,,,Idle Control :: Idle Ignition Control Parameter threshold (computed input) #29,Compared with a value computed inside the function (not a single RAM variable).
0x18C4DB,8,0x20543,cmp_local,MEDIUM,,FUN_53DD8,} else if (DAT_ram_fef026c2 == ' ') { if (DAT_ram_0018c4db == '\x03') { LAB_ram_00053e68: puVar1 = &DAT_ram_0018be98,X,,,Idle Control :: Idle Ignition Control Parameter threshold (computed input) #30,Compared with a value computed inside the function (not a single RAM variable).
0x18C4DC,8,0x20544,cmp_local,MEDIUM,,FUN_53DD8,} else { if (DAT_ram_0018c4dc == '\x03') goto LAB_ram_00053e68,X,,,Idle Control :: Idle Ignition Control Parameter threshold (computed input) #31,Compared with a value computed inside the function (not a single RAM variable).
0x18C4DD,8,0x20545,threshold_unk,MEDIUM,fef0168e,FUN_528A6,"if (DAT_ram_fef0168a <= DAT_ram_fef0168c) { if (bVar1 <= DAT_ram_fef0168e) { uVar11 = FUN_ram_00091a6c(uVar11 - bVar2,param_2,DAT_ram_fef083",X,,,Idle Control :: FUN_528A6 threshold vs fef0168e #1,"Compared with RAM fef0168e, whose meaning is not identified yet (written by FUN_528A6 (alias of fef0168e))."
0x18C4DE,8,0x20546,limit,MEDIUM,,FUN_528A6,"if (DAT_ram_fef0168a <= DAT_ram_fef0168c) { if (bVar1 <= DAT_ram_fef0168e) { uVar11 = FUN_ram_00091a6c(uVar11 - bVar2,param_2,DAT_ram_fef083",X,,,Idle Control :: FUN_528A6 clamp/limit value #2,Used as a limit or operand inside a saturating calculation.
0x18C4E0,16,0x20547,count,HIGH,fef01894,FUN_5ACB0,if (((iVar1 == 0) && (-1 < (DAT_ram_fef021c1 << 0x1d))) && (DAT_ram_0018c4e0 <= DAT_ram_fef01894)) { FUN_ram_00059cf4(),X,,,ECU Settings :: FUN_5ACB0 debounce/timer count #1,"Compared with fef01894, a counter the code steps by 1 each cycle, so this is a cycle count (debounce/delay), not a sensor value."
0x18C4E2,16,0x20548,threshold,HIGH,fef025d2 = Throttle or grip angle (selected),FUN_5698E,if (DAT_ram_fef01a66 < 2) { if (DAT_ram_fef01a66 == 0) { if ((((iVar6 == 1) && (uVar1 < uVar4)) && (DAT_ram_0018c50b == -0x80)) && ((DAT_ram,X/364.08,,,ECU Settings :: FUN_5698E throttle threshold #1,Compared with fef025d2 = Throttle or grip angle (selected) (meaning verified from the code that writes it).
0x18C4E4,16,0x20549,threshold,HIGH,fef025d2 = Throttle or grip angle (selected),FUN_566AC,if (DAT_ram_0018c4e4 < DAT_ram_fef025d2) { uVar6 = 0,X/364.08,,,ECU Info :: FUN_566AC throttle threshold #1,Compared with fef025d2 = Throttle or grip angle (selected) (meaning verified from the code that writes it).
0x18C4E6,16,0x2054A,threshold,HIGH,fef025d2 = Throttle or grip angle (selected),FUN_566AC,} if ((uVar8 == 1) && (uVar1 < uVar3)) { bVar9 = (uVar4 * 0x14) <= uVar2,X/364.08,,,ECU Info :: FUN_566AC throttle threshold #2,Compared with fef025d2 = Throttle or grip angle (selected) (meaning verified from the code that writes it).
0x18C4E8,16,0x2054B,arith,MEDIUM,fef01c04,FUN_5477A,if ((((cVar4 == '\x01') || (cVar4 == '\x02')) || (cVar4 == '\x03')) || ((((DAT_ram_fef021c1 & 4) != 0 || (uVar5 < uVar1)) || (cVar3 != -0x80,X,,,Idle Control :: FUN_5477A factor in fef01c04 #1,"Used in the expression that computes RAM fef01c04 (gain, offset or per-case value)."
0x18C4EA,16,0x2054C,count,HIGH,fef01c04,FUN_5477A,} else { if (uVar2 <= DAT_ram_fef01c04) { FUN_ram_00054824(1),X,,,Idle Control :: FUN_5477A debounce/timer count #2,"Compared with fef01c04, a counter the code steps by 1 each cycle, so this is a cycle count (debounce/delay), not a sensor value."
0x18C4EC,16,0x2054D,threshold_unk,MEDIUM,fef025f8,FUN_546CA,"if (((((DAT_ram_fef021c1 & 4) == 0) && (DAT_ram_fef02a22 != '\x02')) && (iVar4 = FUN_ram_00074b4a(), iVar4 == 0)) && (((iVar4 = FUN_ram_0007",X,,,Idle Control :: FUN_546CA threshold vs fef025f8 #1,"Compared with RAM fef025f8, whose meaning is not identified yet (written by FUN_763D4 (alias of fef0277c))."
0x18C4EE,16,0x2054E,count,HIGH,fef01c00,FUN_546CA,"if (((((DAT_ram_fef021c1 & 4) == 0) && (DAT_ram_fef02a22 != '\x02')) && (iVar4 = FUN_ram_00074b4a(), iVar4 == 0)) && (((iVar4 = FUN_ram_0007",X,,,Idle Control :: FUN_546CA debounce/timer count #2,"Compared with fef01c00, a counter the code steps by 1 each cycle, so this is a cycle count (debounce/delay), not a sensor value."
0x18C4F0,16,0x2054F,threshold,HIGH,fef025c0 = Atmospheric pressure (AP),FUN_548E4,FUN_ram_0005492c(DAT_ram_0018c4f0 <= DAT_ram_fef025c0),(X-7862)/393.14,,,Diagnostics - DTC Lamp Control :: FUN_548E4 pressure threshold #1,Compared with fef025c0 = Atmospheric pressure (AP) (meaning verified from the code that writes it).
0x18C4F2,16,0x20550,threshold,HIGH,fef0258e = Engine speed,FUN_54890,FUN_ram_000548cc(DAT_ram_0018c4f2 <= DAT_ram_fef0258e),X/2.56,,,Diagnostics - DTC Lamp Control :: FUN_54890 RPM threshold #1,Compared with fef0258e = Engine speed (meaning verified from the code that writes it).
0x18C4F4,16,0x20551,threshold,HIGH,fef025a8 = filtered copy of Supply voltage (ADC ch03),FUN_54B10,FUN_ram_00054b66(DAT_ram_0018c4f4 <= DAT_ram_fef025a8 && DAT_ram_fef025a8 < DAT_ram,X/51.2,V,2,Diagnostics - DTC Lamp Control :: FUN_54B10 voltage threshold #1,Compared with fef025a8 = filtered copy of Supply voltage (ADC ch03) (meaning verified from the code that writes it).
0x18C4F6,16,0x20552,threshold,HIGH,fef025a8 = filtered copy of Supply voltage (ADC ch03),FUN_54B10,FUN_ram_00054b66(DAT_ram_0018c4f4 <= DAT_ram_fef025a8 && DAT_ram_fef025a8 < DAT_ram,X/51.2,V,2,Diagnostics - DTC Lamp Control :: FUN_54B10 voltage threshold #2,Compared with fef025a8 = filtered copy of Supply voltage (ADC ch03) (meaning verified from the code that writes it).
0x18C4F8,16,0x20553,threshold,HIGH,fef0258c = Engine speed,FUN_AAB6E,if ((((uVar1 < uVar4) && (uVar4 < uVar2)) && ((cVar3 != -0x80 || (cVar5 == '\x01')))) && (iVar7 != 1)) { bVar6 = DAT_ram_0018c506 <= DAT_ram,X/2.56,,,Diagnostics - OBD / Communication :: FUN_AAB6E RPM threshold #1,Compared with fef0258c = Engine speed (meaning verified from the code that writes it).
0x18C506,16,0x2055A,threshold,HIGH,fef025a6 = Supply voltage (ADC ch03),FUN_A3C4A,if ((((iVar3 == 1) && (iVar6 != 1)) && (cVar1 == -0x80)) && ((iVar4 == 0 && (iVar5 == 0)))) { bVar2 = DAT_ram_0018c506 <= DAT_ram_fef025a6,X/51.2,,,ECU Settings :: FUN_56768 voltage voltage threshold #1,Compared with fef025a6 = Supply voltage (ADC ch03) (meaning verified from the code that writes it).
0x18C508,16,0x2055B,threshold_unk,MEDIUM,fef01c2a,FUN_56A54,if ((iVar3 == 0) && (cVar2 == -0x80)) { bVar4 = uVar1 <= DAT_ram_fef01c2a,X,,,ECU Settings :: FUN_56A54 threshold vs fef01c2a #1,"Compared with RAM fef01c2a, whose meaning is not identified yet (written by FUN_56A54 (expr))."
0x18C50B,8,0x2055C,switch,HIGH,,FUN_5698E,if (DAT_ram_fef01a66 < 2) { if (DAT_ram_fef01a66 == 0) { if ((((iVar6 == 1) && (uVar1 < uVar4)) && (DAT_ram_0018c50b == -0x80)) && ((DAT_ram,X,,,SWITCH ECU Settings :: FUN_5698E option byte (0x80 = on) #2,"Tested for 0x80: 0x80 = function ON, anything else = OFF."
0x18C50C,8,0x2055D,threshold_unk,MEDIUM,fef01c25,FUN_5698E,if (DAT_ram_fef01a66 < 2) { if (DAT_ram_fef01a66 == 0) { if ((((iVar6 == 1) && (uVar1 < uVar4)) && (DAT_ram_0018c50b == -0x80)) && ((DAT_ram,X,,,ECU Settings :: FUN_5698E threshold vs fef01c25 #3,"Compared with RAM fef01c25, whose meaning is not identified yet (written by FUN_5698E (expr))."
0x18C50D,8,0x2055E,threshold_unk,MEDIUM,fef01c26,FUN_5698E,} if (iVar6 == 1) { if (bVar2 <= bVar3) { bVar8 = (DAT_ram_fef01c28 & 0x20) != 0,X,,,ECU Settings :: FUN_5698E threshold vs fef01c26 #4,"Compared with RAM fef01c26, whose meaning is not identified yet (written by FUN_5698E (expr))."
0x18C50E,8,0x2055F,arith,MEDIUM,fef01c29,FUN_56768,if ((((DAT_ram_fef01c1e <= (DAT_ram_0018c50e * 0x14)) && ((DAT_ram_fef01c28 & 1) !=,X,,,ECU Settings :: FUN_56768 factor in fef01c29 #2,"Used in the expression that computes RAM fef01c29 (gain, offset or per-case value)."
0x18C50F,8,0x20560,untraced,LOW,,FUN_566AC,,X,,,ECU Info :: FUN_566AC parameter #3,Read by FUN_566AC; the trace could not resolve how the value is used (indirect or structure access). Purpose unknown - leave stock.
0x18C510,8,0x20561,untraced,LOW,,FUN_566AC,,X,,,ECU Info :: FUN_566AC parameter #4,Read by FUN_566AC; the trace could not resolve how the value is used (indirect or structure access). Purpose unknown - leave stock.
0x18C511,8,0x20562,threshold_unk,MEDIUM,fef01c20,FUN_567BE,LAB_ram_000568b0: if (uVar9 < uVar3) goto LAB_ram_000568b4,X,,,ECU Settings :: FUN_567BE threshold vs fef01c20 #1,"Compared with RAM fef01c20, whose meaning is not identified yet (written by writer not found)."
0x18C512,8,0x20563,untraced,LOW,,FUN_567BE,,X,,,ECU Settings :: FUN_567BE parameter #2,Read by FUN_567BE; the trace could not resolve how the value is used (indirect or structure access). Purpose unknown - leave stock.
0x18C513,8,0x20564,threshold_unk,MEDIUM,fef01c22,FUN_567BE,if (uVar2 < uStack_142) { bStack_146 = bVar1 >> 7,X,,,ECU Settings :: FUN_567BE threshold vs fef01c22 #3,"Compared with RAM fef01c22, whose meaning is not identified yet (written by FUN_567BE (alias of fef01c22))."
0x18C514,8,0x20565,threshold_unk,MEDIUM,fef01c24,FUN_567BE,if (uVar11 <= bStack_148) goto LAB_ram_000568a8,X,,,ECU Settings :: FUN_567BE threshold vs fef01c24 #4,"Compared with RAM fef01c24, whose meaning is not identified yet (written by FUN_567BE (alias of fef01c24))."
0x18C515,8,0x20566,switch,HIGH,,FUN_5477A,if ((((cVar4 == '\x01') || (cVar4 == '\x02')) || (cVar4 == '\x03')) || ((((DAT_ram_fef021c1 & 4) != 0 || (uVar5 < uVar1)) || (cVar3 != -0x80,X,,,SWITCH Idle Control :: FUN_5477A option byte (0x80 = on) #3,"Tested for 0x80: 0x80 = function ON, anything else = OFF."
0x18C516,8,0x20567,switch,HIGH,,FUN_546CA,"if (((((DAT_ram_fef021c1 & 4) == 0) && (DAT_ram_fef02a22 != '\x02')) && (iVar4 = FUN_ram_00074b4a(), iVar4 == 0)) && (((iVar4 = FUN_ram_0007",X,,,SWITCH Idle Control :: FUN_546CA option byte (0x80 = on) #3,"Tested for 0x80: 0x80 = function ON, anything else = OFF."
0x18C517,8,0x20568,threshold,HIGH,fef026bd = Coolant temperature (ECT),FUN_54A34,FUN_ram_00054a8a(DAT_ram_0018c517 <= DAT_ram_fef026bd && DAT_ram_fef026bd < DAT_ram,X*0.9375-30,,,Diagnostics - DTC Lamp Control :: FUN_54A34 coolant-temp threshold #1,Compared with fef026bd = Coolant temperature (ECT) (meaning verified from the code that writes it).
0x18C518,8,0x20569,threshold,HIGH,fef026bd = Coolant temperature (ECT),FUN_54A34,FUN_ram_00054a8a(DAT_ram_0018c517 <= DAT_ram_fef026bd && DAT_ram_fef026bd < DAT_ram,X*0.9375-30,,,Diagnostics - DTC Lamp Control :: FUN_54A34 coolant-temp threshold #2,Compared with fef026bd = Coolant temperature (ECT) (meaning verified from the code that writes it).
0x18C519,8,0x2056A,threshold,HIGH,fef026bd = Coolant temperature (ECT),FUN_54AA2,FUN_ram_00054af8(DAT_ram_0018c519 <= DAT_ram_fef026bd && DAT_ram_fef026bd < DAT_ram,X*0.9375-30,,,Diagnostics - DTC Lamp Control :: FUN_54AA2 coolant-temp threshold #1,Compared with fef026bd = Coolant temperature (ECT) (meaning verified from the code that writes it).
0x18C51A,8,0x2056B,threshold,HIGH,fef026bd = Coolant temperature (ECT),FUN_54AA2,FUN_ram_00054af8(DAT_ram_0018c519 <= DAT_ram_fef026bd && DAT_ram_fef026bd < DAT_ram,X*0.9375-30,,,Diagnostics - DTC Lamp Control :: FUN_54AA2 coolant-temp threshold #2,Compared with fef026bd = Coolant temperature (ECT) (meaning verified from the code that writes it).
0x18C51B,8,0x2056C,threshold,HIGH,fef026c3 = Intake air temperature (IAT),FUN_549A4,if (((DAT_ram_fef026c3 < DAT_ram_0018c51b) || (DAT_ram_0018c51c <= DAT_ram_fef026c3)) || (DAT_ram_fef026c5 < DAT_ram_0018c51d)) { bVar1 = fa,X*0.9375-30,,,Diagnostics - DTC Lamp Control :: FUN_549A4 intake-air-temp threshold #1,Compared with fef026c3 = Intake air temperature (IAT) (meaning verified from the code that writes it).
0x18C51C,8,0x2056D,threshold,HIGH,fef026c3 = Intake air temperature (IAT),FUN_549A4,if (((DAT_ram_fef026c3 < DAT_ram_0018c51b) || (DAT_ram_0018c51c <= DAT_ram_fef026c3)) || (DAT_ram_fef026c5 < DAT_ram_0018c51d)) { bVar1 = fa,X*0.9375-30,,,Diagnostics - DTC Lamp Control :: FUN_549A4 intake-air-temp threshold #2,Compared with fef026c3 = Intake air temperature (IAT) (meaning verified from the code that writes it).
0x18C51D,8,0x2056E,threshold,HIGH,fef026c5 = Intake air temperature (copy),FUN_549A4,if (((DAT_ram_fef026c3 < DAT_ram_0018c51b) || (DAT_ram_0018c51c <= DAT_ram_fef026c3)) || (DAT_ram_fef026c5 < DAT_ram_0018c51d)) { bVar1 = fa,X,,,Diagnostics - DTC Lamp Control :: FUN_549A4 intake-air-temp threshold #3,Compared with fef026c5 = Intake air temperature (copy) (meaning verified from the code that writes it).
0x18C51E,8,0x2056F,threshold,HIGH,fef026c5 = Intake air temperature (copy),FUN_549A4,} else { bVar1 = DAT_ram_fef026c5 < DAT_ram_0018c51e,X,,,Diagnostics - DTC Lamp Control :: FUN_549A4 intake-air-temp threshold #4,Compared with fef026c5 = Intake air temperature (copy) (meaning verified from the code that writes it).
0x18C51F,8,0x20570,arith,MEDIUM,fef017cc,FUN_55834,if (DAT_ram_0018c51f == '\x01') { DAT_ram_fef017cc = DAT_ram_fef01540,X,,,Meter / CAN Outputs :: FUN_5518E factor in fef017cc #1,"Used in the expression that computes RAM fef017cc (gain, offset or per-case value)."
0x18C520,8,0x20571,arith,MEDIUM,fef01a96,FUN_556CA,"if (iVar1 == 1) { DAT_ram_fef01a96 = FUN_ram_00091a6c((DAT_ram_0018c520 + (((uVar2 - 0x40) * 0x5a) / 0x80) + 0x80),0xff,0)",X,,,SWITCH Ignition :: FUN_556CA factor in fef01a96 #1,"Used in the expression that computes RAM fef01a96 (gain, offset or per-case value)."
0x18C521,8,0x20572,arith,MEDIUM,fef01ab9,FUN_5502E,if (((DAT_ram_0018c521 & 8) == 0) || (((bVar2 & 8) != 0 && ((((iVar6 == 0 || (iVar7 == 0)) || (iVar8 == 0)) || (iVar3 != 0)))))) { DAT_ram_f,X,,,Meter / CAN Outputs :: FUN_5502E factor in fef01ab9 #1,"Used in the expression that computes RAM fef01ab9 (gain, offset or per-case value)."
0x18C522,8,0x20573,untraced,LOW,,FUN_56502,,X,,,ECU Info :: FUN_56502 parameter #1,Read by FUN_56502; the trace could not resolve how the value is used (indirect or structure access). Purpose unknown - leave stock.
0x18C523,8,0x20574,untraced,LOW,,FUN_56538,,X,,,ECU Info :: FUN_56538 parameter #1,Read by FUN_56538; the trace could not resolve how the value is used (indirect or structure access). Purpose unknown - leave stock.
0x18C524,8,0x20575,threshold,HIGH,fef026bd = Coolant temperature (ECT),FUN_AB16C,if ((((uVar1 < uVar4) && (uVar4 < uVar2)) && (iVar8 != 1)) && ((bVar3 <= bVar5 && (iVar7 == 1)))) { bVar6 = DAT_ram_0018c506 <= DAT_ram_fef0,X*0.9375-30,,,Diagnostics - OBD / Communication :: FUN_AB16C coolant-temp threshold #3,Compared with fef026bd = Coolant temperature (ECT) (meaning verified from the code that writes it).
0x18C525,8,0x20576,untraced,LOW,,,,X,,,Diagnostics - OBD / Communication :: OBD Service Config parameter #4,"No code reads this address directly (only data/pointer references), so it is probably a field inside a structure. Purpose unknown - leave stock."
0x18C526,8,0x20577,untraced,LOW,,,,X,,,Diagnostics - OBD / Communication :: OBD Service Config parameter #5,"No code reads this address directly (only data/pointer references), so it is probably a field inside a structure. Purpose unknown - leave stock."
0x18C527,8,0x20578,threshold,HIGH,fef026bd = Coolant temperature (ECT),FUN_AB5A2,if ((((iVar7 == 0) && (bVar4 <= bVar1)) && ((cVar3 != -0x80 || (cVar5 == '\x01')))) && ((iVar8 != 1 && (cVar2 == -0x80)))) { bVar6 = DAT_ram,X,,,SWITCH Diagnostics - OBD / Communication :: FUN_AB5A2 coolant-temp threshold #1,Compared with fef026bd = Coolant temperature (ECT) (meaning verified from the code that writes it).
0x18C528,8,0x20579,switch,HIGH,,FUN_55ABE,if (cVar1 == -0x80) { if ((iVar3 == 1) || (iVar4 == 1)) { uVar2 = 0,X,,,SWITCH ECU Settings :: FUN_55ABE option byte (0x80 = on) #1,"Tested for 0x80: 0x80 = function ON, anything else = OFF."
0x18C529,8,0x2057A,switch,HIGH,,FUN_55B88,"if (DAT_ram_0018c529 == -0x80) { uVar1 = FUN_ram_000919b6(0,0xff)",X,,,SWITCH ECU Settings :: FUN_55B88 option byte (0x80 = on) #1,"Tested for 0x80: 0x80 = function ON, anything else = OFF."
0x18C52A,8,0x2057B,switch,HIGH,,FUN_55BE0,"if (DAT_ram_0018c52a == -0x80) { uVar1 = FUN_ram_000919b6(DAT_ram_fef02584 >> 2,0xff)",X,,,SWITCH ECU Settings :: FUN_55BE0 option byte (0x80 = on) #1,"Tested for 0x80: 0x80 = function ON, anything else = OFF."
0x18C52B,8,0x2057C,switch,HIGH,,FUN_55C12,"if (DAT_ram_0018c52b == -0x80) { uVar1 = FUN_ram_000919b6(DAT_ram_fef0266c >> 8,0xff)",X,,,SWITCH ECU Settings :: FUN_55C12 option byte (0x80 = on) #1,"Tested for 0x80: 0x80 = function ON, anything else = OFF."
0x18C52C,8,0x2057D,switch,HIGH,,FUN_55C88,"if (DAT_ram_0018c52c == -0x80) { DAT_ram_fef01acc = FUN_ram_000919b6(DAT_ram_fef0257a >> 2,0xff)",X,,,SWITCH ECU Settings :: FUN_55C88 option byte (0x80 = on) #1,"Tested for 0x80: 0x80 = function ON, anything else = OFF."
0x18C52D,8,0x2057E,switch,HIGH,,FUN_55DA2,"if (DAT_ram_0018c52d == -0x80) { uVar1 = FUN_ram_00091a82((&UNK_ram_ffffe14a + DAT_ram_fef025cc) / 0x100 + 0x1e,0xff,0)",X,,,SWITCH ECU Info :: FUN_55DA2 option byte (0x80 = on) #1,"Tested for 0x80: 0x80 = function ON, anything else = OFF."
0x18C52E,8,0x2057F,switch,HIGH,,FUN_55DE4,if (DAT_ram_0018c52e != -0x80) { DAT_ram_fef018aa = 0xffff,X,,,SWITCH ECU Info :: FUN_55DE4 option byte (0x80 = on) #1,"Tested for 0x80: 0x80 = function ON, anything else = OFF."
0x18C52F,8,0x20580,switch,HIGH,,FUN_55B14,"if (DAT_ram_0018c52f == -0x80) { uVar1 = FUN_ram_00091a82(((DAT_ram_fef026cd - 0x1e) * 8) / 5 + 0x30,0xff,0)",X,,,SWITCH ECU Settings :: FUN_55B14 option byte (0x80 = on) #1,"Tested for 0x80: 0x80 = function ON, anything else = OFF."
0x18C530,8,0x20581,switch,HIGH,,FUN_56A54,if ((iVar3 == 0) && (cVar2 == -0x80)) { bVar4 = uVar1 <= DAT_ram_fef01c2a,X,,,SWITCH ECU Settings :: FUN_56A54 option byte (0x80 = on) #2,"Tested for 0x80: 0x80 = function ON, anything else = OFF."
0x18C531,8,0x20582,switch,HIGH,,FUN_56AD6,} else if ((cVar1 == -0x80) && (iVar3 == 1)) { DAT_ram_fef01ace = 3,X,,,SWITCH ECU Settings :: FUN_56AD6 option byte (0x80 = on) #1,"Tested for 0x80: 0x80 = function ON, anything else = OFF."
0x18CBA4,32,0x20583,untraced,LOW,,FUN_6B18E,,X,,,Ride Mode Presets :: Ride-Mode Option Table parameter #1,Read by FUN_6B18E; the trace could not resolve how the value is used (indirect or structure access). Purpose unknown - leave stock.
0x18CBA8,32,0x20584,untraced,LOW,,FUN_6B18E,,X,,,Ride Mode Presets :: Ride-Mode Option Table parameter #2,Read by FUN_6B18E; the trace could not resolve how the value is used (indirect or structure access). Purpose unknown - leave stock.
0x18CBAC,32,0x20585,untraced,LOW,,FUN_6B18E,,X,,,Ride Mode Presets :: Ride-Mode Option Table parameter #3,Read by FUN_6B18E; the trace could not resolve how the value is used (indirect or structure access). Purpose unknown - leave stock.
0x18CBB0,32,0x20586,untraced,LOW,,FUN_6B18E,,X,,,Ride Mode Presets :: Ride-Mode Option Table parameter #4,Read by FUN_6B18E; the trace could not resolve how the value is used (indirect or structure access). Purpose unknown - leave stock.
0x18CBB4,32,0x20587,untraced,LOW,,FUN_6B18E,,X,,,Ride Mode Presets :: Ride-Mode Option Table parameter #5,Read by FUN_6B18E; the trace could not resolve how the value is used (indirect or structure access). Purpose unknown - leave stock.
0x18CBB8,32,0x20588,untraced,LOW,,FUN_6B18E,,X,,,Ride Mode Presets :: Ride-Mode Option Table parameter #6,Read by FUN_6B18E; the trace could not resolve how the value is used (indirect or structure access). Purpose unknown - leave stock.
0x18CBBC,32,0x20589,untraced,LOW,,FUN_6B18E,,X,,,Ride Mode Presets :: Ride-Mode Option Table parameter #7,Read by FUN_6B18E; the trace could not resolve how the value is used (indirect or structure access). Purpose unknown - leave stock.
0x18D9F8,32,0x2058A,untraced,LOW,,FUN_5BCF2,,X,,,ECU Settings :: FUN_5BCF2 parameter #1,Read by FUN_5BCF2; the trace could not resolve how the value is used (indirect or structure access). Purpose unknown - leave stock.
0x18D9FC,32,0x2058B,untraced,LOW,,FUN_5BCF2,,X,,,ECU Settings :: FUN_5BCF2 parameter #2,Read by FUN_5BCF2; the trace could not resolve how the value is used (indirect or structure access). Purpose unknown - leave stock.
0x18DA00,16,0x2058C,threshold_unk,MEDIUM,fef021ca,FUN_6A156,} else { if (DAT_ram_fef021ca < DAT_ram_0018da00) { return,X,,,Sensors / Ride Mode / Comms :: FUN_69F02 threshold vs fef021ca #1,"Compared with RAM fef021ca, whose meaning is not identified yet (written by FUN_6A000 (alias of fef021ca))."
0x18DA02,16,0x2058D,threshold,HIGH,fef025b0 = copy of Supply voltage (ADC ch03),FUN_69DD2,"} if (uVar8 < uVar1) { uVar10 = FUN_ram_00091a92(uVar10,1)",X/51.2,V,2,Sensors / Ride Mode / Comms :: FUN_69DD2 voltage threshold #1,Compared with fef025b0 = copy of Supply voltage (ADC ch03) (meaning verified from the code that writes it).
0x18DA04,16,0x2058E,threshold_unk,MEDIUM,fef021c2,FUN_69C02,if (((uVar11 << 0x1d) < 0) && (uVar7 <= uVar3)) { bVar1 = uVar2 <= uVar5,X,,,Sensors / Ride Mode / Comms :: FUN_69C02 threshold vs fef021c2 #1,"Compared with RAM fef021c2, whose meaning is not identified yet (written by FUN_69C02 (expr))."
0x18DA06,16,0x2058F,threshold,HIGH,fef0258e = Engine speed,FUN_69C02,if (((uVar11 << 0x1d) < 0) && (uVar7 <= uVar3)) { bVar1 = uVar2 <= uVar5,X/2.56,,,Sensors / Ride Mode / Comms :: FUN_69C02 RPM threshold #2,Compared with fef0258e = Engine speed (meaning verified from the code that writes it).
0x18DA08,16,0x20590,threshold_unk,MEDIUM,fef021c4,FUN_69C02,} if ((((bVar1) && (bVar10 == 1)) && (cVar9 == '\x01')) || (cVar8 == '\0' && uVar4 <= uVar6)) { DAT_ram_fef021c1 = DAT_ram_fef021c1 | 2,X,,,Sensors / Ride Mode / Comms :: FUN_69C02 threshold vs fef021c4 #3,"Compared with RAM fef021c4, whose meaning is not identified yet (written by FUN_69C02 (expr))."
0x18DA0A,16,0x20591,threshold_unk,MEDIUM,fef021c6,FUN_69CC6,if ((iVar4 == 1) || (bVar6 && uVar1 <= uVar2)) { FUN_ram_00069b6c(0),X,,,Sensors / Ride Mode / Comms :: FUN_69CC6 threshold vs fef021c6 #1,"Compared with RAM fef021c6, whose meaning is not identified yet (written by FUN_69CC6 (expr))."
0x18DA0C,16,0x20592,threshold_unk,MEDIUM,fef0219e,FUN_5ECCC,if (iVar4 == 1) { cVar5 = (uVar1 <= uVar2) + (bVar3 & 1) * (uVar1 > uVar2),X,,,IMU / Wheel Speed :: FUN_5ECCC threshold vs fef0219e #1,"Compared with RAM fef0219e, whose meaning is not identified yet (written by FUN_5ECCC (expr))."
0x18DA0E,16,0x20593,threshold_unk,MEDIUM,fef021a2,FUN_5EE36,FUN_ram_0005ec50(iVar3 * (uVar2 < uVar1)),X,,,IMU / Wheel Speed :: FUN_5EE36 threshold vs fef021a2 #1,"Compared with RAM fef021a2, whose meaning is not identified yet (written by FUN_5EE36 (expr))."
0x18DA10,16,0x20594,threshold,HIGH,fef0258e = Engine speed,FUN_5ED1A,if (DAT_ram_0018da10 < DAT_ram_fef0258e) { if (DAT_ram_0018da12 < DAT_ram_fef0258e) { if (DAT_ram_0018da14 < DAT_ram_fef0258e) { uVar2 = DAT,X/2.56,,,IMU / Wheel Speed :: Wheel-Speed Processing RPM threshold #1,Compared with fef0258e = Engine speed (meaning verified from the code that writes it).
0x18DA12,16,0x20595,threshold,HIGH,fef0258e = Engine speed,FUN_5ED1A,if (DAT_ram_0018da10 < DAT_ram_fef0258e) { if (DAT_ram_0018da12 < DAT_ram_fef0258e) { if (DAT_ram_0018da14 < DAT_ram_fef0258e) { uVar2 = DAT,X/2.56,,,IMU / Wheel Speed :: Wheel-Speed Processing RPM threshold #2,Compared with fef0258e = Engine speed (meaning verified from the code that writes it).
0x18DA14,16,0x20596,threshold,HIGH,fef0258e = Engine speed,FUN_5ED1A,if (DAT_ram_0018da10 < DAT_ram_fef0258e) { if (DAT_ram_0018da12 < DAT_ram_fef0258e) { if (DAT_ram_0018da14 < DAT_ram_fef0258e) { uVar2 = DAT,X/2.56,,,IMU / Wheel Speed :: Wheel-Speed Processing RPM threshold #3,Compared with fef0258e = Engine speed (meaning verified from the code that writes it).
0x18DA16,16,0x20597,threshold,HIGH,fef0258e = Engine speed,FUN_5ED1A,if (DAT_ram_0018da10 < DAT_ram_fef0258e) { if (DAT_ram_0018da12 < DAT_ram_fef0258e) { if (DAT_ram_0018da14 < DAT_ram_fef0258e) { uVar2 = DAT,X/2.56,,,IMU / Wheel Speed :: Wheel-Speed Processing RPM threshold #4,Compared with fef0258e = Engine speed (meaning verified from the code that writes it).
0x18DA18,16,0x20598,threshold_unk,MEDIUM,fef021a0,FUN_5ED1A,} else { iVar3 = (uVar2 <= uVar1) + iVar3 * (uVar2 > uVar1),X,,,IMU / Wheel Speed :: Wheel-Speed Processing threshold vs fef021a0 #5,"Compared with RAM fef021a0, whose meaning is not identified yet (written by FUN_5ED1A (expr))."
0x18DA1A,16,0x20599,threshold_unk,MEDIUM,fef021a0,FUN_5ED1A,} else { iVar3 = (uVar2 <= uVar1) + iVar3 * (uVar2 > uVar1),X,,,IMU / Wheel Speed :: Wheel-Speed Processing threshold vs fef021a0 #6,"Compared with RAM fef021a0, whose meaning is not identified yet (written by FUN_5ED1A (expr))."
0x18DA1C,16,0x2059A,threshold_unk,MEDIUM,fef021a0,FUN_5ED1A,} else { iVar3 = (uVar2 <= uVar1) + iVar3 * (uVar2 > uVar1),X/2.56,,,IMU / Wheel Speed :: Wheel-Speed Processing threshold vs fef021a0 #7,"Compared with RAM fef021a0, whose meaning is not identified yet (written by FUN_5ED1A (expr)). The displayed unit was inferred earlier and is NOT confirmed by this trace."
0x18DA1E,16,0x2059B,untraced,LOW,,FUN_5ED1A,,X/2.56,,,IMU / Wheel Speed :: Wheel-Speed Processing RPM threshold #8,Read by FUN_5ED1A; the trace could not resolve how the value is used (indirect or structure access). Purpose unknown - leave stock. The displayed unit was inferred earlier and is NOT confirmed by this trace.
0x18DA20,16,0x2059C,threshold_unk,MEDIUM,fef021a0,FUN_5ED1A,} else { iVar3 = (uVar2 <= uVar1) + iVar3 * (uVar2 > uVar1),X/2.56,,,IMU / Wheel Speed :: Wheel-Speed Processing threshold vs fef021a0 #9,"Compared with RAM fef021a0, whose meaning is not identified yet (written by FUN_5ED1A (expr)). The displayed unit was inferred earlier and is NOT confirmed by this trace."
0x18DA22,16,0x2059D,threshold,HIGH,fef025a6 = Supply voltage (ADC ch03),FUN_6A3A6,if ((bVar1 == 0) && (uVar2 <= uVar3)) { if (((uVar6 << 0x1e) < 0) || ((DAT_ram_fef021d6 << 0x1c) < 0)) { bVar8 = iVar4 == 0,X/51.2,,,Quickshifter :: FUN_6A3A6 voltage voltage threshold #1,Compared with fef025a6 = Supply voltage (ADC ch03) (meaning verified from the code that writes it).
0x18DA24,16,0x2059E,threshold_unk,MEDIUM,fef021d4,FUN_6A424,if ((iVar4 == 1) && (uVar6 <= uVar7)) { bVar8 = uVar7 < uVar2,X,,,Quickshifter :: FUN_6A424 threshold vs fef021d4 #1,"Compared with RAM fef021d4, whose meaning is not identified yet (written by FUN_6A4B0 (expr))."
0x18DA26,16,0x2059F,untraced,LOW,,FUN_6A424,,X,,,Quickshifter :: FUN_6A424 parameter #2,Read by FUN_6A424; the trace could not resolve how the value is used (indirect or structure access). Purpose unknown - leave stock.
0x18DA28,16,0x205A0,threshold,HIGH,fef0258e = Engine speed,FUN_6A378,if ((iVar3 == 1) || (uVar1 <= uVar2)) { DAT_ram_fef0208c = 0xff,X/2.56,,,Quickshifter :: FUN_6A378 RPM threshold #1,Compared with fef0258e = Engine speed (meaning verified from the code that writes it).
0x18DA2A,16,0x205A1,threshold_unk,MEDIUM,fef021d4,FUN_6A424,if ((iVar4 == 1) && (uVar5 <= uVar7)) { bVar8 = uVar7 < uVar3,X,,,Quickshifter :: FUN_6A424 threshold vs fef021d4 #3,"Compared with RAM fef021d4, whose meaning is not identified yet (written by FUN_6A4B0 (expr))."
0x18DA2C,16,0x205A2,untraced,LOW,,FUN_6A424,,X,,,Quickshifter :: FUN_6A424 parameter #4,Read by FUN_6A424; the trace could not resolve how the value is used (indirect or structure access). Purpose unknown - leave stock.
0x18DA2E,16,0x205A3,cmp_local,MEDIUM,,FUN_63AAE,uVar5 = uVar6 * (uVar1 <= uVar4) + uVar7 * (uVar1 > uVar4),(X-7862)/393.14,,,Sensors / Ride Mode / Comms :: FUN_63AAE threshold (computed input) #1,Compared with a value computed inside the function (not a single RAM variable). The displayed unit was inferred earlier and is NOT confirmed by this trace.
0x18DA30,8,0x205A4,array,MEDIUM,,FUN_636D6,bVar1 = (&DAT_ram_0018da30)[uVar6],X,,,Sensors / Ride Mode / Comms :: FUN_636D6 table element #1,Part of a table the code reads by index.
0x18DA32,8,0x205A5,array,MEDIUM,,FUN_63890,cVar2 = (&DAT_ram_0018da32)[uVar19],X,,,SWITCH Sensors / Ride Mode / Comms :: FUN_63890 table element #1,Part of a table the code reads by index.
0x18DA34,8,0x205A6,array,MEDIUM,,FUN_63890,bVar21 = (&DAT_ram_0018da34)[uVar19],X,,,Sensors / Ride Mode / Comms :: FUN_63890 table element #2,Part of a table the code reads by index.
0x18DA36,8,0x205A7,array,MEDIUM,,FUN_63890,bVar3 = (&DAT_ram_0018da36)[uVar19],X,,,Sensors / Ride Mode / Comms :: FUN_63890 table element #3,Part of a table the code reads by index.
0x18DA38,16,0x205A8,default,HIGH,fef08466,FUN_60642,} DAT_ram_fef08466 = uStack_196,X,,,Sensors / Ride Mode / Comms :: EEPROM Learned-Data Store value written to fef08466 #1,"Written directly into RAM fef08466 (initial, fallback or target value). Writer of fef08466: FUN_60642 (expr)."
0x18DA3A,16,0x205A9,default,HIGH,fef08468,FUN_60642,} DAT_ram_fef08468 = uStack_194,X,,,Sensors / Ride Mode / Comms :: EEPROM Learned-Data Store value written to fef08468 #2,"Written directly into RAM fef08468 (initial, fallback or target value). Writer of fef08468: FUN_60642 (expr)."
0x18DA3C,16,0x205AA,default,HIGH,fef0846e,FUN_60642,} DAT_ram_fef0846e = uStack_18e,X,,,Sensors / Ride Mode / Comms :: EEPROM Learned-Data Store value written to fef0846e #3,"Written directly into RAM fef0846e (initial, fallback or target value). Writer of fef0846e: FUN_60642 (expr)."
0x18DA3E,16,0x205AB,default,HIGH,fef08470,FUN_60642,} DAT_ram_fef08470 = uStack_18c,X,,,Sensors / Ride Mode / Comms :: EEPROM Learned-Data Store value written to fef08470 #4,"Written directly into RAM fef08470 (initial, fallback or target value). Writer of fef08470: FUN_60642 (expr)."
0x18DA40,16,0x205AC,default,HIGH,fef08472,FUN_60642,} DAT_ram_fef08472 = uStack_18a,X,,,Sensors / Ride Mode / Comms :: EEPROM Learned-Data Store value written to fef08472 #5,"Written directly into RAM fef08472 (initial, fallback or target value). Writer of fef08472: FUN_60642 (expr)."
0x18DA42,16,0x205AD,default,HIGH,fef08474,FUN_60642,} DAT_ram_fef08474 = uStack_188,X,,,Sensors / Ride Mode / Comms :: EEPROM Learned-Data Store value written to fef08474 #6,"Written directly into RAM fef08474 (initial, fallback or target value). Writer of fef08474: FUN_60642 (expr)."
0x18DA44,16,0x205AE,default,HIGH,fef08476,FUN_60642,} DAT_ram_fef08476 = uStack_186,X,,,Sensors / Ride Mode / Comms :: EEPROM Learned-Data Store value written to fef08476 #7,"Written directly into RAM fef08476 (initial, fallback or target value). Writer of fef08476: FUN_60642 (expr)."
0x18DA46,16,0x205AF,default,HIGH,fef08478,FUN_60642,} DAT_ram_fef08478 = uStack_184,X,,,Sensors / Ride Mode / Comms :: EEPROM Learned-Data Store value written to fef08478 #8,"Written directly into RAM fef08478 (initial, fallback or target value). Writer of fef08478: FUN_60642 (expr)."
0x18DA48,16,0x205B0,default,HIGH,fef0847a,FUN_60642,} DAT_ram_fef0847a = uStack_182,X,,,Sensors / Ride Mode / Comms :: EEPROM Learned-Data Store value written to fef0847a #9,"Written directly into RAM fef0847a (initial, fallback or target value). Writer of fef0847a: FUN_60642 (expr)."
0x18DA4A,16,0x205B1,arith,MEDIUM,fef01e70,FUN_63AAE,"} DAT_ram_fef01e70 = FUN_ram_00091a30(uVar5,uVar3,uVar2)",X,,,Sensors / Ride Mode / Comms :: FUN_63AAE factor in fef01e70 #2,"Used in the expression that computes RAM fef01e70 (gain, offset or per-case value)."
0x18DA4C,16,0x205B2,arith,MEDIUM,fef01e70,FUN_63AAE,"} DAT_ram_fef01e70 = FUN_ram_00091a30(uVar5,uVar3,uVar2)",X,,,Sensors / Ride Mode / Comms :: FUN_63AAE factor in fef01e70 #3,"Used in the expression that computes RAM fef01e70 (gain, offset or per-case value)."
0x18DA4E,16,0x205B3,untraced,LOW,,FUN_632BA,,X,,,Sensors / Ride Mode / Comms :: FUN_632BA parameter #1,Read by FUN_632BA; the trace could not resolve how the value is used (indirect or structure access). Purpose unknown - leave stock.
0x18DA50,16,0x205B4,untraced,LOW,,FUN_632BA,,X,,,Sensors / Ride Mode / Comms :: FUN_632BA parameter #2,Read by FUN_632BA; the trace could not resolve how the value is used (indirect or structure access). Purpose unknown - leave stock.
0x18DA52,16,0x205B5,arith,MEDIUM,fef01e78,FUN_632BA,"DAT_ram_fef01e78 = FUN_ram_00091a30(uVar3,uVar2,uVar1)",X,,,Sensors / Ride Mode / Comms :: FUN_632BA factor in fef01e78 #3,"Used in the expression that computes RAM fef01e78 (gain, offset or per-case value)."
0x18DA54,16,0x205B6,arith,MEDIUM,fef01e78,FUN_632BA,"DAT_ram_fef01e78 = FUN_ram_00091a30(uVar3,uVar2,uVar1)",X,,,Sensors / Ride Mode / Comms :: FUN_632BA factor in fef01e78 #4,"Used in the expression that computes RAM fef01e78 (gain, offset or per-case value)."
0x18DA56,16,0x205B7,arith,MEDIUM,fef01e88,FUN_63D6C,"DAT_ram_fef01e88 = FUN_ram_00091a30(DAT_ram_fef009f8 * bVar1 + DAT_ram_00154402 * !bVar1 ,DAT_ram_0018da56,0)",X,,,Sensors / Ride Mode / Comms :: FUN_63D6C factor in fef01e88 #1,"Used in the expression that computes RAM fef01e88 (gain, offset or per-case value)."
0x18DA58,16,0x205B8,threshold,HIGH,fef02602 = Throttle valve position,FUN_5EA9E,if ((((((iVar7 == 0) && (bVar2 <= bVar4)) && (uVar11 <= (uVar12 >> 8))) && (((uVar12 >> 8) < bVar3 && ((DAT_ram_fef02198 & 2) != 0)))) && ((,X/364.08,,,IMU / Wheel Speed :: FUN_5EA9E throttle threshold #1,Compared with fef02602 = Throttle valve position (meaning verified from the code that writes it).
0x18DA62,16,0x205BD,threshold_unk,MEDIUM,fef0264a,FUN_5E5C4,if (((DAT_ram_0018da62 <= DAT_ram_fef0264a) + -((DAT_ram_fef02199 << 0x1d) >> 0x1f),X,,,IMU / Wheel Speed :: FUN_5E5C4 threshold vs fef0264a #1,"Compared with RAM fef0264a, whose meaning is not identified yet (written by FUN_7772E (expr of fef02636,fef027ba))."
0x18DA64,16,0x205BE,threshold_unk,MEDIUM,fef0264a,FUN_5E5C4,if (((DAT_ram_0018da62 <= DAT_ram_fef0264a) + -((DAT_ram_fef02199 << 0x1d) >> 0x1f),X,,,IMU / Wheel Speed :: FUN_5E5C4 threshold vs fef0264a #2,"Compared with RAM fef0264a, whose meaning is not identified yet (written by FUN_7772E (expr of fef02636,fef027ba))."
0x18DA66,16,0x205BF,cmp_local,MEDIUM,,FUN_5E64C,if ((((iVar11 == 0) && (cVar6 != '\0')) && (uVar14 <= uVar12)) && (((uVar2 <= uVar9 || (uVar3 <= uVar8)) && (bVar4 <= bVar7)))) { bVar1 = tr,X,,,IMU / Wheel Speed :: Wheel-Speed Processing threshold (computed input) #10,Compared with a value computed inside the function (not a single RAM variable).
0x18DA68,16,0x205C0,threshold,HIGH,fef02602 = Throttle valve position,FUN_5E64C,if ((((iVar11 == 0) && (cVar6 != '\0')) && (uVar14 <= uVar12)) && (((uVar2 <= uVar9 || (uVar3 <= uVar8)) && (bVar4 <= bVar7)))) { bVar1 = tr,X/364.08,,,IMU / Wheel Speed :: Wheel-Speed Processing throttle threshold #11,Compared with fef02602 = Throttle valve position (meaning verified from the code that writes it).
0x18DA6C,16,0x205C2,cmp_local,MEDIUM,,FUN_5E64C,if (((iVar11 == 0) && (cVar6 != '\0')) && ((uVar13 <= uVar12 && (((uVar2 <= uVar9 || (uVar3 <= uVar8)) && (bVar4 <= bVar7)))))) { bVar1 = tr,X/364.08,,,IMU / Wheel Speed :: Wheel-Speed Processing threshold (computed input) #13,Compared with a value computed inside the function (not a single RAM variable). The displayed unit was inferred earlier and is NOT confirmed by this trace.
0x18DA6E,16,0x205C3,cmp_local,MEDIUM,,FUN_5E788,if (uVar6 < uVar7) { uVar5 = 0,X,,,IMU / Wheel Speed :: FUN_5E788 threshold (computed input) #1,Compared with a value computed inside the function (not a single RAM variable).
0x18DA74,16,0x205C6,count,HIGH,fef021b6,FUN_69972,} if ((uVar1 < DAT_ram_fef021b6) || (uVar2 <= param_1)) { DAT_ram_fef021b8 = 0,X,,,Sensors / Ride Mode / Comms :: Switch/Input Processing debounce/timer count #1,"Compared with fef021b6, a counter the code steps by 1 each cycle, so this is a cycle count (debounce/delay), not a sensor value."
0x18DA76,16,0x205C7,arith,MEDIUM,fef021b8,FUN_69972,} if ((uVar1 < DAT_ram_fef021b6) || (uVar2 <= param_1)) { DAT_ram_fef021b8 = 0,X,,,Sensors / Ride Mode / Comms :: Switch/Input Processing factor in fef021b8 #2,"Used in the expression that computes RAM fef021b8 (gain, offset or per-case value)."
0x18DA78,16,0x205C8,count,HIGH,fef021b8,FUN_69972,} else { if (uVar3 <= DAT_ram_fef021b8) { DAT_ram_fef021c0 = DAT_ram_fef021c0 | 8,X,,,Sensors / Ride Mode / Comms :: Switch/Input Processing debounce/timer count #3,"Compared with fef021b8, a counter the code steps by 1 each cycle, so this is a cycle count (debounce/delay), not a sensor value."
0x18DA7A,16,0x205C9,count,HIGH,fef021b6,FUN_69972,} if ((uVar4 <= DAT_ram_fef021b6) && ((DAT_ram_fef021c0 & 4) == 0)) { DAT_ram_fef021c0 = DAT_ram_fef021c0 | 0x10,X,,,Sensors / Ride Mode / Comms :: Switch/Input Processing debounce/timer count #4,"Compared with fef021b6, a counter the code steps by 1 each cycle, so this is a cycle count (debounce/delay), not a sensor value."
0x18DA7C,16,0x205CA,threshold,HIGH,fef0258e = Engine speed,FUN_69A5A,} if (((uVar2 < uVar5) && (uVar5 < uVar1)) && (param_1 < uVar3)) { if (uVar4 <= DAT_ram_fef021bc) { DAT_ram_fef021c0 = DAT_ram_fef021c0 | 2,X/2.56,,,Sensors / Ride Mode / Comms :: Switch/Input Processing RPM threshold #5,Compared with fef0258e = Engine speed (meaning verified from the code that writes it).
0x18DA7E,16,0x205CB,threshold,HIGH,fef0258e = Engine speed,FUN_69A5A,} if (((uVar2 < uVar5) && (uVar5 < uVar1)) && (param_1 < uVar3)) { if (uVar4 <= DAT_ram_fef021bc) { DAT_ram_fef021c0 = DAT_ram_fef021c0 | 2,X/2.56,,,Sensors / Ride Mode / Comms :: Switch/Input Processing RPM threshold #6,Compared with fef0258e = Engine speed (meaning verified from the code that writes it).
0x18DA80,16,0x205CC,arith,MEDIUM,fef021c0,FUN_69A5A,} if (((uVar2 < uVar5) && (uVar5 < uVar1)) && (param_1 < uVar3)) { if (uVar4 <= DAT_ram_fef021bc) { DAT_ram_fef021c0 = DAT_ram_fef021c0 | 2,X/2.56,,,Sensors / Ride Mode / Comms :: Switch/Input Processing factor in fef021c0 #7,"Used in the expression that computes RAM fef021c0 (gain, offset or per-case value). The displayed unit was inferred earlier and is NOT confirmed by this trace."
0x18DA82,16,0x205CD,count,HIGH,fef021bc,FUN_69A5A,} if (((uVar2 < uVar5) && (uVar5 < uVar1)) && (param_1 < uVar3)) { if (uVar4 <= DAT_ram_fef021bc) { DAT_ram_fef021c0 = DAT_ram_fef021c0 | 2,X,,,Sensors / Ride Mode / Comms :: Switch/Input Processing debounce/timer count #8,"Compared with fef021bc, a counter the code steps by 1 each cycle, so this is a cycle count (debounce/delay), not a sensor value."
0x18DA84,16,0x205CE,arith,MEDIUM,fef021c0,FUN_69972,if (uVar5 < param_1) { if (uVar6 <= DAT_ram_fef021ba) { DAT_ram_fef021c0 = DAT_ram_fef021c0 & 0xf6,X,,,Sensors / Ride Mode / Comms :: Switch/Input Processing factor in fef021c0 #9,"Used in the expression that computes RAM fef021c0 (gain, offset or per-case value)."
0x18DA86,16,0x205CF,count,HIGH,fef021ba,FUN_69972,if (uVar5 < param_1) { if (uVar6 <= DAT_ram_fef021ba) { DAT_ram_fef021c0 = DAT_ram_fef021c0 & 0xf6,X,,,Sensors / Ride Mode / Comms :: Switch/Input Processing debounce/timer count #10,"Compared with fef021ba, a counter the code steps by 1 each cycle, so this is a cycle count (debounce/delay), not a sensor value."
0x18DA88,16,0x205D0,arith,MEDIUM,fef021c0,FUN_69A5A,if (DAT_ram_0018da88 < param_1) { if (DAT_ram_0018da8a <= DAT_ram_fef021be) { DAT_ram_fef021c0 = DAT_ram_fef021c0 & 0xfd,X,,,Sensors / Ride Mode / Comms :: Switch/Input Processing factor in fef021c0 #11,"Used in the expression that computes RAM fef021c0 (gain, offset or per-case value)."
0x18DA8A,16,0x205D1,count,HIGH,fef021be,FUN_69A5A,if (DAT_ram_0018da88 < param_1) { if (DAT_ram_0018da8a <= DAT_ram_fef021be) { DAT_ram_fef021c0 = DAT_ram_fef021c0 & 0xfd,X,,,Sensors / Ride Mode / Comms :: Switch/Input Processing debounce/timer count #12,"Compared with fef021be, a counter the code steps by 1 each cycle, so this is a cycle count (debounce/delay), not a sensor value."
0x18DA8C,16,0x205D2,count,HIGH,fef01c74,FUN_5BB50,if (param_1 == '\0') { if (DAT_ram_0018da8c <= DAT_ram_fef01c74) { DAT_ram_,X,,,ECU Settings :: FUN_5BB50 debounce/timer count #1,"Compared with fef01c74, a counter the code steps by 1 each cycle, so this is a cycle count (debounce/delay), not a sensor value."
0x18DA92,16,0x205D3,cmp_local,MEDIUM,,FUN_5D230,bVar2 = (bVar2 & uVar5 < uVar1),X,,,EVAP Purge :: EVAP Purge Parameter threshold (computed input) #7,Compared with a value computed inside the function (not a single RAM variable).
0x18DA94,16,0x205D4,cmp_local,MEDIUM,,FUN_5D230,if (uVar6 < (&DAT_ram_fef0117c)[uVar19]) { bVar3 = false,X,,,EVAP Purge :: EVAP Purge Parameter threshold (computed input) #8,Compared with a value computed inside the function (not a single RAM variable).
0x18DA96,16,0x205D5,threshold_unk,MEDIUM,fef01f54,FUN_5D44C,"if (0x18 < uVar2) { if (uVar1 <= DAT_ram_fef01f54) { DAT_ram_fef020ca = FUN_ram_00091ab6(DAT_ram_fef020ca,1)",X,,,EVAP Purge :: FUN_5D44C threshold vs fef01f54 #1,"Compared with RAM fef01f54, whose meaning is not identified yet (written by FUN_5CF20 (expr))."
0x18DA98,16,0x205D6,threshold_unk,MEDIUM,fef01f54,FUN_5D514,"} if (DAT_ram_fef01f54 < DAT_ram_0018da98) { if (((DAT_ram_fef020d3 & 4) != 0) || (bVar2 = (DAT_ram_fef020d3 & 0x20) != 0, uVar1 = bVar2, bV",X,,,EVAP Purge :: FUN_5CF3A threshold vs fef01f54 #1,"Compared with RAM fef01f54, whose meaning is not identified yet (written by FUN_5CF20 (expr))."
0x18DA9A,16,0x205D7,threshold_unk,MEDIUM,fef01f54,FUN_5D514,"if (((DAT_ram_0018da9a < DAT_ram_fef01f54) && (uVar1 = DAT_ram_0018da9a, (DAT_ram_fef020d3 & 0x40) == 0)) && ((DAT_ram_fef020d3 & 0x80) == 0",X,,,EVAP Purge :: FUN_5CF3A threshold vs fef01f54 #2,"Compared with RAM fef01f54, whose meaning is not identified yet (written by FUN_5CF20 (expr))."
0x18DA9C,16,0x205D8,threshold,HIGH,fef02602 = Throttle valve position,FUN_5BFF0,} if (DAT_ram_fef02602 <= DAT_ram_0018da9c) { DAT_ram_fef01c7d = DAT_ram_fef01c7d | 1,X/364.08,,,ECU Settings :: FUN_5BFF0 throttle threshold #1,Compared with fef02602 = Throttle valve position (meaning verified from the code that writes it).
0x18DA9E,16,0x205D9,threshold,HIGH,fef02602 = Throttle valve position,FUN_5BFF0,if (DAT_ram_0018da9e <= DAT_ram_fef02602) { DAT_ram_fef01c7d = DAT_ram_fef01c7d & 0,X/364.08,,,ECU Settings :: FUN_5BFF0 throttle threshold #2,Compared with fef02602 = Throttle valve position (meaning verified from the code that writes it).
0x18DAA0,16,0x205DA,threshold,HIGH,fef0258e = Engine speed,FUN_5C086,} if (DAT_ram_fef0258e <= DAT_ram_0018daa0) { DAT_ram_fef01c7d = DAT_ram_fef01c7d | 4,X/2.56,,,ECU Settings :: FUN_5C086 RPM threshold #1,Compared with fef0258e = Engine speed (meaning verified from the code that writes it).
0x18DAA2,16,0x205DB,threshold,HIGH,fef0258e = Engine speed,FUN_5C086,if (DAT_ram_0018daa2 <= DAT_ram_fef0258e) { DAT_ram_fef01c7d = DAT_ram_fef01c7d & 0,X/2.56,,,ECU Settings :: FUN_5C086 RPM threshold #2,Compared with fef0258e = Engine speed (meaning verified from the code that writes it).
0x18DAA4,16,0x205DC,threshold,HIGH,fef02628 = Manifold vacuum (AP - IAP),FUN_5C0B6,} if (uVar5 < uVar1) { DAT_ram_fef01c7f = DAT_ram_fef01c7f & 0xfd,(X-7862)/393.14,,,ECU Settings :: FUN_5C0B6 vacuum vacuum threshold #1,Compared with fef02628 = Manifold vacuum (AP - IAP) (meaning verified from the code that writes it).
0x18DAA6,16,0x205DD,threshold,HIGH,fef02628 = Manifold vacuum (AP - IAP),FUN_5C0B6,if (iVar6 != 1) { if (uVar2 <= uVar5) { DAT_ram_fef01c7f = DAT_ram_fef01c7f | 2,(X-7862)/393.14,,,ECU Settings :: FUN_5C0B6 vacuum vacuum threshold #2,Compared with fef02628 = Manifold vacuum (AP - IAP) (meaning verified from the code that writes it).
0x18DAA8,16,0x205DE,threshold,HIGH,fef02628 = Manifold vacuum (AP - IAP),FUN_5C0B6,} if (uVar5 < uVar3) { DAT_ram_fef01c7f = DAT_ram_fef01c7f | 4,(X-7862)/393.14,,,ECU Settings :: FUN_5C0B6 vacuum vacuum threshold #3,Compared with fef02628 = Manifold vacuum (AP - IAP) (meaning verified from the code that writes it).
0x18DAAA,16,0x205DF,threshold,HIGH,fef02628 = Manifold vacuum (AP - IAP),FUN_5C0B6,} if (uVar4 <= uVar5) { DAT_ram_fef01c7f = DAT_ram_fef01c7f & 0xfb,(X-7862)/393.14,,,ECU Settings :: FUN_5C0B6 vacuum vacuum threshold #4,Compared with fef02628 = Manifold vacuum (AP - IAP) (meaning verified from the code that writes it).
0x18DAB4,16,0x205E4,threshold,HIGH,fef02602 = Throttle valve position,FUN_5C1E2,} if (DAT_ram_fef02602 <= DAT_ram_0018dab4) { DAT_ram_fef01c7d = DAT_ram_fef01c7d | 0x40,X/364.08,,,ECU Settings :: FUN_5C1E2 throttle threshold #1,Compared with fef02602 = Throttle valve position (meaning verified from the code that writes it).
0x18DAB6,16,0x205E5,threshold,HIGH,fef02602 = Throttle valve position,FUN_5C1E2,if (DAT_ram_0018dab6 <= DAT_ram_fef02602) { DAT_ram_fef01c7d = DAT_ram_fef01c7d & 0,X/364.08,,,ECU Settings :: FUN_5C1E2 throttle threshold #2,Compared with fef02602 = Throttle valve position (meaning verified from the code that writes it).
0x18DAB8,16,0x205E6,threshold,HIGH,fef0258e = Engine speed,FUN_5C278,} if (DAT_ram_fef0258e <= DAT_ram_0018dab8) { DAT_ram_fef01c7e = DAT_ram_fef01c7e | 1,X/2.56,,,ECU Settings :: FUN_5C278 RPM threshold #1,Compared with fef0258e = Engine speed (meaning verified from the code that writes it).
0x18DABA,16,0x205E7,threshold,HIGH,fef0258e = Engine speed,FUN_5C278,if (DAT_ram_0018daba <= DAT_ram_fef0258e) { DAT_ram_fef01c7e = DAT_ram_fef01c7e & 0,X/2.56,,,ECU Settings :: FUN_5C278 RPM threshold #2,Compared with fef0258e = Engine speed (meaning verified from the code that writes it).
0x18DABC,16,0x205E8,threshold,HIGH,fef02628 = Manifold vacuum (AP - IAP),FUN_5C2A8,} if (uVar5 < uVar1) { DAT_ram_fef01c7f = DAT_ram_fef01c7f & 0xdf,(X-7862)/393.14,,,ECU Settings :: FUN_5C2A8 vacuum vacuum threshold #1,Compared with fef02628 = Manifold vacuum (AP - IAP) (meaning verified from the code that writes it).
0x18DABE,16,0x205E9,threshold,HIGH,fef02628 = Manifold vacuum (AP - IAP),FUN_5C2A8,if (iVar6 != 1) { if (uVar2 <= uVar5) { DAT_ram_fef01c7f = DAT_ram_fef01c7f | 0x20,(X-7862)/393.14,,,ECU Settings :: FUN_5C2A8 vacuum vacuum threshold #2,Compared with fef02628 = Manifold vacuum (AP - IAP) (meaning verified from the code that writes it).
0x18DAC0,16,0x205EA,threshold,HIGH,fef02628 = Manifold vacuum (AP - IAP),FUN_5C2A8,} if (uVar5 < uVar3) { DAT_ram_fef01c7f = DAT_ram_fef01c7f | 0x40,(X-7862)/393.14,,,ECU Settings :: FUN_5C2A8 vacuum vacuum threshold #3,Compared with fef02628 = Manifold vacuum (AP - IAP) (meaning verified from the code that writes it).
0x18DAC2,16,0x205EB,threshold,HIGH,fef02628 = Manifold vacuum (AP - IAP),FUN_5C2A8,} if (uVar4 <= uVar5) { DAT_ram_fef01c7f = DAT_ram_fef01c7f & 0xbf,(X-7862)/393.14,,,ECU Settings :: FUN_5C2A8 vacuum vacuum threshold #4,Compared with fef02628 = Manifold vacuum (AP - IAP) (meaning verified from the code that writes it).
0x18DAC4,16,0x205EC,threshold,HIGH,fef02628 = Manifold vacuum (AP - IAP),FUN_5C33C,} if (DAT_ram_fef02628 < DAT_ram_0018dac4) { DAT_ram_fef01c80 = DAT_ram_fef01c80 & 0xfe,(X-7862)/393.14,,,ECU Settings :: FUN_5C33C vacuum vacuum threshold #1,Compared with fef02628 = Manifold vacuum (AP - IAP) (meaning verified from the code that writes it).
0x18DAC6,16,0x205ED,threshold,HIGH,fef02628 = Manifold vacuum (AP - IAP),FUN_5C33C,if (DAT_ram_0018dac6 <= DAT_ram_fef02628) { DAT_ram_fef01c80 = DAT_ram_fef01c80 | 1,(X-7862)/393.14,,,ECU Settings :: FUN_5C33C vacuum vacuum threshold #2,Compared with fef02628 = Manifold vacuum (AP - IAP) (meaning verified from the code that writes it).
0x18DAC8,16,0x205EE,threshold,HIGH,fef0258e = Engine speed,FUN_5D8B0,"if (uVar2 <= uVar6) { uVar8 = FUN_ram_00091ab6(DAT_ram_fef020dc,1)",X/2.56,,,EVAP Purge :: FUN_5D8B0 RPM threshold #1,Compared with fef0258e = Engine speed (meaning verified from the code that writes it).
0x18DACA,16,0x205EF,threshold_unk,MEDIUM,fef020dc,FUN_5D8B0,"if ((((((param_1 == -0x80) && (bVar5 <= param_2)) && (iVar9 == 0)) && ((DAT_ram_fef020e0 & 0x80) == 0)) && (((iVar9 = FUN_ram_00036810(0), i",X,,,EVAP Purge :: FUN_5D8B0 threshold vs fef020dc #2,"Compared with RAM fef020dc, whose meaning is not identified yet (written by FUN_5D8B0 (expr))."
0x18DACC,16,0x205F0,threshold_unk,MEDIUM,fef020da,FUN_5D8B0,"if ((((((param_1 == -0x80) && (bVar5 <= param_2)) && (iVar9 == 0)) && ((DAT_ram_fef020e0 & 0x80) == 0)) && (((iVar9 = FUN_ram_00036810(0), i",X,,,EVAP Purge :: FUN_5D8B0 threshold vs fef020da #3,"Compared with RAM fef020da, whose meaning is not identified yet (written by FUN_5D8B0 (expr))."
0x18DACE,16,0x205F1,count,HIGH,fef020d8,FUN_5D9E0,} if ((iVar4 != 1) || (DAT_ram_fef020d8 < uVar2)) { DAT_ram_fef020e0 = DAT_ram_fef020e0 & 0xf7,X,,,EVAP Purge :: FUN_5D9E0 debounce/timer count #1,"Compared with fef020d8, a counter the code steps by 1 each cycle, so this is a cycle count (debounce/delay), not a sensor value."
0x18DAD0,16,0x205F2,threshold_unk,MEDIUM,fef020de,FUN_5DAA2,if (((((DAT_ram_0018db90 == -0x80) && (param_1 == '\x02')) && ((DAT_ram_fef020e1 & 8) == 0)) && (((DAT_ram_fef020e1 & 4) != 0 && ((DAT_ram_f,X,,,EVAP Purge :: FUN_5DAA2 threshold vs fef020de #1,"Compared with RAM fef020de, whose meaning is not identified yet (written by FUN_5DAA2 (alias of fef020de))."
0x18DAD2,16,0x205F3,threshold_unk,MEDIUM,fef01c84,FUN_5CD5A,bVar4 = DAT_ram_fef01c84 < DAT_ram_0018dad2 && (DAT_ram_fef01c92 & 8) == 0,X,,,EVAP Purge :: FUN_5CD5A threshold vs fef01c84 #1,"Compared with RAM fef01c84, whose meaning is not identified yet (written by FUN_5CD5A (expr))."
0x18DAD4,16,0x205F4,untraced,LOW,,FUN_5C660,,X,,,ECU Settings :: FUN_5C660 parameter #1,Read by FUN_5C660; the trace could not resolve how the value is used (indirect or structure access). Purpose unknown - leave stock.
0x18DAD6,16,0x205F5,threshold,HIGH,fef0258e = Engine speed,FUN_5CB9A,if (DAT_ram_0018dad6 <= DAT_ram_fef0258e) { DAT_ram_fef01c91 = DAT_ram_fef01c91 | 0,X/2.56,,,EVAP Purge :: FUN_5CB9A RPM threshold #1,Compared with fef0258e = Engine speed (meaning verified from the code that writes it).
0x18DAD8,16,0x205F6,threshold,HIGH,fef0258e = Engine speed,FUN_5CB9A,} if (DAT_ram_fef0258e < DAT_ram_0018dad8) { DAT_ram_fef01c91 = DAT_ram_fef01c91 & 0xef,X/2.56,,,EVAP Purge :: FUN_5CB9A RPM threshold #2,Compared with fef0258e = Engine speed (meaning verified from the code that writes it).
0x18DADA,16,0x205F7,untraced,LOW,,FUN_6A980,,X,,,Ride Mode Presets :: Ride-Mode Parameter parameter #7,Read by FUN_6A980; the trace could not resolve how the value is used (indirect or structure access). Purpose unknown - leave stock.
0x18DADC,16,0x205F8,threshold,HIGH,fef025a6 = Supply voltage (ADC ch03),FUN_6A616,if ((((uVar3 < uVar2) || (iVar5 != 0)) || (iVar6 != 1)) || (iVar7 != 0)) { bVar1 = false,X/51.2,,,Quickshifter :: FUN_6A616 voltage voltage threshold #1,Compared with fef025a6 = Supply voltage (ADC ch03) (meaning verified from the code that writes it).
0x18DADE,16,0x205F9,threshold,HIGH,fef0263c = Rear wheel speed (averaged),FUN_6A616,"if (((uVar9 << 0x1d) < 0) && (uVar4 <= DAT_ram_0018dade)) { uVar9 = FUN_ram_00091ab6(DAT_ram_fef021fa,1)",X/128,,,Quickshifter :: FUN_6A616 speed threshold #2,Compared with fef0263c = Rear wheel speed (averaged) (meaning verified from the code that writes it).
0x18DAE0,16,0x205FA,threshold_unk,MEDIUM,fef021c1,FUN_6A616,} else { bVar1 = uVar9 <= uVar8,X,,,Quickshifter :: FUN_6A616 threshold vs fef021c1 #3,"Compared with RAM fef021c1, whose meaning is not identified yet (written by FUN_69B6C (expr))."
0x18DAE2,16,0x205FB,arith,MEDIUM,fef021e0,FUN_6AB0A,"} DAT_ram_fef021e0 = FUN_ram_00091a82(DAT_ram_fef021dc + uVar6 + -0x8000,uVar1,uVar2)",X,,,Ride Mode Presets :: FUN_6AB0A factor in fef021e0 #1,"Used in the expression that computes RAM fef021e0 (gain, offset or per-case value)."
0x18DAE4,16,0x205FC,arith,MEDIUM,fef021e0,FUN_6AB0A,"} DAT_ram_fef021e0 = FUN_ram_00091a82(DAT_ram_fef021dc + uVar6 + -0x8000,uVar1,uVar2)",X,,,Ride Mode Presets :: FUN_6AB0A factor in fef021e0 #2,"Used in the expression that computes RAM fef021e0 (gain, offset or per-case value)."
0x18DAE6,16,0x205FD,arith,MEDIUM,fef021dc,FUN_6AB0A,"DAT_ram_fef021dc = FUN_ram_00091a82(((uVar6 - 0x8000) * DAT_ram_0018dae6) / 0x8000 + 0x8000,0xffff,0)",X,,,Ride Mode Presets :: FUN_6AB0A factor in fef021dc #3,"Used in the expression that computes RAM fef021dc (gain, offset or per-case value)."
0x18DAE8,16,0x205FE,arith,MEDIUM,fef021ea,FUN_6AB0A,"DAT_ram_fef021ea = FUN_ram_00091a82(uVar6,uVar3,uVar4)",X,,,Ride Mode Presets :: FUN_6AB0A factor in fef021ea #4,"Used in the expression that computes RAM fef021ea (gain, offset or per-case value)."
0x18DAEA,16,0x205FF,arith,MEDIUM,fef021ea,FUN_6AB0A,"DAT_ram_fef021ea = FUN_ram_00091a82(uVar6,uVar3,uVar4)",X,,,Ride Mode Presets :: FUN_6AB0A factor in fef021ea #5,"Used in the expression that computes RAM fef021ea (gain, offset or per-case value)."
0x18DAEC,16,0x20600,limit,MEDIUM,,FUN_6AB0A,"if (DAT_ram_fef01f60 != 0) { uVar6 = FUN_ram_00091a82(DAT_ram_fef021de + ((DAT_ram_fef021ea - 0x8000) * uVar5) / 0x2000,0xffff,0)",X,,,Ride Mode Presets :: FUN_6AB0A clamp/limit value #6,Used as a limit or operand inside a saturating calculation.
0x18DAEE,16,0x20601,untraced,LOW,,FUN_6A980,,X,,,Ride Mode Presets :: Ride-Mode Parameter parameter #8,Read by FUN_6A980; the trace could not resolve how the value is used (indirect or structure access). Purpose unknown - leave stock.
0x18DAF0,16,0x20602,untraced,LOW,,FUN_6A554,,X,,,Quickshifter :: FUN_6A554 parameter #1,Read by FUN_6A554; the trace could not resolve how the value is used (indirect or structure access). Purpose unknown - leave stock.
0x18DAF2,16,0x20603,threshold_unk,MEDIUM,fef02204,FUN_6AD3C,} if (((((cVar4 == '\0') || ((DAT_ram_fef02207 & 0x20) != 0)) || ((DAT_ram_fef02207 & 4) == 0)) || ((cVar10 != '\0' || ((DAT_ram_fef02207 & ,X,,,Ride Mode Presets :: FUN_6AD3C threshold vs fef02204 #1,"Compared with RAM fef02204, whose meaning is not identified yet (written by FUN_6AD3C (expr))."
0x18DAF4,16,0x20604,default,HIGH,fef021f8,FUN_6AD3C,DAT_ram_fef021f8 = uVar14,X,,,Ride Mode Presets :: FUN_6AD3C value written to fef021f8 #2,"Written directly into RAM fef021f8 (initial, fallback or target value). Writer of fef021f8: FUN_6AD3C (expr)."
0x18DAF6,16,0x20605,default,HIGH,fef021f6,FUN_6AD3C,DAT_ram_fef021f6 = sVar13,X,,,Ride Mode Presets :: FUN_6AD3C value written to fef021f6 #3,"Written directly into RAM fef021f6 (initial, fallback or target value). Writer of fef021f6: FUN_6AD3C (expr)."
0x18DAF8,16,0x20606,untraced,LOW,,FUN_6AD3C,,X,,,Ride Mode Presets :: FUN_6AD3C parameter #4,Read by FUN_6AD3C; the trace could not resolve how the value is used (indirect or structure access). Purpose unknown - leave stock.
0x18DAFA,16,0x20607,threshold,HIGH,fef025d2 = Throttle or grip angle (selected),FUN_6AD3C,if (uVar9 < uVar3) { uVar12 = 0,X/364.08,,,Ride Mode Presets :: FUN_6AD3C throttle threshold #5,Compared with fef025d2 = Throttle or grip angle (selected) (meaning verified from the code that writes it).
0x18DAFC,16,0x20608,limit,MEDIUM,,FUN_6ABC6,"uVar7 = FUN_ram_00091a82((((DAT_ram_fef021e4 + DAT_ram_fef021e6 + -0x8000) / 4) * iVar8) / 0x2000,uVar1,uVar2)",X,,,Ride Mode Presets :: FUN_6ABC6 clamp/limit value #1,Used as a limit or operand inside a saturating calculation.
0x18DAFE,16,0x20609,limit,MEDIUM,,FUN_6ABC6,"uVar7 = FUN_ram_00091a82((((DAT_ram_fef021e4 + DAT_ram_fef021e6 + -0x8000) / 4) * iVar8) / 0x2000,uVar1,uVar2)",X,,,Ride Mode Presets :: FUN_6ABC6 clamp/limit value #2,Used as a limit or operand inside a saturating calculation.
0x18DB00,16,0x2060A,cmp_local,MEDIUM,,FUN_6ABC6,"if (uVar9 != 0) { uVar6 = FUN_ram_00091a82((DAT_ram_fef021e0 * 0x8000 + -0x40000000) / uVar9 + 0x8000,0xffff,0)",X,,,Ride Mode Presets :: FUN_6ABC6 threshold (computed input) #3,Compared with a value computed inside the function (not a single RAM variable).
0x18DB02,16,0x2060B,default,HIGH,fef01f5e,FUN_6A6AC,DAT_ram_fef01f5e = DAT_ram_0018db02,X,,,Quickshifter :: FUN_6A6AC value written to fef01f5e #1,"Written directly into RAM fef01f5e (initial, fallback or target value). Writer of fef01f5e: FUN_6A6AC (expr)."
0x18DB04,16,0x2060C,threshold_unk,MEDIUM,fef021fc,FUN_6A6CA,if (((uVar3 < DAT_ram_0018db04) || (iVar13 != 0)) || ((((cVar8 != '\x01' || (DAT_ram_0018dbb1 != '\x01')) && ((cVar8 != '\x02' || (DAT_ram_0,X,,,Quickshifter :: QS Sensor Processing threshold vs fef021fc #1,"Compared with RAM fef021fc, whose meaning is not identified yet (written by FUN_6A6CA (expr))."
0x18DB06,16,0x2060D,threshold,HIGH,fef009f2 = filtered copy of Rear wheel speed,FUN_6A6CA,if (uVar9 < DAT_ram_0018db06) { DAT_ram_fef021fc = 0,X/128,km/h,1,Quickshifter :: QS Sensor Processing speed threshold #2,Compared with fef009f2 = filtered copy of Rear wheel speed (meaning verified from the code that writes it).
0x18DB08,16,0x2060E,threshold_unk,MEDIUM,fef021fe,FUN_6A6CA,} } else { uVar16 = (uVar1 <= uVar4),X,,,Quickshifter :: QS Sensor Processing threshold vs fef021fe #3,"Compared with RAM fef021fe, whose meaning is not identified yet (written by FUN_6A6CA (expr))."
0x18DB0A,16,0x2060F,threshold_unk,MEDIUM,fef02200,FUN_6A6CA,uVar16 = (uVar5 < uVar2),X,,,Quickshifter :: QS Sensor Processing threshold vs fef02200 #4,"Compared with RAM fef02200, whose meaning is not identified yet (written by FUN_6A6CA (expr))."
0x18DB0C,16,0x20610,limit,MEDIUM,,FUN_6A980,"if (iVar3 == 0) { FUN_ram_00091a82(((uVar6 + DAT_ram_fef021f0) * (iVar7 / 2) + (DAT_ram_fef021ee >> 1) * uVar5) / 0x4000,param_2,0)",X,,,Ride Mode Presets :: Ride-Mode Parameter clamp/limit value #9,Used as a limit or operand inside a saturating calculation.
0x18DB0E,16,0x20611,threshold_unk,MEDIUM,fef02202,FUN_6A82A,"if (DAT_ram_0018db0e <= DAT_ram_fef02202) { uVar2 = FUN_ram_00091aca(DAT_ram_fef021ee,DAT_ram_0018db12)",X,,,Ride Mode Presets :: FUN_6A82A threshold vs fef02202 #1,"Compared with RAM fef02202, whose meaning is not identified yet (written by FUN_6A82A (expr))."
0x18DB10,16,0x20612,default,HIGH,fef021ee,FUN_6A82A,} DAT_ram_fef021ee = uVar2,X,,,Ride Mode Presets :: FUN_6A82A value written to fef021ee #2,"Written directly into RAM fef021ee (initial, fallback or target value). Writer of fef021ee: FUN_6A82A (alias of fef021ee)."
0x18DB12,16,0x20613,untraced,LOW,,FUN_6A82A,,X,,,Ride Mode Presets :: FUN_6A82A parameter #3,Read by FUN_6A82A; the trace could not resolve how the value is used (indirect or structure access). Purpose unknown - leave stock.
0x18DB14,16,0x20614,untraced,LOW,,FUN_6A980,,X,,,Ride Mode Presets :: Ride-Mode Parameter parameter #10,Read by FUN_6A980; the trace could not resolve how the value is used (indirect or structure access). Purpose unknown - leave stock.
0x18DB16,16,0x20615,threshold_unk,MEDIUM,fef02214,FUN_6BC18,"if (uVar5 <= uVar1) { uVar8 = FUN_ram_00091a92(uVar12,1)",X,,,Ride Mode Presets :: FUN_6BC18 threshold vs fef02214 #1,"Compared with RAM fef02214, whose meaning is not identified yet (written by FUN_6B51A (alias of fef02210))."
0x18DB18,16,0x20616,threshold,HIGH,fef02668 = copy of ADC ch33 raw (unidentified sensor),FUN_6B51A,if ((DAT_ram_fef02233 & 0x40) != 0) { if ((cVar6 == '\x01') && (iVar7 == 0)) { if ((iVar12 == 0) && (uVar17 < uVar2)) { if (uVar17 < uVar16),X,,,Ride Mode Presets :: FUN_6B51A raw-ADC threshold #1,Compared with fef02668 = copy of ADC ch33 raw (unidentified sensor) (meaning verified from the code that writes it).
0x18DB1A,16,0x20617,untraced,LOW,,FUN_6B51A,,X,,,Ride Mode Presets :: FUN_6B51A parameter #2,Read by FUN_6B51A; the trace could not resolve how the value is used (indirect or structure access). Purpose unknown - leave stock.
0x18DB1C,16,0x20618,threshold,HIGH,fef02668 = copy of ADC ch33 raw (unidentified sensor),FUN_6B51A,} } } } else if ((cVar6 == '\0') && (((iVar7 == 1 && (bVar1 == 0)) && (uVar4 < uVar17)))) { if (uVar14 < uVar17) { uVar9 = 1,X,,,Ride Mode Presets :: FUN_6B51A raw-ADC threshold #3,Compared with fef02668 = copy of ADC ch33 raw (unidentified sensor) (meaning verified from the code that writes it).
0x18DB1E,16,0x20619,threshold_unk,MEDIUM,fef01f64,FUN_40DB4,FUN_ram_00040f58((DAT_ram_fef00e86 & 4) != 0 && DAT_ram_0018db1e <= DAT_ram_fef01f6,X,,,Diagnostics - Monitors :: FUN_40DB4 threshold vs fef01f64 #1,"Compared with RAM fef01f64, whose meaning is not identified yet (written by FUN_6B1F0 (expr))."
0x18DB20,16,0x2061A,threshold,HIGH,fef025a0 = Battery voltage (ADC ch29),FUN_6B8AE,if (((DAT_ram_fef02233 & 0x40) != 0) && (iVar6 == 0)) { if ((DAT_ram_fef025a0 < DAT_ram_0018db20) && (DAT_ram_fef025a6 < DAT_ram_0018db20)) ,X/51.2,,,Ride Mode Presets :: FUN_6B8AE voltage voltage threshold #2,Compared with fef025a0 = Battery voltage (ADC ch29) (meaning verified from the code that writes it).
0x18DB22,16,0x2061B,default,HIGH,fef01f6a,FUN_6B8AE,if (uVar4 <= uVar5) { if (cVar1 == -0x80) { DAT_ram_fef01f6a = uVar2,X,,,Ride Mode Presets :: FUN_6B1F0 value written to fef01f6a #1,"Written directly into RAM fef01f6a (initial, fallback or target value). Writer of fef01f6a: FUN_6B8AE (expr)."
0x18DB24,16,0x2061C,arith,MEDIUM,fef01f64,FUN_6B8AE,"DAT_ram_fef01f64 = FUN_ram_00091aca(uVar3,uVar2)",X,,,Ride Mode Presets :: FUN_6B1F0 factor in fef01f64 #2,"Used in the expression that computes RAM fef01f64 (gain, offset or per-case value)."
0x18DB26,16,0x2061D,threshold,HIGH,fef0258c = Engine speed,FUN_6AF48,if (DAT_ram_0018db26 < DAT_ram_fef0258c) { DAT_ram_fef0220c = DAT_ram_fef0220c | 1,X/2.56,,,Ride Mode Presets :: FUN_6AF48 RPM threshold #1,Compared with fef0258c = Engine speed (meaning verified from the code that writes it).
0x18DB28,16,0x2061E,threshold,HIGH,fef0258e = Engine speed,FUN_6C5DA,if (iVar4 == 0) { if ((cVar2 != '\0') && (uVar1 <= uVar3)) goto LAB_ram_0006c68c,X/2.56,,,Sensors / Ride Mode / Comms :: FUN_6C5DA RPM threshold #1,Compared with fef0258e = Engine speed (meaning verified from the code that writes it).
0x18DB2A,16,0x2061F,arith,MEDIUM,fef02262,FUN_6C75C,if (((uVar2 < uVar3) && (((param_1 != '\0' || (DAT_ram_fef02271 != '\x01')) && (iVar5 != 0)))) && (iVar4 != 1)) { if (DAT_ram_fef0226b < bVa,X,,,Sensors / Ride Mode / Comms :: FUN_6C75C factor in fef02262 #1,"Used in the expression that computes RAM fef02262 (gain, offset or per-case value)."
0x18DB2C,16,0x20620,cmp_local,MEDIUM,,FUN_5AE5A,if (uVar6 < uVar1) { bVar8 = 1,X,,,ECU Settings :: FUN_5AE5A threshold (computed input) #1,Compared with a value computed inside the function (not a single RAM variable).
0x18DB38,16,0x20626,threshold_unk,MEDIUM,fef01c4c,FUN_5B488,} if (uVar1 < uVar19) { cVar33 = cVar10,X,,,ECU Settings :: Meter/CAN Indicator Logic threshold vs fef01c4c #1,"Compared with RAM fef01c4c, whose meaning is not identified yet (written by FUN_5B74C (alias of fef01c4c))."
0x18DB3A,16,0x20627,threshold_unk,MEDIUM,fef01c4e,FUN_5B488,} if (bVar11 < bVar22) { cVar33 = cVar13 * (uVar2 <= uVar20) + cVar12 * (uVar2 > uVar20),X,,,ECU Settings :: Meter/CAN Indicator Logic threshold vs fef01c4e #2,"Compared with RAM fef01c4e, whose meaning is not identified yet (written by FUN_5AEE6 (expr))."
0x18DB3C,16,0x20628,threshold_unk,MEDIUM,fef01c4c,FUN_5B488,} if ((uVar3 < uVar19) && (uVar4 < uVar21)) { cVar33 = cVar14,X,,,ECU Settings :: Meter/CAN Indicator Logic threshold vs fef01c4c #3,"Compared with RAM fef01c4c, whose meaning is not identified yet (written by FUN_5B74C (alias of fef01c4c))."
0x18DB3E,16,0x20629,threshold_unk,MEDIUM,fef01c52,FUN_5B488,} if ((uVar3 < uVar19) && (uVar4 < uVar21)) { cVar33 = cVar14,X,,,ECU Settings :: Meter/CAN Indicator Logic threshold vs fef01c52 #4,"Compared with RAM fef01c52, whose meaning is not identified yet (written by FUN_5B702 (expr of fef01c48,fef01c50))."
0x18DB40,16,0x2062A,threshold_unk,MEDIUM,fef01c4c,FUN_5B488,} if (((uVar5 < uVar19) && (uVar31 < uVar32)) && (uVar30 <= uVar6)) { cVar33 = cVar15,X,,,ECU Settings :: Meter/CAN Indicator Logic threshold vs fef01c4c #5,"Compared with RAM fef01c4c, whose meaning is not identified yet (written by FUN_5B74C (alias of fef01c4c))."
0x18DB42,16,0x2062B,threshold_unk,MEDIUM,fef01c54,FUN_5B488,} if (((uVar5 < uVar19) && (uVar31 < uVar32)) && (uVar30 <= uVar6)) { cVar33 = cVar15,X,,,ECU Settings :: Meter/CAN Indicator Logic threshold vs fef01c54 #6,"Compared with RAM fef01c54, whose meaning is not identified yet (written by FUN_5AF26 (expr))."
0x18DB44,16,0x2062C,cmp_local,MEDIUM,,FUN_5B488,} if (((uVar5 < uVar19) && (uVar31 < uVar32)) && (uVar30 <= uVar6)) { cVar33 = cVar15,X,,,ECU Settings :: Meter/CAN Indicator Logic threshold (computed input) #7,Compared with a value computed inside the function (not a single RAM variable).
0x18DB46,16,0x2062D,threshold_unk,MEDIUM,fef01c4c,FUN_5B488,if (cVar28 == -1) { if (bVar18 < bVar29) { if (((uVar7 < uVar19) && (bVar16 < bVar23)) && (uVar32 <= uVar8)) { cVar33 = cVar17,X,,,ECU Settings :: Meter/CAN Indicator Logic threshold vs fef01c4c #8,"Compared with RAM fef01c4c, whose meaning is not identified yet (written by FUN_5B74C (alias of fef01c4c))."
0x18DB48,16,0x2062E,threshold,HIGH,fef025ec = Grip (accelerator) position,FUN_5AFF4,if ((DAT_ram_0018db48 < DAT_ram_fef025ec) + -((DAT_ram_fef01c58 << 0x1d) >> 0x1f) *,X/364.08,,,ECU Settings :: FUN_5AFF4 grip threshold #1,Compared with fef025ec = Grip (accelerator) position (meaning verified from the code that writes it).
0x18DB4A,16,0x2062F,threshold_unk,MEDIUM,fef01c4c,FUN_5B218,"if (((iVar3 != 0) || ((DAT_ram_fef01c58 << 0x1d) < 0)) || (bVar4 = uVar2 < uVar1, !bVar4)) { bVar4 = false",X,,,ECU Settings :: FUN_5B218 threshold vs fef01c4c #1,"Compared with RAM fef01c4c, whose meaning is not identified yet (written by FUN_5B74C (alias of fef01c4c))."
0x18DB4C,16,0x20630,threshold_unk,MEDIUM,fef01c54,FUN_5B488,if (cVar28 == -1) { if (bVar18 < bVar29) { if (((uVar7 < uVar19) && (bVar16 < bVar23)) && (uVar32 <= uVar8)) { cVar33 = cVar17,X,,,ECU Settings :: Meter/CAN Indicator Logic threshold vs fef01c54 #9,"Compared with RAM fef01c54, whose meaning is not identified yet (written by FUN_5AF26 (expr))."
0x18DB4E,8,0x20631,limit,MEDIUM,,FUN_69F9E,"uVar1 = FUN_ram_000919b6(DAT_ram_0018db4e << 2,0xff)",X,,,Sensors / Ride Mode / Comms :: FUN_69F9E clamp/limit value #1,Used as a limit or operand inside a saturating calculation.
0x18DB4F,8,0x20632,threshold_unk,MEDIUM,fef025b2,FUN_69DD2,"if ((bVar3 * uVar8 >> 8 < uVar4) || (uVar4 < bVar2 * uVar8 >> 8)) { uVar11 = FUN_ram_00091a92(uVar11,1)",X,,,Sensors / Ride Mode / Comms :: FUN_69DD2 threshold vs fef025b2 #2,"Compared with RAM fef025b2, whose meaning is not identified yet (written by FUN_76390 (alias of fef02568))."
0x18DB50,8,0x20633,untraced,LOW,,FUN_6A000,,X,,,Sensors / Ride Mode / Comms :: FUN_69DD2 parameter #3,"Read by FUN_6A000, FUN_69DD2; the trace could not resolve how the value is used (indirect or structure access). Purpose unknown - leave stock."
0x18DB51,8,0x20634,threshold,HIGH,fef026bc = ADC ch2A (unidentified),FUN_5EC9C,FUN_ram_0005ec76(DAT_ram_0018db51 <= DAT_ram_fef026bc && DAT_ram_fef026bc < DAT_ram,X,,,IMU / Wheel Speed :: FUN_5EC9C raw-ADC threshold #1,Compared with fef026bc = ADC ch2A (unidentified) (meaning verified from the code that writes it).
0x18DB52,8,0x20635,threshold,HIGH,fef026bc = ADC ch2A (unidentified),FUN_5EC9C,FUN_ram_0005ec76(DAT_ram_0018db51 <= DAT_ram_fef026bc && DAT_ram_fef026bc < DAT_ram,X,,,IMU / Wheel Speed :: FUN_5EC9C raw-ADC threshold #2,Compared with fef026bc = ADC ch2A (unidentified) (meaning verified from the code that writes it).
0x18DB53,8,0x20636,switch,HIGH,,FUN_6A2C2,} if ((cVar1 == -0x80) && (uVar2 == uVar3)) { DAT_ram_fef021d6 = DAT_ram_fef021d6 | 2,X,,,SWITCH Quickshifter :: FUN_6A2C2 option byte (0x80 = on) #1,"Tested for 0x80: 0x80 = function ON, anything else = OFF."
0x18DB54,8,0x20637,threshold_unk,MEDIUM,fef01f72,FUN_6A2C2,} if ((cVar1 == -0x80) && (uVar2 == uVar3)) { DAT_ram_fef021d6 = DAT_ram_fef021d6 | 2,X,,,SWITCH Quickshifter :: FUN_6A2C2 threshold vs fef01f72 #2,"Compared with RAM fef01f72, whose meaning is not identified yet (written by FUN_5EFFE (alias of fef0845c))."
0x18DB55,8,0x20638,cmp_local,MEDIUM,,FUN_62F32,(&DAT_ram_fef01cb4)[iVar3] = (&DAT_ram_fef010e4)[iVar3] * (uVar2 < uVar1) + (uVar2 >= uVar1) * -0x8000,X,,,SWITCH Sensors / Ride Mode / Comms :: FUN_62F32 threshold (computed input) #1,Compared with a value computed inside the function (not a single RAM variable).
0x18DB56,8,0x20639,threshold_unk,MEDIUM,fef02197,FUN_5EA9E,if ((((((iVar7 == 0) && (bVar2 <= bVar4)) && (uVar11 <= (uVar12 >> 8))) && (((uVar12 >> 8) < bVar3 && ((DAT_ram_fef02198 & 2) != 0)))) && ((,X,,,IMU / Wheel Speed :: FUN_5EA9E threshold vs fef02197 #2,"Compared with RAM fef02197, whose meaning is not identified yet (written by FUN_5EA9E (expr))."
0x18DB57,8,0x2063A,cmp_local,MEDIUM,,FUN_5EA9E,if ((((((iVar7 == 0) && (bVar2 <= bVar4)) && (uVar11 <= (uVar12 >> 8))) && (((uVar12 >> 8) < bVar3 && ((DAT_ram_fef02198 & 2) != 0)))) && ((,X,,,IMU / Wheel Speed :: FUN_5EA9E threshold (computed input) #3,Compared with a value computed inside the function (not a single RAM variable).
0x18DB58,8,0x2063B,cmp_local,MEDIUM,,FUN_5EA9E,if ((((((iVar7 == 0) && (bVar2 <= bVar4)) && (uVar11 <= (uVar12 >> 8))) && (((uVar12 >> 8) < bVar3 && ((DAT_ram_fef02198 & 2) != 0)))) && ((,X,,,IMU / Wheel Speed :: FUN_5EA9E threshold (computed input) #4,Compared with a value computed inside the function (not a single RAM variable).
0x18DB59,8,0x2063C,threshold,HIGH,fef026bd = Coolant temperature (ECT),FUN_5E85C,if (((DAT_ram_0018db5a <= DAT_ram_fef026bd) + -((DAT_ram_fef02198 << 0x1e) >> 0x1f),X*0.9375-30,,,IMU / Wheel Speed :: FUN_5E85C coolant-temp threshold #1,Compared with fef026bd = Coolant temperature (ECT) (meaning verified from the code that writes it).
0x18DB5A,8,0x2063D,threshold,HIGH,fef026bd = Coolant temperature (ECT),FUN_5E85C,if (((DAT_ram_0018db5a <= DAT_ram_fef026bd) + -((DAT_ram_fef02198 << 0x1e) >> 0x1f),X*0.9375-30,,,IMU / Wheel Speed :: FUN_5E85C coolant-temp threshold #2,Compared with fef026bd = Coolant temperature (ECT) (meaning verified from the code that writes it).
0x18DB5B,8,0x2063E,count,HIGH,fef02190,FUN_5EB58,cVar2 = (DAT_ram_0018db5b <= DAT_ram_fef02190) + (DAT_ram_fef02176 & 1) * (DAT_ram_0018db5b > DAT_ram_fef02190),X,,,IMU / Wheel Speed :: FUN_5EB58 debounce/timer count #1,"Compared with fef02190, a counter the code steps by 1 each cycle, so this is a cycle count (debounce/delay), not a sensor value."
0x18DB5C,8,0x2063F,threshold_unk,MEDIUM,fef02191,FUN_5EB58,} cVar2 = (DAT_ram_fef02176 & 1) * (DAT_ram_fef02191 < DAT_ram_0018db5c),X,,,IMU / Wheel Speed :: FUN_5EB58 threshold vs fef02191 #2,"Compared with RAM fef02191, whose meaning is not identified yet (written by FUN_5EB58 (expr))."
0x18DB5D,8,0x20640,switch,HIGH,,FUN_5E7FE,if (DAT_ram_0018db5d == -0x80) { bVar1 = DAT_ram_fef02636 <= DAT_ram_0018da5a,X,,,SWITCH IMU / Wheel Speed :: FUN_5E7FE option byte (0x80 = on) #2,"Tested for 0x80: 0x80 = function ON, anything else = OFF."
0x18DB5E,8,0x20641,switch,HIGH,,FUN_5E606,if ((DAT_ram_0018db5e == -0x80) && ((DAT_ram_fef02198 & 0x20) != 0)) { bVar1 = true,X,,,SWITCH IMU / Wheel Speed :: FUN_5E606 option byte (0x80 = on) #1,"Tested for 0x80: 0x80 = function ON, anything else = OFF."
0x18DB5F,8,0x20642,switch,HIGH,,FUN_5E606,if (DAT_ram_0018db5f == -0x80) { bVar1 = (DAT_ram_fef02198 & 0x40) != 0,X,,,SWITCH IMU / Wheel Speed :: FUN_5E606 option byte (0x80 = on) #2,"Tested for 0x80: 0x80 = function ON, anything else = OFF."
0x18DB60,8,0x20643,threshold_unk,MEDIUM,fef02196,FUN_5E64C,if ((((iVar11 == 0) && (cVar6 != '\0')) && (uVar14 <= uVar12)) && (((uVar2 <= uVar9 || (uVar3 <= uVar8)) && (bVar4 <= bVar7)))) { bVar1 = tr,X,,,IMU / Wheel Speed :: Wheel-Speed Processing threshold vs fef02196 #14,"Compared with RAM fef02196, whose meaning is not identified yet (written by FUN_5E64C (expr))."
0x18DB61,8,0x20644,default,HIGH,fef0218e,FUN_5E64C,DAT_ram_fef0218e = DAT_ram_0018db61,X,,,IMU / Wheel Speed :: Wheel-Speed Processing value written to fef0218e #15,"Written directly into RAM fef0218e (initial, fallback or target value). Writer of fef0218e: FUN_5E64C (expr)."
0x18DB62,8,0x20645,default,HIGH,fef0218f,FUN_5E64C,DAT_ram_fef0218f = DAT_ram_0018db62,X,,,IMU / Wheel Speed :: Wheel-Speed Processing value written to fef0218f #16,"Written directly into RAM fef0218f (initial, fallback or target value). Writer of fef0218f: FUN_5E64C (expr)."
0x18DB63,8,0x20646,threshold_unk,MEDIUM,fef02192,FUN_5E788,} else { iVar8 = (bVar1 <= bVar3) + iVar8 * (bVar1 > bVar3),X,,,IMU / Wheel Speed :: FUN_5E788 threshold vs fef02192 #2,"Compared with RAM fef02192, whose meaning is not identified yet (written by FUN_5E788 (expr))."
0x18DB64,8,0x20647,threshold_unk,MEDIUM,fef02193,FUN_5E788,iVar8 = iVar8 * (bVar4 < bVar2),X,,,IMU / Wheel Speed :: FUN_5E788 threshold vs fef02193 #3,"Compared with RAM fef02193, whose meaning is not identified yet (written by FUN_5E788 (expr))."
0x18DB65,8,0x20648,count,HIGH,fef02195,FUN_5E47C,} else { iVar1 = (DAT_ram_0018db65 <= DAT_ram_fef02195) + iVar1 * (DAT_ram_0018db65 > DAT_ram_fef02195),X,,,IMU / Wheel Speed :: FUN_5E47C debounce/timer count #2,"Compared with fef02195, a counter the code steps by 1 each cycle, so this is a cycle count (debounce/delay), not a sensor value."
0x18DB66,8,0x20649,count,HIGH,fef02194,FUN_5E4E8,} else { iVar1 = (DAT_ram_0018db66 <= DAT_ram_fef02194) + iVar1 * (DAT_ram_0018db66 > DAT_ram_fef02194),X,,,IMU / Wheel Speed :: FUN_5E4E8 debounce/timer count #2,"Compared with fef02194, a counter the code steps by 1 each cycle, so this is a cycle count (debounce/delay), not a sensor value."
0x18DB67,8,0x2064A,count,HIGH,fef02209,FUN_6AE4E,} if ((DAT_ram_fef0220a & 1) == 0) { if (bVar1 <= DAT_ram_fef02209) { FUN_ram_0006af06(0),X,,,Ride Mode Presets :: FUN_6AE4E debounce/timer count #1,"Compared with fef02209, a counter the code steps by 1 each cycle, so this is a cycle count (debounce/delay), not a sensor value."
0x18DB68,8,0x2064B,switch,HIGH,,FUN_69AE8,if ((DAT_ram_fef01a66 == '\0') && (cVar1 == -0x80)) { bVar3 = true,X,,,SWITCH Sensors / Ride Mode / Comms :: FUN_69AE8 option byte (0x80 = on) #1,"Tested for 0x80: 0x80 = function ON, anything else = OFF."
0x18DB69,8,0x2064C,switch,HIGH,,FUN_69972,} if (((DAT_ram_fef021c0 & 8) != 0) && ((cVar7 != -0x80 || ((DAT_ram_fef021c0 & 0x10) != 0)))) { DAT_ram_fef021c0 = DAT_ram_fef021c0 | 1,X,,,SWITCH Sensors / Ride Mode / Comms :: Switch/Input Processing option byte (0x80 = on) #13,"Tested for 0x80: 0x80 = function ON, anything else = OFF."
0x18DB6A,8,0x2064D,arith,MEDIUM,fef01f50,FUN_5E1BA,DAT_ram_fef01f50 = FUN_ram_000919c2((((((DAT_ram_fef0208d + 0x180) * (DAT_ram_fef0208e + 0x180) * bVar1 >> 3) * uVar4 >> 0x10) * uVar5) / 0x,X,,,ETV Monitor / Level-2 Safety :: FUN_5E1BA factor in fef01f50 #1,"Used in the expression that computes RAM fef01f50 (gain, offset or per-case value)."
0x18DB6B,8,0x2064E,arith,MEDIUM,fef01f50,FUN_5E1BA,DAT_ram_fef01f50 = FUN_ram_000919c2((((((DAT_ram_fef0208d + 0x180) * (DAT_ram_fef0208e + 0x180) * bVar1 >> 3) * uVar4 >> 0x10) * uVar5) / 0x,X,,,ETV Monitor / Level-2 Safety :: FUN_5E1BA factor in fef01f50 #2,"Used in the expression that computes RAM fef01f50 (gain, offset or per-case value)."
0x18DB6C,8,0x2064F,switch,HIGH,,FUN_5E296,if (DAT_ram_0018db6c == -0x80) { uStack_a = DAT_ram_fef01f52,X,,,SWITCH ETV Monitor / Level-2 Safety :: FUN_5E296 option byte (0x80 = on) #1,"Tested for 0x80: 0x80 = function ON, anything else = OFF."
0x18DB6D,8,0x20650,filter,HIGH,,FUN_5E296,"FUN_ram_00091826(&uStack_a,(-DAT_ram_0018db6d & 0xff) << 8,DAT_ram_fef0216c)",X,,,ETV Monitor / Level-2 Safety :: FUN_5E296 filter strength #2,Passed as the coefficient of the first-order filter FUN_91826 (as (256 - value) << 8); sets how strongly the signal is smoothed.
0x18DB6E,8,0x20651,count,HIGH,fef01c78,FUN_5B9B0,if (param_1 == '\x01') { if (DAT_ram_0018db6e <= DAT_ram_fef01,X,,,ECU Settings :: FUN_5B9B0 debounce/timer count #1,"Compared with fef01c78, a counter the code steps by 1 each cycle, so this is a cycle count (debounce/delay), not a sensor value."
0x18DB6F,8,0x20652,count,HIGH,fef01c79,FUN_5BA0A,if (param_1 == '\x01') { if (DAT_ram_0018db6f <= DAT_ram_fef01,X,,,ECU Settings :: FUN_5BA0A debounce/timer count #1,"Compared with fef01c79, a counter the code steps by 1 each cycle, so this is a cycle count (debounce/delay), not a sensor value."
0x18DB70,8,0x20653,count,HIGH,fef01c7a,FUN_5BA5E,if (param_1 < DAT_ram_0018da8e) { if (DAT_ram_0018db70 <= DAT_ram_fef01c7,X,,,ECU Settings :: FUN_5BA5E debounce/timer count #1,"Compared with fef01c7a, a counter the code steps by 1 each cycle, so this is a cycle count (debounce/delay), not a sensor value."
0x18DB71,8,0x20654,count,HIGH,fef01c7b,FUN_5BAA0,} else { if (DAT_ram_0018db71 <= DAT_ram_fef01c7b) { DAT_ram_fef01c76 = DAT_ram_fef01c76 | 0x20,X,,,ECU Settings :: FUN_5BAA0 debounce/timer count #1,"Compared with fef01c7b, a counter the code steps by 1 each cycle, so this is a cycle count (debounce/delay), not a sensor value."
0x18DB72,8,0x20655,switch,HIGH,,FUN_5BAE2,if ((((iVar6 == 1) || ((cVar5 == '\x01' && (cVar1 != -0x80)))) || ((cVar2 != -0x80 && (cVar3 != -0x80)))) && ((cVar4 != -0x80 || (iVar7 == 0,X,,,SWITCH ECU Settings :: FUN_5BAE2 option byte (0x80 = on) #1,"Tested for 0x80: 0x80 = function ON, anything else = OFF."
0x18DB73,8,0x20656,count,HIGH,fef026d0,FUN_5BCF2,if ((DAT_ram_fef01c77 & 4) != 0) { if ((((bVar4 < bVar3) && ((DAT_ram_fef01c77 & 8) != 0)) && ((DAT_ram_fef01c77 & 0x10) != 0)) && (DAT_ram_,X,,,ECU Settings :: FUN_5BCF2 debounce/timer count #3,"Compared with fef026d0, a counter the code steps by 1 each cycle, so this is a cycle count (debounce/delay), not a sensor value."
0x18DB75,8,0x20657,threshold,HIGH,fef026bd = Coolant temperature (ECT),FUN_5CFB0,} if ((((((bVar4 < bVar10) || (bVar25 != 1)) || (((bVar5 & bVar11) == 0 && ((cVar6 == -0x80 || (cVar7 == -0x80)))))) || (iVar21 >> 8 != 1)) ,X*0.9375-30,,,EVAP Purge :: FUN_5CFB0 coolant-temp threshold #1,Compared with fef026bd = Coolant temperature (ECT) (meaning verified from the code that writes it).
0x18DB76,8,0x20658,threshold,HIGH,fef026c3 = Intake air temperature (IAT),FUN_5CF6E,if (((DAT_ram_fef026c3 <= DAT_ram_0018db76) + (DAT_ram_fef020d3 & 1) * (DAT_ram_fef,X*0.9375-30,,,EVAP Purge :: FUN_5CF6E intake-air-temp threshold #1,Compared with fef026c3 = Intake air temperature (IAT) (meaning verified from the code that writes it).
0x18DB77,8,0x20659,threshold,HIGH,fef026c3 = Intake air temperature (IAT),FUN_5CF6E,if (((DAT_ram_fef026c3 <= DAT_ram_0018db76) + (DAT_ram_fef020d3 & 1) * (DAT_ram_fef,X*0.9375-30,,,EVAP Purge :: FUN_5CF6E intake-air-temp threshold #2,Compared with fef026c3 = Intake air temperature (IAT) (meaning verified from the code that writes it).
0x18DB78,8,0x2065A,untraced,LOW,,FUN_5CFB0,,X,,,SWITCH EVAP Purge :: FUN_5CFB0 option byte (0x80 = on) #2,Read by FUN_5CFB0; the trace could not resolve how the value is used (indirect or structure access). Purpose unknown - leave stock.
0x18DB79,8,0x2065B,limit,MEDIUM,,FUN_5D230,"} if (((DAT_ram_fef020d3 & 4) != 0) && (bVar2)) { uVar20 = FUN_ram_000919b6(bVar7 + uVar20,0x80)",X,,,SWITCH EVAP Purge :: EVAP Purge Parameter clamp/limit value #9,Used as a limit or operand inside a saturating calculation.
0x18DB7A,8,0x2065C,switch,HIGH,,FUN_5D230,if ((iVar17 == 1) || (cVar8 == -0x80)) { DAT_ram_fef020d3 = DAT_ram_fef020d3 | 0x10,X,,,SWITCH EVAP Purge :: EVAP Purge Parameter option byte (0x80 = on) #10,"Tested for 0x80: 0x80 = function ON, anything else = OFF."
0x18DB7B,8,0x2065D,limit,MEDIUM,,FUN_5D230,"uVar20 = FUN_ram_000919b6(bVar9 + uVar20,0x80)",X,,,SWITCH EVAP Purge :: EVAP Purge Parameter clamp/limit value #11,Used as a limit or operand inside a saturating calculation.
0x18DB7C,8,0x2065E,arith,MEDIUM,fef020ce,FUN_5D230,"DAT_ram_fef020ce = FUN_ram_00091954(uVar20 - bVar10,0)",X,,,EVAP Purge :: EVAP Purge Parameter factor in fef020ce #12,"Used in the expression that computes RAM fef020ce (gain, offset or per-case value)."
0x18DB7D,8,0x2065F,arith,MEDIUM,fef020ce,FUN_5D230,"DAT_ram_fef020ce = FUN_ram_00091954(uVar20 - bVar11,0)",X,,,EVAP Purge :: EVAP Purge Parameter factor in fef020ce #13,"Used in the expression that computes RAM fef020ce (gain, offset or per-case value)."
0x18DB7E,8,0x20660,switch,HIGH,,FUN_5D4B6,if (DAT_ram_0018db7e != -0x80) { uVar1 = FUN_ram_000919c2((DAT_ram_fef020c8 * DAT_ram_fef020cf * DAT_ram_fef020d0 * DAT_ram_fef020ce >> 8) *,X,,,SWITCH EVAP Purge :: FUN_5D4B6 option byte (0x80 = on) #1,"Tested for 0x80: 0x80 = function ON, anything else = OFF."
0x18DB7F,8,0x20661,switch,HIGH,,FUN_5C59C,if (DAT_ram_0018db7f == -0x80) { FUN_ram_0005bff0(),X,,,SWITCH ECU Settings :: FUN_5C59C option byte (0x80 = on) #1,"Tested for 0x80: 0x80 = function ON, anything else = OFF."
0x18DB80,8,0x20662,threshold_unk,MEDIUM,fef01c81,FUN_5C3C8,} if ((((((uVar6 == 0) && ((DAT_ram_fef01c7d & 1) != 0)) && ((DAT_ram_fef01c7d & 2) != 0)) && (((DAT_ram_fef01c7d & 4) != 0 && ((DAT_ram_fef,X,,,ECU Settings :: FUN_5C3C8 threshold vs fef01c81 #1,"Compared with RAM fef01c81, whose meaning is not identified yet (written by FUN_5C3C8 (expr))."
0x18DB81,8,0x20663,threshold,HIGH,fef026bd = Coolant temperature (ECT),FUN_5C020,if (DAT_ram_fef026bd <= DAT_ram_0018db81) { DAT_ram_fef01c7e = DAT_ram_fef01c7e & 0,X*0.9375-30,,,ECU Settings :: FUN_5C020 coolant-temp threshold #1,Compared with fef026bd = Coolant temperature (ECT) (meaning verified from the code that writes it).
0x18DB82,8,0x20664,threshold,HIGH,fef026bd = Coolant temperature (ECT),FUN_5C020,} if (DAT_ram_0018db82 <= DAT_ram_fef026bd) { DAT_ram_fef01c7e = DAT_ram_fef01c7e | 0x80,X*0.9375-30,,,ECU Settings :: FUN_5C020 coolant-temp threshold #2,Compared with fef026bd = Coolant temperature (ECT) (meaning verified from the code that writes it).
0x18DB83,8,0x20665,threshold,HIGH,fef026bd = Coolant temperature (ECT),FUN_5C020,} if (DAT_ram_fef026bd <= DAT_ram_0018db83) { DAT_ram_fef01c7f = DAT_ram_fef01c7f | 1,X*0.9375-30,,,ECU Settings :: FUN_5C020 coolant-temp threshold #3,Compared with fef026bd = Coolant temperature (ECT) (meaning verified from the code that writes it).
0x18DB84,8,0x20666,threshold,HIGH,fef026bd = Coolant temperature (ECT),FUN_5C020,} if (DAT_ram_0018db84 <= DAT_ram_fef026bd) { DAT_ram_fef01c7f = DAT_ram_fef01c7f & 0xfe,X*0.9375-30,,,ECU Settings :: FUN_5C020 coolant-temp threshold #4,Compared with fef026bd = Coolant temperature (ECT) (meaning verified from the code that writes it).
0x18DB85,8,0x20667,arith,MEDIUM,fef01c7d,FUN_5C12A,if ((iVar2 == 1) || ((DAT_ram_0018db85 & bVar1) != 0)) { DAT_ram_fef01c7d = DAT_ram_fef01c7d | 0x10,X,,,ECU Settings :: FUN_5C12A factor in fef01c7d #1,"Used in the expression that computes RAM fef01c7d (gain, offset or per-case value)."
0x18DB86,8,0x20668,switch,HIGH,,FUN_5C15E,} if ((((DAT_ram_0018db86 == -0x80) || ((DAT_ram_fef01c7e & 0x20) != 0)) && ((DAT_ram_fef01c7e & 0x40) != 0)) || (iVar2 == 1)) { DAT_ram_fef,X,,,SWITCH ECU Settings :: Meter/CAN Parameter option byte (0x80 = on) #5,"Tested for 0x80: 0x80 = function ON, anything else = OFF."
0x18DB87,8,0x20669,threshold_unk,MEDIUM,fef01c82,FUN_5C466,} if ((((uVar5 == 0) && ((DAT_ram_fef01c7d & 0x40) != 0)) && ((DAT_ram_fef01c7d & 0x80) != 0)) && ((((DAT_ram_fef01c7e & 1) != 0 && ((DAT_ra,X,,,ECU Settings :: FUN_5C466 threshold vs fef01c82 #1,"Compared with RAM fef01c82, whose meaning is not identified yet (written by FUN_5C466 (expr))."
0x18DB88,8,0x2066A,threshold,HIGH,fef026bd = Coolant temperature (ECT),FUN_5C212,if (DAT_ram_fef026bd <= DAT_ram_0018db88) { DAT_ram_fef01c7f = DAT_ram_fef01c7f & 0,X*0.9375-30,,,ECU Settings :: FUN_5C212 coolant-temp threshold #1,Compared with fef026bd = Coolant temperature (ECT) (meaning verified from the code that writes it).
0x18DB89,8,0x2066B,threshold,HIGH,fef026bd = Coolant temperature (ECT),FUN_5C212,} if (DAT_ram_0018db89 <= DAT_ram_fef026bd) { DAT_ram_fef01c7f = DAT_ram_fef01c7f | 8,X*0.9375-30,,,ECU Settings :: FUN_5C212 coolant-temp threshold #2,Compared with fef026bd = Coolant temperature (ECT) (meaning verified from the code that writes it).
0x18DB8A,8,0x2066C,threshold,HIGH,fef026bd = Coolant temperature (ECT),FUN_5C212,} if (DAT_ram_fef026bd <= DAT_ram_0018db8a) { DAT_ram_fef01c7f = DAT_ram_fef01c7f | 0x10,X*0.9375-30,,,ECU Settings :: FUN_5C212 coolant-temp threshold #3,Compared with fef026bd = Coolant temperature (ECT) (meaning verified from the code that writes it).
0x18DB8B,8,0x2066D,threshold,HIGH,fef026bd = Coolant temperature (ECT),FUN_5C212,} if (DAT_ram_0018db8b <= DAT_ram_fef026bd) { DAT_ram_fef01c7f = DAT_ram_fef01c7f & 0xef,X*0.9375-30,,,ECU Settings :: FUN_5C212 coolant-temp threshold #4,Compared with fef026bd = Coolant temperature (ECT) (meaning verified from the code that writes it).
0x18DB8C,8,0x2066E,switch,HIGH,,FUN_30C1E,"if ((((cVar1 == -0x80) && (cVar2 != '\x04')) || (iVar4 != 1)) || (uVar3 = 1, (DAT_ram_fef00b01 & 1) != 1)) { uVar3 = 0",X,,,SWITCH DTC P0130 #1 / P2A00 / P0150 #1 :: option byte (0x80 = on) #10,"Tested for 0x80: 0x80 = function ON, anything else = OFF."
0x18DB8D,8,0x2066F,arith,MEDIUM,fef020e0,FUN_5D8B0,"if ((((((param_1 == -0x80) && (bVar5 <= param_2)) && (iVar9 == 0)) && ((DAT_ram_fef020e0 & 0x80) == 0)) && (((iVar9 = FUN_ram_00036810(0), i",X,,,SWITCH EVAP Purge :: FUN_5D8B0 factor in fef020e0 #4,"Used in the expression that computes RAM fef020e0 (gain, offset or per-case value)."
0x18DB8E,8,0x20670,cmp_local,MEDIUM,,FUN_5D6B6,bVar1 = uVar2 <= uVar5,X,,,EVAP Purge :: FUN_5D6B6 threshold (computed input) #1,Compared with a value computed inside the function (not a single RAM variable).
0x18DB8F,8,0x20671,default,HIGH,fef020e3,FUN_5D6B6,DAT_ram_fef020e3 = uVar4,X,,,EVAP Purge :: FUN_5D6B6 value written to fef020e3 #2,"Written directly into RAM fef020e3 (initial, fallback or target value). Writer of fef020e3: FUN_5D6B6 (expr)."
0x18DB90,8,0x20672,switch,HIGH,,FUN_5DAA2,if (((((DAT_ram_0018db90 == -0x80) && (param_1 == '\x02')) && ((DAT_ram_fef020e1 & 8) == 0)) && (((DAT_ram_fef020e1 & 4) != 0 && ((DAT_ram_f,X,,,SWITCH EVAP Purge :: FUN_5DAA2 option byte (0x80 = on) #2,"Tested for 0x80: 0x80 = function ON, anything else = OFF."
0x18DB91,8,0x20673,cmp_local,MEDIUM,,FUN_5D6B6,bVar1 = uVar4 <= uVar3,X,,,EVAP Purge :: FUN_5D6B6 threshold (computed input) #3,Compared with a value computed inside the function (not a single RAM variable).
0x18DB92,8,0x20674,default,HIGH,fef020e2,FUN_5D6B6,DAT_ram_fef020e2 = uVar2,X,,,EVAP Purge :: FUN_5D6B6 value written to fef020e2 #4,"Written directly into RAM fef020e2 (initial, fallback or target value). Writer of fef020e2: FUN_5D6B6 (expr)."
0x18DB96,8,0x20675,count,HIGH,fef01c8b,FUN_5CA80,if ((bVar1 & 4) == 0) { if ((DAT_ram_0018db96 <= DAT_ram_fef01c8b) && ((((DAT_ram_fef01c90 & 4) != 0 && ((DAT_ram_fef01c92 & 0x40) == 0)) ||,X,,,EVAP Purge :: FUN_5CA80 debounce/timer count #1,"Compared with fef01c8b, a counter the code steps by 1 each cycle, so this is a cycle count (debounce/delay), not a sensor value."
0x18DB97,8,0x20676,switch,HIGH,,FUN_5CD26,if (((cVar1 == -0x80) && (iVar2 == 0)) && ((DAT_ram_fef01c92 & 0x20) == 0)) { DAT_ram_fef01c91 = DAT_ram_fef01c91 | 0x80,X,,,SWITCH EVAP Purge :: FUN_5CD26 option byte (0x80 = on) #1,"Tested for 0x80: 0x80 = function ON, anything else = OFF."
0x18DB98,8,0x20677,switch,HIGH,,FUN_5CB28,if ((((uVar2 << 0x1e) < 0) || (iVar1 == 1)) && (DAT_ram_0018db98 == -0x80)) { DAT_ram_fef01c91 = DAT_ram_fef01c91 & 0xfb,X,,,SWITCH EVAP Purge :: FUN_5CB28 option byte (0x80 = on) #1,"Tested for 0x80: 0x80 = function ON, anything else = OFF."
0x18DBA5,8,0x20678,untraced,LOW,,FUN_5CC26,,X,,,EVAP Purge :: FUN_5CC26 parameter #1,Read by FUN_5CC26; the trace could not resolve how the value is used (indirect or structure access). Purpose unknown - leave stock.
0x18DBA6,8,0x20679,switch,HIGH,,FUN_6CFA6,if ((DAT_ram_0018dba6 == -0x80) && ((iVar1 == 1 || (iVar2 == 1)))) { bVar4 = true,X,,,SWITCH Sensor Scaling (MAP/baro) :: FUN_6CFA6 option byte (0x80 = on) #1,"Tested for 0x80: 0x80 = function ON, anything else = OFF."
0x18DBA7,8,0x2067A,switch,HIGH,,FUN_6CFA6,if (DAT_ram_0018dba7 == -0x80) { bVar4 = iVar3 == 1,X,,,SWITCH Sensor Scaling (MAP/baro) :: FUN_6CFA6 option byte (0x80 = on) #2,"Tested for 0x80: 0x80 = function ON, anything else = OFF."
0x18DBA8,8,0x2067B,cmp_local,MEDIUM,,FUN_6A980,if (((DAT_ram_0018dbaa != '\0') && (DAT_ram_0018dbaa != -0x80)) && (DAT_ram_0018dba8 == '\0')) { iVar7 = 0x8000 - DAT_ram_fef021ee,X,,,SWITCH Ride Mode Presets :: Ride-Mode Parameter threshold (computed input) #11,Compared with a value computed inside the function (not a single RAM variable).
0x18DBA9,8,0x2067C,untraced,LOW,,FUN_6A980,,X,,,Ride Mode Presets :: Ride-Mode Parameter parameter #12,Read by FUN_6A980; the trace could not resolve how the value is used (indirect or structure access). Purpose unknown - leave stock.
0x18DBAA,8,0x2067D,switch,HIGH,,FUN_6A980,if (((DAT_ram_0018dbaa != '\0') && (DAT_ram_0018dbaa != -0x80)) && (DAT_ram_0018dba8 == '\0')) { iVar7 = 0x8000 - DAT_ram_fef021ee,X,,,SWITCH Ride Mode Presets :: Ride-Mode Parameter option byte (0x80 = on) #13,"Tested for 0x80: 0x80 = function ON, anything else = OFF."
0x18DBAB,8,0x2067E,threshold_unk,MEDIUM,fef02206,FUN_6AD3C,"if ((cVar11 != '\x01') || (uVar9 < uVar3 || bVar8 < bVar5)) { uVar14 = FUN_ram_00091aca(uVar6,1)",X,,,Ride Mode Presets :: FUN_6AD3C threshold vs fef02206 #6,"Compared with RAM fef02206, whose meaning is not identified yet (written by FUN_6AD3C (expr))."
0x18DBAC,8,0x2067F,switch,HIGH,,FUN_62E22,} } if (iVar6 == 0) { if (bVar2 < 200) { if (((cVar1 != -0x80) || (uVar3 < 0x3e1)) || (0x14 < uVar4)) { DAT_ram_fef021ae = DAT_ram_fef021ae ,X,,,SWITCH Sensors / Ride Mode / Comms :: FUN_62E22 option byte (0x80 = on) #1,"Tested for 0x80: 0x80 = function ON, anything else = OFF."
0x18DBAD,8,0x20680,switch,HIGH,,FUN_62E22,if (iVar5 == 0) { if (DAT_ram_fef021ac < 200) { if (((DAT_ram_0018dbad != -0x80) || (uVar3 < 0x3e1)) || (0x14 < uVar4)) { DAT_ram_fef021ae =,X,,,SWITCH Sensors / Ride Mode / Comms :: FUN_62E22 option byte (0x80 = on) #2,"Tested for 0x80: 0x80 = function ON, anything else = OFF."
0x18DBAE,8,0x20681,switch,HIGH,,FUN_60642,if ((DAT_ram_0018dbae == -0x80) && ((uVar3 & 0xff) != DAT_ram_fef01f8e)) { local_80 = &uStack_1cd,X,,,SWITCH Sensors / Ride Mode / Comms :: EEPROM Learned-Data Store option byte (0x80 = on) #10,"Tested for 0x80: 0x80 = function ON, anything else = OFF."
0x18DBAF,8,0x20682,cmp_local,MEDIUM,,FUN_6ABC6,"if (cVar3 == '\0') { iVar8 = FUN_ram_00091d8a(&PTR_DAT_ram_0000050a_ram_0018c938,uVar5)",X,,,Ride Mode Presets :: FUN_6ABC6 threshold (computed input) #4,Compared with a value computed inside the function (not a single RAM variable).
0x18DBB0,8,0x20683,cmp_local,MEDIUM,,FUN_6ABC6,if (cVar4 == '\0') { uVar6 = 0,X,,,Ride Mode Presets :: FUN_6ABC6 threshold (computed input) #5,Compared with a value computed inside the function (not a single RAM variable).
0x18DBB1,8,0x20684,cmp_local,MEDIUM,,FUN_6A6CA,if (((uVar3 < DAT_ram_0018db04) || (iVar13 != 0)) || ((((cVar8 != '\x01' || (DAT_ram_0018dbb1 != '\x01')) && ((cVar8 != '\x02' || (DAT_ram_0,X,,,Quickshifter :: QS Sensor Processing threshold (computed input) #5,Compared with a value computed inside the function (not a single RAM variable).
0x18DBB2,8,0x20685,cmp_local,MEDIUM,,FUN_6A6CA,if (((uVar3 < DAT_ram_0018db04) || (iVar13 != 0)) || ((((cVar8 != '\x01' || (DAT_ram_0018dbb1 != '\x01')) && ((cVar8 != '\x02' || (DAT_ram_0,X,,,Quickshifter :: QS Sensor Processing threshold (computed input) #6,Compared with a value computed inside the function (not a single RAM variable).
0x18DBB3,8,0x20686,cmp_local,MEDIUM,,FUN_6A6CA,if (((uVar3 < DAT_ram_0018db04) || (iVar13 != 0)) || ((((cVar8 != '\x01' || (DAT_ram_0018dbb1 != '\x01')) && ((cVar8 != '\x02' || (DAT_ram_0,X,,,Quickshifter :: QS Sensor Processing threshold (computed input) #7,Compared with a value computed inside the function (not a single RAM variable).
0x18DBB4,8,0x20687,switch,HIGH,,FUN_45182,if ((((((cVar3 == -0x80) && (cVar1 == -0x80)) && ((DAT_ram_fef00ff8 & 1) != 0)) && ((uVar2 <= uVar4 && (iVar11 == 1)))) && ((iVar8 == 0 && (,X,,,SWITCH Fuel :: FUN_45182 option byte (0x80 = on) #2,"Tested for 0x80: 0x80 = function ON, anything else = OFF."
0x18DBB5,8,0x20688,count,HIGH,fef00ffc,FUN_45260,if (DAT_ram_fef00ffc < DAT_ram_0018dbb5) { bVar1 = DAT_ram_fef00ff8 & 0xfe,X,,,Injectors :: FUN_45260 debounce/timer count #1,"Compared with fef00ffc, a counter the code steps by 1 each cycle, so this is a cycle count (debounce/delay), not a sensor value."
0x18DBB6,8,0x20689,threshold_unk,MEDIUM,fef02226,FUN_6BC18,"if (uVar8 <= uVar11) { uVar11 = FUN_ram_00091a92(uVar13,1)",X,,,Ride Mode Presets :: FUN_6BC18 threshold vs fef02226 #2,"Compared with RAM fef02226, whose meaning is not identified yet (written by FUN_6BC18 (alias of fef02226))."
0x18DBB7,8,0x2068A,cmp_local,MEDIUM,,FUN_6BC18,} if ((bVar3 <= uVar11) || (bVar2 <= uVar8)) { iVar6 = 0,X,,,Ride Mode Presets :: FUN_6BC18 threshold (computed input) #3,Compared with a value computed inside the function (not a single RAM variable).
0x18DBB8,8,0x2068B,threshold_unk,MEDIUM,fef02226,FUN_6BC18,} if ((bVar3 <= uVar11) || (bVar2 <= uVar8)) { iVar6 = 0,X,,,Ride Mode Presets :: FUN_6BC18 threshold vs fef02226 #4,"Compared with RAM fef02226, whose meaning is not identified yet (written by FUN_6BC18 (alias of fef02226))."
0x18DBB9,8,0x2068C,threshold_unk,MEDIUM,fef02216,FUN_6B51A,} if (uVar8 <= uVar11) { DAT_ram_fef02214 = uVar15,X,,,Ride Mode Presets :: FUN_6B51A threshold vs fef02216 #4,"Compared with RAM fef02216, whose meaning is not identified yet (written by FUN_6B51A (alias of fef02216))."
0x18DBBA,8,0x2068D,threshold_unk,MEDIUM,fef0222b,FUN_6B352,} if ((DAT_ram_fef02233 & 2) != 0) { bVar12 = DAT_ram_fef0222b < bVar2,X,,,Ride Mode Presets :: FUN_6B352 threshold vs fef0222b #2,"Compared with RAM fef0222b, whose meaning is not identified yet (written by FUN_6BBC4 (alias of fef0222b))."
0x18DBBB,8,0x2068E,threshold_unk,MEDIUM,fef02227,FUN_6B8AE,if (uVar4 <= uVar5) { if (cVar1 == -0x80) { DAT_ram_fef01f6a = uVar2,X,,,Ride Mode Presets :: FUN_6B8AE threshold vs fef02227 #3,"Compared with RAM fef02227, whose meaning is not identified yet (written by FUN_6B8AE (alias of fef02227))."
0x18DBBC,8,0x2068F,arith,MEDIUM,fef0221c,FUN_6B70E,"} else { DAT_ram_fef0221c = FUN_ram_00091aa4(uVar4,DAT_ram_0018dbbc)",X,,,Ride Mode Presets :: FUN_6B70E factor in fef0221c #1,"Used in the expression that computes RAM fef0221c (gain, offset or per-case value)."
0x18DBBD,8,0x20690,arith,MEDIUM,fef0221e,FUN_6B70E,"} if (uVar4 < uVar5) { DAT_ram_fef0221e = FUN_ram_00091a92(uVar4,DAT_ram_0018dbbd)",X,,,Ride Mode Presets :: FUN_6B70E factor in fef0221e #2,"Used in the expression that computes RAM fef0221e (gain, offset or per-case value)."
0x18DBBE,8,0x20691,threshold_unk,MEDIUM,fef02221,FUN_6B70E,if (cVar2 != '\x01') { if (cVar2 == DAT_ram_fef02221) { DAT_ram_fef02221 = cVar2,X,,,Ride Mode Presets :: FUN_6B70E threshold vs fef02221 #3,"Compared with RAM fef02221, whose meaning is not identified yet (written by FUN_6B70E (expr))."
0x18DBBF,8,0x20692,untraced,LOW,,FUN_6B70E,,X,,,Ride Mode Presets :: FUN_6B70E parameter #4,Read by FUN_6B70E; the trace could not resolve how the value is used (indirect or structure access). Purpose unknown - leave stock.
0x18DBC0,8,0x20693,arith,MEDIUM,fef02220,FUN_6B298,"if ((DAT_ram_fef02234 & 2) == 0) { DAT_ram_fef02220 = FUN_ram_000919b6(DAT_ram_0018dbc0 + DAT_ram_fef02230 * DAT_ram_0018dbc2,0xff)",X,,,Ride Mode Presets :: FUN_6B298 factor in fef02220 #1,"Used in the expression that computes RAM fef02220 (gain, offset or per-case value)."
0x18DBC1,8,0x20694,arith,MEDIUM,fef02234,FUN_6B298,if (uVar2 >= uVar1) { DAT_ram_fef02234 = DAT_ram_fef02234 & 0xfd,X,,,Ride Mode Presets :: FUN_6B298 factor in fef02234 #2,"Used in the expression that computes RAM fef02234 (gain, offset or per-case value)."
0x18DBC2,8,0x20695,arith,MEDIUM,fef02220,FUN_6B298,"if ((DAT_ram_fef02234 & 2) == 0) { DAT_ram_fef02220 = FUN_ram_000919b6(DAT_ram_0018dbc0 + DAT_ram_fef02230 * DAT_ram_0018dbc2,0xff)",X,,,Ride Mode Presets :: FUN_6B298 factor in fef02220 #3,"Used in the expression that computes RAM fef02220 (gain, offset or per-case value)."
0x18DBC3,8,0x20696,arith,MEDIUM,fef02234,FUN_6B298,if (uVar2 >= uVar1) { DAT_ram_fef02234 = DAT_ram_fef02234 & 0xfd,X,,,Ride Mode Presets :: FUN_6B298 factor in fef02234 #4,"Used in the expression that computes RAM fef02234 (gain, offset or per-case value)."
0x18DBC4,8,0x20697,default,HIGH,fef020b8,FUN_6BA2E,DAT_ram_fef020b8 = bStack_30,X,,,Ride Mode Presets :: FUN_6BA2E value written to fef020b8 #1,"Written directly into RAM fef020b8 (initial, fallback or target value). Writer of fef020b8: FUN_6B1F0 (expr)."
0x18DBC5,8,0x20698,untraced,LOW,,FUN_6BA2E,,X,,,Ride Mode Presets :: FUN_6BA2E parameter #2,Read by FUN_6BA2E; the trace could not resolve how the value is used (indirect or structure access). Purpose unknown - leave stock.
0x18DBC6,8,0x20699,switch,HIGH,,FUN_6BA2E,if ((cStack_2e == '\0') || ((DAT_ram_fef02233 & 1) == 0)) { if (cVar1 == -0x80) { uVar7 = uVar9 & 1,X,,,SWITCH Ride Mode Presets :: FUN_6BA2E option byte (0x80 = on) #3,"Tested for 0x80: 0x80 = function ON, anything else = OFF."
0x18DBC7,8,0x2069A,untraced,LOW,,FUN_6B9BC,,X,,,Ride Mode Presets :: FUN_6B9BC parameter #1,Read by FUN_6B9BC; the trace could not resolve how the value is used (indirect or structure access). Purpose unknown - leave stock.
0x18DBC8,8,0x2069B,threshold_unk,MEDIUM,fef02219,FUN_6B9BC,"if (((DAT_ram_fef02229 == '\0') && (uVar4 = FUN_ram_00091a92(uVar4,1), uVar5 = param_1, cVar3 = cVar1, (param_2 & 0xff) < param_1 )) && (uVa",X,,,Ride Mode Presets :: FUN_6B9BC threshold vs fef02219 #2,"Compared with RAM fef02219, whose meaning is not identified yet (written by FUN_6B9BC (alias of fef02219))."
0x18DBC9,8,0x2069C,default,HIGH,fef020b9,FUN_6B62E,} if (iVar6 == 1) { DAT_ram_fef020b9 = uVar3,X,,,Ride Mode Presets :: FUN_6B62E value written to fef020b9 #1,"Written directly into RAM fef020b9 (initial, fallback or target value). Writer of fef020b9: FUN_6B62E (expr)."
0x18DBCA,8,0x2069D,threshold_unk,MEDIUM,fef0222c,FUN_6B352,} if (iVar7 == 1) { bVar12 = DAT_ram_fef0222c < bVar3,X,,,Ride Mode Presets :: FUN_6B352 threshold vs fef0222c #3,"Compared with RAM fef0222c, whose meaning is not identified yet (written by FUN_6BBC4 (expr))."
0x18DBCC,8,0x2069E,untraced,LOW,,FUN_6AF66,,X,,,Ride Mode Presets :: FUN_6AF66 parameter #1,Read by FUN_6AF66; the trace could not resolve how the value is used (indirect or structure access). Purpose unknown - leave stock.
0x18DBCD,8,0x2069F,threshold_unk,MEDIUM,fef0220d,FUN_6AFFA,if (bVar1 <= DAT_ram_fef0220d) { FUN_ram_0006b150(0),X,,,Ride Mode Presets :: FUN_6AFFA threshold vs fef0220d #1,"Compared with RAM fef0220d, whose meaning is not identified yet (written by FUN_6AFFA (expr))."
0x18DBCE,8,0x206A0,untraced,LOW,,FUN_6AFA2,,X,,,Ride Mode Presets :: FUN_6AFA2 parameter #1,Read by FUN_6AFA2; the trace could not resolve how the value is used (indirect or structure access). Purpose unknown - leave stock.
0x18DBCF,8,0x206A1,threshold_unk,MEDIUM,fef0220e,FUN_6B092,"LAB_ram_0006b0c6: if (DAT_ram_fef0220e < DAT_ram_0018dbcf) { uVar2 = FUN_ram_00091a92(DAT_ram_fef0220e,iVar6)",X,,,Ride Mode Presets :: FUN_6B092 threshold vs fef0220e #1,"Compared with RAM fef0220e, whose meaning is not identified yet (written by FUN_6B092 (expr))."
0x18DBD0,8,0x206A2,switch,HIGH,,FUN_6CCE6,if ((((DAT_ram_0018dbd0 != '\0') && ((DAT_ram_fef02274 & 1) != 0)) && (DAT_ram_0018db28 <= DAT_ram_fef0258e)) && (DAT_ram_fef02274 = DAT_ram,X,,,SWITCH Sensor Scaling (MAP/baro) :: FUN_6CCE6 option byte (0x80 = on) #1,"Tested for 0x80: 0x80 = function ON, anything else = OFF."
0x18DBD1,8,0x206A3,arith,MEDIUM,fef02274,FUN_6C5DA,} if ((cVar2 == '\0') || (uVar3 < uVar1)) { if (7 < DAT_ram_fef0226d) { DAT_ram_fef02274 = DAT_ram_fef02274 & 0xd7 | 0x40,X,,,Sensors / Ride Mode / Comms :: FUN_6C5DA factor in fef02274 #2,"Used in the expression that computes RAM fef02274 (gain, offset or per-case value)."
0x18DBD2,8,0x206A4,arith,MEDIUM,fef02270,FUN_6C722,if (uVar2 <= uVar1) { DAT_ram_fef02270 = 0,X,,,Sensors / Ride Mode / Comms :: FUN_6C722 factor in fef02270 #1,"Used in the expression that computes RAM fef02270 (gain, offset or per-case value)."
0x18DBD3,8,0x206A5,cmp_local,MEDIUM,,FUN_6CBDE,if (uVar2 < uVar4) goto LAB_ram_0006ccdc,X,,,Sensors / Ride Mode / Comms :: FUN_6CBDE threshold (computed input) #1,Compared with a value computed inside the function (not a single RAM variable).
0x18DBD4,8,0x206A6,count,HIGH,fef02270,FUN_6C5DA,if ((DAT_ram_fef02274 & 0x40) != 0) { if (DAT_ram_0018dbd4 <= DAT_ram_fef02270) { DAT_ram_fef02270 = 0,X,,,Sensors / Ride Mode / Comms :: FUN_6C5DA debounce/timer count #3,"Compared with fef02270, a counter the code steps by 1 each cycle, so this is a cycle count (debounce/delay), not a sensor value."
0x18DBD5,8,0x206A7,default,HIGH,fef02273,FUN_6CBDE,DAT_ram_fef02273 = uVar3,X,,,Sensors / Ride Mode / Comms :: FUN_6CBDE value written to fef02273 #2,"Written directly into RAM fef02273 (initial, fallback or target value). Writer of fef02273: FUN_6CBDE (expr)."
0x18DBD6,8,0x206A8,count,HIGH,fef0226b,FUN_6C75C,if (((uVar2 < uVar3) && (((param_1 != '\0' || (DAT_ram_fef02271 != '\x01')) && (iVar5 != 0)))) && (iVar4 != 1)) { if (DAT_ram_fef0226b < bVa,X,,,Sensors / Ride Mode / Comms :: FUN_6C75C debounce/timer count #2,"Compared with fef0226b, a counter the code steps by 1 each cycle, so this is a cycle count (debounce/delay), not a sensor value."
0x18DBD7,8,0x206A9,default,HIGH,fef02273,FUN_6CBDE,DAT_ram_fef02273 = uVar2,X,,,Sensors / Ride Mode / Comms :: FUN_6CBDE value written to fef02273 #3,"Written directly into RAM fef02273 (initial, fallback or target value). Writer of fef02273: FUN_6CBDE (expr)."
0x18DBD9,8,0x206AA,count,HIGH,fef01c68,FUN_5B83E,} else { if (iVar4 != 1) { cVar1 = DAT_ram_fef020c3 * (DAT_ram_fef01c68 < DAT_ram_0018dbd9),X,,,ECU Settings :: FUN_5B83E debounce/timer count #1,"Compared with fef01c68, a counter the code steps by 1 each cycle, so this is a cycle count (debounce/delay), not a sensor value."
0x18DBDA,8,0x206AB,untraced,LOW,,FUN_5B488,,X,,,ECU Settings :: Meter/CAN Indicator Logic parameter #10,Read by FUN_5B488; the trace could not resolve how the value is used (indirect or structure access). Purpose unknown - leave stock.
0x18DBDB,8,0x206AC,untraced,LOW,,FUN_5B488,,X,,,ECU Settings :: Meter/CAN Indicator Logic parameter #11,Read by FUN_5B488; the trace could not resolve how the value is used (indirect or structure access). Purpose unknown - leave stock.
0x18DBDC,8,0x206AD,threshold_unk,MEDIUM,fef01c59,FUN_5B488,} if (bVar11 < bVar22) { cVar33 = cVar13 * (uVar2 <= uVar20) + cVar12 * (uVar2 > uVar20),X,,,ECU Settings :: Meter/CAN Indicator Logic threshold vs fef01c59 #12,"Compared with RAM fef01c59, whose meaning is not identified yet (written by FUN_5AE5A (alias of fef01c59))."
0x18DBDD,8,0x206AE,untraced,LOW,,FUN_5B488,,X,,,ECU Settings :: Meter/CAN Indicator Logic parameter #13,Read by FUN_5B488; the trace could not resolve how the value is used (indirect or structure access). Purpose unknown - leave stock.
0x18DBDE,8,0x206AF,untraced,LOW,,FUN_5B488,,X,,,ECU Settings :: Meter/CAN Indicator Logic parameter #14,Read by FUN_5B488; the trace could not resolve how the value is used (indirect or structure access). Purpose unknown - leave stock.
0x18DBDF,8,0x206B0,untraced,LOW,,FUN_5B488,,X,,,ECU Settings :: Meter/CAN Indicator Logic parameter #15,Read by FUN_5B488; the trace could not resolve how the value is used (indirect or structure access). Purpose unknown - leave stock.
0x18DBE0,8,0x206B1,untraced,LOW,,FUN_5B488,,X,,,ECU Settings :: Meter/CAN Indicator Logic parameter #16,Read by FUN_5B488; the trace could not resolve how the value is used (indirect or structure access). Purpose unknown - leave stock.
0x18DBE1,8,0x206B2,count,HIGH,fef01c5a,FUN_5B488,if (cVar28 == -1) { if (bVar18 < bVar29) { if (((uVar7 < uVar19) && (bVar16 < bVar23)) && (uVar32 <= uVar8)) { cVar33 = cVar17,X,,,ECU Settings :: Meter/CAN Indicator Logic debounce/timer count #17,"Compared with fef01c5a, a counter the code steps by 1 each cycle, so this is a cycle count (debounce/delay), not a sensor value."
0x18DBE2,8,0x206B3,untraced,LOW,,FUN_5B488,,X,,,ECU Settings :: Meter/CAN Indicator Logic parameter #18,Read by FUN_5B488; the trace could not resolve how the value is used (indirect or structure access). Purpose unknown - leave stock.
0x18DBE3,8,0x206B4,default,HIGH,fef020c4,FUN_5B264,DAT_ram_fef020c4 = uVar1,X,,,ECU Settings :: FUN_5B264 value written to fef020c4 #1,"Written directly into RAM fef020c4 (initial, fallback or target value). Writer of fef020c4: FUN_5B082 (alias of fef020c4)."
0x18DBE4,8,0x206B5,threshold_unk,MEDIUM,fef020c4,FUN_5B028,if (DAT_ram_fef020c4 != '\0') { cVar2 = DAT_ram_fef020c5 * (DAT_ram_fef020c4 == DAT_ram_0018dbe4),X,,,ECU Settings :: FUN_5B028 threshold vs fef020c4 #1,"Compared with RAM fef020c4, whose meaning is not identified yet (written by FUN_5B082 (alias of fef020c4))."
0x18DBE5,8,0x206B6,threshold_unk,MEDIUM,fef020c5,FUN_5B488,if (cVar28 == -1) { if (bVar18 < bVar29) { if (((uVar7 < uVar19) && (bVar16 < bVar23)) && (uVar32 <= uVar8)) { cVar33 = cVar17,X,,,ECU Settings :: Meter/CAN Indicator Logic threshold vs fef020c5 #19,"Compared with RAM fef020c5, whose meaning is not identified yet (written by FUN_5B028 (alias of fef020c5))."
0x18DBE8,8,0x206B7,array,MEDIUM,,FUN_5CBFC,do { if (param_1 <= (&DAT_ram_0018dbe8)[uVar1]) { return,X,,,EVAP Purge :: FUN_5CBFC table element #1,Part of a table the code reads by index.
0x18EF30,16,0x206B8,cmp_local,MEDIUM,,FUN_1BB2E,if ((DAT_ram_0018f0b2 << 2 <= *(uint *)(&DAT_ram_ffff9590 + unaff_gp)) && (*(uint *)(&DAT_ram_ffff9590 + unaff_gp) <= DAT_ram_0018ef30)) { (,X,,,ECU Settings :: FUN_1BB2E threshold (computed input) #1,Compared with a value computed inside the function (not a single RAM variable).
0x18EF38,16,0x206B9,default,HIGH,fef025a0,FUN_735F2,} DAT_ram_fef025a0 = uVar1,X/51.2,,,Sensor Scaling (MAP/baro) :: FUN_735F2 voltage value written to fef025a0 #1,"Written directly into RAM fef025a0 (initial, fallback or target value). fef025a0 = Battery voltage (ADC ch29). The displayed unit was inferred earlier and is NOT confirmed by this trace."
0x18EF3A,16,0x206BA,untraced,LOW,,FUN_7386A,,X*0.9375-30,,,Sensor Scaling (MAP/baro) :: FUN_7386A temperature threshold #1,Read by FUN_7386A; the trace could not resolve how the value is used (indirect or structure access). Purpose unknown - leave stock. The displayed unit was inferred earlier and is NOT confirmed by this trace.
0x18EF3C,16,0x206BB,cmp_local,MEDIUM,,FUN_75CBA,} if ((DAT_ram_fef02774 & 4) == 0) { if (((cVar13 == '\x01') && (uVar20 == 1)) && (((uVar4 <= uVar2 && (uVar2 <= uVar5)) || (uVar6 < uVar2)),X,,,IMU / Wheel Speed :: Wheel-Speed Input Processing threshold (computed input) #1,Compared with a value computed inside the function (not a single RAM variable).
0x18EF3E,16,0x206BC,cmp_local,MEDIUM,,FUN_75CBA,} if ((DAT_ram_fef02774 & 4) == 0) { if (((cVar13 == '\x01') && (uVar20 == 1)) && (((uVar4 <= uVar2 && (uVar2 <= uVar5)) || (uVar6 < uVar2)),X,,,IMU / Wheel Speed :: Wheel-Speed Input Processing threshold (computed input) #2,Compared with a value computed inside the function (not a single RAM variable).
0x18EF40,16,0x206BD,cmp_local,MEDIUM,,FUN_75CBA,} if ((DAT_ram_fef02774 & 4) == 0) { if (((cVar13 == '\x01') && (uVar20 == 1)) && (((uVar4 <= uVar2 && (uVar2 <= uVar5)) || (uVar6 < uVar2)),X,,,IMU / Wheel Speed :: Wheel-Speed Input Processing threshold (computed input) #3,Compared with a value computed inside the function (not a single RAM variable).
0x18EF42,16,0x206BE,threshold_unk,MEDIUM,fef03148,FUN_75CBA,uVar20 = (uVar7 <= uVar22),X,,,IMU / Wheel Speed :: Wheel-Speed Input Processing threshold vs fef03148 #4,"Compared with RAM fef03148, whose meaning is not identified yet (written by FUN_803DC (expr))."
0x18EF44,16,0x206BF,cmp_local,MEDIUM,,FUN_75CBA,} if ((DAT_ram_fef02774 & 4) == 0) { if (((cVar13 == '\x01') && (uVar20 == 1)) && (((uVar4 <= uVar2 && (uVar2 <= uVar5)) || (uVar6 < uVar2)),X,,,IMU / Wheel Speed :: Wheel-Speed Input Processing threshold (computed input) #5,Compared with a value computed inside the function (not a single RAM variable).
0x18EF46,16,0x206C0,cmp_local,MEDIUM,,FUN_75CBA,if (((uVar9 < uVar2) && (uVar2 < uVar10)) && ((cVar15 == '\x01' || ((uVar22 << 0x19) < 0))) ) { bVar25 = uVar11 <= uVar1,X,,,IMU / Wheel Speed :: Wheel-Speed Input Processing threshold (computed input) #6,Compared with a value computed inside the function (not a single RAM variable).
0x18EF48,16,0x206C1,cmp_local,MEDIUM,,FUN_75CBA,if (((uVar9 < uVar2) && (uVar2 < uVar10)) && ((cVar15 == '\x01' || ((uVar22 << 0x19) < 0))) ) { bVar25 = uVar11 <= uVar1,X,,,IMU / Wheel Speed :: Wheel-Speed Input Processing threshold (computed input) #7,Compared with a value computed inside the function (not a single RAM variable).
0x18EF4A,16,0x206C2,cmp_local,MEDIUM,,FUN_75CBA,if (((uVar9 < uVar2) && (uVar2 < uVar10)) && ((cVar15 == '\x01' || ((uVar22 << 0x19) < 0))) ) { bVar25 = uVar11 <= uVar1,X,,,IMU / Wheel Speed :: Wheel-Speed Input Processing threshold (computed input) #8,Compared with a value computed inside the function (not a single RAM variable).
0x18EF4C,16,0x206C3,cmp_local,MEDIUM,,FUN_75E8A,if ((DAT_ram_fef02090 == '\x03') && (((uVar3 <= uVar2 && (uVar2 <= uVar4)) || (uVar5 < uVar2)))) { iVar9 = (uVar7 <= uVar8) + iVar9 * (uVar7,X,,,Sensor Scaling (MAP/baro) :: FUN_75E8A threshold (computed input) #1,Compared with a value computed inside the function (not a single RAM variable).
0x18EF4E,16,0x206C4,arith,MEDIUM,fef00be4,FUN_3C616,"DAT_ram_fef00be4 = FUN_ram_000919c2(((bVar9 + uVar11) * 0x4c4b4) / 0x1e80,0xffff)",X,,,HO2 / Closed Loop :: FUN_3C068 factor in fef00be4 #3,"Used in the expression that computes RAM fef00be4 (gain, offset or per-case value)."
0x18EF50,16,0x206C5,threshold,HIGH,fef0258e = Engine speed,FUN_746B6,if (((iVar4 == 1) || (iVar5 == 1)) || (uVar1 <= uVar3)) { local_1e = uVar3,X/2.56,,,ETV Monitor / Level-2 Safety :: FUN_746B6 RPM threshold #1,Compared with fef0258e = Engine speed (meaning verified from the code that writes it).
0x18EF52,16,0x206C6,threshold_unk,MEDIUM,fef0264a,FUN_7772E,if ((uVar1 <= DAT_ram_fef0264a) && (DAT_ram_fef0264a <= uVar2)) { DAT_ram_fef0264a = 0x8000,X,,,IMU / Wheel Speed :: FUN_7772E threshold vs fef0264a #1,"Compared with RAM fef0264a, whose meaning is not identified yet (written by FUN_7772E (expr of fef02636,fef027ba))."
0x18EF54,16,0x206C7,threshold_unk,MEDIUM,fef0264a,FUN_7772E,if ((uVar1 <= DAT_ram_fef0264a) && (DAT_ram_fef0264a <= uVar2)) { DAT_ram_fef0264a = 0x8000,X,,,IMU / Wheel Speed :: FUN_7772E threshold vs fef0264a #2,"Compared with RAM fef0264a, whose meaning is not identified yet (written by FUN_7772E (expr of fef02636,fef027ba))."
0x18EF5C,16,0x206C9,default,HIGH,fef016be,FUN_536CE,DAT_ram_fef016be = DAT_ram_0018ef5c,(X-7862)/393.14,,,Idle Control :: FUN_536CE value written to fef016be #1,"Written directly into RAM fef016be (initial, fallback or target value). Writer of fef016be: FUN_536CE (expr). The displayed unit was inferred earlier and is NOT confirmed by this trace."
0x18EF62,16,0x206CA,cmp_local,MEDIUM,,FUN_740A6,if ((bVar5 <= bVar2) && (bVar1 == 0)) { bVar12 = uVar10 <= uVar8,X,,,Sensor Scaling (MAP/baro) :: FUN_740A6 threshold (computed input) #1,Compared with a value computed inside the function (not a single RAM variable).
0x18EF64,16,0x206CB,cmp_local,MEDIUM,,FUN_740A6,"} if (((bVar5 == bVar2) && (bVar12 == false)) && (uVar9 < uVar11)) { uVar7 = FUN_ram_00091a82((uVar4 - DAT_ram_fef025c0) + 0x8000,0xffff,0)",X,,,Sensor Scaling (MAP/baro) :: FUN_740A6 threshold (computed input) #2,Compared with a value computed inside the function (not a single RAM variable).
0x18EF66,16,0x206CC,threshold_unk,MEDIUM,fef024dc,FUN_73B00,if ((uVar3 < uVar1) || (iVar5 == 1)) { iVar4 = 1,X,,,Launch Control :: FUN_73B00 threshold vs fef024dc #1,"Compared with RAM fef024dc, whose meaning is not identified yet (written by FUN_73AC4 (expr of fef0258c,fef0258e))."
0x18EF68,16,0x206CD,threshold_unk,MEDIUM,fef024dc,FUN_73B00,} else { iVar4 = iVar4 * (uVar3 < uVar2),X,,,Launch Control :: FUN_73B00 threshold vs fef024dc #2,"Compared with RAM fef024dc, whose meaning is not identified yet (written by FUN_73AC4 (expr of fef0258c,fef0258e))."
0x18EF6A,16,0x206CE,untraced,LOW,,FUN_73A3E,,X*0.9375-30,,,Launch Control :: FUN_73A3E temperature threshold #1,Read by FUN_73A3E; the trace could not resolve how the value is used (indirect or structure access). Purpose unknown - leave stock. The displayed unit was inferred earlier and is NOT confirmed by this trace.
0x18EF6C,16,0x206CF,limit,MEDIUM,,FUN_72EBC,"if (uVar2 != 0) { uVar1 = FUN_ram_000919c2((uVar3 << 0xf) / uVar2,0xffff)",X,,,Sensors / Ride Mode / Comms :: FUN_72EBC clamp/limit value #1,Used as a limit or operand inside a saturating calculation.
0x18EF6E,16,0x206D0,limit,MEDIUM,,FUN_7300A,"if (uVar2 != 0) { uVar1 = FUN_ram_000919c2((uVar3 << 0xf) / uVar2,0xffff)",X,,,Sensor Scaling (MAP/baro) :: FUN_7300A clamp/limit value #1,Used as a limit or operand inside a saturating calculation.
0x18EF70,16,0x206D1,cmp_local,MEDIUM,,FUN_731FC,"if (DAT_ram_0018ef74 != DAT_ram_0018ef70) { uVar7 = FUN_ram_000919c2((uVar3 << 0xf) / (DAT_ram_0018ef74 - DAT_ram_0018ef70), 0xffff)",X,,,Sensors / Ride Mode / Comms :: FUN_72EBC threshold (computed input) #2,Compared with a value computed inside the function (not a single RAM variable).
0x18EF72,16,0x206D2,cmp_local,MEDIUM,,FUN_731FC,"if (uVar5 != uVar4) { uVar6 = FUN_ram_000919c2((uVar3 << 0xf) / (uVar5 - uVar4),0xffff)",X,,,Sensor Scaling (MAP/baro) :: FUN_7300A threshold (computed input) #2,Compared with a value computed inside the function (not a single RAM variable).
0x18EF74,16,0x206D3,default,HIGH,fef0846a,FUN_60642,} DAT_ram_fef0846a = uStack_192,X,,,Sensors / Ride Mode / Comms :: EEPROM Learned-Data Store value written to fef0846a #11,"Written directly into RAM fef0846a (initial, fallback or target value). Writer of fef0846a: FUN_60642 (expr)."
0x18EF76,16,0x206D4,default,HIGH,fef0846c,FUN_60642,} DAT_ram_fef0846c = uStack_190,X,,,Sensors / Ride Mode / Comms :: EEPROM Learned-Data Store value written to fef0846c #12,"Written directly into RAM fef0846c (initial, fallback or target value). Writer of fef0846c: FUN_60642 (expr)."
0x18EF78,16,0x206D5,limit,MEDIUM,,FUN_731FC,"if (DAT_ram_0018ef74 != DAT_ram_0018ef70) { uVar7 = FUN_ram_000919c2((uVar3 << 0xf) / (DAT_ram_0018ef74 - DAT_ram_0018ef70), 0xffff)",X,,,Sensor Scaling (MAP/baro) :: FUN_731FC clamp/limit value #1,Used as a limit or operand inside a saturating calculation.
0x18EF7A,16,0x206D6,arith,MEDIUM,fef02608,FUN_731FC,"} DAT_ram_fef02608 = FUN_ram_000919c2((uVar2 * uVar6 >> 1) + (uVar1 * uVar7 >> 1) >> 0xe,0xffff)",X,,,Sensor Scaling (MAP/baro) :: FUN_731FC factor in fef02608 #2,"Used in the expression that computes RAM fef02608 (gain, offset or per-case value)."
0x18EF7C,16,0x206D7,arith,MEDIUM,fef02608,FUN_731FC,"} DAT_ram_fef02608 = FUN_ram_000919c2((uVar2 * uVar6 >> 1) + (uVar1 * uVar7 >> 1) >> 0xe,0xffff)",X,,,Sensor Scaling (MAP/baro) :: FUN_731FC factor in fef02608 #3,"Used in the expression that computes RAM fef02608 (gain, offset or per-case value)."
0x18EF7E,16,0x206D8,untraced,LOW,,FUN_732A8,,X,,,Sensor Scaling (MAP/baro) :: FUN_732A8 parameter #1,Read by FUN_732A8; the trace could not resolve how the value is used (indirect or structure access). Purpose unknown - leave stock.
0x18EF80,16,0x206D9,untraced,LOW,,FUN_732A8,,X,,,Sensor Scaling (MAP/baro) :: FUN_732A8 parameter #2,Read by FUN_732A8; the trace could not resolve how the value is used (indirect or structure access). Purpose unknown - leave stock.
0x18EF82,16,0x206DA,threshold,HIGH,fef0258e = Engine speed,FUN_75570,if ((((bVar4) && (DAT_ram_0018f0e9 == -0x80)) && (DAT_ram_0018ef82 <= DAT_ram_fef0258e)) && (iVar2 == 1)) { bVar1 = true,X/2.56,,,IMU / Wheel Speed :: FUN_75570 RPM threshold #1,Compared with fef0258e = Engine speed (meaning verified from the code that writes it).
0x18EF84,16,0x206DB,untraced,LOW,,FUN_75644,,X,,,IMU / Wheel Speed :: FUN_75644 parameter #1,Read by FUN_75644; the trace could not resolve how the value is used (indirect or structure access). Purpose unknown - leave stock.
0x18EF86,16,0x206DC,threshold_unk,MEDIUM,fef025ce,FUN_75644,if (uVar8 <= uVar3) goto LAB_ram_000756d0,X/51.2,,,IMU / Wheel Speed :: FUN_75644 voltage threshold vs fef025ce #2,"Compared with RAM fef025ce, whose meaning is not identified yet (written by FUN_7522E (expr of fef02572)). The displayed unit was inferred earlier and is NOT confirmed by this trace."
0x18EF88,16,0x206DD,threshold_unk,MEDIUM,fef0273a,FUN_756EC,"if ((uVar14 < uVar11) && (uVar12 < uVar14)) { uVar14 = FUN_ram_00091a82((uVar14 - uVar13) + 0x8000,0xffff,0)",X,,,IMU / Wheel Speed :: FUN_756EC threshold vs fef0273a #1,"Compared with RAM fef0273a, whose meaning is not identified yet (written by FUN_75644 (expr))."
0x18EF8A,16,0x206DE,untraced,LOW,,FUN_63BDA,,X,,,Sensors / Ride Mode / Comms :: Sensor Plausibility Clamp Limits parameter #1,"Read by FUN_63BDA, FUN_756EC; the trace could not resolve how the value is used (indirect or structure access). Purpose unknown - leave stock."
0x18EF8C,16,0x206DF,untraced,LOW,,FUN_63BDA,,X,,,Sensors / Ride Mode / Comms :: Sensor Plausibility Clamp Limits parameter #2,"Read by FUN_63BDA, FUN_756EC; the trace could not resolve how the value is used (indirect or structure access). Purpose unknown - leave stock."
0x18EF8E,16,0x206E0,default,HIGH,fef01e7c,FUN_63BDA,DAT_ram_fef01e7c = uVar9,X,,,Sensors / Ride Mode / Comms :: Sensor Plausibility Clamp Limits value written to fef01e7c #3,"Written directly into RAM fef01e7c (initial, fallback or target value). Writer of fef01e7c: FUN_5EFFE (alias of fef08470)."
0x18EF90,16,0x206E1,default,HIGH,fef01e7e,FUN_63BDA,DAT_ram_fef01e7e = uVar10,X,,,Sensors / Ride Mode / Comms :: Sensor Plausibility Clamp Limits value written to fef01e7e #4,"Written directly into RAM fef01e7e (initial, fallback or target value). Writer of fef01e7e: FUN_5EFFE (alias of fef08472)."
0x18EF92,16,0x206E2,default,HIGH,fef01e80,FUN_63BDA,DAT_ram_fef01e80 = uVar11,X,,,Sensors / Ride Mode / Comms :: Sensor Plausibility Clamp Limits value written to fef01e80 #5,"Written directly into RAM fef01e80 (initial, fallback or target value). Writer of fef01e80: FUN_5EFFE (alias of fef08474)."
0x18EF94,16,0x206E3,default,HIGH,fef01e82,FUN_63BDA,DAT_ram_fef01e82 = uVar12,X,,,Sensors / Ride Mode / Comms :: Sensor Plausibility Clamp Limits value written to fef01e82 #6,"Written directly into RAM fef01e82 (initial, fallback or target value). Writer of fef01e82: FUN_5EFFE (alias of fef08476)."
0x18EF96,16,0x206E4,default,HIGH,fef01e84,FUN_63BDA,DAT_ram_fef01e84 = uVar13,X,,,Sensors / Ride Mode / Comms :: Sensor Plausibility Clamp Limits value written to fef01e84 #7,"Written directly into RAM fef01e84 (initial, fallback or target value). Writer of fef01e84: FUN_5EFFE (alias of fef08478)."
0x18EF98,16,0x206E5,untraced,LOW,,FUN_63BDA,,X,,,Sensors / Ride Mode / Comms :: Sensor Plausibility Clamp Limits parameter #8,"Read by FUN_63BDA, FUN_756EC; the trace could not resolve how the value is used (indirect or structure access). Purpose unknown - leave stock."
0x18EF9A,16,0x206E6,untraced,LOW,,FUN_63BDA,,X,,,Sensors / Ride Mode / Comms :: Sensor Plausibility Clamp Limits parameter #9,"Read by FUN_63BDA, FUN_756EC; the trace could not resolve how the value is used (indirect or structure access). Purpose unknown - leave stock."
0x18EF9C,16,0x206E7,untraced,LOW,,FUN_63BDA,,X,,,Sensors / Ride Mode / Comms :: Sensor Plausibility Clamp Limits parameter #10,"Read by FUN_63BDA, FUN_756EC; the trace could not resolve how the value is used (indirect or structure access). Purpose unknown - leave stock."
0x18EF9E,16,0x206E8,untraced,LOW,,FUN_63BDA,,X,,,Sensors / Ride Mode / Comms :: Sensor Plausibility Clamp Limits parameter #11,"Read by FUN_63BDA, FUN_756EC; the trace could not resolve how the value is used (indirect or structure access). Purpose unknown - leave stock."
0x18EFA0,16,0x206E9,untraced,LOW,,FUN_63BDA,,X,,,Sensors / Ride Mode / Comms :: Sensor Plausibility Clamp Limits parameter #12,"Read by FUN_63BDA, FUN_756EC; the trace could not resolve how the value is used (indirect or structure access). Purpose unknown - leave stock."
0x18EFA2,16,0x206EA,arith,MEDIUM,fef01e86,FUN_63BDA,"DAT_ram_fef01e86 = FUN_ram_00091a30(uVar14,uVar7,uVar6)",X,,,Sensors / Ride Mode / Comms :: Sensor Plausibility Clamp Limits factor in fef01e86 #13,"Used in the expression that computes RAM fef01e86 (gain, offset or per-case value)."
0x18EFA4,16,0x206EB,arith,MEDIUM,fef01e86,FUN_63BDA,"DAT_ram_fef01e86 = FUN_ram_00091a30(uVar14,uVar7,uVar6)",X,,,Sensors / Ride Mode / Comms :: Sensor Plausibility Clamp Limits factor in fef01e86 #14,"Used in the expression that computes RAM fef01e86 (gain, offset or per-case value)."
0x18EFA6,16,0x206EC,limit,MEDIUM,,FUN_76406,"if (DAT_ram_0018efaa != DAT_ram_0018efae) { uVar1 = FUN_ram_000919c2((DAT_ram_0018efa6 << 0xf) / (DAT_ram_0018efaa - DAT_ram_0018efae),0xfff",X,,,ECU Settings :: FUN_76406 clamp/limit value #1,Used as a limit or operand inside a saturating calculation.
0x18EFA8,16,0x206ED,limit,MEDIUM,,FUN_764C4,"if (DAT_ram_0018efac != DAT_ram_0018efb0) { uVar1 = FUN_ram_000919c2((DAT_ram_0018efa8 << 0xf) / (DAT_ram_0018efac - DAT_ram_0018efb0),0xfff",X,,,ECU Settings :: FUN_764C4 clamp/limit value #1,Used as a limit or operand inside a saturating calculation.
0x18EFAA,16,0x206EE,cmp_local,MEDIUM,,FUN_76406,"if (DAT_ram_0018efaa != DAT_ram_0018efae) { uVar1 = FUN_ram_000919c2((DAT_ram_0018efa6 << 0xf) / (DAT_ram_0018efaa - DAT_ram_0018efae),0xfff",X,,,ECU Settings :: FUN_76406 threshold (computed input) #2,Compared with a value computed inside the function (not a single RAM variable).
0x18EFAC,16,0x206EF,cmp_local,MEDIUM,,FUN_764C4,"if (DAT_ram_0018efac != DAT_ram_0018efb0) { uVar1 = FUN_ram_000919c2((DAT_ram_0018efa8 << 0xf) / (DAT_ram_0018efac - DAT_ram_0018efb0),0xfff",X,,,ECU Settings :: FUN_764C4 threshold (computed input) #2,Compared with a value computed inside the function (not a single RAM variable).
0x18EFAE,16,0x206F0,cmp_local,MEDIUM,,FUN_76406,"if (DAT_ram_0018efaa != DAT_ram_0018efae) { uVar1 = FUN_ram_000919c2((DAT_ram_0018efa6 << 0xf) / (DAT_ram_0018efaa - DAT_ram_0018efae),0xfff",X,,,ECU Settings :: FUN_76406 threshold (computed input) #3,Compared with a value computed inside the function (not a single RAM variable).
0x18EFB0,16,0x206F1,cmp_local,MEDIUM,,FUN_764C4,"if (DAT_ram_0018efac != DAT_ram_0018efb0) { uVar1 = FUN_ram_000919c2((DAT_ram_0018efa8 << 0xf) / (DAT_ram_0018efac - DAT_ram_0018efb0),0xfff",X,,,ECU Settings :: FUN_764C4 threshold (computed input) #3,Compared with a value computed inside the function (not a single RAM variable).
0x18EFB2,16,0x206F2,arith,MEDIUM,fef025e4,FUN_768C0,"} } DAT_ram_fef025e4 = FUN_ram_00091a30(uVar19,uVar4,uVar3)",X,,,Sensors / Ride Mode / Comms :: FUN_63230 factor in fef025e4 #1,"Used in the expression that computes RAM fef025e4 (gain, offset or per-case value)."
0x18EFB4,16,0x206F3,arith,MEDIUM,fef01e74,FUN_63230,"DAT_ram_fef01e74 = FUN_ram_00091a30(uVar4,uVar2,uVar1)",X,,,Sensors / Ride Mode / Comms :: FUN_63230 factor in fef01e74 #2,"Used in the expression that computes RAM fef01e74 (gain, offset or per-case value)."
0x18EFB6,16,0x206F4,arith,MEDIUM,fef025e4,FUN_768C0,"} } DAT_ram_fef025e4 = FUN_ram_00091a30(uVar19,uVar4,uVar3)",X,,,Sensors / Ride Mode / Comms :: FUN_63230 factor in fef025e4 #3,"Used in the expression that computes RAM fef025e4 (gain, offset or per-case value)."
0x18EFB8,16,0x206F5,arith,MEDIUM,fef01e74,FUN_63230,"DAT_ram_fef01e74 = FUN_ram_00091a30(uVar4,uVar2,uVar1)",X,,,Sensors / Ride Mode / Comms :: FUN_63230 factor in fef01e74 #4,"Used in the expression that computes RAM fef01e74 (gain, offset or per-case value)."
0x18EFBA,16,0x206F6,threshold_unk,MEDIUM,fef02780,FUN_768C0,if (DAT_ram_0018efba < uVar14) { uVar16 = 0,X,,,ECU Settings :: Sensor Supply / Option threshold vs fef02780 #1,"Compared with RAM fef02780, whose meaning is not identified yet (written by FUN_76766 (alias of fef025e8))."
0x18EFBC,16,0x206F7,threshold_unk,MEDIUM,fef02788,FUN_76A46,if (DAT_ram_0018efbc < uVar13) { uVar15 = 0,X,,,ECU Settings :: Sensor Supply / Option threshold vs fef02788 #2,"Compared with RAM fef02788, whose meaning is not identified yet (written by FUN_76766 (alias of fef025ea))."
0x18EFBE,16,0x206F8,threshold_unk,MEDIUM,fef02780,FUN_768C0,if ((((uVar15 < bVar8) || (uVar14 < uVar5)) || (!bVar20)) || (((uVar16 != 0 || (cVar9 != '\0')) || (cVar10 != '\0')))) { bVar2 = false,X,,,ECU Settings :: Sensor Supply / Option threshold vs fef02780 #3,"Compared with RAM fef02780, whose meaning is not identified yet (written by FUN_76766 (alias of fef025e8))."
0x18EFC0,16,0x206F9,threshold_unk,MEDIUM,fef02788,FUN_76A46,if ((((uVar14 < bVar7) || (uVar13 < uVar4)) || (!bVar19)) || (((uVar15 != 0 || (cVar8 != '\0')) || (cVar9 != '\0')))) { bVar1 = false,X,,,ECU Settings :: Sensor Supply / Option threshold vs fef02788 #4,"Compared with RAM fef02788, whose meaning is not identified yet (written by FUN_76766 (alias of fef025ea))."
0x18EFC2,16,0x206FA,untraced,LOW,,FUN_768C0,,X,,,ECU Settings :: Sensor Supply / Option parameter #5,Read by FUN_768C0; the trace could not resolve how the value is used (indirect or structure access). Purpose unknown - leave stock.
0x18EFC4,16,0x206FB,untraced,LOW,,FUN_76A46,,X,,,ECU Settings :: Sensor Supply / Option parameter #6,Read by FUN_76A46; the trace could not resolve how the value is used (indirect or structure access). Purpose unknown - leave stock.
0x18EFCA,16,0x206FC,limit,MEDIUM,,FUN_76640,"if (DAT_ram_0018efaa != DAT_ram_0018efae) { uVar7 = FUN_ram_000919c2((uVar5 << 0xf) / (DAT_ram_0018efaa - DAT_ram_0018efae), 0xffff)",X,,,ECU Settings :: FUN_76640 clamp/limit value #1,Used as a limit or operand inside a saturating calculation.
0x18EFCC,16,0x206FD,arith,MEDIUM,fef025f2,FUN_76640,"} DAT_ram_fef025f2 = FUN_ram_000919c2((uVar2 * uVar6 >> 1) + (uVar1 * uVar7 >> 1) >> 0xe,0xffff)",X,,,ECU Settings :: FUN_76640 factor in fef025f2 #2,"Used in the expression that computes RAM fef025f2 (gain, offset or per-case value)."
0x18EFCE,16,0x206FE,arith,MEDIUM,fef025f2,FUN_76640,"} DAT_ram_fef025f2 = FUN_ram_000919c2((uVar2 * uVar6 >> 1) + (uVar1 * uVar7 >> 1) >> 0xe,0xffff)",X,,,ECU Settings :: FUN_76640 factor in fef025f2 #3,"Used in the expression that computes RAM fef025f2 (gain, offset or per-case value)."
0x18EFD0,16,0x206FF,untraced,LOW,,FUN_766EC,,X,,,ECU Settings :: FUN_766EC parameter #1,Read by FUN_766EC; the trace could not resolve how the value is used (indirect or structure access). Purpose unknown - leave stock.
0x18EFD2,16,0x20700,untraced,LOW,,FUN_766EC,,X,,,ECU Settings :: FUN_766EC parameter #2,Read by FUN_766EC; the trace could not resolve how the value is used (indirect or structure access). Purpose unknown - leave stock.
0x18EFD4,16,0x20701,default,HIGH,fef027a8,FUN_76DE6,DAT_ram_fef027a8 = uVar5,X,,,Traction Control :: FUN_76DE6 value written to fef027a8 #1,"Written directly into RAM fef027a8 (initial, fallback or target value). Writer of fef027a8: FUN_76DE6 (expr)."
0x18EFD6,16,0x20702,untraced,LOW,,FUN_76EA0,,X,,,Traction Control :: FUN_76EA0 parameter #1,Read by FUN_76EA0; the trace could not resolve how the value is used (indirect or structure access). Purpose unknown - leave stock.
0x18EFD8,16,0x20703,scaling_divisor,HIGH,fef0262e,FUN_770A8,fef02636 = (fef0262e * 0xe100 / (0018f0f4 * 0018efd8) << 8) / fef02554   (0018efd8 is the fine divisor term),X,,,Wheel Speed :: Rear Scaling Divisor - Fine Term (pairs with 0x18F0F4),"Fine term of the rear wheel-speed scaling divisor. FUN_770A8 divides the rear pulse by (0x18F0F4 x this) when forming rear raw wheel speed fef02636 (output X/128 km/h); the same pair feeds the rear-speed / odometer paths FUN_5627E, FUN_56310 and FUN_563A8. Stock 64, 16-bit, so it gives fine rear tire-size / tone-ring scaling (~1.5 percent per count): raise the product (0x18F0F4 x this) to read higher, lower it to read lower. See 'Wheel Speed :: Rear Scaling Divisor' for the main term and the tire-circumference rule."
0x18EFDA,16,0x20704,arg,MEDIUM,,FUN_76F44,"} } if ((DAT_ram_fef027c7 & 1) != 0) { FUN_ram_000184a0(param_1,DAT_ram_0018efda)",X,,,Traction Control :: FUN_76F44 argument to FUN_184A0 #1,Passed as an argument to FUN_184A0.
0x18EFE2,16,0x20708,threshold,HIGH,fef025a6 = Supply voltage (ADC ch03),FUN_76D06,bVar1 = DAT_ram_0018efe2 < DAT_ram_fef025a6,X/51.2,,,Traction Control :: FUN_76D06 voltage voltage threshold #1,Compared with fef025a6 = Supply voltage (ADC ch03) (meaning verified from the code that writes it).
0x18EFE4,16,0x20709,count,HIGH,fef027bc,FUN_76D06,} else { iVar2 = (DAT_ram_0018efe4 <= DAT_ram_fef027bc) + -((DAT_ram_fef027c6 << 0x1d) >> 0x1f) * (DAT_ram_0018efe4 > DAT_ram_fef027bc),X,,,Traction Control :: FUN_76D06 debounce/timer count #2,"Compared with fef027bc, a counter the code steps by 1 each cycle, so this is a cycle count (debounce/delay), not a sensor value."
0x18EFE6,16,0x2070A,untraced,LOW,,FUN_76DE6,,X,,,Traction Control :: FUN_76DE6 parameter #2,Read by FUN_76DE6; the trace could not resolve how the value is used (indirect or structure access). Purpose unknown - leave stock.
0x18EFE8,16,0x2070B,threshold,HIGH,fef0263a = Front wheel speed (averaged),FUN_77474,if (((uVar4 < uVar1) || (uVar5 < uVar2)) || ((DAT_ram_fef027c6 & 2) == 0)) { DAT_ram_fef027c3 = 0,X/128,,,IMU / Wheel Speed :: FUN_77474 speed threshold #1,Compared with fef0263a = Front wheel speed (averaged) (meaning verified from the code that writes it).
0x18EFEA,16,0x2070C,threshold,HIGH,fef0263c = Rear wheel speed (averaged),FUN_77474,if (((uVar4 < uVar1) || (uVar5 < uVar2)) || ((DAT_ram_fef027c6 & 2) == 0)) { DAT_ram_fef027c3 = 0,X/128,,,IMU / Wheel Speed :: FUN_77474 speed threshold #2,Compared with fef0263c = Rear wheel speed (averaged) (meaning verified from the code that writes it).
0x18EFEC,16,0x2070D,untraced,LOW,,FUN_77568,,X,,,IMU / Wheel Speed :: FUN_77568 parameter #1,Read by FUN_77568; the trace could not resolve how the value is used (indirect or structure access). Purpose unknown - leave stock.
0x18EFEE,16,0x2070E,count,HIGH,fef02870,FUN_77F24,if (uVar1 <= DAT_ram_fef02870) { DAT_ram_fef028bc = DAT_ram_fef028bc | 1,X,,,Sensor Scaling (MAP/baro) :: FUN_77F24 debounce/timer count #1,"Compared with fef02870, a counter the code steps by 1 each cycle, so this is a cycle count (debounce/delay), not a sensor value."
0x18EFF0,16,0x2070F,count,HIGH,fef02872,FUN_77F24,if (uVar2 <= DAT_ram_fef02872) { DAT_ram_fef028bc = DAT_ram_fef028bc & 0xfe,X,,,Sensor Scaling (MAP/baro) :: FUN_77F24 debounce/timer count #2,"Compared with fef02872, a counter the code steps by 1 each cycle, so this is a cycle count (debounce/delay), not a sensor value."
0x18EFF2,16,0x20710,threshold_unk,MEDIUM,fef0265c,FUN_78862,if ((DAT_ram_0018eff2 < DAT_ram_fef0265c) || (DAT_ram_0018eff6 < DAT_ram_fef0265e)) { if (DAT_ram_0018effa <= DAT_ram_fef02894) { FUN_ram_00,X,,,Sensor Scaling (MAP/baro) :: FUN_78862 threshold vs fef0265c #1,"Compared with RAM fef0265c, whose meaning is not identified yet (written by FUN_72B1C (expr of fef0242f,fef02430))."
0x18EFF4,16,0x20711,threshold_unk,MEDIUM,fef02660,FUN_78862,} if ((uVar1 < DAT_ram_fef02660) || (uVar2 < DAT_ram_fef02662)) { if (uVar3 <= DAT_ram_fef02898) { FUN_ram_00077bee(1),X,,,Sensor Scaling (MAP/baro) :: FUN_78862 threshold vs fef02660 #2,"Compared with RAM fef02660, whose meaning is not identified yet (written by FUN_72B68 (expr of fef02437,fef02438))."
0x18EFF6,16,0x20712,threshold_unk,MEDIUM,fef0265e,FUN_78862,if ((DAT_ram_0018eff2 < DAT_ram_fef0265c) || (DAT_ram_0018eff6 < DAT_ram_fef0265e)) { if (DAT_ram_0018effa <= DAT_ram_fef02894) { FUN_ram_00,X,,,Sensor Scaling (MAP/baro) :: FUN_78862 threshold vs fef0265e #3,"Compared with RAM fef0265e, whose meaning is not identified yet (written by FUN_72B1C (expr of fef02431,fef02432))."
0x18EFF8,16,0x20713,threshold_unk,MEDIUM,fef02662,FUN_78862,} if ((uVar1 < DAT_ram_fef02660) || (uVar2 < DAT_ram_fef02662)) { if (uVar3 <= DAT_ram_fef02898) { FUN_ram_00077bee(1),X,,,Sensor Scaling (MAP/baro) :: FUN_78862 threshold vs fef02662 #4,"Compared with RAM fef02662, whose meaning is not identified yet (written by FUN_72B68 (expr of fef02439,fef0243a))."
0x18EFFA,16,0x20714,count,HIGH,fef02894,FUN_78862,if ((DAT_ram_0018eff2 < DAT_ram_fef0265c) || (DAT_ram_0018eff6 < DAT_ram_fef0265e)) { if (DAT_ram_0018effa <= DAT_ram_fef02894) { FUN_ram_00,X,,,Sensor Scaling (MAP/baro) :: FUN_78862 debounce/timer count #5,"Compared with fef02894, a counter the code steps by 1 each cycle, so this is a cycle count (debounce/delay), not a sensor value."
0x18EFFC,16,0x20715,threshold_unk,MEDIUM,fef0265c,FUN_7891E,if ((DAT_ram_0018effc < DAT_ram_fef0265c) || (DAT_ram_0018f000 < DAT_ram_fef0265e)) { DAT_ram_fef02896 = 0,X,,,Sensor Scaling (MAP/baro) :: FUN_7891E threshold vs fef0265c #1,"Compared with RAM fef0265c, whose meaning is not identified yet (written by FUN_72B1C (expr of fef0242f,fef02430))."
0x18EFFE,16,0x20716,threshold_unk,MEDIUM,fef02660,FUN_7891E,} if ((uVar1 < DAT_ram_fef02660) || (uVar2 < DAT_ram_fef02662)) { DAT_ram_fef0289a = 0,X,,,Sensor Scaling (MAP/baro) :: FUN_7891E threshold vs fef02660 #2,"Compared with RAM fef02660, whose meaning is not identified yet (written by FUN_72B68 (expr of fef02437,fef02438))."
0x18F000,16,0x20717,threshold_unk,MEDIUM,fef0265e,FUN_7891E,if ((DAT_ram_0018effc < DAT_ram_fef0265c) || (DAT_ram_0018f000 < DAT_ram_fef0265e)) { DAT_ram_fef02896 = 0,X,,,Sensor Scaling (MAP/baro) :: FUN_7891E threshold vs fef0265e #3,"Compared with RAM fef0265e, whose meaning is not identified yet (written by FUN_72B1C (expr of fef02431,fef02432))."
0x18F002,16,0x20718,threshold_unk,MEDIUM,fef02662,FUN_7891E,} if ((uVar1 < DAT_ram_fef02660) || (uVar2 < DAT_ram_fef02662)) { DAT_ram_fef0289a = 0,X,,,Sensor Scaling (MAP/baro) :: FUN_7891E threshold vs fef02662 #4,"Compared with RAM fef02662, whose meaning is not identified yet (written by FUN_72B68 (expr of fef02439,fef0243a))."
0x18F004,16,0x20719,count,HIGH,fef02896,FUN_7891E,} else { if (DAT_ram_0018f004 <= DAT_ram_fef02896) { FUN_ram_00077bc8(0),X,,,Sensor Scaling (MAP/baro) :: FUN_7891E debounce/timer count #5,"Compared with fef02896, a counter the code steps by 1 each cycle, so this is a cycle count (debounce/delay), not a sensor value."
0x18F006,16,0x2071A,arg,MEDIUM,,FUN_78B8C,if (iVar1 == 1) { FUN_ram_00077a72(DAT_ram_0018f006 << 3 <= DAT_ram_fef02854),X,,,Sensor Scaling (MAP/baro) :: FUN_78B8C argument to FUN_77A72 #1,Passed as an argument to FUN_77A72.
0x18F008,16,0x2071B,arg,MEDIUM,,FUN_78BD2,if (iVar1 == 1) { FUN_ram_00077a98(DAT_ram_0018f008 << 3 <= DAT_ram_fef02858),X,,,Sensor Scaling (MAP/baro) :: FUN_78BD2 argument to FUN_77A98 #1,Passed as an argument to FUN_77A98.
0x18F00A,16,0x2071C,arg,MEDIUM,,FUN_78C18,if (iVar1 == 1) { FUN_ram_00077abe(DAT_ram_0018f00a << 3 <= DAT_ram_fef0285c),X,,,Sensor Scaling (MAP/baro) :: FUN_78C18 argument to FUN_77ABE #1,Passed as an argument to FUN_77ABE.
0x18F00C,16,0x2071D,arg,MEDIUM,,FUN_78C5E,if (iVar1 == 1) { FUN_ram_00077ae4(uVar2 << 3 <= DAT_ram_fef02860),X,,,Sensor Scaling (MAP/baro) :: FUN_78C5E argument to FUN_77AE4 #1,Passed as an argument to FUN_77AE4.
0x18F00E,16,0x2071E,count,HIGH,fef0289c,FUN_780F6,if (uVar3 <= DAT_ram_fef0289c) { DAT_ram_fef028bd = DAT_ram_fef028bd | 8,X,,,Sensor Scaling (MAP/baro) :: FUN_780F6 debounce/timer count #1,"Compared with fef0289c, a counter the code steps by 1 each cycle, so this is a cycle count (debounce/delay), not a sensor value."
0x18F010,16,0x2071F,count,HIGH,fef0289e,FUN_780F6,if (uVar4 <= DAT_ram_fef0289e) { DAT_ram_fef028bd = DAT_ram_fef028bd & 0xf7,X,,,Sensor Scaling (MAP/baro) :: FUN_780F6 debounce/timer count #2,"Compared with fef0289e, a counter the code steps by 1 each cycle, so this is a cycle count (debounce/delay), not a sensor value."
0x18F012,16,0x20720,default,HIGH,fef0286c,FUN_78AA6,} DAT_ram_fef0286c = uVar5,X,,,Sensor Scaling (MAP/baro) :: FUN_78AA6 value written to fef0286c #1,"Written directly into RAM fef0286c (initial, fallback or target value). Writer of fef0286c: FUN_78AA6 (expr)."
0x18F014,16,0x20721,untraced,LOW,,FUN_78AA6,,X,,,Sensor Scaling (MAP/baro) :: FUN_78AA6 parameter #2,Read by FUN_78AA6; the trace could not resolve how the value is used (indirect or structure access). Purpose unknown - leave stock.
0x18F016,16,0x20722,threshold,HIGH,fef02572 = Gear position sensor raw ADC (ch2E),FUN_75262,if ((cVar24 == '\0') && (cVar23 == '\0')) { if (((uVar27 <= uVar2) && (uVar1 <= uVar27)) && (iVar25 == 1)) { bVar28 = bVar15 <= DAT_ram_fef0,X,,,IMU / Wheel Speed :: Gear-Position Sensor Decode raw-ADC threshold #1,Compared with fef02572 = Gear position sensor raw ADC (ch2E) (meaning verified from the code that writes it).
0x18F018,16,0x20723,threshold,HIGH,fef02572 = Gear position sensor raw ADC (ch2E),FUN_75262,if ((cVar24 == '\0') && (cVar23 == '\0')) { if (((uVar27 <= uVar2) && (uVar1 <= uVar27)) && (iVar25 == 1)) { bVar28 = bVar15 <= DAT_ram_fef0,X,,,IMU / Wheel Speed :: Gear-Position Sensor Decode raw-ADC threshold #2,Compared with fef02572 = Gear position sensor raw ADC (ch2E) (meaning verified from the code that writes it).
0x18F032,16,0x20724,limit,MEDIUM,,FUN_6FA18,"uVar1 = FUN_ram_000919c2((DAT_ram_fef02586 * DAT_ram_0018f032 >> 3) * 5 >> 8,0xffff)",X,,,Ride Mode Presets :: FUN_6FA18 clamp/limit value #1,Used as a limit or operand inside a saturating calculation.
0x18F034,16,0x20725,count,HIGH,fef02404,FUN_72812,} } if ((((DAT_ram_fef02404 < DAT_ram_0018f034) || (iVar1 != 1)) || (DAT_ram_fef02406 != '\0')) || (((uVar2 < DAT_ram_0018f107 || (DAT_ram_0,X,,,Sensors / Ride Mode / Comms :: FUN_72812 debounce/timer count #1,"Compared with fef02404, a counter the code steps by 1 each cycle, so this is a cycle count (debounce/delay), not a sensor value."
0x18F036,16,0x20726,count,HIGH,fef02402,FUN_72812,} else { if (DAT_ram_0018f036 <= DAT_ram_fef02402) { DAT_ram_fef02406 = '\0',X,,,Sensors / Ride Mode / Comms :: FUN_72812 debounce/timer count #2,"Compared with fef02402, a counter the code steps by 1 each cycle, so this is a cycle count (debounce/delay), not a sensor value."
0x18F038,16,0x20727,arith,MEDIUM,fef02407,FUN_71A42,if (!DAT_ram_fef02408) { DAT_ram_fef02407 = 0x18 < DAT_ram_fef023e2 && (sVar1 << 3) <= DAT_ram_fef023e2,X,,,Sensors / Ride Mode / Comms :: FUN_71A42 factor in fef02407 #1,"Used in the expression that computes RAM fef02407 (gain, offset or per-case value)."
0x18F03A,16,0x20728,arith,MEDIUM,fef02408,FUN_71A42,} DAT_ram_fef02408 = (sVar2 << 3) <= DAT_ram_fef023f2,X,,,Sensors / Ride Mode / Comms :: FUN_71A42 factor in fef02408 #2,"Used in the expression that computes RAM fef02408 (gain, offset or per-case value)."
0x18F03C,16,0x20729,threshold_unk,MEDIUM,fef023cc,FUN_725EE,"if (((iVar4 == 1) && (DAT_ram_0018f03c < DAT_ram_fef023cc)) && ((uVar5 & 1) == 1)) { uVar3 = FUN_ram_00091ab6(uVar3,1)",X,,,Sensors / Ride Mode / Comms :: FUN_725EE threshold vs fef023cc #1,"Compared with RAM fef023cc, whose meaning is not identified yet (written by FUN_725EE (expr))."
0x18F03E,16,0x2072A,threshold_unk,MEDIUM,fef023d0,FUN_725EE,"if ((bVar1 == 0) || ((uVar3 = DAT_ram_fef023ce, (uVar5 << 0x1e) < 0 && (DAT_ram_0018f03e <= DAT_ram_fef023d0)) )) { uVar3 = 0",X,,,Sensors / Ride Mode / Comms :: FUN_725EE threshold vs fef023d0 #2,"Compared with RAM fef023d0, whose meaning is not identified yet (written by FUN_72698 (expr))."
0x18F040,16,0x2072B,threshold_unk,MEDIUM,fef023ce,FUN_72656,iVar5 = (uVar2 <= uVar3) + iVar5 * (uVar2 > uVar3),X,,,Sensors / Ride Mode / Comms :: FUN_72656 threshold vs fef023ce #1,"Compared with RAM fef023ce, whose meaning is not identified yet (written by FUN_725EE (expr))."
0x18F042,16,0x2072C,count,HIGH,fef0292a,FUN_79582,if ((DAT_ram_fef025e8 < DAT_ram_0018f048) || (DAT_ram_fef025ea < DAT_ram_0018f04a)) { if (DAT_ram_0018f042 <= DAT_ram_fef0292a) { FUN_ram_00,X,,,Other ETV Maps :: IMU Signal Parameter debounce/timer count #1,"Compared with fef0292a, a counter the code steps by 1 each cycle, so this is a cycle count (debounce/delay), not a sensor value."
0x18F044,16,0x2072D,count,HIGH,fef0292c,FUN_79582,} else { if (uVar1 <= DAT_ram_fef0292c) { FUN_ram_000796cc(0),X,,,Other ETV Maps :: IMU Signal Parameter debounce/timer count #2,"Compared with fef0292c, a counter the code steps by 1 each cycle, so this is a cycle count (debounce/delay), not a sensor value."
0x18F046,16,0x2072E,count,HIGH,fef0292e,FUN_79622,if (iVar2 == 1) { if (uVar1 <= DAT_ram_fef0292e) { DAT_ram_fef02932 = DAT_ram_fef02932 | 2,X,,,Other ETV Maps :: FUN_79622 debounce/timer count #1,"Compared with fef0292e, a counter the code steps by 1 each cycle, so this is a cycle count (debounce/delay), not a sensor value."
0x18F048,16,0x2072F,threshold_unk,MEDIUM,fef025e8,FUN_79582,if ((DAT_ram_fef025e8 < DAT_ram_0018f048) || (DAT_ram_fef025ea < DAT_ram_0018f04a)) { if (DAT_ram_0018f042 <= DAT_ram_fef0292a) { FUN_ram_00,X,,,Other ETV Maps :: IMU Signal Parameter threshold vs fef025e8 #3,"Compared with RAM fef025e8, whose meaning is not identified yet (written by FUN_76444 (expr of fef0256a))."
0x18F04A,16,0x20730,threshold_unk,MEDIUM,fef025ea,FUN_79582,if ((DAT_ram_fef025e8 < DAT_ram_0018f048) || (DAT_ram_fef025ea < DAT_ram_0018f04a)) { if (DAT_ram_0018f042 <= DAT_ram_fef0292a) { FUN_ram_00,X,,,Other ETV Maps :: IMU Signal Parameter threshold vs fef025ea #4,"Compared with RAM fef025ea, whose meaning is not identified yet (written by FUN_76502 (expr of fef0256c))."
0x18F04C,16,0x20731,threshold_unk,MEDIUM,fef025e8,FUN_79582,} if ((uVar4 < uVar2) || (uVar5 < uVar3)) { DAT_ram_fef0292c = 0,X,,,Other ETV Maps :: IMU Signal Parameter threshold vs fef025e8 #5,"Compared with RAM fef025e8, whose meaning is not identified yet (written by FUN_76444 (expr of fef0256a))."
0x18F04E,16,0x20732,threshold_unk,MEDIUM,fef025ea,FUN_79582,} if ((uVar4 < uVar2) || (uVar5 < uVar3)) { DAT_ram_fef0292c = 0,X,,,Other ETV Maps :: IMU Signal Parameter threshold vs fef025ea #6,"Compared with RAM fef025ea, whose meaning is not identified yet (written by FUN_76502 (expr of fef0256c))."
0x18F050,16,0x20733,threshold,HIGH,fef025ec = Grip (accelerator) position,FUN_7950C,"if ((uVar4 < uVar2) || (iVar7 = FUN_ram_000796be(), iVar7 != 1)) { bVar1 = false",X/364.08,,,Other ETV Maps :: FUN_7950C grip threshold #1,Compared with fef025ec = Grip (accelerator) position (meaning verified from the code that writes it).
0x18F052,16,0x20734,threshold_unk,MEDIUM,fef02930,FUN_7950C,if (uVar3 <= DAT_ram_fef02930) { bVar8 = true,X,,,Other ETV Maps :: FUN_7950C threshold vs fef02930 #2,"Compared with RAM fef02930, whose meaning is not identified yet (written by FUN_7950C (expr))."
0x18F056,16,0x20736,threshold,HIGH,fef025ec = Grip (accelerator) position,FUN_6DD00,if (((DAT_ram_fef02634 < DAT_ram_0018f054) && (DAT_ram_fef02636 < DAT_ram_0018f054),X/364.08,,,Sensors / Ride Mode / Comms :: FUN_6DD00 grip threshold #2,Compared with fef025ec = Grip (accelerator) position (meaning verified from the code that writes it).
0x18F05A,16,0x20738,threshold,HIGH,fef025ec = Grip (accelerator) position,FUN_6DD46,if (((DAT_ram_fef02634 < DAT_ram_0018f058) && (DAT_ram_fef02636 < DAT_ram_0018f058),X/364.08,,,Sensors / Ride Mode / Comms :: FUN_6DD46 grip threshold #2,Compared with fef025ec = Grip (accelerator) position (meaning verified from the code that writes it).
0x18F05E,16,0x2073A,threshold,HIGH,fef025ec = Grip (accelerator) position,FUN_6DD8C,if (((DAT_ram_fef02634 < DAT_ram_0018f05c) && (DAT_ram_fef02636 < DAT_ram_0018f05c),X/364.08,,,Sensors / Ride Mode / Comms :: FUN_6DD8C grip threshold #2,Compared with fef025ec = Grip (accelerator) position (meaning verified from the code that writes it).
0x18F062,16,0x2073C,threshold,HIGH,fef025ec = Grip (accelerator) position,FUN_6DDD2,if (((DAT_ram_fef02634 < DAT_ram_0018f060) && (DAT_ram_fef02636 < DAT_ram_0018f060),X/364.08,,,Sensors / Ride Mode / Comms :: FUN_6DDD2 grip threshold #2,Compared with fef025ec = Grip (accelerator) position (meaning verified from the code that writes it).
0x18F066,16,0x2073E,threshold,HIGH,fef025ec = Grip (accelerator) position,FUN_6DE18,if (((DAT_ram_fef02634 < DAT_ram_0018f064) && (DAT_ram_fef02636 < DAT_ram_0018f064),X/364.08,,,Sensors / Ride Mode / Comms :: FUN_6DE18 grip threshold #2,Compared with fef025ec = Grip (accelerator) position (meaning verified from the code that writes it).
0x18F06A,16,0x20740,threshold,HIGH,fef025ec = Grip (accelerator) position,FUN_6DE5E,if (((DAT_ram_fef02634 < DAT_ram_0018f068) && (DAT_ram_fef02636 < DAT_ram_0018f068),X/364.08,,,Sensors / Ride Mode / Comms :: FUN_6DE5E grip threshold #2,Compared with fef025ec = Grip (accelerator) position (meaning verified from the code that writes it).
0x18F06E,16,0x20742,threshold,HIGH,fef025ec = Grip (accelerator) position,FUN_6F1DA,"if (((((DAT_ram_fef02293 & 2) == 0) || (DAT_ram_fef026d9 != '\0')) || ((((iVar4 = FUN_ram_0002868a(), iVar4 != 1 && ((((DAT_ram_fef02634 < u",X/364.08,,,Ride Mode Presets :: FUN_6F1DA grip threshold #2,Compared with fef025ec = Grip (accelerator) position (meaning verified from the code that writes it).
0x18F070,16,0x20743,count,HIGH,fef02282,FUN_6F26A,"if (iVar2 == 1) { if (DAT_ram_fef02282 < uVar1) { DAT_ram_fef02282 = FUN_ram_00091ab6(DAT_ram_fef02282,1)",X,,,Ride Mode Presets :: FUN_6F26A debounce/timer count #1,"Compared with fef02282, a counter the code steps by 1 each cycle, so this is a cycle count (debounce/delay), not a sensor value."
0x18F074,16,0x20745,threshold,HIGH,fef025ec = Grip (accelerator) position,FUN_6DEA4,if (((DAT_ram_fef02634 < DAT_ram_0018f072) && (DAT_ram_fef02636 < DAT_ram_0018f072),X/364.08,,,Sensors / Ride Mode / Comms :: FUN_6DEA4 grip threshold #2,Compared with fef025ec = Grip (accelerator) position (meaning verified from the code that writes it).
0x18F076,16,0x20746,arith,MEDIUM,fef026a6,FUN_79C22,if ((uVar2 < uVar3) || (uVar3 < uStack_2e)) { DAT_ram_fef026a6 = FUN_ram_00091a82(&UNK_ram_00008001 + ~(((uVar3 - 0x8000) * DAT_ram_0018f16f,X,,,Other ETV Maps :: IMU Axis Offset/Sign factor in fef026a6 #1,"Used in the expression that computes RAM fef026a6 (gain, offset or per-case value)."
0x18F078,16,0x20747,arith,MEDIUM,fef026a6,FUN_79C22,if ((uVar2 < uVar3) || (uVar3 < uStack_2e)) { DAT_ram_fef026a6 = FUN_ram_00091a82(&UNK_ram_00008001 + ~(((uVar3 - 0x8000) * DAT_ram_0018f16f,X,,,Other ETV Maps :: IMU Axis Offset/Sign factor in fef026a6 #2,"Used in the expression that computes RAM fef026a6 (gain, offset or per-case value)."
0x18F07A,16,0x20748,count,HIGH,fef0297c,FUN_79F6A,"if (((((iVar6 == 0) && (iVar6 = FUN_ram_00036a0e(), iVar6 == 0)) && (iVar6 = FUN_ram_0007a86e(), iVar6 == 1)) && ((DAT_ram_fef02634 == 0 && ",X,,,Other ETV Maps :: FUN_79F6A debounce/timer count #1,"Compared with fef0297c, a counter the code steps by 1 each cycle, so this is a cycle count (debounce/delay), not a sensor value."
0x18F07C,16,0x20749,cmp_local,MEDIUM,,FUN_79F6A,"if (((((iVar6 == 0) && (iVar6 = FUN_ram_00036a0e(), iVar6 == 0)) && (iVar6 = FUN_ram_0007a86e(), iVar6 == 1)) && ((DAT_ram_fef02634 == 0 && ",X,,,Other ETV Maps :: FUN_79F6A threshold (computed input) #2,Compared with a value computed inside the function (not a single RAM variable).
0x18F07E,16,0x2074A,arith,MEDIUM,fef0268a,FUN_7A638,DAT_ram_fef0268a = FUN_ram_00091a82(((((DAT_ram_fef02958 * 0x8000 + -0x40000000) /,X,,,IMU / Wheel Speed :: FUN_7A638 factor in fef0268a #1,"Used in the expression that computes RAM fef0268a (gain, offset or per-case value)."
0x18F080,16,0x2074B,threshold,HIGH,fef02978 = copy of Front wheel speed,FUN_7A7CA,"if (((uVar1 <= DAT_ram_fef02978) && (iVar3 = FUN_ram_00036a34(), uVar2 = DAT_ram_fef02682, iVar3 == 0)) && (iVar3 = FUN_ram_00036a0e(), uVar",X/128,km/h,1,IMU / Wheel Speed :: FUN_7A7CA speed threshold #1,Compared with fef02978 = copy of Front wheel speed (meaning verified from the code that writes it).
0x18F084,16,0x2074D,arith,MEDIUM,fef02a00,FUN_7A8D4,DAT_ram_fef02a00 = FUN_ram_000919c2(DAT_ram_0018f086 + (DAT_ram_fef02588 * DAT_ram_,X,,,IMU / Wheel Speed :: FUN_7A8D4 factor in fef02a00 #1,"Used in the expression that computes RAM fef02a00 (gain, offset or per-case value)."
0x18F086,16,0x2074E,arith,MEDIUM,fef02a00,FUN_7A8D4,DAT_ram_fef02a00 = FUN_ram_000919c2(DAT_ram_0018f086 + (DAT_ram_fef02588 * DAT_ram_,X,,,IMU / Wheel Speed :: FUN_7A8D4 factor in fef02a00 #2,"Used in the expression that computes RAM fef02a00 (gain, offset or per-case value)."
0x18F0A2,16,0x2074F,threshold,HIGH,fef025a6 = Supply voltage (ADC ch03),FUN_75038,if (DAT_ram_0018f0a2 < DAT_ram_fef025a6) { bVar2 = true,X/51.2,,,Sensor Scaling (MAP/baro) :: FUN_75038 voltage voltage threshold #1,Compared with fef025a6 = Supply voltage (ADC ch03) (meaning verified from the code that writes it).
0x18F0A4,16,0x20750,arith,MEDIUM,fef026b0,FUN_7AA94,"DAT_ram_fef026b0 = FUN_ram_00091aca(DAT_ram_fef025a6,DAT_ram_0018f0a4)",X/51.2,,,IMU / Wheel Speed :: FUN_7AA94 voltage factor in fef026b0 #1,"Used in the expression that computes RAM fef026b0 (gain, offset or per-case value). The displayed unit was inferred earlier and is NOT confirmed by this trace."
0x18F0A6,16,0x20751,default,HIGH,fef025be,FUN_73FD2,} DAT_ram_fef025be = uVar3,X,,,Sensor Scaling (MAP/baro) :: FUN_73FD2 value written to fef025be #1,"Written directly into RAM fef025be (initial, fallback or target value). fef025be = Atmospheric pressure (AP)."
0x18F0A8,16,0x20752,arith,MEDIUM,fef0227a,FUN_6D184,"DAT_ram_fef0227a = FUN_ram_00091a82(&UNK_ram_ffffd800 + DAT_ram_0018f0aa + ((uVar1 * DAT_ram_0018f0a8 >> 5) * 0x19 >> 0xc),0xffff,0)",X,,,Sensor Scaling (MAP/baro) :: FUN_6D184 factor in fef0227a #1,"Used in the expression that computes RAM fef0227a (gain, offset or per-case value)."
0x18F0AA,16,0x20753,arith,MEDIUM,fef0227a,FUN_6D184,"DAT_ram_fef0227a = FUN_ram_00091a82(&UNK_ram_ffffd800 + DAT_ram_0018f0aa + ((uVar1 * DAT_ram_0018f0a8 >> 5) * 0x19 >> 0xc),0xffff,0)",X,,,Sensor Scaling (MAP/baro) :: FUN_6D184 factor in fef0227a #2,"Used in the expression that computes RAM fef0227a (gain, offset or per-case value)."
0x18F0AC,16,0x20754,default,HIGH,fef026b4,FUN_6D184,} DAT_ram_fef026b4 = uVar3,X,,,Sensor Scaling (MAP/baro) :: FUN_6D184 value written to fef026b4 #3,"Written directly into RAM fef026b4 (initial, fallback or target value). Writer of fef026b4: FUN_6D184 (expr)."
0x18F0AE,16,0x20755,threshold_unk,MEDIUM,fef025d4,FUN_76D06,if ((DAT_ram_0018efe2 < DAT_ram_fef025a6) || (DAT_ram_fef025d4 < DAT_ram_0018f0ae)) { iVar2 = 0,X/51.2,,,Traction Control :: FUN_76D06 voltage threshold vs fef025d4 #3,"Compared with RAM fef025d4, whose meaning is not identified yet (written by FUN_7A89E (expr)). The displayed unit was inferred earlier and is NOT confirmed by this trace."
0x18F0B0,16,0x20756,default,HIGH,fef026ba,FUN_6D158,if (iVar1 == 1) { DAT_ram_fef026ba = DAT_ram_0018f0b0,X,,,Sensor Scaling (MAP/baro) :: FUN_6D158 value written to fef026ba #1,"Written directly into RAM fef026ba (initial, fallback or target value). Writer of fef026ba: FUN_6D110 (alias of fef025c0)."
0x18F0B2,8,0x20757,untraced,LOW,,FUN_1BB2E,,X,,,ECU Settings :: FUN_1BB2E parameter #2,Read by FUN_1BB2E; the trace could not resolve how the value is used (indirect or structure access). Purpose unknown - leave stock.
0x18F0B3,8,0x20758,cmp_local,MEDIUM,,FUN_1BB2E,if (((((&DAT_ram_ffff968e)[unaff_gp] == '\0') || ((&DAT_ram_ffff95a4)[unaff_gp] == '\x01')) && (uVar1 = (DAT_ram_febf5688 << 8) / DAT_ram_fe,X,,,ECU Settings :: FUN_1BB2E threshold (computed input) #3,Compared with a value computed inside the function (not a single RAM variable).
0x18F0B4,8,0x20759,cmp_local,MEDIUM,,FUN_1BB2E,if (((((&DAT_ram_ffff968e)[unaff_gp] == '\0') || ((&DAT_ram_ffff95a4)[unaff_gp] == '\x01')) && (uVar1 = (DAT_ram_febf5688 << 8) / DAT_ram_fe,X,,,ECU Settings :: FUN_1BB2E threshold (computed input) #4,Compared with a value computed inside the function (not a single RAM variable).
0x18F0BF,8,0x2075A,untraced,LOW,,FUN_1B9FA,,X,,,ECU Settings :: FUN_1B9FA parameter #1,Read by FUN_1B9FA; the trace could not resolve how the value is used (indirect or structure access). Purpose unknown - leave stock.
0x18F0C0,8,0x2075B,untraced,LOW,,FUN_1B9FA,,X,,,ECU Settings :: FUN_1B9FA parameter #2,Read by FUN_1B9FA; the trace could not resolve how the value is used (indirect or structure access). Purpose unknown - leave stock.
0x18F0C1,8,0x2075C,cmp_local,MEDIUM,,FUN_1B9FA,if ((iVar6 == 0) && ((*(int *)(&DAT_ram_ffff9594 + unaff_gp) * *(int *)(&DAT_ram_ffff9594 + unaff_gp)) / uVar8 < (*(int *)(&DAT_ram_ffff9598,X,,,ECU Settings :: FUN_1B9FA threshold (computed input) #3,Compared with a value computed inside the function (not a single RAM variable).
0x18F0C2,8,0x2075D,count,HIGH,fef02777,FUN_7604C,if (((DAT_ram_0018f0c2 <= DAT_ram_fef02777) || (DAT_ram_0018f0c2 <= DAT_ram_fef02778)) || (DAT_ram_0018f0c2 <= DAT_ram_fef02779)) { FUN_ram_,X,,,Sensor Scaling (MAP/baro) :: FUN_7604C debounce/timer count #1,"Compared with fef02777, a counter the code steps by 1 each cycle, so this is a cycle count (debounce/delay), not a sensor value."
0x18F0C3,8,0x2075E,filter,HIGH,,FUN_7631E,"} else { FUN_ram_00091826(&uStack_e,(-DAT_ram_0018f0c3 & 0xff) << 8,uVar1)",X/51.2,,,ECU Settings :: FUN_7631E voltage filter strength #1,Passed as the coefficient of the first-order filter FUN_91826 (as (256 - value) << 8); sets how strongly the signal is smoothed. The displayed unit was inferred earlier and is NOT confirmed by this trace.
0x18F0C4,8,0x2075F,switch,HIGH,,FUN_736B2,if (DAT_ram_0018f0c4 == -0x80) { ppuVar1 = &PTR_DAT_ram_00001d09_ram_0018dc38,X,,,SWITCH Sensor Scaling (MAP/baro) :: FUN_736B2 option byte (0x80 = on) #1,"Tested for 0x80: 0x80 = function ON, anything else = OFF."
0x18F0C5,8,0x20760,default,HIGH,fef016c7,FUN_4BF7E,DAT_ram_fef0131e = DAT_ram_0018f0c5,X*0.9375-30,,,Idle Control :: FUN_4BF7E value written to fef016c7 #1,"Written directly into RAM fef016c7 (initial, fallback or target value). Writer of fef016c7: FUN_536CE (expr). The displayed unit was inferred earlier and is NOT confirmed by this trace."
0x18F0C6,8,0x20761,limit,MEDIUM,,FUN_73714,"} uVar4 = FUN_ram_000919d6(DAT_ram_fef024d8 + uVar9,0xff)",X,,,Sensor Scaling (MAP/baro) :: FUN_73714 clamp/limit value #1,Used as a limit or operand inside a saturating calculation.
0x18F0C7,8,0x20762,cmp_local,MEDIUM,,FUN_75C68,if (iVar4 == 1) { iVar3 = (bVar1 <= (&DAT_ram_fef02770)[param_1]) + iVar3 * (bVar1 > (&DAT_ram_fef02770)[param_1]),X,,,IMU / Wheel Speed :: FUN_75C68 threshold (computed input) #1,Compared with a value computed inside the function (not a single RAM variable).
0x18F0C8,8,0x20763,cmp_local,MEDIUM,,FUN_75C68,} if (iVar4 == 0) { iVar3 = iVar3 * ((&DAT_ram_fef02772)[param_1] < bVar2),X,,,IMU / Wheel Speed :: FUN_75C68 threshold (computed input) #2,Compared with a value computed inside the function (not a single RAM variable).
0x18F0C9,8,0x20764,switch,HIGH,,FUN_46946,if (((((DAT_ram_fef010cb & 1) == 1) && (cVar3 != -0x80 || iVar4 == 1)) && (bVar2 <= DAT_ram_fef010ca)) && (cVar1 == -0x80)) { FUN_ram_000469,X,,,SWITCH Fuel :: FUN_46946 option byte (0x80 = on) #3,"Tested for 0x80: 0x80 = function ON, anything else = OFF."
0x18F0CA,8,0x20765,filter,HIGH,,FUN_7461E,"FUN_ram_00091826(&local_a,DAT_ram_0018f0ca * -0x100,DAT_ram_fef0258c)",X,,,ETV Monitor / Level-2 Safety :: FUN_7461E filter strength #1,Passed as the coefficient of the first-order filter FUN_91826 (as (256 - value) << 8); sets how strongly the signal is smoothed.
0x18F0CB,8,0x20766,filter,HIGH,,FUN_74670,"FUN_ram_00091826(&local_a,DAT_ram_0018f0cb * -0x100,DAT_ram_fef0258c)",X,,,ETV Monitor / Level-2 Safety :: FUN_74670 filter strength #1,Passed as the coefficient of the first-order filter FUN_91826 (as (256 - value) << 8); sets how strongly the signal is smoothed.
0x18F0CC,8,0x20767,filter,HIGH,,FUN_7472E,"FUN_ram_00091826(&local_a,DAT_ram_0018f0cc * -0x100,DAT_ram_fef0258c)",X,,,ETV Monitor / Level-2 Safety :: FUN_7472E filter strength #1,Passed as the coefficient of the first-order filter FUN_91826 (as (256 - value) << 8); sets how strongly the signal is smoothed.
0x18F0CD,8,0x20768,filter,HIGH,,FUN_746B6,"} else { FUN_ram_00091826(&local_1e,uVar6 * -0x100,uVar2)",X,,,ETV Monitor / Level-2 Safety :: FUN_746B6 filter strength #2,Passed as the coefficient of the first-order filter FUN_91826 (as (256 - value) << 8); sets how strongly the signal is smoothed.
0x18F0CE,8,0x20769,switch,HIGH,,FUN_745E0,if (DAT_ram_0018f0ce == -0x80) { DAT_ram_fef0259c = DAT_ram_fef0258e,X,,,SWITCH ETV Monitor / Level-2 Safety :: FUN_745E0 option byte (0x80 = on) #1,"Tested for 0x80: 0x80 = function ON, anything else = OFF."
0x18F0CF,8,0x2076A,threshold_unk,MEDIUM,fef0120f,FUN_476DC,if (((iVar2 == 1) && (-1 < (DAT_ram_fef01210 << 0x1d))) || ((DAT_ram_0018f0cf <= bVar1 && (iVar3 == 0)))) { iVar3 = 1,X,,,Limiters :: FUN_476DC threshold vs fef0120f #1,"Compared with RAM fef0120f, whose meaning is not identified yet (written by FUN_476DC (expr))."
0x18F0D0,8,0x2076B,cmp_local,MEDIUM,,FUN_777DE,if (uVar2 <= uVar1) { FUN_ram_0007772e(),X,,,IMU / Wheel Speed :: FUN_777DE threshold (computed input) #1,Compared with a value computed inside the function (not a single RAM variable).
0x18F0D1,8,0x2076C,untraced,LOW,,FUN_7772E,,X,,,IMU / Wheel Speed :: FUN_7772E parameter #3,Read by FUN_7772E; the trace could not resolve how the value is used (indirect or structure access). Purpose unknown - leave stock.
0x18F0D2,8,0x2076D,switch,HIGH,,FUN_50BA2,} if (((cVar1 == -0x80) && (-1 < (uVar7 << 0x1b))) && (bVar9 == 1)) { if (cVar2 == -0x80) { if (uVar8 != 0) { for (uVar3 = 0,X,,,SWITCH Ride Mode Presets :: FUN_50BA2 option byte (0x80 = on) #2,"Tested for 0x80: 0x80 = function ON, anything else = OFF."
0x18F0D3,8,0x2076E,switch,HIGH,,FUN_2C3F2,if ((((uVar14 < uVar1) || (uVar2 < uVar14)) && ((uVar14 < uVar3 || (uVar4 < uVar14)))) && ((((uVar14 < uVar5 || (uVar6 < uVar14)) && ((uVar1,X,,,SWITCH Limiters :: Gear-Position In-Gear Window (FUN_2C3F2) option byte (0x80 = on) #1,"Tested for 0x80: 0x80 = function ON, anything else = OFF."
0x18F0D4,8,0x2076F,filter,HIGH,,FUN_743C0,"FUN_ram_00091826(&DAT_ram_fef02622,(-DAT_ram_0018f0d4 & 0xff) << 8,DAT_ram_fef02620",X,,,Sensor Scaling (MAP/baro) :: FUN_742E2 filter strength #1,Passed as the coefficient of the first-order filter FUN_91826 (as (256 - value) << 8); sets how strongly the signal is smoothed.
0x18F0D5,8,0x20770,filter,HIGH,,FUN_74218,"FUN_ram_00091826(&uStack_a,(-DAT_ram_0018f0d5 & 0xff) << 8,DAT_ram_fef025be)",X,,,Sensor Scaling (MAP/baro) :: FUN_74218 filter strength #1,Passed as the coefficient of the first-order filter FUN_91826 (as (256 - value) << 8); sets how strongly the signal is smoothed.
0x18F0D6,8,0x20771,filter,HIGH,,FUN_74252,"FUN_ram_00091826(&uStack_e,(-uVar2 & 0xff) << 8,uVar1)",X,,,Sensor Scaling (MAP/baro) :: FUN_74252 filter strength #1,Passed as the coefficient of the first-order filter FUN_91826 (as (256 - value) << 8); sets how strongly the signal is smoothed.
0x18F0D7,8,0x20772,threshold_unk,MEDIUM,fef02717,FUN_740A6,if ((bVar5 <= bVar2) && (bVar1 == 0)) { bVar12 = uVar10 <= uVar8,X,,,Sensor Scaling (MAP/baro) :: FUN_740A6 threshold vs fef02717 #3,"Compared with RAM fef02717, whose meaning is not identified yet (written by FUN_740A6 (expr))."
0x18F0D8,8,0x20773,count,HIGH,fef02716,FUN_740A6,} if ((((bVar12 == true) || ((bVar5 == bVar2 && (uVar11 <= uVar9)))) || (((DAT_ram_fef02718 & 2) != 0 && (DAT_ram_fef02716 < bVar3)))) || ((,X,,,Sensor Scaling (MAP/baro) :: FUN_740A6 debounce/timer count #4,"Compared with fef02716, a counter the code steps by 1 each cycle, so this is a cycle count (debounce/delay), not a sensor value."
0x18F0D9,8,0x20774,switch,HIGH,,FUN_73AC4,DAT_ram_fef024dc = DAT_ram_fef0258c * (DAT_ram_0018f0d9 != -0x80) + DAT_ram_fef0258,X,,,SWITCH Launch Control :: FUN_73AC4 option byte (0x80 = on) #1,"Tested for 0x80: 0x80 = function ON, anything else = OFF."
0x18F0DA,8,0x20775,switch,HIGH,,FUN_436C2,if (3 < uVar8) { if (((((((((uVar19 << 0x1d) < 0) && (bVar18 == 1)) && (cVar11 == '\0')) && ((-1 < (uVar17 << 0x19) && (cVar13 == '\0')))) &,X,,,SWITCH Fuel :: FUN_436C2 option byte (0x80 = on) #4,"Tested for 0x80: 0x80 = function ON, anything else = OFF."
0x18F0DB,8,0x20776,switch,HIGH,,FUN_73988,if (DAT_ram_0018f0db == -0x80) { FUN_ram_000738bc(DAT_ram_fef02566),X,,,SWITCH Sensor Scaling (MAP/baro) :: FUN_73988 option byte (0x80 = on) #1,"Tested for 0x80: 0x80 = function ON, anything else = OFF."
0x18F0DC,8,0x20777,default,HIGH,fef026c3,FUN_73902,} } DAT_ram_fef026c3 = uVar5,X*0.9375-30,,,Sensor Scaling (MAP/baro) :: FUN_73902 value written to fef026c3 #1,"Written directly into RAM fef026c3 (initial, fallback or target value). fef026c3 = Intake air temperature (IAT). The displayed unit was inferred earlier and is NOT confirmed by this trace."
0x18F0DD,8,0x20778,limit,MEDIUM,,FUN_73902,"uVar1 = FUN_ram_00091954(DAT_ram_fef026c3 - uVar6,0)",X*0.9375-30,,,Sensor Scaling (MAP/baro) :: FUN_73902 clamp/limit value #2,Used as a limit or operand inside a saturating calculation. The displayed unit was inferred earlier and is NOT confirmed by this trace.
0x18F0DE,8,0x20779,switch,HIGH,,FUN_5BAE2,if ((((iVar6 == 1) || ((cVar5 == '\x01' && (cVar1 != -0x80)))) || ((cVar2 != -0x80 && (cVar3 != -0x80)))) && ((cVar4 != -0x80 || (iVar7 == 0,X,,,SWITCH ECU Settings :: FUN_5BAE2 option byte (0x80 = on) #2,"Tested for 0x80: 0x80 = function ON, anything else = OFF."
0x18F0DF,8,0x2077A,switch,HIGH,,FUN_6AE4E,if (DAT_ram_0018f0df == -0x80) { iVar2 = FUN_ram_00073ba6(),X,,,SWITCH Ride Mode Presets :: FUN_6AE4E option byte (0x80 = on) #2,"Tested for 0x80: 0x80 = function ON, anything else = OFF."
0x18F0E0,8,0x2077B,switch,HIGH,,FUN_5BAE2,if ((((iVar6 == 1) || ((cVar5 == '\x01' && (cVar1 != -0x80)))) || ((cVar2 != -0x80 && (cVar3 != -0x80)))) && ((cVar4 != -0x80 || (iVar7 == 0,X,,,SWITCH ECU Settings :: FUN_5BAE2 option byte (0x80 = on) #3,"Tested for 0x80: 0x80 = function ON, anything else = OFF."
0x18F0E1,8,0x2077C,arith,MEDIUM,fef025d2,FUN_78DB6,if (DAT_ram_0018f0e1 == '\0') { DAT_ram_fef025d2 = DAT_ram_fef025ec,X,,,Sensor Scaling (MAP/baro) :: FUN_78DB6 factor in fef025d2 #1,"Used in the expression that computes RAM fef025d2 (gain, offset or per-case value)."
0x18F0E2,8,0x2077D,filter,HIGH,,FUN_733CC,"FUN_ram_00091826(&uStack_a,(-DAT_ram_0018f0e2 & 0xff) << 8,DAT_ram_fef025fa)",X,,,Sensor Scaling (MAP/baro) :: FUN_733CC filter strength #1,Passed as the coefficient of the first-order filter FUN_91826 (as (256 - value) << 8); sets how strongly the signal is smoothed.
0x18F0E3,8,0x2077E,filter,HIGH,,FUN_73406,"FUN_ram_00091826(&uStack_a,(-DAT_ram_0018f0e3 & 0xff) << 8,DAT_ram_fef025fc)",X,,,Sensor Scaling (MAP/baro) :: FUN_73406 filter strength #1,Passed as the coefficient of the first-order filter FUN_91826 (as (256 - value) << 8); sets how strongly the signal is smoothed.
0x18F0E4,8,0x2077F,filter,HIGH,,FUN_73480,"FUN_ram_00091826(&uStack_a,(-DAT_ram_0018f0e4 & 0xff) << 8,DAT_ram_fef025fe)",X,,,Sensor Scaling (MAP/baro) :: FUN_73480 filter strength #1,Passed as the coefficient of the first-order filter FUN_91826 (as (256 - value) << 8); sets how strongly the signal is smoothed.
0x18F0E5,8,0x20780,filter,HIGH,,FUN_734BA,"FUN_ram_00091826(&uStack_a,(-DAT_ram_0018f0e5 & 0xff) << 8,DAT_ram_fef025fe)",X,,,Sensor Scaling (MAP/baro) :: FUN_734BA filter strength #1,Passed as the coefficient of the first-order filter FUN_91826 (as (256 - value) << 8); sets how strongly the signal is smoothed.
0x18F0E6,8,0x20781,untraced,LOW,,FUN_731A0,,X,,,Sensor Scaling (MAP/baro) :: FUN_731A0 parameter #1,Read by FUN_731A0; the trace could not resolve how the value is used (indirect or structure access). Purpose unknown - leave stock.
0x18F0E7,8,0x20782,default,HIGH,fef02481,FUN_73322,DAT_ram_fef02481 = DAT_ram_0018f0e7,X,,,Sensor Scaling (MAP/baro) :: FUN_73322 value written to fef02481 #1,"Written directly into RAM fef02481 (initial, fallback or target value). Writer of fef02481: FUN_73322 (expr)."
0x18F0E8,8,0x20783,switch,HIGH,,FUN_75570,if (iVar2 != 0) { bVar4 = DAT_ram_0018f0e8 == -0x80,X,,,SWITCH IMU / Wheel Speed :: FUN_75570 option byte (0x80 = on) #2,"Tested for 0x80: 0x80 = function ON, anything else = OFF."
0x18F0E9,8,0x20784,switch,HIGH,,FUN_75570,if ((((bVar4) && (DAT_ram_0018f0e9 == -0x80)) && (DAT_ram_0018ef82 <= DAT_ram_fef0258e)) && (iVar2 == 1)) { bVar1 = true,X,,,SWITCH IMU / Wheel Speed :: FUN_75570 option byte (0x80 = on) #3,"Tested for 0x80: 0x80 = function ON, anything else = OFF."
0x18F0EA,8,0x20785,cmp_local,MEDIUM,,FUN_76808,if (DAT_ram_0018f0ea == 0) { uStack_a = DAT_ram_fef025e8,X,,,ECU Settings :: FUN_76808 threshold (computed input) #1,Compared with a value computed inside the function (not a single RAM variable).
0x18F0EB,8,0x20786,cmp_local,MEDIUM,,FUN_76850,if (DAT_ram_0018f0eb == 0) { uStack_a = DAT_ram_fef025ea,X,,,ECU Settings :: FUN_76850 threshold (computed input) #1,Compared with a value computed inside the function (not a single RAM variable).
0x18F0EC,8,0x20787,cmp_local,MEDIUM,,FUN_768C0,if ((((uVar15 < bVar8) || (uVar14 < uVar5)) || (!bVar20)) || (((uVar16 != 0 || (cVar9 != '\0')) || (cVar10 != '\0')))) { bVar2 = false,X,,,ECU Settings :: Sensor Supply / Option threshold (computed input) #7,Compared with a value computed inside the function (not a single RAM variable).
0x18F0ED,8,0x20788,cmp_local,MEDIUM,,FUN_76A46,if ((((uVar14 < bVar7) || (uVar13 < uVar4)) || (!bVar19)) || (((uVar15 != 0 || (cVar8 != '\0')) || (cVar9 != '\0')))) { bVar1 = false,X,,,ECU Settings :: Sensor Supply / Option threshold (computed input) #8,Compared with a value computed inside the function (not a single RAM variable).
0x18F0EE,8,0x20789,untraced,LOW,,FUN_768C0,,X,,,ECU Settings :: Sensor Supply / Option gear mask #9,Read by FUN_768C0; the trace could not resolve how the value is used (indirect or structure access). Purpose unknown - leave stock.
0x18F0EF,8,0x2078A,untraced,LOW,,FUN_76A46,,X,,,ECU Settings :: Sensor Supply / Option gear mask #10,Read by FUN_76A46; the trace could not resolve how the value is used (indirect or structure access). Purpose unknown - leave stock.
0x18F0F0,8,0x2078B,threshold_unk,MEDIUM,fef027a2,FUN_768C0,uVar16 = (uVar12 <= uVar13),X,,,ECU Settings :: Sensor Supply / Option threshold vs fef027a2 #11,"Compared with RAM fef027a2, whose meaning is not identified yet (written by FUN_76556 (expr))."
0x18F0F1,8,0x2078C,threshold_unk,MEDIUM,fef027a2,FUN_76A46,"if (uVar11 <= uVar12) { uVar18 = FUN_ram_00091960(uVar18 - uVar6,uVar13)",X,,,ECU Settings :: Sensor Supply / Option threshold vs fef027a2 #12,"Compared with RAM fef027a2, whose meaning is not identified yet (written by FUN_76556 (expr))."
0x18F0F2,8,0x2078D,switch,HIGH,,FUN_76DE6,if (cVar2 == -0x80) { iVar4 = iVar7 - DAT_ram_fef027b0,X,,,SWITCH Traction Control :: FUN_76DE6 option byte (0x80 = on) #3,"Tested for 0x80: 0x80 = function ON, anything else = OFF."
0x18F0F3,8,0x2078E,cmp_local,HIGH,,FUN_76F44,"if (fef02550 != 0 && 0018f0f3 != 0) { uVar3 = (fef027a8 * 0xe100 / 0018f0f3) / fef02550 << 2; fef02634 = min(uVar3, prev) }",X,,,Wheel Speed :: Front Scaling Divisor (front tire size / tone-ring teeth),"Front wheel-speed scaling divisor: sets distance per front ABS pulse, so it carries front tire rolling circumference and the tone-ring tooth count. FUN_76F44 forms front raw wheel speed fef02634 = (front pulse fef027a8 x 57600 / this) / timebase << 2, output X/128 km/h. A taller or larger-circumference front tire covers more ground per pulse and makes the ECM read low, so LOWER this to correct it: new = round(48 x stock_circumference / new_circumference). Stock 48; 8-bit, so each count is about 2 percent (coarse). Also read by the front-speed check FUN_77568. Changing it moves the speedometer and the front wheel speed used by traction control, anti-lift, launch and cruise."
0x18F0F4,8,0x2078F,threshold_unk,HIGH,fef0262e,FUN_770A8,"if (fef02554 && 0018f0f4 && 0018efd8) { uVar2 = (fef0262e * 0xe100 / (0018f0f4 * 0018efd8) << 8) / fef02554; fef02636 = min(uVar2, prev) }",X,,,Wheel Speed :: Rear Scaling Divisor (rear tire size / tone-ring teeth),"Rear wheel-speed scaling divisor, main term: with the fine term 0x18EFD8 it sets distance per rear ABS pulse, carrying rear tire rolling circumference and the tone-ring tooth count. FUN_770A8 forms rear raw wheel speed fef02636 = (rear pulse fef0262e x 57600 / (this x 0x18EFD8) << 8) / timebase, output X/128 km/h; the same pair feeds the rear-speed / odometer paths FUN_5627E, FUN_56310 and FUN_563A8. A taller or larger-circumference rear tire makes the ECM read low, so LOWER the effective divisor to correct it: new product (this x 0x18EFD8) = round(3200 x stock_circumference / new_circumference). Change this 8-bit term (stock 50, ~2 percent per count) for coarse steps or 0x18EFD8 for fine. Feeds the speedometer and the rear wheel speed used by traction control, wheelie control and gear-ratio detection."
0x18F0F5,8,0x20790,count,HIGH,fef027c1,FUN_76D84,if (DAT_ram_fef027c1 < DAT_ram_0018f0f5) { bVar2 = DAT_ram_fef027c7 & 0xfe,X,,,Traction Control :: FUN_76D84 debounce/timer count #1,"Compared with fef027c1, a counter the code steps by 1 each cycle, so this is a cycle count (debounce/delay), not a sensor value."
0x18F0F6,8,0x20791,count,HIGH,fef027c2,FUN_76D84,if (DAT_ram_fef027c2 < bVar1) { bVar2 = DAT_ram_fef027c7 & 0xfd,X,,,Traction Control :: FUN_76D84 debounce/timer count #2,"Compared with fef027c2, a counter the code steps by 1 each cycle, so this is a cycle count (debounce/delay), not a sensor value."
0x18F0F7,8,0x20792,cmp_local,MEDIUM,,FUN_77000,if ((&DAT_ram_ffff9330)[unaff_gp] == '\x01') { if (((DAT_ram_fef027c7 & 1) == 0) && ((DAT_ram_fef027c6 & 4) == 0)) { bVar8 = 0x13 < DAT_ram_,X,,,Traction Control :: FUN_77000 threshold (computed input) #1,Compared with a value computed inside the function (not a single RAM variable).
0x18F0F8,8,0x20793,cmp_local,MEDIUM,,FUN_77184,if ((&DAT_ram_ffff9331)[unaff_gp] == '\x01') { if (((DAT_ram_fef027c7 & 2) == 0) && ((DAT_ram_fef027c6 & 4) == 0)) { bVar8 = 0x13 < DAT_ram_,X,,,Traction Control :: FUN_77184 threshold (computed input) #1,Compared with a value computed inside the function (not a single RAM variable).
0x18F0F9,8,0x20794,cmp_local,MEDIUM,,FUN_4CD6A,} bVar7 = 0x13 < DAT_ram_0018f0f9 - 1,X,,,Traction Control :: FUN_4CD6A threshold (computed input) #1,Compared with a value computed inside the function (not a single RAM variable).
0x18F0FA,8,0x20795,threshold_unk,MEDIUM,fef027c3,FUN_77474,} else { iVar7 = (bVar3 <= bVar6) + iVar7 * (bVar3 > bVar6),X,,,IMU / Wheel Speed :: FUN_77474 threshold vs fef027c3 #3,"Compared with RAM fef027c3, whose meaning is not identified yet (written by FUN_77474 (expr))."
0x18F0FB,8,0x20796,cmp_local,MEDIUM,,FUN_780F6,if (DAT_ram_0018f0fb == '\x01') { iVar5 = FUN_ram_00071422(),X,,,Sensor Scaling (MAP/baro) :: FUN_780F6 threshold (computed input) #3,Compared with a value computed inside the function (not a single RAM variable).
0x18F0FC,8,0x20797,cmp_local,MEDIUM,,FUN_7804E,"if ((((iVar4 == 1) && (iVar4 = FUN_ram_0006d508(), iVar4 == 1)) && (iVar4 = FUN_ram_0005b7a6(), iVar4 == 1)) && ((cVar3 == '\x01' || (iVar4 ",X,,,Sensor Scaling (MAP/baro) :: FUN_7804E threshold (computed input) #1,Compared with a value computed inside the function (not a single RAM variable).
0x18F0FD,8,0x20798,arith,MEDIUM,fef00a8f,FUN_2ECBC,if (((((cVar1 == '\0') && (iVar3 == 1)) && (iVar4 == 0)) && ((iVar5 == 1 && (DAT_ram_001544a0 == '\x01')))) && (((cVar2 != '\0' || (DAT_ram_,X,,,Cruise Control :: FUN_2D67A factor in fef00a8f #2,"Used in the expression that computes RAM fef00a8f (gain, offset or per-case value)."
0x18F0FE,8,0x20799,count,HIGH,fef02727,FUN_75262,if ((cVar24 == '\0') && (cVar23 == '\0')) { if (((uVar27 <= uVar2) && (uVar1 <= uVar27)) && (iVar25 == 1)) { bVar28 = bVar15 <= DAT_ram_fef0,X,,,IMU / Wheel Speed :: Gear-Position Sensor Decode debounce/timer count #3,"Compared with fef02727, a counter the code steps by 1 each cycle, so this is a cycle count (debounce/delay), not a sensor value."
0x18F0FF,8,0x2079A,count,HIGH,fef02728,FUN_75262,} if (((uVar27 <= uVar4) && (uVar3 <= uVar27)) && (iVar25 == 0)) { bVar28 = bVar16 <= DAT_ram_fef02728,X,,,IMU / Wheel Speed :: Gear-Position Sensor Decode debounce/timer count #4,"Compared with fef02728, a counter the code steps by 1 each cycle, so this is a cycle count (debounce/delay), not a sensor value."
0x18F100,8,0x2079B,count,HIGH,fef02729,FUN_75262,} if (((uVar27 <= uVar6) && (uVar5 <= uVar27)) && (iVar25 == 0)) { bVar28 = bVar17 <= DAT_ram_fef02729,X,,,IMU / Wheel Speed :: Gear-Position Sensor Decode debounce/timer count #5,"Compared with fef02729, a counter the code steps by 1 each cycle, so this is a cycle count (debounce/delay), not a sensor value."
0x18F101,8,0x2079C,count,HIGH,fef0272a,FUN_75262,} if (((uVar27 <= uVar8) && (uVar7 <= uVar27)) && (iVar25 == 0)) { bVar28 = bVar18 <= DAT_ram_fef0272a,X,,,IMU / Wheel Speed :: Gear-Position Sensor Decode debounce/timer count #6,"Compared with fef0272a, a counter the code steps by 1 each cycle, so this is a cycle count (debounce/delay), not a sensor value."
0x18F102,8,0x2079D,count,HIGH,fef0272b,FUN_75262,} if (((uVar27 <= uVar10) && (uVar9 <= uVar27)) && (iVar25 == 0)) { if (bVar19 <= DAT_ram_fef0272b) { cVar26 = '\x10',X,,,IMU / Wheel Speed :: Gear-Position Sensor Decode debounce/timer count #7,"Compared with fef0272b, a counter the code steps by 1 each cycle, so this is a cycle count (debounce/delay), not a sensor value."
0x18F103,8,0x2079E,count,HIGH,fef0272c,FUN_75262,} if (((uVar27 <= uVar12) && (uVar11 <= uVar27)) && (iVar25 == 0)) { if (bVar20 <= DAT_ram_fef0272c) { cVar26 = ' ',X,,,IMU / Wheel Speed :: Gear-Position Sensor Decode debounce/timer count #8,"Compared with fef0272c, a counter the code steps by 1 each cycle, so this is a cycle count (debounce/delay), not a sensor value."
0x18F104,8,0x2079F,count,HIGH,fef0272d,FUN_75262,} if (((uVar27 <= uVar14) && (uVar13 <= uVar27)) && (iVar25 == 0)) { if (bVar21 <= DAT_ram_fef0272d) { cVar26 = '@',X,,,IMU / Wheel Speed :: Gear-Position Sensor Decode debounce/timer count #9,"Compared with fef0272d, a counter the code steps by 1 each cycle, so this is a cycle count (debounce/delay), not a sensor value."
0x18F105,8,0x207A0,arith,MEDIUM,fef026c2,FUN_7522E,DAT_ram_fef026c2 = (iVar2 == 0) + cVar1 * (iVar2 != 0),X,,,IMU / Wheel Speed :: FUN_7522E factor in fef026c2 #1,"Used in the expression that computes RAM fef026c2 (gain, offset or per-case value)."
0x18F106,8,0x207A1,filter,HIGH,,FUN_6FA8A,"FUN_ram_00091826(&DAT_ram_fef0266e,(-DAT_ram_0018f106 & 0xff) << 8,DAT_ram_fef0266c",X,,,Ride Mode Presets :: FUN_6FA8A filter strength #1,Passed as the coefficient of the first-order filter FUN_91826 (as (256 - value) << 8); sets how strongly the signal is smoothed.
0x18F107,8,0x207A2,threshold,HIGH,fef025a6 = Supply voltage (ADC ch03),FUN_72812,if (uVar2 < DAT_ram_0018f107) { DAT_ram_fef02406 = '\x01',X,,,Sensors / Ride Mode / Comms :: FUN_72812 voltage threshold #3,Compared with fef025a6 = Supply voltage (ADC ch03) (meaning verified from the code that writes it).
0x18F108,8,0x207A3,threshold,HIGH,fef025a6 = Supply voltage (ADC ch03),FUN_72812,} } if ((((DAT_ram_fef02404 < DAT_ram_0018f034) || (iVar1 != 1)) || (DAT_ram_fef02406 != '\0')) || (((uVar2 < DAT_ram_0018f107 || (DAT_ram_0,X,,,Sensors / Ride Mode / Comms :: FUN_72812 voltage threshold #4,Compared with fef025a6 = Supply voltage (ADC ch03) (meaning verified from the code that writes it).
0x18F109,8,0x207A4,arith,MEDIUM,fef023c4,FUN_7195A,if (DAT_ram_0018f109 == '\x01') { DAT_ram_fef023c4 = DAT_ram_febf570c,X,,,Sensors / Ride Mode / Comms :: FUN_7195A factor in fef023c4 #1,"Used in the expression that computes RAM fef023c4 (gain, offset or per-case value)."
0x18F10A,8,0x207A5,cmp_local,MEDIUM,,FUN_72BB4,"if ((cVar1 == '\x01') || (bVar2 = DAT_ram_fef02442 & 0x80, (DAT_ram_fef02442 & 0x80) != 0)) { bVar2 = 1",X,,,SWITCH Sensors / Ride Mode / Comms :: FUN_72BB4 threshold (computed input) #1,Compared with a value computed inside the function (not a single RAM variable).
0x18F10F,8,0x207A6,switch,HIGH,,FUN_7968A,if (DAT_ram_0018f10f == -0x80) { FUN_ram_0007950c(),X,,,SWITCH Other ETV Maps :: FUN_7968A option byte (0x80 = on) #1,"Tested for 0x80: 0x80 = function ON, anything else = OFF."
0x18F110,8,0x207A7,threshold_unk,MEDIUM,fef026d2,FUN_6E1E0,"} else { if (((uVar10 < DAT_ram_0018f110) && (iVar3 = FUN_ram_000778e8(), iVar3 == 0)) && (iVar3 = FUN_ram_000778c2(), iVar3 == 1)) { uVar4 ",X,,,Sensors / Ride Mode / Comms :: FUN_6E1E0 threshold vs fef026d2 #1,"Compared with RAM fef026d2, whose meaning is not identified yet (written by FUN_6D57A (expr))."
0x18F111,8,0x207A8,count,HIGH,fef02285,FUN_6E1E0,"} else if (DAT_ram_fef02285 < DAT_ram_0018f111) { DAT_ram_fef02285 = FUN_ram_00091a92(DAT_ram_fef02285,1)",X,,,Sensors / Ride Mode / Comms :: FUN_6E1E0 debounce/timer count #2,"Compared with fef02285, a counter the code steps by 1 each cycle, so this is a cycle count (debounce/delay), not a sensor value."
0x18F112,8,0x207A9,threshold_unk,MEDIUM,fef026d4,FUN_6E3BA,"if (iVar4 == 0) { if (((uVar11 < bVar1) && (iVar4 = FUN_ram_000778e8(), iVar4 == 0)) && (iVar4 = FUN_ram_000778c2(), iVar4 == 1)) { uVar5 = ",X,,,Sensors / Ride Mode / Comms :: FUN_6E3BA threshold vs fef026d4 #1,"Compared with RAM fef026d4, whose meaning is not identified yet (written by FUN_6D57A (expr))."
0x18F113,8,0x207AA,count,HIGH,fef02286,FUN_6E3BA,"} else if (DAT_ram_fef02286 < DAT_ram_0018f113) { DAT_ram_fef02286 = FUN_ram_00091a92(DAT_ram_fef02286,1)",X,,,Sensors / Ride Mode / Comms :: FUN_6E3BA debounce/timer count #2,"Compared with fef02286, a counter the code steps by 1 each cycle, so this is a cycle count (debounce/delay), not a sensor value."
0x18F114,8,0x207AB,threshold_unk,MEDIUM,fef026d5,FUN_6E5B4,"if (iVar4 == 0) { if (((uVar11 < bVar1) && (iVar4 = FUN_ram_000778e8(), iVar4 == 0)) && (iVar4 = FUN_ram_000778c2(), iVar4 == 1)) { uVar5 = ",X,,,Sensors / Ride Mode / Comms :: FUN_6E5B4 threshold vs fef026d5 #1,"Compared with RAM fef026d5, whose meaning is not identified yet (written by FUN_6D57A (alias of fef026dc))."
0x18F115,8,0x207AC,count,HIGH,fef02287,FUN_6E5B4,"} else if (DAT_ram_fef02287 < DAT_ram_0018f115) { DAT_ram_fef02287 = FUN_ram_00091a92(DAT_ram_fef02287,1)",X,,,Sensors / Ride Mode / Comms :: FUN_6E5B4 debounce/timer count #2,"Compared with fef02287, a counter the code steps by 1 each cycle, so this is a cycle count (debounce/delay), not a sensor value."
0x18F116,8,0x207AD,threshold_unk,MEDIUM,fef026d6,FUN_6E7AE,"if (iVar4 == 0) { if (((uVar11 < bVar1) && (iVar4 = FUN_ram_000778e8(), iVar4 == 0)) && (iVar4 = FUN_ram_000778c2(), iVar4 == 1)) { uVar5 = ",X,,,Sensors / Ride Mode / Comms :: FUN_6E7AE threshold vs fef026d6 #1,"Compared with RAM fef026d6, whose meaning is not identified yet (written by FUN_6D57A (alias of fef026dd))."
0x18F117,8,0x207AE,count,HIGH,fef02288,FUN_6E7AE,"} else if (DAT_ram_fef02288 < DAT_ram_0018f117) { DAT_ram_fef02288 = FUN_ram_00091a92(DAT_ram_fef02288,1)",X,,,Sensors / Ride Mode / Comms :: FUN_6E7AE debounce/timer count #2,"Compared with fef02288, a counter the code steps by 1 each cycle, so this is a cycle count (debounce/delay), not a sensor value."
0x18F118,8,0x207AF,threshold_unk,MEDIUM,fef026d7,FUN_6E9A8,"if (iVar4 == 0) { if (((uVar11 < bVar1) && (iVar4 = FUN_ram_000778e8(), iVar4 == 0)) && (iVar4 = FUN_ram_000778c2(), iVar4 == 1)) { uVar5 = ",X,,,Sensors / Ride Mode / Comms :: FUN_6E9A8 threshold vs fef026d7 #1,"Compared with RAM fef026d7, whose meaning is not identified yet (written by FUN_6D57A (expr))."
0x18F119,8,0x207B0,count,HIGH,fef02289,FUN_6E9A8,"} else if (DAT_ram_fef02289 < DAT_ram_0018f119) { DAT_ram_fef02289 = FUN_ram_00091a92(DAT_ram_fef02289,1)",X,,,Sensors / Ride Mode / Comms :: FUN_6E9A8 debounce/timer count #2,"Compared with fef02289, a counter the code steps by 1 each cycle, so this is a cycle count (debounce/delay), not a sensor value."
0x18F11A,8,0x207B1,threshold_unk,MEDIUM,fef026d8,FUN_6EBA2,"} else if ((DAT_ram_fef02293 & 8) == 0) { if (((uVar10 < DAT_ram_0018f11a) && (iVar3 = FUN_ram_000778e8(), iVar3 == 0)) && (iVar3 = FUN_ram_",X,,,Sensors / Ride Mode / Comms :: FUN_6EBA2 threshold vs fef026d8 #1,"Compared with RAM fef026d8, whose meaning is not identified yet (written by FUN_6D57A (alias of fef026df))."
0x18F11B,8,0x207B2,count,HIGH,fef0228a,FUN_6EBA2,"} else if (DAT_ram_fef0228a < DAT_ram_0018f11b) { DAT_ram_fef0228a = FUN_ram_00091a92(DAT_ram_fef0228a,1)",X,,,Sensors / Ride Mode / Comms :: FUN_6EBA2 debounce/timer count #2,"Compared with fef0228a, a counter the code steps by 1 each cycle, so this is a cycle count (debounce/delay), not a sensor value."
0x18F11C,8,0x207B3,threshold_unk,MEDIUM,fef0228e,FUN_6F0E0,"} } else if (((DAT_ram_fef0228e < DAT_ram_0018f11c) && (iVar3 = FUN_ram_0007789c(), iVar3 == 0)) && (iVar3 = FUN_ram_00077876(), iVar3 == 1)",X,,,Sensors / Ride Mode / Comms :: FUN_6F0E0 threshold vs fef0228e #1,"Compared with RAM fef0228e, whose meaning is not identified yet (written by FUN_6D57A (expr))."
0x18F11D,8,0x207B4,default,HIGH,fef084b0,FUN_682D6,} DAT_ram_fef084b0 = DAT_ram_0018f11d,X,,,Sensors / Ride Mode / Comms :: FUN_63E02 value written to fef084b0 #1,"Written directly into RAM fef084b0 (initial, fallback or target value). Writer of fef084b0: FUN_646EC (alias of fef01f8a)."
0x18F11E,8,0x207B5,count,HIGH,fef0228b,FUN_6F0E0,"} else if (DAT_ram_fef0228b < DAT_ram_0018f11e) { DAT_ram_fef0228b = FUN_ram_00091a92(DAT_ram_fef0228b,1)",X,,,Sensors / Ride Mode / Comms :: FUN_6F0E0 debounce/timer count #2,"Compared with fef0228b, a counter the code steps by 1 each cycle, so this is a cycle count (debounce/delay), not a sensor value."
0x18F11F,8,0x207B6,default,HIGH,fef084ae,FUN_682D6,} DAT_ram_fef084ae = DAT_ram_0018f11f,X,,,Sensors / Ride Mode / Comms :: FUN_63E02 value written to fef084ae #2,"Written directly into RAM fef084ae (initial, fallback or target value). Writer of fef084ae: FUN_646EC (alias of fef01f89)."
0x18F135,8,0x207B7,default,HIGH,fef026da,FUN_6F2F0,DAT_ram_fef026da = DAT_ram_0018f135,X,,,Cruise Control :: FUN_2EFAE value written to fef026da #1,"Written directly into RAM fef026da (initial, fallback or target value). Writer of fef026da: FUN_6F2F0 (expr)."
0x18F136,8,0x207B8,count,HIGH,fef02284,FUN_6DC42,"if (((((DAT_ram_fef00c22 == '\x02') || (iVar3 = FUN_ram_000362fa(), iVar3 == 1)) || (iVar3 = FUN_ram_00036320(), iVar3 == 1)) || ((iVar3 = F",X,,,Sensors / Ride Mode / Comms :: FUN_6DC42 debounce/timer count #1,"Compared with fef02284, a counter the code steps by 1 each cycle, so this is a cycle count (debounce/delay), not a sensor value."
0x18F137,8,0x207B9,threshold_unk,MEDIUM,fef026fe,FUN_6ED98,"} else { if (((uVar11 < bVar1) && (iVar5 = FUN_ram_000778e8(), iVar5 == 0)) && (iVar5 = FUN_ram_000778c2(), iVar5 == 1)) { uVar6 = FUN_ram_0",X,,,Sensors / Ride Mode / Comms :: FUN_6ED98 threshold vs fef026fe #1,"Compared with RAM fef026fe, whose meaning is not identified yet (written by FUN_6D57A (alias of fef026ff))."
0x18F138,8,0x207BA,count,HIGH,fef0228c,FUN_6ED98,"} else if (DAT_ram_fef0228c < bVar2) { DAT_ram_fef0228c = FUN_ram_00091a92(DAT_ram_fef0228c,1)",X,,,Sensors / Ride Mode / Comms :: FUN_6ED98 debounce/timer count #2,"Compared with fef0228c, a counter the code steps by 1 each cycle, so this is a cycle count (debounce/delay), not a sensor value."
0x18F139,8,0x207BB,arith,MEDIUM,fef02293,FUN_6EF8C,if (((DAT_ram_0018f139 == '\x01') && (DAT_ram_fef02291 == '\0')) && (DAT_ram_fef0228f != 0)) { DAT_ram_fef02293 = DAT_ram_fef02293 | 0x80,X,,,Sensors / Ride Mode / Comms :: FUN_6E1E0 factor in fef02293 #3,"Used in the expression that computes RAM fef02293 (gain, offset or per-case value)."
0x18F156,8,0x207BC,arith,MEDIUM,fef02936,FUN_79A14,DAT_ram_fef02936 = FUN_ram_00091a82((DAT_ram_0018f158 - 1) * iVar19 + (DAT_ram_0018f157 - 1) * iVar21 + (DAT_ram_0018f156 - 1) * iVar20 + 0x,X,,,SWITCH Other ETV Maps :: IMU Mounting Orientation Matrix factor in fef02936 #1,"Used in the expression that computes RAM fef02936 (gain, offset or per-case value)."
0x18F157,8,0x207BD,arith,MEDIUM,fef02936,FUN_79A14,DAT_ram_fef02936 = FUN_ram_00091a82((DAT_ram_0018f158 - 1) * iVar19 + (DAT_ram_0018f157 - 1) * iVar21 + (DAT_ram_0018f156 - 1) * iVar20 + 0x,X,,,SWITCH Other ETV Maps :: IMU Mounting Orientation Matrix factor in fef02936 #2,"Used in the expression that computes RAM fef02936 (gain, offset or per-case value)."
0x18F158,8,0x207BE,arith,MEDIUM,fef02936,FUN_79A14,DAT_ram_fef02936 = FUN_ram_00091a82((DAT_ram_0018f158 - 1) * iVar19 + (DAT_ram_0018f157 - 1) * iVar21 + (DAT_ram_0018f156 - 1) * iVar20 + 0x,X,,,Other ETV Maps :: IMU Mounting Orientation Matrix factor in fef02936 #3,"Used in the expression that computes RAM fef02936 (gain, offset or per-case value)."
0x18F159,8,0x207BF,arith,MEDIUM,fef02938,FUN_79A14,"DAT_ram_fef02938 = FUN_ram_00091a82((bVar1 - 1) * iVar19 + (uVar14 - 1) * iVar21 + (uVar15 - 1) * iVar20 + 0x8000,param_2,0)",X,,,Other ETV Maps :: IMU Mounting Orientation Matrix factor in fef02938 #4,"Used in the expression that computes RAM fef02938 (gain, offset or per-case value)."
0x18F15A,8,0x207C0,arith,MEDIUM,fef02938,FUN_79A14,"DAT_ram_fef02938 = FUN_ram_00091a82((bVar1 - 1) * iVar19 + (uVar14 - 1) * iVar21 + (uVar15 - 1) * iVar20 + 0x8000,param_2,0)",X,,,Other ETV Maps :: IMU Mounting Orientation Matrix factor in fef02938 #5,"Used in the expression that computes RAM fef02938 (gain, offset or per-case value)."
0x18F15B,8,0x207C1,arith,MEDIUM,fef02938,FUN_79A14,"DAT_ram_fef02938 = FUN_ram_00091a82((bVar1 - 1) * iVar19 + (uVar14 - 1) * iVar21 + (uVar15 - 1) * iVar20 + 0x8000,param_2,0)",X,,,Other ETV Maps :: IMU Mounting Orientation Matrix factor in fef02938 #6,"Used in the expression that computes RAM fef02938 (gain, offset or per-case value)."
0x18F15C,8,0x207C2,arith,MEDIUM,fef0293a,FUN_79A14,"DAT_ram_fef0293a = FUN_ram_00091a82(iVar19 * (bVar4 - 1) + iVar21 * (bVar3 - 1) + iVar20 * (bVar2 - 1) + 0x8000, param_2,0)",X,,,SWITCH Other ETV Maps :: IMU Mounting Orientation Matrix factor in fef0293a #7,"Used in the expression that computes RAM fef0293a (gain, offset or per-case value)."
0x18F15D,8,0x207C3,arith,MEDIUM,fef0293a,FUN_79A14,"DAT_ram_fef0293a = FUN_ram_00091a82(iVar19 * (bVar4 - 1) + iVar21 * (bVar3 - 1) + iVar20 * (bVar2 - 1) + 0x8000, param_2,0)",X,,,SWITCH Other ETV Maps :: IMU Mounting Orientation Matrix factor in fef0293a #8,"Used in the expression that computes RAM fef0293a (gain, offset or per-case value)."
0x18F15E,8,0x207C4,arith,MEDIUM,fef0293a,FUN_79A14,"DAT_ram_fef0293a = FUN_ram_00091a82(iVar19 * (bVar4 - 1) + iVar21 * (bVar3 - 1) + iVar20 * (bVar2 - 1) + 0x8000, param_2,0)",X,,,SWITCH Other ETV Maps :: IMU Mounting Orientation Matrix factor in fef0293a #9,"Used in the expression that computes RAM fef0293a (gain, offset or per-case value)."
0x18F15F,8,0x207C5,arith,MEDIUM,fef0293c,FUN_79A14,"DAT_ram_fef0293c = FUN_ram_00091a82((bVar7 - 1) * iVar19 + (bVar6 - 1) * iVar21 + (bVar5 - 1) * iVar20 + 0x8000, param_2,0)",X,,,SWITCH Other ETV Maps :: IMU Mounting Orientation Matrix factor in fef0293c #10,"Used in the expression that computes RAM fef0293c (gain, offset or per-case value)."
0x18F160,8,0x207C6,arith,MEDIUM,fef0293c,FUN_79A14,"DAT_ram_fef0293c = FUN_ram_00091a82((bVar7 - 1) * iVar19 + (bVar6 - 1) * iVar21 + (bVar5 - 1) * iVar20 + 0x8000, param_2,0)",X,,,SWITCH Other ETV Maps :: IMU Mounting Orientation Matrix factor in fef0293c #11,"Used in the expression that computes RAM fef0293c (gain, offset or per-case value)."
0x18F161,8,0x207C7,arith,MEDIUM,fef0293c,FUN_79A14,"DAT_ram_fef0293c = FUN_ram_00091a82((bVar7 - 1) * iVar19 + (bVar6 - 1) * iVar21 + (bVar5 - 1) * iVar20 + 0x8000, param_2,0)",X,,,SWITCH Other ETV Maps :: IMU Mounting Orientation Matrix factor in fef0293c #12,"Used in the expression that computes RAM fef0293c (gain, offset or per-case value)."
0x18F162,8,0x207C8,arith,MEDIUM,fef0293e,FUN_79A14,"DAT_ram_fef0293e = FUN_ram_00091a82((bVar10 - 1) * iVar19 + (bVar9 - 1) * iVar21 + (bVar8 - 1) * iVar20 + 0x8000 ,param_2,0)",X,,,SWITCH Other ETV Maps :: IMU Mounting Orientation Matrix factor in fef0293e #13,"Used in the expression that computes RAM fef0293e (gain, offset or per-case value)."
0x18F163,8,0x207C9,arith,MEDIUM,fef0293e,FUN_79A14,"DAT_ram_fef0293e = FUN_ram_00091a82((bVar10 - 1) * iVar19 + (bVar9 - 1) * iVar21 + (bVar8 - 1) * iVar20 + 0x8000 ,param_2,0)",X,,,SWITCH Other ETV Maps :: IMU Mounting Orientation Matrix factor in fef0293e #14,"Used in the expression that computes RAM fef0293e (gain, offset or per-case value)."
0x18F164,8,0x207CA,arith,MEDIUM,fef0293e,FUN_79A14,"DAT_ram_fef0293e = FUN_ram_00091a82((bVar10 - 1) * iVar19 + (bVar9 - 1) * iVar21 + (bVar8 - 1) * iVar20 + 0x8000 ,param_2,0)",X,,,SWITCH Other ETV Maps :: IMU Mounting Orientation Matrix factor in fef0293e #15,"Used in the expression that computes RAM fef0293e (gain, offset or per-case value)."
0x18F165,8,0x207CB,arith,MEDIUM,fef02940,FUN_79A14,"DAT_ram_fef02940 = FUN_ram_00091a82(iVar19 * (bVar13 - 1) + iVar21 * (bVar12 - 1) + iVar20 * (bVar11 - 1) + 0x8000,param_2,0)",X,,,Other ETV Maps :: IMU Mounting Orientation Matrix factor in fef02940 #16,"Used in the expression that computes RAM fef02940 (gain, offset or per-case value)."
0x18F166,8,0x207CC,arith,MEDIUM,fef02940,FUN_79A14,"DAT_ram_fef02940 = FUN_ram_00091a82(iVar19 * (bVar13 - 1) + iVar21 * (bVar12 - 1) + iVar20 * (bVar11 - 1) + 0x8000,param_2,0)",X,,,Other ETV Maps :: IMU Mounting Orientation Matrix factor in fef02940 #17,"Used in the expression that computes RAM fef02940 (gain, offset or per-case value)."
0x18F167,8,0x207CD,arith,MEDIUM,fef02940,FUN_79A14,"DAT_ram_fef02940 = FUN_ram_00091a82(iVar19 * (bVar13 - 1) + iVar21 * (bVar12 - 1) + iVar20 * (bVar11 - 1) + 0x8000,param_2,0)",X,,,Other ETV Maps :: IMU Mounting Orientation Matrix factor in fef02940 #18,"Used in the expression that computes RAM fef02940 (gain, offset or per-case value)."
0x18F168,8,0x207CE,filter,HIGH,,FUN_79C22,"if (iVar1 == 1) { FUN_ram_00091826(&local_3c,(-uVar9 & 0xff) << 8,DAT_ram_fef02936)",X,,,Other ETV Maps :: IMU Axis Offset/Sign filter strength #3,Passed as the coefficient of the first-order filter FUN_91826 (as (256 - value) << 8); sets how strongly the signal is smoothed.
0x18F169,8,0x207CF,filter,HIGH,,FUN_79C22,"FUN_ram_00091826(&uStack_3a,(-uVar8 & 0xff) << 8,DAT_ram_fef02938)",X,,,Other ETV Maps :: IMU Axis Offset/Sign filter strength #4,Passed as the coefficient of the first-order filter FUN_91826 (as (256 - value) << 8); sets how strongly the signal is smoothed.
0x18F16A,8,0x207D0,filter,HIGH,,FUN_79C22,"FUN_ram_00091826(&uStack_38,(-uVar7 & 0xff) << 8,DAT_ram_fef0293a)",X,,,Other ETV Maps :: IMU Axis Offset/Sign filter strength #5,Passed as the coefficient of the first-order filter FUN_91826 (as (256 - value) << 8); sets how strongly the signal is smoothed.
0x18F16B,8,0x207D1,filter,HIGH,,FUN_79C22,"FUN_ram_00091826(&uStack_36,(-uVar6 & 0xff) << 8,DAT_ram_fef0293c)",X,,,Other ETV Maps :: IMU Axis Offset/Sign filter strength #6,Passed as the coefficient of the first-order filter FUN_91826 (as (256 - value) << 8); sets how strongly the signal is smoothed.
0x18F16C,8,0x207D2,filter,HIGH,,FUN_79C22,"FUN_ram_00091826(&uStack_34,(-uVar5 & 0xff) << 8,DAT_ram_fef0293e)",X,,,Other ETV Maps :: IMU Axis Offset/Sign filter strength #7,Passed as the coefficient of the first-order filter FUN_91826 (as (256 - value) << 8); sets how strongly the signal is smoothed.
0x18F16D,8,0x207D3,filter,HIGH,,FUN_79C22,"FUN_ram_00091826(&uStack_32,(-uVar4 & 0xff) << 8,DAT_ram_fef02940)",X,,,Other ETV Maps :: IMU Axis Offset/Sign filter strength #8,Passed as the coefficient of the first-order filter FUN_91826 (as (256 - value) << 8); sets how strongly the signal is smoothed.
0x18F16E,8,0x207D4,filter,HIGH,,FUN_79C22,"FUN_ram_00091826(&uStack_30,(-uVar3 & 0xff) << 8,DAT_ram_fef02936)",X,,,SWITCH Other ETV Maps :: IMU Axis Offset/Sign filter strength #9,Passed as the coefficient of the first-order filter FUN_91826 (as (256 - value) << 8); sets how strongly the signal is smoothed.
0x18F16F,8,0x207D5,arith,MEDIUM,fef026a6,FUN_79C22,if ((uVar2 < uVar3) || (uVar3 < uStack_2e)) { DAT_ram_fef026a6 = FUN_ram_00091a82(&UNK_ram_00008001 + ~(((uVar3 - 0x8000) * DAT_ram_0018f16f,X,,,SWITCH Other ETV Maps :: IMU Axis Offset/Sign factor in fef026a6 #10,"Used in the expression that computes RAM fef026a6 (gain, offset or per-case value)."
0x18F170,8,0x207D6,filter,HIGH,,FUN_7A202,"if (iVar1 == 1) { FUN_ram_00091826(&uStack_1a,(-uVar4 & 0xff) << 8,DAT_ram_fef0293c)",X,,,Other ETV Maps :: FUN_7A202 filter strength #1,Passed as the coefficient of the first-order filter FUN_91826 (as (256 - value) << 8); sets how strongly the signal is smoothed.
0x18F171,8,0x207D7,filter,HIGH,,FUN_7A202,"FUN_ram_00091826(&uStack_18,(-uVar3 & 0xff) << 8,DAT_ram_fef0293e)",X,,,Other ETV Maps :: FUN_7A202 filter strength #2,Passed as the coefficient of the first-order filter FUN_91826 (as (256 - value) << 8); sets how strongly the signal is smoothed.
0x18F172,8,0x207D8,filter,HIGH,,FUN_7A202,"FUN_ram_00091826(&uStack_16,(-uVar2 & 0xff) << 8,DAT_ram_fef02940)",X,,,Other ETV Maps :: FUN_7A202 filter strength #3,Passed as the coefficient of the first-order filter FUN_91826 (as (256 - value) << 8); sets how strongly the signal is smoothed.
0x18F173,8,0x207D9,filter,HIGH,,FUN_7A328,"FUN_ram_00091826(&local_2c,(-DAT_ram_0018f173 & 0xff) << 8,DAT_ram_fef0295a)",X,,,IMU / Wheel Speed :: FUN_7A328 filter strength #1,Passed as the coefficient of the first-order filter FUN_91826 (as (256 - value) << 8); sets how strongly the signal is smoothed.
0x18F174,8,0x207DA,filter,HIGH,,FUN_7A328,"FUN_ram_00091826(&uStack_2a,(-uVar5 & 0xff) << 8,DAT_ram_fef0295e)",X,,,IMU / Wheel Speed :: FUN_7A328 filter strength #2,Passed as the coefficient of the first-order filter FUN_91826 (as (256 - value) << 8); sets how strongly the signal is smoothed.
0x18F175,8,0x207DB,filter,HIGH,,FUN_7A328,"FUN_ram_00091826(&uStack_28,(-uVar4 & 0xff) << 8,DAT_ram_fef0295c)",X,,,IMU / Wheel Speed :: FUN_7A328 filter strength #3,Passed as the coefficient of the first-order filter FUN_91826 (as (256 - value) << 8); sets how strongly the signal is smoothed.
0x18F176,8,0x207DC,filter,HIGH,,FUN_7A328,"FUN_ram_00091826(&uStack_26,(-uVar3 & 0xff) << 8,DAT_ram_fef0295a)",X,,,IMU / Wheel Speed :: FUN_7A328 filter strength #4,Passed as the coefficient of the first-order filter FUN_91826 (as (256 - value) << 8); sets how strongly the signal is smoothed.
0x18F177,8,0x207DD,filter,HIGH,,FUN_7A328,"FUN_ram_00091826(&uStack_24,(-uVar2 & 0xff) << 8,DAT_ram_fef0295e)",X,,,IMU / Wheel Speed :: FUN_7A328 filter strength #5,Passed as the coefficient of the first-order filter FUN_91826 (as (256 - value) << 8); sets how strongly the signal is smoothed.
0x18F178,8,0x207DE,filter,HIGH,,FUN_7A328,"FUN_ram_00091826(&uStack_22,(-uVar1 & 0xff) << 8,DAT_ram_fef0295c)",X,,,IMU / Wheel Speed :: FUN_7A328 filter strength #6,Passed as the coefficient of the first-order filter FUN_91826 (as (256 - value) << 8); sets how strongly the signal is smoothed.
0x18F179,8,0x207DF,untraced,LOW,,FUN_79DB4,,X,,,Other ETV Maps :: FUN_79DB4 parameter #1,Read by FUN_79DB4; the trace could not resolve how the value is used (indirect or structure access). Purpose unknown - leave stock.
0x18F17A,8,0x207E0,untraced,LOW,,FUN_79DB4,,X,,,Other ETV Maps :: FUN_79DB4 parameter #2,Read by FUN_79DB4; the trace could not resolve how the value is used (indirect or structure access). Purpose unknown - leave stock.
0x18F17B,8,0x207E1,arith,MEDIUM,fef02984,FUN_79EAA,if (uVar10 <= (uVar9 + 1 & 0xff)) { DAT_ram_fef02984 = 0,X,,,Other ETV Maps :: FUN_79EAA factor in fef02984 #1,"Used in the expression that computes RAM fef02984 (gain, offset or per-case value)."
0x18F17C,8,0x207E2,untraced,LOW,,FUN_79F6A,,X,,,Other ETV Maps :: FUN_79F6A parameter #3,Read by FUN_79F6A; the trace could not resolve how the value is used (indirect or structure access). Purpose unknown - leave stock.
0x18F17D,8,0x207E3,untraced,LOW,,FUN_7A5C8,,X,,,IMU / Wheel Speed :: FUN_7A5C8 parameter #1,Read by FUN_7A5C8; the trace could not resolve how the value is used (indirect or structure access). Purpose unknown - leave stock.
0x18F17E,8,0x207E4,filter,HIGH,,FUN_7A730,"FUN_ram_00091826(&uStack_12,(-DAT_ram_0018f17e & 0xff) << 8,DAT_ram_fef0268a)",X,,,IMU / Wheel Speed :: FUN_7A730 filter strength #1,Passed as the coefficient of the first-order filter FUN_91826 (as (256 - value) << 8); sets how strongly the signal is smoothed.
0x18F17F,8,0x207E5,filter,HIGH,,FUN_7A730,"FUN_ram_00091826(&uStack_12,(-uVar2 & 0xff) << 8,DAT_ram_fef0268a)",X,,,IMU / Wheel Speed :: FUN_7A730 filter strength #2,Passed as the coefficient of the first-order filter FUN_91826 (as (256 - value) << 8); sets how strongly the signal is smoothed.
0x18F180,8,0x207E6,switch,HIGH,,FUN_39DB0,"if ((((((iVar8 == 1) && (cVar1 == -0x80)) || ((iVar8 = FUN_ram_000711c2(), iVar8 == 1 && (cVar2 == -0x80)))) || ((iVar8 = FUN_ram_00071234()",X,,,SWITCH DTC P1650 :: option byte (0x80 = on) #1,"Tested for 0x80: 0x80 = function ON, anything else = OFF."
0x18F181,8,0x207E7,switch,HIGH,,FUN_39DB0,"if ((((((iVar8 == 1) && (cVar1 == -0x80)) || ((iVar8 = FUN_ram_000711c2(), iVar8 == 1 && (cVar2 == -0x80)))) || ((iVar8 = FUN_ram_00071234()",X,,,SWITCH DTC P1650 :: option byte (0x80 = on) #2,"Tested for 0x80: 0x80 = function ON, anything else = OFF."
0x18F182,8,0x207E8,switch,HIGH,,FUN_39DB0,"if ((((((iVar8 == 1) && (cVar1 == -0x80)) || ((iVar8 = FUN_ram_000711c2(), iVar8 == 1 && (cVar2 == -0x80)))) || ((iVar8 = FUN_ram_00071234()",X,,,SWITCH DTC P1650 :: option byte (0x80 = on) #3,"Tested for 0x80: 0x80 = function ON, anything else = OFF."
0x18F183,8,0x207E9,switch,HIGH,,FUN_39DB0,"if ((((((iVar8 == 1) && (cVar1 == -0x80)) || ((iVar8 = FUN_ram_000711c2(), iVar8 == 1 && (cVar2 == -0x80)))) || ((iVar8 = FUN_ram_00071234()",X,,,SWITCH DTC P1650 :: option byte (0x80 = on) #4,"Tested for 0x80: 0x80 = function ON, anything else = OFF."
0x18F184,8,0x207EA,switch,HIGH,,FUN_39DB0,"if ((((((iVar8 == 1) && (cVar1 == -0x80)) || ((iVar8 = FUN_ram_000711c2(), iVar8 == 1 && (cVar2 == -0x80)))) || ((iVar8 = FUN_ram_00071234()",X,,,SWITCH DTC P1650 :: option byte (0x80 = on) #5,"Tested for 0x80: 0x80 = function ON, anything else = OFF."
0x18F185,8,0x207EB,switch,HIGH,,FUN_39DB0,"if ((((((iVar8 == 1) && (cVar1 == -0x80)) || ((iVar8 = FUN_ram_000711c2(), iVar8 == 1 && (cVar2 == -0x80)))) || ((iVar8 = FUN_ram_00071234()",X,,,SWITCH DTC P1650 :: option byte (0x80 = on) #6,"Tested for 0x80: 0x80 = function ON, anything else = OFF."
0x18F186,8,0x207EC,arith,MEDIUM,fef026ac,FUN_6D3B4,if ((((cVar1 == DAT_ram_0018f186) || (cVar1 == DAT_ram_0018f187)) || (cVar1 == DAT_ram_0018f188)) || (cVar1 == DAT_ram_0018f189)) { DAT_ram_,X,,,Sensor Scaling (MAP/baro) :: FUN_6D3B4 factor in fef026ac #1,"Used in the expression that computes RAM fef026ac (gain, offset or per-case value)."
0x18F187,8,0x207ED,arith,MEDIUM,fef026ac,FUN_6D3B4,if ((((cVar1 == DAT_ram_0018f186) || (cVar1 == DAT_ram_0018f187)) || (cVar1 == DAT_ram_0018f188)) || (cVar1 == DAT_ram_0018f189)) { DAT_ram_,X,,,Sensor Scaling (MAP/baro) :: FUN_6D3B4 factor in fef026ac #2,"Used in the expression that computes RAM fef026ac (gain, offset or per-case value)."
0x18F188,8,0x207EE,arith,MEDIUM,fef026ac,FUN_6D3B4,if ((((cVar1 == DAT_ram_0018f186) || (cVar1 == DAT_ram_0018f187)) || (cVar1 == DAT_ram_0018f188)) || (cVar1 == DAT_ram_0018f189)) { DAT_ram_,X,,,Sensor Scaling (MAP/baro) :: FUN_6D3B4 factor in fef026ac #3,"Used in the expression that computes RAM fef026ac (gain, offset or per-case value)."
0x18F189,8,0x207EF,arith,MEDIUM,fef026ac,FUN_6D3B4,if ((((cVar1 == DAT_ram_0018f186) || (cVar1 == DAT_ram_0018f187)) || (cVar1 == DAT_ram_0018f188)) || (cVar1 == DAT_ram_0018f189)) { DAT_ram_,X,,,Sensor Scaling (MAP/baro) :: FUN_6D3B4 factor in fef026ac #4,"Used in the expression that computes RAM fef026ac (gain, offset or per-case value)."
0x18F18A,8,0x207F0,switch,HIGH,,FUN_6D348,if (DAT_ram_0018f18a == -0x80) { FUN_ram_0006d270(),X,,,SWITCH Sensor Scaling (MAP/baro) :: FUN_6D348 option byte (0x80 = on) #1,"Tested for 0x80: 0x80 = function ON, anything else = OFF."
0x18F18B,8,0x207F1,default,HIGH,fef026c1,FUN_6D2C0,} } DAT_ram_fef026c1 = uVar4,X*0.9375-30,,,Sensor Scaling (MAP/baro) :: FUN_6D2C0 value written to fef026c1 #1,"Written directly into RAM fef026c1 (initial, fallback or target value). fef026c1 = Temperature input ch00. The displayed unit was inferred earlier and is NOT confirmed by this trace."
0x18F18C,8,0x207F2,limit,MEDIUM,,FUN_6D2C0,"uVar1 = FUN_ram_00091954(DAT_ram_fef0227c - uVar5,0)",X,,,Sensor Scaling (MAP/baro) :: FUN_6D2C0 clamp/limit value #2,Used as a limit or operand inside a saturating calculation.
0x18F18D,8,0x207F3,filter,HIGH,,FUN_7A92C,"FUN_ram_00091826(&DAT_ram_fef026ae,(-DAT_ram_0018f18d & 0xff) << 8,DAT_ram_fef02a00",X,,,IMU / Wheel Speed :: FUN_7A92C filter strength #1,Passed as the coefficient of the first-order filter FUN_91826 (as (256 - value) << 8); sets how strongly the signal is smoothed.
0x18F18E,8,0x207F4,filter,HIGH,,FUN_7AAB8,"FUN_ram_00091826(&uStack_a,(-DAT_ram_0018f18e & 0xff) << 8,DAT_ram_fef026b0)",X,,,IMU / Wheel Speed :: FUN_7AAB8 filter strength #1,Passed as the coefficient of the first-order filter FUN_91826 (as (256 - value) << 8); sets how strongly the signal is smoothed.
0x18F18F,8,0x207F5,filter,HIGH,,FUN_6D226,"FUN_ram_00091826(&uStack_a,(-DAT_ram_0018f18f & 0xff) << 8,DAT_ram_fef026b4)",X,,,Sensor Scaling (MAP/baro) :: FUN_6D226 filter strength #1,Passed as the coefficient of the first-order filter FUN_91826 (as (256 - value) << 8); sets how strongly the signal is smoothed.
0x18F190,8,0x207F6,cmp_local,MEDIUM,,FUN_70A16,if (DAT_ram_0018f190 != '\0') { bVar4 = bVar4 | 0x10,X,,,Sensors / Ride Mode / Comms :: FUN_70A16 threshold (computed input) #1,Compared with a value computed inside the function (not a single RAM variable).
0x18F191,8,0x207F7,filter,HIGH,,FUN_70262,"} FUN_ram_00091826(&DAT_ram_fef02326,(-uVar3 & 0xff) << 8,uVar1)",X,,,Sensors / Ride Mode / Comms :: FUN_70262 filter strength #1,Passed as the coefficient of the first-order filter FUN_91826 (as (256 - value) << 8); sets how strongly the signal is smoothed.
0x1AD84C,16,0x207F8,default,HIGH,fef02ae6,FUN_7CDA2,DAT_ram_fef02ae6 = uVar8,X,,,Throttle By Wire :: FUN_7CDA2 value written to fef02ae6 #1,"Written directly into RAM fef02ae6 (initial, fallback or target value). Writer of fef02ae6: FUN_7CDA2 (expr)."
0x1AD84E,16,0x207F9,cmp_local,MEDIUM,,FUN_7CDA2,if (uVar1 < uVar7) { bVar5 = 0,X,,,Throttle By Wire :: FUN_7CDA2 threshold (computed input) #2,Compared with a value computed inside the function (not a single RAM variable).
0x1AD850,16,0x207FA,default,HIGH,fef02ae4,FUN_7CEA6,DAT_ram_fef02ae4 = uVar10,X,,,Throttle By Wire :: ETV Mode Parameter value written to fef02ae4 #1,"Written directly into RAM fef02ae4 (initial, fallback or target value). Writer of fef02ae4: FUN_7CEA6 (alias of fef02afd)."
0x1AD852,16,0x207FB,threshold_unk,MEDIUM,fef009e2,FUN_7CEA6,uVar9 = uVar15 * (uVar9 <= uVar15) + uVar9 * (uVar9 > uVar15),X,,,Throttle By Wire :: ETV Mode Parameter threshold vs fef009e2 #2,"Compared with RAM fef009e2, whose meaning is not identified yet (written by FUN_290EA (alias of fef009e2))."
0x1AD854,16,0x207FC,limit,MEDIUM,,FUN_7CC3E,"} uVar14 = FUN_ram_000919b6(uVar9,uVar15)",X,,,Throttle By Wire :: ETV Mode Parameter clamp/limit value #3,Used as a limit or operand inside a saturating calculation.
0x1AD858,16,0x207FE,threshold_unk,MEDIUM,fef02ae6,FUN_7CE5C,if ((DAT_ram_fef02ae6 < DAT_ram_001ad858) && (DAT_ram_001ad85a <= (DAT_ram_fef02a0e - DAT_ram_fef02ae6))) { uVar1 = FUN_ram_00091a82(DAT_ram,X,,,Throttle By Wire :: FUN_7CE5C threshold vs fef02ae6 #1,"Compared with RAM fef02ae6, whose meaning is not identified yet (written by FUN_7CDA2 (expr))."
0x1AD85A,16,0x207FF,cmp_local,MEDIUM,,FUN_7CE5C,if ((DAT_ram_fef02ae6 < DAT_ram_001ad858) && (DAT_ram_001ad85a <= (DAT_ram_fef02a0e - DAT_ram_fef02ae6))) { uVar1 = FUN_ram_00091a82(DAT_ram,X,,,Throttle By Wire :: FUN_7CE5C threshold (computed input) #2,Compared with a value computed inside the function (not a single RAM variable).
0x1AD85C,16,0x20800,default,HIGH,fef02acc,FUN_7C988,DAT_ram_fef02acc = DAT_ram_001ad85c,X,,,Other ETV Maps :: ETV Mode State Table value written to fef02acc #1,"Written directly into RAM fef02acc (initial, fallback or target value). Writer of fef02acc: FUN_7C988 (expr)."
0x1AD85E,16,0x20801,default,HIGH,fef02acc,FUN_7C988,DAT_ram_fef02acc = DAT_ram_001ad85e,X,,,Other ETV Maps :: ETV Mode State Table value written to fef02acc #2,"Written directly into RAM fef02acc (initial, fallback or target value). Writer of fef02acc: FUN_7C988 (expr)."
0x1AD862,16,0x20802,default,HIGH,fef02acc,FUN_7C988,DAT_ram_fef02acc = DAT_ram_001ad862,X,,,Other ETV Maps :: ETV Mode State Table value written to fef02acc #3,"Written directly into RAM fef02acc (initial, fallback or target value). Writer of fef02acc: FUN_7C988 (expr)."
0x1AD864,16,0x20803,default,HIGH,fef02acc,FUN_7C988,DAT_ram_fef02acc = DAT_ram_001ad864,X,,,Other ETV Maps :: ETV Mode State Table value written to fef02acc #4,"Written directly into RAM fef02acc (initial, fallback or target value). Writer of fef02acc: FUN_7C988 (expr)."
0x1AD866,16,0x20804,default,HIGH,fef02acc,FUN_7C988,DAT_ram_fef02acc = DAT_ram_001ad866,X,,,Other ETV Maps :: ETV Mode State Table value written to fef02acc #5,"Written directly into RAM fef02acc (initial, fallback or target value). Writer of fef02acc: FUN_7C988 (expr)."
0x1AD868,16,0x20805,arith,MEDIUM,fef02ade,FUN_7C788,DAT_ram_fef02ade = DAT_ram_001ad868 * bVar3 + DAT_ram_fef02ade * !bVar3,X,,,Throttle By Wire :: FUN_7C788 factor in fef02ade #1,"Used in the expression that computes RAM fef02ade (gain, offset or per-case value)."
0x1AD86A,16,0x20806,arith,MEDIUM,fef02ae0,FUN_7C7D6,DAT_ram_fef02ae0 = sVar1 * bVar4 + DAT_ram_fef02ae0 * !bVar4,X,,,Throttle By Wire :: FUN_7C7D6 factor in fef02ae0 #1,"Used in the expression that computes RAM fef02ae0 (gain, offset or per-case value)."
0x1AD86C,16,0x20807,untraced,LOW,,FUN_7CEA6,,X,,,Throttle By Wire :: FUN_7CEA6 parameter #1,Read by FUN_7CEA6; the trace could not resolve how the value is used (indirect or structure access). Purpose unknown - leave stock.
0x1AD86E,16,0x20808,threshold,HIGH,fef0258e = Engine speed,FUN_7BB56,if ((DAT_ram_001ad86e < DAT_ram_fef0258e) && (DAT_ram_fef02a22 - 4 < 4)) { if (DAT_,X/2.56,,,Throttle By Wire :: FUN_7BB56 RPM threshold #1,Compared with fef0258e = Engine speed (meaning verified from the code that writes it).
0x1AD870,16,0x20809,count,HIGH,fef02a76,FUN_7BB56,if ((DAT_ram_001ad86e < DAT_ram_fef0258e) && (DAT_ram_fef02a22 - 4 < 4)) { if (DAT_,X,,,Throttle By Wire :: FUN_7BB56 debounce/timer count #2,"Compared with fef02a76, a counter the code steps by 1 each cycle, so this is a cycle count (debounce/delay), not a sensor value."
0x1AD872,16,0x2080A,default,HIGH,fef02a12,FUN_7C108,DAT_ram_fef02a12 = uVar1,X,,,Throttle By Wire :: FUN_7C108 value written to fef02a12 #1,"Written directly into RAM fef02a12 (initial, fallback or target value). Writer of fef02a12: FUN_7C108 (expr)."
0x1AD874,16,0x2080B,threshold_unk,MEDIUM,fef025f8,FUN_7BA02,if ((((DAT_ram_fef02a22 == '\0') && (DAT_ram_001ad874 <= DAT_ram_fef025f8)) && (DAT,X,,,Throttle By Wire :: FUN_7BA02 threshold vs fef025f8 #1,"Compared with RAM fef025f8, whose meaning is not identified yet (written by FUN_763D4 (alias of fef0277c))."
0x1AD876,16,0x2080C,untraced,LOW,,FUN_7BC5E,,X,,,Throttle By Wire :: FUN_7BC5E parameter #1,Read by FUN_7BC5E; the trace could not resolve how the value is used (indirect or structure access). Purpose unknown - leave stock.
0x1AD878,16,0x2080D,count,HIGH,fef02a7a,FUN_7BC5E,LAB_ram_0007bcf4: if (uVar3 <= DAT_ram_fef02a7a) { DAT_ram_fef02a9d = 0,X,,,Throttle By Wire :: FUN_7BC5E debounce/timer count #2,"Compared with fef02a7a, a counter the code steps by 1 each cycle, so this is a cycle count (debounce/delay), not a sensor value."
0x1AD87A,16,0x2080E,limit,MEDIUM,,FUN_7BC5E,"} if ((cVar8 == '\x02') && ((DAT_ram_fef02a9d & 1) == 0)) { uVar7 = FUN_ram_000919c2(uVar4 + uVar7,uVar6)",X,,,Throttle By Wire :: FUN_7BC5E clamp/limit value #3,Used as a limit or operand inside a saturating calculation.
0x1AD87C,16,0x2080F,threshold_unk,MEDIUM,fef02a14,FUN_7BC5E,if (uVar7 < uVar6) goto LAB_ram_0007bd30,X,,,Throttle By Wire :: FUN_7BC5E threshold vs fef02a14 #4,"Compared with RAM fef02a14, whose meaning is not identified yet (written by FUN_7BC5E (expr))."
0x1AD87E,16,0x20810,count,HIGH,fef02a7c,FUN_7BC5E,LAB_ram_0007bd34: if (uVar2 <= DAT_ram_fef02a7c) { cVar8 = '\x04',X,,,Throttle By Wire :: FUN_7BC5E debounce/timer count #5,"Compared with fef02a7c, a counter the code steps by 1 each cycle, so this is a cycle count (debounce/delay), not a sensor value."
0x1AD880,16,0x20811,cmp_local,MEDIUM,,FUN_7BD7E,"if (uVar5 <= uVar2) { uVar6 = FUN_ram_00091a92(DAT_ram_fef02a9e,1)",X,,,Throttle By Wire :: FUN_7BD7E threshold (computed input) #1,Compared with a value computed inside the function (not a single RAM variable).
0x1AD882,16,0x20812,threshold_unk,MEDIUM,fef02610,FUN_7BD7E,if ((uVar10 < uVar8) || (uVar7 < uVar10)) { FUN_ram_0007b8ec(1),X,,,Throttle By Wire :: FUN_7BD7E threshold vs fef02610 #2,"Compared with RAM fef02610, whose meaning is not identified yet (written by FUN_73322 (alias of fef025fa))."
0x1AD884,16,0x20813,untraced,LOW,,FUN_7BD7E,,X,,,Throttle By Wire :: FUN_7BD7E parameter #3,Read by FUN_7BD7E; the trace could not resolve how the value is used (indirect or structure access). Purpose unknown - leave stock.
0x1AD888,16,0x20814,untraced,LOW,,FUN_7BEAC,,X,,,Throttle By Wire :: FUN_7BEAC parameter #1,Read by FUN_7BEAC; the trace could not resolve how the value is used (indirect or structure access). Purpose unknown - leave stock.
0x1AD88C,16,0x20815,cmp_local,MEDIUM,,FUN_7BF48,if (uVar1 < uVar4) { if (uVar2 <= DAT_ram_fef02a82) { FUN_ram_0007b8a0(1),X,,,Throttle By Wire :: FUN_7BF48 threshold (computed input) #1,Compared with a value computed inside the function (not a single RAM variable).
0x1AD88E,16,0x20816,count,HIGH,fef02a82,FUN_7BF48,if (uVar1 < uVar4) { if (uVar2 <= DAT_ram_fef02a82) { FUN_ram_0007b8a0(1),X,,,Throttle By Wire :: FUN_7BF48 debounce/timer count #2,"Compared with fef02a82, a counter the code steps by 1 each cycle, so this is a cycle count (debounce/delay), not a sensor value."
0x1AD890,16,0x20817,count,HIGH,fef02a84,FUN_7BF48,} else { if (uVar3 <= DAT_ram_fef02a84) { DAT_ram_fef02aa0 = DAT_ram_fef02aa0 | 2,X,,,Throttle By Wire :: FUN_7BF48 debounce/timer count #3,"Compared with fef02a84, a counter the code steps by 1 each cycle, so this is a cycle count (debounce/delay), not a sensor value."
0x1AD892,16,0x20818,count,HIGH,fef02a86,FUN_7C024,} } if (uVar3 < DAT_ram_fef025f8) { if (uVar1 <= DAT_ram_fef02a86) { FUN_ram_0007b8a0(1),X,,,Throttle By Wire :: FUN_7C024 debounce/timer count #1,"Compared with fef02a86, a counter the code steps by 1 each cycle, so this is a cycle count (debounce/delay), not a sensor value."
0x1AD894,16,0x20819,count,HIGH,fef02a88,FUN_7C024,} else { if (uVar2 <= DAT_ram_fef02a88) { DAT_ram_fef02aa0 = DAT_ram_fef02aa0 | 4,X,,,Throttle By Wire :: FUN_7C024 debounce/timer count #2,"Compared with fef02a88, a counter the code steps by 1 each cycle, so this is a cycle count (debounce/delay), not a sensor value."
0x1AD896,16,0x2081A,threshold_unk,MEDIUM,fef025f8,FUN_7C024,} } if (uVar3 < DAT_ram_fef025f8) { if (uVar1 <= DAT_ram_fef02a86) { FUN_ram_0007b8a0(1),X,,,Throttle By Wire :: FUN_7C024 threshold vs fef025f8 #3,"Compared with RAM fef025f8, whose meaning is not identified yet (written by FUN_763D4 (alias of fef0277c))."
0x1AD89A,16,0x2081B,count,HIGH,fef02a92,FUN_7C108,} } if (uVar5 <= DAT_ram_fef02a92) { iVar6 = FUN_ram_0007c0f0(),X,,,Throttle By Wire :: FUN_7C108 debounce/timer count #2,"Compared with fef02a92, a counter the code steps by 1 each cycle, so this is a cycle count (debounce/delay), not a sensor value."
0x1AD89C,16,0x2081C,cmp_local,MEDIUM,,FUN_7C108,if (uVar2 < uVar5) { if (uVar3 <= DAT_ram_fef02a8a) { FUN_ram_0007b8c6(1),X,,,Throttle By Wire :: FUN_7C108 threshold (computed input) #3,Compared with a value computed inside the function (not a single RAM variable).
0x1AD89E,16,0x2081D,count,HIGH,fef02a8a,FUN_7C108,if (uVar2 < uVar5) { if (uVar3 <= DAT_ram_fef02a8a) { FUN_ram_0007b8c6(1),X,,,Throttle By Wire :: FUN_7C108 debounce/timer count #4,"Compared with fef02a8a, a counter the code steps by 1 each cycle, so this is a cycle count (debounce/delay), not a sensor value."
0x1AD8A0,16,0x2081E,count,HIGH,fef02a8c,FUN_7C108,} else { if (uVar4 <= DAT_ram_fef02a8c) { DAT_ram_fef02aa0 = DAT_ram_fef02aa0 | 8,X,,,Throttle By Wire :: FUN_7C108 debounce/timer count #5,"Compared with fef02a8c, a counter the code steps by 1 each cycle, so this is a cycle count (debounce/delay), not a sensor value."
0x1AD8A2,16,0x2081F,count,HIGH,fef02a8e,FUN_7C214,if (iVar5 == 1) { if (uVar4 < DAT_ram_fef025fe) { if (uVar2 <= DAT_ram_fef02a8e) { FUN_ram_0007b8c6(1),X,,,Throttle By Wire :: FUN_7C214 debounce/timer count #1,"Compared with fef02a8e, a counter the code steps by 1 each cycle, so this is a cycle count (debounce/delay), not a sensor value."
0x1AD8A4,16,0x20820,count,HIGH,fef02a90,FUN_7C214,} else { if (uVar3 <= DAT_ram_fef02a90) { DAT_ram_fef02aa0 = DAT_ram_fef02aa0 | 0x10,X,,,Throttle By Wire :: FUN_7C214 debounce/timer count #2,"Compared with fef02a90, a counter the code steps by 1 each cycle, so this is a cycle count (debounce/delay), not a sensor value."
0x1AD8A6,16,0x20821,threshold,HIGH,fef025fe = Throttle valve position,FUN_7C214,if (iVar5 == 1) { if (uVar4 < DAT_ram_fef025fe) { if (uVar2 <= DAT_ram_fef02a8e) { FUN_ram_0007b8c6(1),X/364.08,,,Throttle By Wire :: FUN_7C214 throttle threshold #3,Compared with fef025fe = Throttle valve position (meaning verified from the code that writes it).
0x1AD8A8,16,0x20822,cmp_local,MEDIUM,,FUN_7B5D8,if (iVar3 == 0) { if (uVar1 < 0x8000) { uVar1 = -uVar1,X,,,Throttle By Wire :: FUN_7B5D8 threshold (computed input) #1,Compared with a value computed inside the function (not a single RAM variable).
0x1AD8AA,16,0x20823,arith,MEDIUM,fef02a30,FUN_7B558,"DAT_ram_fef02a30 = FUN_ram_00091a82(DAT_ram_fef02a24,DAT_ram_001ad8ac,DAT_ram_001ad",X,,,Throttle By Wire :: FUN_7B558 factor in fef02a30 #1,"Used in the expression that computes RAM fef02a30 (gain, offset or per-case value)."
0x1AD8AC,16,0x20824,arith,MEDIUM,fef02a30,FUN_7B558,"DAT_ram_fef02a30 = FUN_ram_00091a82(DAT_ram_fef02a24,DAT_ram_001ad8ac,DAT_ram_001ad",X,,,Throttle By Wire :: FUN_7B558 factor in fef02a30 #2,"Used in the expression that computes RAM fef02a30 (gain, offset or per-case value)."
0x1AD8AE,16,0x20825,arith,MEDIUM,fef02a28,FUN_7AD00,"DAT_ram_fef02a28 = FUN_ram_00091a82(DAT_ram_fef02a1a,DAT_ram_001ad8ae,DAT_ram_001ad",X,,,Throttle By Wire :: FUN_7AD00 factor in fef02a28 #1,"Used in the expression that computes RAM fef02a28 (gain, offset or per-case value)."
0x1AD8B0,16,0x20826,arith,MEDIUM,fef02a32,FUN_7ADA0,"DAT_ram_fef02a32 = FUN_ram_00091a82(((uVar1 - 0x8000) * uVar2) / 0x20 + 0x8000,DAT_ram_001ad8b2, DAT_ram_001ad8b0)",X,,,Throttle By Wire :: ETV Position Monitor factor in fef02a32 #1,"Used in the expression that computes RAM fef02a32 (gain, offset or per-case value)."
0x1AD8B2,16,0x20827,arith,MEDIUM,fef02a32,FUN_7ADA0,"DAT_ram_fef02a32 = FUN_ram_00091a82(((uVar1 - 0x8000) * uVar2) / 0x20 + 0x8000,DAT_ram_001ad8b2, DAT_ram_001ad8b0)",X,,,Throttle By Wire :: ETV Position Monitor factor in fef02a32 #2,"Used in the expression that computes RAM fef02a32 (gain, offset or per-case value)."
0x1AD8B4,16,0x20828,arith,MEDIUM,fef02a28,FUN_7AD00,"DAT_ram_fef02a28 = FUN_ram_00091a82(DAT_ram_fef02a1a,DAT_ram_001ad8ae,DAT_ram_001ad",X,,,Throttle By Wire :: FUN_7AD00 factor in fef02a28 #2,"Used in the expression that computes RAM fef02a28 (gain, offset or per-case value)."
0x1AD8B6,16,0x20829,threshold_unk,MEDIUM,fef02a1a,FUN_7ADA0,"if ((DAT_ram_001ad8b6 <= uVar1) && (uVar2 = DAT_ram_001ad8ff, DAT_ram_001ad8b8 <= uVar1)) { uVar2 = DAT_ram_001ad901 * (DAT_ram_001ad8ba < u",X,,,Throttle By Wire :: ETV Position Monitor threshold vs fef02a1a #3,"Compared with RAM fef02a1a, whose meaning is not identified yet (written by FUN_7AC80 (expr of fef0260c,fef02610,fef02a14))."
0x1AD8B8,16,0x2082A,threshold_unk,MEDIUM,fef02a1a,FUN_7ADA0,"if ((DAT_ram_001ad8b6 <= uVar1) && (uVar2 = DAT_ram_001ad8ff, DAT_ram_001ad8b8 <= uVar1)) { uVar2 = DAT_ram_001ad901 * (DAT_ram_001ad8ba < u",X,,,Throttle By Wire :: ETV Position Monitor threshold vs fef02a1a #4,"Compared with RAM fef02a1a, whose meaning is not identified yet (written by FUN_7AC80 (expr of fef0260c,fef02610,fef02a14))."
0x1AD8BA,16,0x2082B,threshold_unk,MEDIUM,fef02a1a,FUN_7ADA0,"if ((DAT_ram_001ad8b6 <= uVar1) && (uVar2 = DAT_ram_001ad8ff, DAT_ram_001ad8b8 <= uVar1)) { uVar2 = DAT_ram_001ad901 * (DAT_ram_001ad8ba < u",X,,,Throttle By Wire :: ETV Position Monitor threshold vs fef02a1a #5,"Compared with RAM fef02a1a, whose meaning is not identified yet (written by FUN_7AC80 (expr of fef0260c,fef02610,fef02a14))."
0x1AD8BC,16,0x2082C,arith,MEDIUM,fef02a4e,FUN_7AE3A,DAT_ram_fef02a4e = DAT_ram_001ad8be * (DAT_ram_fef02a1a < 0x8000) + DAT_ram_001ad8b,X,,,Throttle By Wire :: FUN_7AE3A factor in fef02a4e #1,"Used in the expression that computes RAM fef02a4e (gain, offset or per-case value)."
0x1AD8BE,16,0x2082D,arith,MEDIUM,fef02a4e,FUN_7AE3A,DAT_ram_fef02a4e = DAT_ram_001ad8be * (DAT_ram_fef02a1a < 0x8000) + DAT_ram_001ad8b,X,,,Throttle By Wire :: FUN_7AE3A factor in fef02a4e #2,"Used in the expression that computes RAM fef02a4e (gain, offset or per-case value)."
0x1AD8C0,16,0x2082E,arith,MEDIUM,fef02a38,FUN_7B088,DAT_ram_fef02a38 = FUN_ram_00091a82(DAT_ram_fef02a3e + DAT_ram_fef02a38 + ((DAT_ram,X,,,Throttle By Wire :: FUN_7B088 factor in fef02a38 #1,"Used in the expression that computes RAM fef02a38 (gain, offset or per-case value)."
0x1AD8C2,16,0x2082F,arith,MEDIUM,fef02a38,FUN_7B088,DAT_ram_fef02a38 = FUN_ram_00091a82(DAT_ram_fef02a3e + DAT_ram_fef02a38 + ((DAT_ram,X,,,Throttle By Wire :: FUN_7B088 factor in fef02a38 #2,"Used in the expression that computes RAM fef02a38 (gain, offset or per-case value)."
0x1AD8C4,16,0x20830,threshold_unk,MEDIUM,fef02a28,FUN_7AE64,"if ((uVar10 < uVar4) || (sVar11 == 0)) { if ((uVar1 <= uVar8) && (cVar9 = cVar5, uVar2 <= uVar8)) { cVar9 = cVar7 * (uVar3 < uVar8) + cVar6 ",X,,,Throttle By Wire :: ETV Position Monitor threshold vs fef02a28 #6,"Compared with RAM fef02a28, whose meaning is not identified yet (written by FUN_7AD00 (expr of fef02a1a))."
0x1AD8C6,16,0x20831,threshold_unk,MEDIUM,fef02a28,FUN_7AE64,"if ((uVar10 < uVar4) || (sVar11 == 0)) { if ((uVar1 <= uVar8) && (cVar9 = cVar5, uVar2 <= uVar8)) { cVar9 = cVar7 * (uVar3 < uVar8) + cVar6 ",X,,,Throttle By Wire :: ETV Position Monitor threshold vs fef02a28 #7,"Compared with RAM fef02a28, whose meaning is not identified yet (written by FUN_7AD00 (expr of fef02a1a))."
0x1AD8C8,16,0x20832,threshold_unk,MEDIUM,fef02a28,FUN_7AE64,"if ((uVar10 < uVar4) || (sVar11 == 0)) { if ((uVar1 <= uVar8) && (cVar9 = cVar5, uVar2 <= uVar8)) { cVar9 = cVar7 * (uVar3 < uVar8) + cVar6 ",X,,,Throttle By Wire :: ETV Position Monitor threshold vs fef02a28 #8,"Compared with RAM fef02a28, whose meaning is not identified yet (written by FUN_7AD00 (expr of fef02a1a))."
0x1AD8CA,16,0x20833,cmp_local,MEDIUM,,FUN_7AE64,"if ((uVar10 < uVar4) || (sVar11 == 0)) { if ((uVar1 <= uVar8) && (cVar9 = cVar5, uVar2 <= uVar8)) { cVar9 = cVar7 * (uVar3 < uVar8) + cVar6 ",X,,,Throttle By Wire :: ETV Position Monitor threshold (computed input) #9,Compared with a value computed inside the function (not a single RAM variable).
0x1AD8CC,16,0x20834,limit,MEDIUM,,FUN_7AF06,"} else { if (uVar5 < 0x8001) { if ((!bVar12) && (!bVar2)) { uVar6 = FUN_ram_000919c2(DAT_ram_fef02a50 + uVar11,0xffff)",X,,,Throttle By Wire :: FUN_7AF06 clamp/limit value #1,Used as a limit or operand inside a saturating calculation.
0x1AD8CE,16,0x20835,limit,MEDIUM,,FUN_7AF06,"uVar8 = FUN_ram_000919c2(DAT_ram_fef02a52 + uVar3,0xffff)",X,,,Throttle By Wire :: FUN_7AF06 clamp/limit value #2,Used as a limit or operand inside a saturating calculation.
0x1AD8D0,16,0x20836,limit,MEDIUM,,FUN_7AF06,"uVar9 = FUN_ram_000919c2(DAT_ram_fef02a54 + uVar4,0xffff)",X,,,Throttle By Wire :: FUN_7AF06 clamp/limit value #3,Used as a limit or operand inside a saturating calculation.
0x1AD8D2,16,0x20837,arith,MEDIUM,fef02a34,FUN_7B134,"DAT_ram_fef02a34 = FUN_ram_00091a82(((DAT_ram_fef02a28 - 0x8000) * DAT_ram_001ad907) / 0x100 + ((uVar2 - uVar4) * iVar3) / 4 + 0x8000,DAT_ra",X,,,Throttle By Wire :: FUN_7B134 factor in fef02a34 #1,"Used in the expression that computes RAM fef02a34 (gain, offset or per-case value)."
0x1AD8D4,16,0x20838,arith,MEDIUM,fef02a34,FUN_7B134,"DAT_ram_fef02a34 = FUN_ram_00091a82(((DAT_ram_fef02a28 - 0x8000) * DAT_ram_001ad907) / 0x100 + ((uVar2 - uVar4) * iVar3) / 4 + 0x8000,DAT_ra",X/364.08,,,Throttle By Wire :: FUN_7B134 factor in fef02a34 #2,"Used in the expression that computes RAM fef02a34 (gain, offset or per-case value). The displayed unit was inferred earlier and is NOT confirmed by this trace."
0x1AD8D6,16,0x20839,arith,MEDIUM,fef02a3a,FUN_7B1B0,"DAT_ram_fef02a3a = FUN_ram_00091a46(uVar2 + (DAT_ram_fef02a44 * uVar3 >> 0xb),uVar5,uVar4)",X,,,Throttle By Wire :: ETV Position-Rate Monitor factor in fef02a3a #1,"Used in the expression that computes RAM fef02a3a (gain, offset or per-case value)."
0x1AD8D8,16,0x2083A,arith,MEDIUM,fef02a3a,FUN_7B1B0,"DAT_ram_fef02a3a = FUN_ram_00091a46(uVar2 + (DAT_ram_fef02a44 * uVar3 >> 0xb),uVar5,uVar4)",X,,,Throttle By Wire :: ETV Position-Rate Monitor factor in fef02a3a #2,"Used in the expression that computes RAM fef02a3a (gain, offset or per-case value)."
0x1AD8DA,16,0x2083B,arith,MEDIUM,fef02a5a,FUN_7B1B0,if (uVar20 < (uVar9 - uVar22)) { DAT_ram_fef02a5a = DAT_ram_fef02a5a & 0xef,X,,,Throttle By Wire :: ETV Position-Rate Monitor factor in fef02a5a #3,"Used in the expression that computes RAM fef02a5a (gain, offset or per-case value)."
0x1AD8DC,16,0x2083C,arith,MEDIUM,fef02a5a,FUN_7B1B0,} else if ((uVar9 - uVar22) < -uVar10) { DAT_ram_fef02a5a = DAT_ram_fef02a5a | 0x10,X,,,Throttle By Wire :: ETV Position-Rate Monitor factor in fef02a5a #4,"Used in the expression that computes RAM fef02a5a (gain, offset or per-case value)."
0x1AD8DE,16,0x2083D,untraced,LOW,,FUN_7ABE0,,X,,,Throttle By Wire :: FUN_7ABE0 parameter #1,Read by FUN_7ABE0; the trace could not resolve how the value is used (indirect or structure access). Purpose unknown - leave stock.
0x1AD8E0,16,0x2083E,untraced,LOW,,FUN_7B1B0,,X,,,Throttle By Wire :: ETV Position-Rate Monitor parameter #5,Read by FUN_7B1B0; the trace could not resolve how the value is used (indirect or structure access). Purpose unknown - leave stock.
0x1AD8E2,16,0x2083F,untraced,LOW,,FUN_7B1B0,,X,,,Throttle By Wire :: ETV Position-Rate Monitor parameter #6,Read by FUN_7B1B0; the trace could not resolve how the value is used (indirect or structure access). Purpose unknown - leave stock.
0x1AD8E4,16,0x20840,default,HIGH,fef02a4a,FUN_7B1B0,} DAT_ram_fef02a4a = uVar3,X,,,Throttle By Wire :: ETV Position-Rate Monitor value written to fef02a4a #7,"Written directly into RAM fef02a4a (initial, fallback or target value). Writer of fef02a4a: FUN_7B1B0 (expr)."
0x1AD8E6,16,0x20841,default,HIGH,fef02a4c,FUN_7B1B0,DAT_ram_fef02a4c = uVar2,X,,,Throttle By Wire :: ETV Position-Rate Monitor value written to fef02a4c #8,"Written directly into RAM fef02a4c (initial, fallback or target value). Writer of fef02a4c: FUN_7B1B0 (expr)."
0x1AD8E8,16,0x20842,arith,MEDIUM,fef02a3c,FUN_7B42E,"DAT_ram_fef02a3c = FUN_ram_00091a82(((uVar5 - 0x8000) * (iVar4 >> 8)) / 8 + 0x8000,uVar2,uVar1)",X,,,Throttle By Wire :: FUN_7B42E factor in fef02a3c #1,"Used in the expression that computes RAM fef02a3c (gain, offset or per-case value)."
0x1AD8EA,16,0x20843,arith,MEDIUM,fef02a3c,FUN_7B42E,"DAT_ram_fef02a3c = FUN_ram_00091a82(((uVar5 - 0x8000) * (iVar4 >> 8)) / 8 + 0x8000,uVar2,uVar1)",X,,,Throttle By Wire :: FUN_7B42E factor in fef02a3c #2,"Used in the expression that computes RAM fef02a3c (gain, offset or per-case value)."
0x1AD8EC,16,0x20844,untraced,LOW,,FUN_7B4E6,,X,,,Throttle By Wire :: FUN_7B4E6 parameter #1,Read by FUN_7B4E6; the trace could not resolve how the value is used (indirect or structure access). Purpose unknown - leave stock.
0x1AD8EE,16,0x20845,default,HIGH,fef02a24,FUN_7B4E6,} DAT_ram_fef02a24 = uVar5,X,,,Throttle By Wire :: FUN_7B4E6 value written to fef02a24 #2,"Written directly into RAM fef02a24 (initial, fallback or target value). Writer of fef02a24: FUN_7B4E6 (expr)."
0x1AD8F0,8,0x20846,threshold_unk,MEDIUM,fef02af8,FUN_7CDA2,} else { if (DAT_ram_fef02af8 < DAT_ram_001ad8f0) { uVar8 = FUN_ram_0007cc3e(),X,,,Throttle By Wire :: FUN_7CDA2 threshold vs fef02af8 #3,"Compared with RAM fef02af8, whose meaning is not identified yet (written by FUN_7CDA2 (expr))."
0x1AD8F1,8,0x20847,threshold_unk,MEDIUM,fef02af9,FUN_7CDA2,} else { if (bVar2 <= bVar5) { FUN_ram_0007d014(1),X,,,Throttle By Wire :: FUN_7CDA2 threshold vs fef02af9 #4,"Compared with RAM fef02af9, whose meaning is not identified yet (written by FUN_7CDA2 (alias of fef02af9))."
0x1AD8F2,8,0x20848,switch,HIGH,,FUN_7CC3E,"if (DAT_ram_001ad8f2 == -0x80) { uVar15 = FUN_ram_00091a82(uVar15 * 2 + uVar16 + uVar17 + uVar18 + -0x10000,0xffff,0)",X,,,SWITCH Throttle By Wire :: ETV Mode Parameter option byte (0x80 = on) #5,"Tested for 0x80: 0x80 = function ON, anything else = OFF."
0x1AD8F3,8,0x20849,default,HIGH,fef02af3,FUN_7C988,DAT_ram_fef02af3 = DAT_ram_001ad8f3,X,,,Other ETV Maps :: ETV Mode State Table value written to fef02af3 #6,"Written directly into RAM fef02af3 (initial, fallback or target value). Writer of fef02af3: FUN_7C988 (expr)."
0x1AD8F4,8,0x2084A,default,HIGH,fef02af3,FUN_7C988,case 1: DAT_ram_fef02af3 = DAT_ram_001ad8f4,X,,,Other ETV Maps :: ETV Mode State Table value written to fef02af3 #7,"Written directly into RAM fef02af3 (initial, fallback or target value). Writer of fef02af3: FUN_7C988 (expr)."
0x1AD8F6,8,0x2084B,default,HIGH,fef02af3,FUN_7C988,case 2: DAT_ram_fef02af3 = DAT_ram_001ad8f6,X,,,Other ETV Maps :: ETV Mode State Table value written to fef02af3 #8,"Written directly into RAM fef02af3 (initial, fallback or target value). Writer of fef02af3: FUN_7C988 (expr)."
0x1AD8F7,8,0x2084C,default,HIGH,fef02af3,FUN_7C988,case 3: DAT_ram_fef02af3 = DAT_ram_001ad8f7,X,,,Other ETV Maps :: ETV Mode State Table value written to fef02af3 #9,"Written directly into RAM fef02af3 (initial, fallback or target value). Writer of fef02af3: FUN_7C988 (expr)."
0x1AD8F8,8,0x2084D,default,HIGH,fef02af3,FUN_7C988,case 4: DAT_ram_fef02af3 = DAT_ram_001ad8f8,X,,,Other ETV Maps :: ETV Mode State Table value written to fef02af3 #10,"Written directly into RAM fef02af3 (initial, fallback or target value). Writer of fef02af3: FUN_7C988 (expr)."
0x1AD8F9,8,0x2084E,cmp_local,MEDIUM,,FUN_7CEA6,uVar9 = (10 < uVar14) * 10 + uVar14 * (10 >= uVar14),X,,,Throttle By Wire :: FUN_7CEA6 threshold (computed input) #2,Compared with a value computed inside the function (not a single RAM variable).
0x1AD8FA,8,0x2084F,arith,MEDIUM,fef02a10,FUN_7CBD0,if (cVar1 == '\x01') { DAT_ram_fef02a10 = DAT_ram_fef02a10 * (DAT_ram_fef02a10 <= uVar2) + uVar2 * (DAT_ram_fef02a10 > uVar2),X,,,Throttle By Wire :: FUN_7CBD0 factor in fef02a10 #1,"Used in the expression that computes RAM fef02a10 (gain, offset or per-case value)."
0x1AD8FB,8,0x20850,cmp_local,MEDIUM,,FUN_7BD7E,if (((uVar2 < uVar5) || (uVar6 < uVar9)) && (DAT_ram_fef02a9f < bVar3)) goto LAB_ram_0007be76,X,,,Throttle By Wire :: FUN_7BD7E threshold (computed input) #4,Compared with a value computed inside the function (not a single RAM variable).
0x1AD8FC,8,0x20851,count,HIGH,fef02a9f,FUN_7BD7E,if (((uVar2 < uVar5) || (uVar6 < uVar9)) && (DAT_ram_fef02a9f < bVar3)) goto LAB_ram_0007be76,X,,,Throttle By Wire :: FUN_7BD7E debounce/timer count #5,"Compared with fef02a9f, a counter the code steps by 1 each cycle, so this is a cycle count (debounce/delay), not a sensor value."
0x1AD8FD,8,0x20852,switch,HIGH,,FUN_7B4E6,if (cVar1 == -0x80) { pcVar3 = FUN_ram_00028000,X,,,SWITCH Throttle By Wire :: FUN_7B4E6 option byte (0x80 = on) #3,"Tested for 0x80: 0x80 = function ON, anything else = OFF."
0x1AD8FE,8,0x20853,default,HIGH,fef02a5b,FUN_7ADA0,} DAT_ram_fef02a5b = uVar2,X,,,SWITCH Throttle By Wire :: ETV Position Monitor value written to fef02a5b #10,"Written directly into RAM fef02a5b (initial, fallback or target value). Writer of fef02a5b: FUN_7ADA0 (expr)."
0x1AD8FF,8,0x20854,default,HIGH,fef02a5b,FUN_7ADA0,} DAT_ram_fef02a5b = uVar2,X,,,Throttle By Wire :: ETV Position Monitor value written to fef02a5b #11,"Written directly into RAM fef02a5b (initial, fallback or target value). Writer of fef02a5b: FUN_7ADA0 (expr)."
0x1AD900,8,0x20855,untraced,LOW,,FUN_7ADA0,,X,,,Throttle By Wire :: ETV Position Monitor parameter #12,Read by FUN_7ADA0; the trace could not resolve how the value is used (indirect or structure access). Purpose unknown - leave stock.
0x1AD901,8,0x20856,default,HIGH,fef02a5b,FUN_7ADA0,} DAT_ram_fef02a5b = uVar2,X,,,Throttle By Wire :: ETV Position Monitor value written to fef02a5b #13,"Written directly into RAM fef02a5b (initial, fallback or target value). Writer of fef02a5b: FUN_7ADA0 (expr)."
0x1AD902,8,0x20857,default,HIGH,fef02a5c,FUN_7AE64,} DAT_ram_fef02a5c = cVar9,X,,,Throttle By Wire :: ETV Position Monitor value written to fef02a5c #14,"Written directly into RAM fef02a5c (initial, fallback or target value). Writer of fef02a5c: FUN_7AE64 (expr)."
0x1AD903,8,0x20858,untraced,LOW,,FUN_7AE64,,X,,,Throttle By Wire :: ETV Position Monitor parameter #15,Read by FUN_7AE64; the trace could not resolve how the value is used (indirect or structure access). Purpose unknown - leave stock.
0x1AD904,8,0x20859,untraced,LOW,,FUN_7AE64,,X,,,Throttle By Wire :: ETV Position Monitor parameter #16,Read by FUN_7AE64; the trace could not resolve how the value is used (indirect or structure access). Purpose unknown - leave stock.
0x1AD905,8,0x2085A,untraced,LOW,,FUN_7AE64,,X,,,Throttle By Wire :: ETV Position Monitor parameter #17,Read by FUN_7AE64; the trace could not resolve how the value is used (indirect or structure access). Purpose unknown - leave stock.
0x1AD906,8,0x2085B,arith,MEDIUM,fef02a36,FUN_7B0D2,DAT_ram_fef02a36 = FUN_ram_00091a82(DAT_ram_fef02a4e + (DAT_ram_fef02a38 - (DAT_ram,X,,,SWITCH Throttle By Wire :: FUN_7B0D2 factor in fef02a36 #1,"Used in the expression that computes RAM fef02a36 (gain, offset or per-case value)."
0x1AD907,8,0x2085C,arith,MEDIUM,fef02a34,FUN_7B134,"DAT_ram_fef02a34 = FUN_ram_00091a82(((DAT_ram_fef02a28 - 0x8000) * DAT_ram_001ad907) / 0x100 + ((uVar2 - uVar4) * iVar3) / 4 + 0x8000,DAT_ra",X,,,SWITCH Throttle By Wire :: FUN_7B134 factor in fef02a34 #3,"Used in the expression that computes RAM fef02a34 (gain, offset or per-case value)."
0x1AD908,8,0x2085D,untraced,LOW,,FUN_7B134,,X,,,Throttle By Wire :: FUN_7B134 parameter #4,Read by FUN_7B134; the trace could not resolve how the value is used (indirect or structure access). Purpose unknown - leave stock.
0x1AD909,8,0x2085E,default,HIGH,fef02a5d,FUN_7B134,DAT_ram_fef02a5d = iVar3,X,,,Throttle By Wire :: FUN_7B134 value written to fef02a5d #5,"Written directly into RAM fef02a5d (initial, fallback or target value). Writer of fef02a5d: FUN_7B134 (expr)."
0x1AD90A,8,0x2085F,arith,MEDIUM,fef02a46,FUN_7B1B0,} if ((DAT_ram_fef02a5a & 0x10) == 0) { DAT_ram_fef02a46 = FUN_ram_00091a82(((uVar11 - 0x80) * DAT_ram_fef02a70 + (uVar12 - 0x80) * DAT_ram_,X,,,SWITCH Throttle By Wire :: ETV Position-Rate Monitor factor in fef02a46 #9,"Used in the expression that computes RAM fef02a46 (gain, offset or per-case value)."
0x1AD90B,8,0x20860,arith,MEDIUM,fef02a46,FUN_7B1B0,} if ((DAT_ram_fef02a5a & 0x10) == 0) { DAT_ram_fef02a46 = FUN_ram_00091a82(((uVar11 - 0x80) * DAT_ram_fef02a70 + (uVar12 - 0x80) * DAT_ram_,X,,,SWITCH Throttle By Wire :: ETV Position-Rate Monitor factor in fef02a46 #10,"Used in the expression that computes RAM fef02a46 (gain, offset or per-case value)."
0x1AD90C,8,0x20861,arith,MEDIUM,fef02a46,FUN_7B1B0,} if ((DAT_ram_fef02a5a & 0x10) == 0) { DAT_ram_fef02a46 = FUN_ram_00091a82(((uVar11 - 0x80) * DAT_ram_fef02a70 + (uVar12 - 0x80) * DAT_ram_,X,,,SWITCH Throttle By Wire :: ETV Position-Rate Monitor factor in fef02a46 #11,"Used in the expression that computes RAM fef02a46 (gain, offset or per-case value)."
0x1AD90D,8,0x20862,arith,MEDIUM,fef02a46,FUN_7B1B0,} if ((DAT_ram_fef02a5a & 0x10) == 0) { DAT_ram_fef02a46 = FUN_ram_00091a82(((uVar11 - 0x80) * DAT_ram_fef02a70 + (uVar12 - 0x80) * DAT_ram_,X,,,SWITCH Throttle By Wire :: ETV Position-Rate Monitor factor in fef02a46 #12,"Used in the expression that computes RAM fef02a46 (gain, offset or per-case value)."
0x1AD90E,8,0x20863,arith,MEDIUM,fef02a46,FUN_7B1B0,} if ((DAT_ram_fef02a5a & 0x10) == 0) { DAT_ram_fef02a46 = FUN_ram_00091a82(((uVar11 - 0x80) * DAT_ram_fef02a70 + (uVar12 - 0x80) * DAT_ram_,X,,,SWITCH Throttle By Wire :: ETV Position-Rate Monitor factor in fef02a46 #13,"Used in the expression that computes RAM fef02a46 (gain, offset or per-case value)."
0x1AD90F,8,0x20864,arith,MEDIUM,fef02a46,FUN_7B1B0,} if ((DAT_ram_fef02a5a & 0x10) == 0) { DAT_ram_fef02a46 = FUN_ram_00091a82(((uVar11 - 0x80) * DAT_ram_fef02a70 + (uVar12 - 0x80) * DAT_ram_,X,,,SWITCH Throttle By Wire :: ETV Position-Rate Monitor factor in fef02a46 #14,"Used in the expression that computes RAM fef02a46 (gain, offset or per-case value)."
0x1AD910,8,0x20865,arith,MEDIUM,fef02a46,FUN_7B1B0,} if ((DAT_ram_fef02a5a & 0x10) == 0) { DAT_ram_fef02a46 = FUN_ram_00091a82(((uVar11 - 0x80) * DAT_ram_fef02a70 + (uVar12 - 0x80) * DAT_ram_,X,,,SWITCH Throttle By Wire :: ETV Position-Rate Monitor factor in fef02a46 #15,"Used in the expression that computes RAM fef02a46 (gain, offset or per-case value)."
0x1AD911,8,0x20866,arith,MEDIUM,fef02a46,FUN_7B1B0,} if ((DAT_ram_fef02a5a & 0x10) == 0) { DAT_ram_fef02a46 = FUN_ram_00091a82(((uVar11 - 0x80) * DAT_ram_fef02a70 + (uVar12 - 0x80) * DAT_ram_,X,,,SWITCH Throttle By Wire :: ETV Position-Rate Monitor factor in fef02a46 #16,"Used in the expression that computes RAM fef02a46 (gain, offset or per-case value)."
0x1AD912,8,0x20867,arith,MEDIUM,fef02a46,FUN_7B1B0,} if ((DAT_ram_fef02a5a & 0x10) == 0) { DAT_ram_fef02a46 = FUN_ram_00091a82(((uVar11 - 0x80) * DAT_ram_fef02a70 + (uVar12 - 0x80) * DAT_ram_,X,,,SWITCH Throttle By Wire :: ETV Position-Rate Monitor factor in fef02a46 #17,"Used in the expression that computes RAM fef02a46 (gain, offset or per-case value)."
0x1AD913,8,0x20868,arith,MEDIUM,fef02a48,FUN_7B1B0,} else { DAT_ram_fef02a48 = FUN_ram_00091a82(((bVar8 - 0x80) * DAT_ram_fef02a70 + (uVar23 - 0x80) * DAT_ram_fef02a6e + (uVar24 - 0x80) * DAT,X,,,SWITCH Throttle By Wire :: ETV Position-Rate Monitor factor in fef02a48 #18,"Used in the expression that computes RAM fef02a48 (gain, offset or per-case value)."
0x1AD914,8,0x20869,arith,MEDIUM,fef02a48,FUN_7B1B0,} else { DAT_ram_fef02a48 = FUN_ram_00091a82(((bVar8 - 0x80) * DAT_ram_fef02a70 + (uVar23 - 0x80) * DAT_ram_fef02a6e + (uVar24 - 0x80) * DAT,X,,,SWITCH Throttle By Wire :: ETV Position-Rate Monitor factor in fef02a48 #19,"Used in the expression that computes RAM fef02a48 (gain, offset or per-case value)."
0x1AD915,8,0x2086A,arith,MEDIUM,fef02a48,FUN_7B1B0,} else { DAT_ram_fef02a48 = FUN_ram_00091a82(((bVar8 - 0x80) * DAT_ram_fef02a70 + (uVar23 - 0x80) * DAT_ram_fef02a6e + (uVar24 - 0x80) * DAT,X,,,SWITCH Throttle By Wire :: ETV Position-Rate Monitor factor in fef02a48 #20,"Used in the expression that computes RAM fef02a48 (gain, offset or per-case value)."
0x1AD916,8,0x2086B,arith,MEDIUM,fef02a48,FUN_7B1B0,} else { DAT_ram_fef02a48 = FUN_ram_00091a82(((bVar8 - 0x80) * DAT_ram_fef02a70 + (uVar23 - 0x80) * DAT_ram_fef02a6e + (uVar24 - 0x80) * DAT,X,,,SWITCH Throttle By Wire :: ETV Position-Rate Monitor factor in fef02a48 #21,"Used in the expression that computes RAM fef02a48 (gain, offset or per-case value)."
0x1AD917,8,0x2086C,arith,MEDIUM,fef02a48,FUN_7B1B0,} else { DAT_ram_fef02a48 = FUN_ram_00091a82(((bVar8 - 0x80) * DAT_ram_fef02a70 + (uVar23 - 0x80) * DAT_ram_fef02a6e + (uVar24 - 0x80) * DAT,X,,,SWITCH Throttle By Wire :: ETV Position-Rate Monitor factor in fef02a48 #22,"Used in the expression that computes RAM fef02a48 (gain, offset or per-case value)."
0x1AD918,8,0x2086D,arith,MEDIUM,fef02a48,FUN_7B1B0,} else { DAT_ram_fef02a48 = FUN_ram_00091a82(((bVar8 - 0x80) * DAT_ram_fef02a70 + (uVar23 - 0x80) * DAT_ram_fef02a6e + (uVar24 - 0x80) * DAT,X,,,SWITCH Throttle By Wire :: ETV Position-Rate Monitor factor in fef02a48 #23,"Used in the expression that computes RAM fef02a48 (gain, offset or per-case value)."
0x1AD919,8,0x2086E,arith,MEDIUM,fef02a48,FUN_7B1B0,} else { DAT_ram_fef02a48 = FUN_ram_00091a82(((bVar8 - 0x80) * DAT_ram_fef02a70 + (uVar23 - 0x80) * DAT_ram_fef02a6e + (uVar24 - 0x80) * DAT,X,,,SWITCH Throttle By Wire :: ETV Position-Rate Monitor factor in fef02a48 #24,"Used in the expression that computes RAM fef02a48 (gain, offset or per-case value)."
0x1AD91A,8,0x2086F,arith,MEDIUM,fef02a48,FUN_7B1B0,} else { DAT_ram_fef02a48 = FUN_ram_00091a82(((bVar8 - 0x80) * DAT_ram_fef02a70 + (uVar23 - 0x80) * DAT_ram_fef02a6e + (uVar24 - 0x80) * DAT,X,,,SWITCH Throttle By Wire :: ETV Position-Rate Monitor factor in fef02a48 #25,"Used in the expression that computes RAM fef02a48 (gain, offset or per-case value)."
0x1AD91B,8,0x20870,arith,MEDIUM,fef02a48,FUN_7B1B0,} else { DAT_ram_fef02a48 = FUN_ram_00091a82(((bVar8 - 0x80) * DAT_ram_fef02a70 + (uVar23 - 0x80) * DAT_ram_fef02a6e + (uVar24 - 0x80) * DAT,X,,,SWITCH Throttle By Wire :: ETV Position-Rate Monitor factor in fef02a48 #26,"Used in the expression that computes RAM fef02a48 (gain, offset or per-case value)."
0x1B6EF6,16,0x20871,count,HIGH,fef03088,FUN_82462,if (iVar8 == 1) { if (uVar1 <= uVar4) { if (bVar5 < bVar6) { return,X,,,ETV Monitor / Level-2 Safety :: FUN_82462 debounce/timer count #1,"Compared with fef03088, a counter the code steps by 1 each cycle, so this is a cycle count (debounce/delay), not a sensor value."
0x1B6EF8,16,0x20872,threshold_unk,MEDIUM,fef030a0,FUN_7F430,if (DAT_ram_001b6efa <= DAT_ram_fef02592) { if (DAT_ram_001b6ef8 < DAT_ram_fef030a0) { ppuVar1 = &PTR_DAT_ram_0000150a_ram_001ad988,X,,,ETV Monitor / Level-2 Safety :: FUN_7F430 threshold vs fef030a0 #1,"Compared with RAM fef030a0, whose meaning is not identified yet (written by FUN_7DD24 (expr))."
0x1B6EFA,16,0x20873,threshold,HIGH,fef02592 = Engine speed,FUN_7F430,if (DAT_ram_001b6efa <= DAT_ram_fef02592) { if (DAT_ram_001b6ef8 < DAT_ram_fef030a0) { ppuVar1 = &PTR_DAT_ram_0000150a_ram_001ad988,X/2.56,,,ETV Monitor / Level-2 Safety :: FUN_7F430 RPM threshold #2,Compared with fef02592 = Engine speed (meaning verified from the code that writes it).
0x1B6EFC,16,0x20874,threshold_unk,MEDIUM,fef030a0,FUN_7F4C2,DAT_ram_fef03118 = DAT_ram_001b6f00 * (DAT_ram_001b6efc < DAT_ram_fef030a0) + DAT_r,X,,,ETV Monitor / Level-2 Safety :: FUN_7F4C2 threshold vs fef030a0 #1,"Compared with RAM fef030a0, whose meaning is not identified yet (written by FUN_7DD24 (expr))."
0x1B6EFE,16,0x20875,arith,MEDIUM,fef03118,FUN_7F4C2,DAT_ram_fef03118 = DAT_ram_001b6f00 * (DAT_ram_001b6efc < DAT_ram_fef030a0) + DAT_r,X,,,ETV Monitor / Level-2 Safety :: FUN_7F4C2 factor in fef03118 #2,"Used in the expression that computes RAM fef03118 (gain, offset or per-case value)."
0x1B6F00,16,0x20876,arith,MEDIUM,fef03118,FUN_7F4C2,DAT_ram_fef03118 = DAT_ram_001b6f00 * (DAT_ram_001b6efc < DAT_ram_fef030a0) + DAT_r,X,,,ETV Monitor / Level-2 Safety :: FUN_7F4C2 factor in fef03118 #3,"Used in the expression that computes RAM fef03118 (gain, offset or per-case value)."
0x1B6F02,16,0x20877,threshold_unk,MEDIUM,fef030fe,FUN_7F8D4,if (((DAT_ram_001b6f02 <= DAT_ram_fef030fe) && (DAT_ram_fef030fe <= DAT_ram_001b6f0,X,,,HO2 / Closed Loop :: FUN_7F8D4 threshold vs fef030fe #1,"Compared with RAM fef030fe, whose meaning is not identified yet (written by FUN_7F86C (expr of fef0310e))."
0x1B6F04,16,0x20878,threshold_unk,MEDIUM,fef030fe,FUN_7F8D4,if (((DAT_ram_001b6f02 <= DAT_ram_fef030fe) && (DAT_ram_fef030fe <= DAT_ram_001b6f0,X,,,HO2 / Closed Loop :: FUN_7F8D4 threshold vs fef030fe #2,"Compared with RAM fef030fe, whose meaning is not identified yet (written by FUN_7F86C (expr of fef0310e))."
0x1B6F06,16,0x20879,threshold_unk,MEDIUM,fef030fe,FUN_7F8D4,if (((DAT_ram_001b6f02 <= DAT_ram_fef030fe) && (DAT_ram_fef030fe <= DAT_ram_001b6f0,X,,,HO2 / Closed Loop :: FUN_7F8D4 threshold vs fef030fe #3,"Compared with RAM fef030fe, whose meaning is not identified yet (written by FUN_7F86C (expr of fef0310e))."
0x1B6F08,16,0x2087A,threshold_unk,MEDIUM,fef030fe,FUN_7F8D4,if (((DAT_ram_001b6f02 <= DAT_ram_fef030fe) && (DAT_ram_fef030fe <= DAT_ram_001b6f0,X,,,HO2 / Closed Loop :: FUN_7F8D4 threshold vs fef030fe #4,"Compared with RAM fef030fe, whose meaning is not identified yet (written by FUN_7F86C (expr of fef0310e))."
0x1B6F0A,16,0x2087B,threshold_unk,MEDIUM,fef030fc,FUN_7F964,if (DAT_ram_001b6f0a <= DAT_ram_fef030fc) { bVar1 = DAT_ram_fef0312d & 0x7f,X,,,HO2 / Closed Loop :: FUN_7F964 threshold vs fef030fc #1,"Compared with RAM fef030fc, whose meaning is not identified yet (written by FUN_7FAD6 (expr of fef03122))."
0x1B6F0C,16,0x2087C,cmp_local,MEDIUM,,FUN_7F512,if (uVar2 < uVar3) { bVar1 = DAT_ram_fef0312d & 0xf7,X,,,ETV Monitor / Level-2 Safety :: FUN_7F512 threshold (computed input) #1,Compared with a value computed inside the function (not a single RAM variable).
0x1B6F0E,16,0x2087D,threshold_unk,MEDIUM,fef025d4,FUN_7F5BE,if (((DAT_ram_fef025d4 < DAT_ram_001b6f0e) && ((DAT_ram_fef0312e & 4) == 0)) && (DA,X,,,ETV Monitor / Level-2 Safety :: FUN_7F5BE threshold vs fef025d4 #1,"Compared with RAM fef025d4, whose meaning is not identified yet (written by FUN_7A89E (expr))."
0x1B6F10,16,0x2087E,count,HIGH,fef03128,FUN_7F916,if (DAT_ram_fef03128 < DAT_ram_001b6f10) { bVar1 = DAT_ram_fef0312e & 0xfb,X,,,HO2 / Closed Loop :: FUN_7F916 debounce/timer count #1,"Compared with fef03128, a counter the code steps by 1 each cycle, so this is a cycle count (debounce/delay), not a sensor value."
0x1B6F12,16,0x2087F,threshold_unk,MEDIUM,fef011d8,FUN_7F916,if (DAT_ram_001b6f12 < DAT_ram_fef011d8) { DAT_ram_fef03128 = 0,X,,,HO2 / Closed Loop :: FUN_7F916 threshold vs fef011d8 #2,"Compared with RAM fef011d8, whose meaning is not identified yet (written by FUN_4C0D2 (expr of fef0131a))."
0x1B6F14,16,0x20880,arith,MEDIUM,fef0312e,FUN_7F580,if (uVar3 < uVar2) { DAT_ram_fef0312e = DAT_ram_fef0312e | 2,X,,,ETV Monitor / Level-2 Safety :: FUN_7F580 factor in fef0312e #1,"Used in the expression that computes RAM fef0312e (gain, offset or per-case value)."
0x1B6F16,16,0x20881,threshold,HIGH,fef02592 = Engine speed,FUN_7F61C,if ((((iVar5 == 1) && (uVar1 <= DAT_ram_fef02592)) && (DAT_ram_fef02592 <= uVar2)) || (((iVar5 == 0 && (uVar3 <= DAT_ram_fef02592)) && (DAT_,X/2.56,,,ETV Monitor / Level-2 Safety :: FUN_7F61C RPM threshold #1,Compared with fef02592 = Engine speed (meaning verified from the code that writes it).
0x1B6F18,16,0x20882,threshold,HIGH,fef02592 = Engine speed,FUN_7F61C,if ((((iVar5 == 1) && (uVar1 <= DAT_ram_fef02592)) && (DAT_ram_fef02592 <= uVar2)) || (((iVar5 == 0 && (uVar3 <= DAT_ram_fef02592)) && (DAT_,X/2.56,,,ETV Monitor / Level-2 Safety :: FUN_7D84E RPM threshold #1,Compared with fef02592 = Engine speed (meaning verified from the code that writes it).
0x1B6F1A,16,0x20883,threshold,HIGH,fef02592 = Engine speed,FUN_7F61C,if ((((iVar5 == 1) && (uVar1 <= DAT_ram_fef02592)) && (DAT_ram_fef02592 <= uVar2)) || (((iVar5 == 0 && (uVar3 <= DAT_ram_fef02592)) && (DAT_,X/2.56,,,ETV Monitor / Level-2 Safety :: FUN_7F61C RPM threshold #2,Compared with fef02592 = Engine speed (meaning verified from the code that writes it).
0x1B6F1C,16,0x20884,threshold,HIGH,fef02592 = Engine speed,FUN_7F61C,if ((((iVar5 == 1) && (uVar1 <= DAT_ram_fef02592)) && (DAT_ram_fef02592 <= uVar2)) || (((iVar5 == 0 && (uVar3 <= DAT_ram_fef02592)) && (DAT_,X/2.56,,,ETV Monitor / Level-2 Safety :: FUN_7D84E RPM threshold #2,Compared with fef02592 = Engine speed (meaning verified from the code that writes it).
0x1B6F1E,16,0x20885,default,HIGH,fef03120,FUN_7F32A,DAT_ram_fef03120 = DAT_ram_001b6f1e,X,,,ETV Monitor / Level-2 Safety :: FUN_7F32A value written to fef03120 #1,"Written directly into RAM fef03120 (initial, fallback or target value). Writer of fef03120: FUN_7F32A (expr)."
0x1B6F20,16,0x20886,default,HIGH,fef0311e,FUN_7F32A,DAT_ram_fef0311e = DAT_ram_001b6f20,X,,,ETV Monitor / Level-2 Safety :: FUN_7F32A value written to fef0311e #2,"Written directly into RAM fef0311e (initial, fallback or target value). Writer of fef0311e: FUN_7F32A (expr)."
0x1B6F22,16,0x20887,default,HIGH,fef0311e,FUN_7F786,} DAT_ram_fef0311e = uVar1,X,,,ETV Monitor / Level-2 Safety :: FUN_7F786 value written to fef0311e #1,"Written directly into RAM fef0311e (initial, fallback or target value). Writer of fef0311e: FUN_7F32A (expr)."
0x1B6F24,16,0x20888,threshold,HIGH,fef025a6 = Supply voltage (ADC ch03),FUN_7F7DA,if ((((uVar3 < uVar1) || (uVar2 <= uVar3)) || (iVar4 != 0)) || ((DAT_ram_fef0311e != 0 && (DAT_ram_fef03120 != 0)))) { DAT_ram_fef0312f = DA,X/51.2,,,ETV Monitor / Level-2 Safety :: FUN_7F7DA voltage voltage threshold #1,Compared with fef025a6 = Supply voltage (ADC ch03) (meaning verified from the code that writes it).
0x1B6F26,16,0x20889,threshold,HIGH,fef025a6 = Supply voltage (ADC ch03),FUN_7F7DA,if ((((uVar3 < uVar1) || (uVar2 <= uVar3)) || (iVar4 != 0)) || ((DAT_ram_fef0311e != 0 && (DAT_ram_fef03120 != 0)))) { DAT_ram_fef0312f = DA,X/51.2,,,ETV Monitor / Level-2 Safety :: FUN_7F7DA voltage voltage threshold #2,Compared with fef025a6 = Supply voltage (ADC ch03) (meaning verified from the code that writes it).
0x1B6F28,16,0x2088A,threshold_unk,MEDIUM,fef02ed2,FUN_7FB38,sVar1 = DAT_ram_fef02ed2 * (DAT_ram_fef02ed2 < DAT_ram_001b6f28),X,,,HO2 / Closed Loop :: FUN_7FB38 threshold vs fef02ed2 #1,"Compared with RAM fef02ed2, whose meaning is not identified yet (written by FUN_7FB38 (expr))."
0x1B6F2A,16,0x2088B,threshold_unk,MEDIUM,fef02ed4,FUN_7FB74,sVar1 = DAT_ram_fef02ed4 * (DAT_ram_fef02ed4 < DAT_ram_001b6f2a),X,,,HO2 / Closed Loop :: FUN_7FB74 threshold vs fef02ed4 #1,"Compared with RAM fef02ed4, whose meaning is not identified yet (written by FUN_7FB74 (expr))."
0x1B6F2E,16,0x2088D,default,HIGH,fef02ee8,FUN_7FF78,if (DAT_ram_001b6f2a <= DAT_ram_fef02ed4) { DAT_ram_fef02ee8 = DAT_ram_001b6f2e,X,,,ETV Monitor / Level-2 Safety :: FUN_7FF78 value written to fef02ee8 #1,"Written directly into RAM fef02ee8 (initial, fallback or target value). Writer of fef02ee8: FUN_7FF78 (expr)."
0x1B6F32,16,0x2088F,threshold,HIGH,fef02602 = Throttle valve position,FUN_7EB02,if ((iVar9 == 1) && (uVar2 < DAT_ram_001b6f30)) { bVar4 = uVar1 <= DAT_ram_001b6f32,X/364.08,,,ETV Monitor / Level-2 Safety :: FUN_7EB02 throttle threshold #2,Compared with fef02602 = Throttle valve position (meaning verified from the code that writes it).
0x1B6F34,16,0x20890,threshold_unk,MEDIUM,fef030a0,FUN_7EC02,} if (((DAT_ram_fef02ffe < (uVar1 - 0x8000)) && ((DAT_ram_fef0312f & 1) == 1)) && (DAT_ram_001b6f34 <= DAT_ram_fef030a0)) { FUN_ram_0007e4e0,X,,,ETV Monitor / Level-2 Safety :: FUN_7EC02 threshold vs fef030a0 #1,"Compared with RAM fef030a0, whose meaning is not identified yet (written by FUN_7DD24 (expr))."
0x1B6F36,16,0x20891,threshold,HIGH,fef02592 = Engine speed,FUN_7F14E,if ((((iVar1 == 1) || (DAT_ram_001b6f36 <= DAT_ram_fef02592)) || (DAT_ram_fef02636 < DAT_ram_001b6f38)) || ((DAT_ram_fef02ea0 & 4) != 0)) { ,X/2.56,,,ETV Monitor / Level-2 Safety :: FUN_7F14E RPM threshold #1,Compared with fef02592 = Engine speed (meaning verified from the code that writes it).
0x1B6F3A,16,0x20893,cmp_local,MEDIUM,,FUN_7F0FA,if (uVar3 < uVar4) { bVar1 = DAT_ram_fef02ea0 & 0xfb,X,,,ETV Monitor / Level-2 Safety :: FUN_7F0FA threshold (computed input) #1,Compared with a value computed inside the function (not a single RAM variable).
0x1B6F3C,16,0x20894,threshold,HIGH,fef02592 = Engine speed,FUN_7D0CC,if (DAT_ram_fef02592 < DAT_ram_001b6f3c) { FUN_ram_0007d03a(0),X/2.56,,,ETV Monitor / Level-2 Safety :: FUN_7D0CC RPM threshold #1,Compared with fef02592 = Engine speed (meaning verified from the code that writes it).
0x1B6F3E,16,0x20895,threshold_unk,MEDIUM,fef030a0,FUN_7DE20,if ((DAT_ram_fef030a0 < DAT_ram_001b6f3e) && (DAT_ram_001b6f40 <= DAT_ram_fef02e48)) { uVar9 = FUN_ram_00091a82((DAT_ram_fef03096 - DAT_ram_,X,,,ETV Monitor / Level-2 Safety :: FUN_7DE20 threshold vs fef030a0 #1,"Compared with RAM fef030a0, whose meaning is not identified yet (written by FUN_7DD24 (expr))."
0x1B6F40,16,0x20896,threshold_unk,MEDIUM,fef02e48,FUN_7DE20,if ((DAT_ram_fef030a0 < DAT_ram_001b6f3e) && (DAT_ram_001b6f40 <= DAT_ram_fef02e48)) { uVar9 = FUN_ram_00091a82((DAT_ram_fef03096 - DAT_ram_,X,,,ETV Monitor / Level-2 Safety :: FUN_7DE20 threshold vs fef02e48 #2,"Compared with RAM fef02e48, whose meaning is not identified yet (written by FUN_7DD24 (expr))."
0x1B6F42,16,0x20897,untraced,LOW,,FUN_7E02A,,X,,,ETV Monitor / Level-2 Safety :: FUN_7E02A parameter #1,Read by FUN_7E02A; the trace could not resolve how the value is used (indirect or structure access). Purpose unknown - leave stock.
0x1B6F44,16,0x20898,threshold_unk,MEDIUM,fef030a0,FUN_7E18A,if ((DAT_ram_fef030a0 < DAT_ram_001b6f44) && (DAT_ram_001b6f46 <= DAT_ram_fef02e4a)) { uVar9 = FUN_ram_00091a82((DAT_ram_fef03096 - DAT_ram_,X,,,ETV Monitor / Level-2 Safety :: FUN_7E18A threshold vs fef030a0 #1,"Compared with RAM fef030a0, whose meaning is not identified yet (written by FUN_7DD24 (expr))."
0x1B6F46,16,0x20899,threshold_unk,MEDIUM,fef02e4a,FUN_7E18A,if ((DAT_ram_fef030a0 < DAT_ram_001b6f44) && (DAT_ram_001b6f46 <= DAT_ram_fef02e4a)) { uVar9 = FUN_ram_00091a82((DAT_ram_fef03096 - DAT_ram_,X,,,ETV Monitor / Level-2 Safety :: FUN_7E18A threshold vs fef02e4a #2,"Compared with RAM fef02e4a, whose meaning is not identified yet (written by FUN_7DD24 (expr))."
0x1B6F48,16,0x2089A,threshold,HIGH,fef02592 = Engine speed,FUN_7D84E,if (uVar2 < DAT_ram_001b6f48 + iVar1) { DAT_ram_fef02b39 = '\0',X/2.56,,,ETV Monitor / Level-2 Safety :: FUN_7D84E RPM threshold #3,Compared with fef02592 = Engine speed (meaning verified from the code that writes it).
0x1B6F4A,16,0x2089B,threshold,HIGH,fef02592 = Engine speed,FUN_7D84E,} else { bVar5 = DAT_ram_001b6f4a + iVar1 <= uVar2,X/2.56,,,ETV Monitor / Level-2 Safety :: FUN_7D84E RPM threshold #4,Compared with fef02592 = Engine speed (meaning verified from the code that writes it).
0x1B6F4C,8,0x2089C,arith,MEDIUM,fef0312d,FUN_7F47A,if (uVar2 < uVar1) { DAT_ram_fef0312d = DAT_ram_fef0312d | 1,X,,,ETV Monitor / Level-2 Safety :: FUN_7F47A factor in fef0312d #1,"Used in the expression that computes RAM fef0312d (gain, offset or per-case value)."
0x1B6F4D,8,0x2089D,arith,MEDIUM,fef03100,FUN_7F99C,if (uVar3 <= uVar2) { DAT_ram_fef03100 = FUN_ram_0009191c(DAT_ram_fef02592 - DAT_ram_fef03124),X,,,HO2 / Closed Loop :: FUN_7F99C factor in fef03100 #1,"Used in the expression that computes RAM fef03100 (gain, offset or per-case value)."
0x1B6F4E,8,0x2089E,switch,HIGH,,FUN_7F5BE,if (((DAT_ram_fef025d4 < DAT_ram_001b6f0e) && ((DAT_ram_fef0312e & 4) == 0)) && (DA,X,,,SWITCH ETV Monitor / Level-2 Safety :: FUN_7F5BE option byte (0x80 = on) #2,"Tested for 0x80: 0x80 = function ON, anything else = OFF."
0x1B6F4F,8,0x2089F,switch,HIGH,,FUN_7F678,if ((&DAT_ram_fef01554)[uVar3] != '\0') { iVar12 = (DAT_ram_001b6f4f != -0x80) + iVar12 * (DAT_ram_001b6f4f == -0x80),X,,,SWITCH DTC P0300 #1 / P0300 #2 :: option byte (0x80 = on) #1,"Tested for 0x80: 0x80 = function ON, anything else = OFF."
0x1B6F50,8,0x208A0,threshold,HIGH,fef026be = Coolant temperature (copy),FUN_7FA26,if (DAT_ram_fef026be < DAT_ram_001b6f50) { if (DAT_ram_fef026be < (DAT_ram_001b6f50,X,,,HO2 / Closed Loop :: FUN_7FA26 coolant-temp threshold #1,Compared with fef026be = Coolant temperature (copy) (meaning verified from the code that writes it).
0x1B6F51,8,0x208A1,arith,MEDIUM,fef0312d,FUN_7FA26,if (DAT_ram_fef026be < DAT_ram_001b6f50) { if (DAT_ram_fef026be < (DAT_ram_001b6f50,X*0.9375-30,,,HO2 / Closed Loop :: FUN_7FA26 factor in fef0312d #2,"Used in the expression that computes RAM fef0312d (gain, offset or per-case value). The displayed unit was inferred earlier and is NOT confirmed by this trace."
0x1B6F52,8,0x208A2,threshold,HIGH,fef026bd = Coolant temperature (ECT),FUN_7FA5A,if (DAT_ram_fef026bd < DAT_ram_001b6f52) { if (DAT_ram_fef026bd < (DAT_ram_001b6f52,X*0.9375-30,,,HO2 / Closed Loop :: FUN_7FA5A coolant-temp threshold #1,Compared with fef026bd = Coolant temperature (ECT) (meaning verified from the code that writes it).
0x1B6F53,8,0x208A3,threshold,HIGH,fef026bd = Coolant temperature (ECT),FUN_7FA8E,if (DAT_ram_fef026bd < DAT_ram_001b6f53) { if (DAT_ram_fef026bd < (DAT_ram_001b6f53,X*0.9375-30,,,HO2 / Closed Loop :: FUN_7FA8E coolant-temp threshold #1,Compared with fef026bd = Coolant temperature (ECT) (meaning verified from the code that writes it).
0x1B6F55,8,0x208A4,arith,MEDIUM,fef030fc,FUN_7FAD6,"if (uVar3 <= uVar2) { DAT_ram_fef030fc = FUN_ram_00091a82((uVar4 - DAT_ram_fef03122) + 0x8000,0xffff,0)",X,,,HO2 / Closed Loop :: FUN_7FAD6 factor in fef030fc #1,"Used in the expression that computes RAM fef030fc (gain, offset or per-case value)."
0x1B6F56,8,0x208A5,untraced,LOW,,FUN_7F86C,,X,,,ETV Monitor / Level-2 Safety :: FUN_7F86C parameter #1,Read by FUN_7F86C; the trace could not resolve how the value is used (indirect or structure access). Purpose unknown - leave stock.
0x1B6F57,8,0x208A6,limit,MEDIUM,,FUN_7FF9E,"uVar7 = FUN_ram_000919c2((uVar12 * uVar9) / 100,0xffff)",X,,,ETV Monitor / Level-2 Safety :: FUN_7FF9E clamp/limit value #1,Used as a limit or operand inside a saturating calculation.
0x1B6F58,8,0x208A7,limit,MEDIUM,,FUN_7FF9E,"if (uVar5 <= uVar7) { uVar7 = FUN_ram_000919c2((uVar12 * bVar1) / 100,0xffff)",X,,,ETV Monitor / Level-2 Safety :: FUN_7FF9E clamp/limit value #2,Used as a limit or operand inside a saturating calculation.
0x1B6F59,8,0x208A8,untraced,LOW,,FUN_80274,,X,,,ETV Monitor / Level-2 Safety :: FUN_80274 parameter #1,Read by FUN_80274; the trace could not resolve how the value is used (indirect or structure access). Purpose unknown - leave stock.
0x1B6F5A,8,0x208A9,switch,HIGH,,FUN_805E0,if (((DAT_ram_fef03145 != 'B') && (iVar2 == 0x42)) && (cVar1 == -0x80)) { uVar4 = 0,X,,,SWITCH ETV Monitor / Level-2 Safety :: FUN_805E0 option byte (0x80 = on) #1,"Tested for 0x80: 0x80 = function ON, anything else = OFF."
0x1B6F5B,8,0x208AA,threshold_unk,MEDIUM,fef02ea6,FUN_802FA,} else { if (uVar11 <= uVar6) { if ((uVar10 <= uVar6) && (uVar9 <= uVar6)) { uVar6 = (uVar8 * bVar1) / 100,X,,,ETV Monitor / Level-2 Safety :: FUN_802FA threshold vs fef02ea6 #1,"Compared with RAM fef02ea6, whose meaning is not identified yet (written by writer not found)."
0x1B6F5C,8,0x208AB,untraced,LOW,,FUN_802FA,,X,,,ETV Monitor / Level-2 Safety :: FUN_802FA parameter #2,Read by FUN_802FA; the trace could not resolve how the value is used (indirect or structure access). Purpose unknown - leave stock.
0x1B6F5D,8,0x208AC,threshold_unk,MEDIUM,fef031bf,FUN_83166,if ((((DAT_ram_fef031bf != DAT_ram_001b6f5d) || (DAT_ram_fef031c0 != DAT_ram_001b6f,X,,,ETV Monitor / Level-2 Safety :: FUN_83094 threshold vs fef031bf #1,"Compared with RAM fef031bf, whose meaning is not identified yet (written by FUN_83094 (expr))."
0x1B6F5E,8,0x208AD,threshold_unk,MEDIUM,fef031c0,FUN_83166,if ((((DAT_ram_fef031bf != DAT_ram_001b6f5d) || (DAT_ram_fef031c0 != DAT_ram_001b6f,X,,,ETV Monitor / Level-2 Safety :: FUN_83094 threshold vs fef031c0 #2,"Compared with RAM fef031c0, whose meaning is not identified yet (written by FUN_83094 (expr))."
0x1B6F5F,8,0x208AE,threshold_unk,MEDIUM,fef031c3,FUN_83166,if ((((DAT_ram_fef031bf != DAT_ram_001b6f5d) || (DAT_ram_fef031c0 != DAT_ram_001b6f,X,,,ETV Monitor / Level-2 Safety :: FUN_83094 threshold vs fef031c3 #3,"Compared with RAM fef031c3, whose meaning is not identified yet (written by FUN_83094 (expr))."
0x1B6F60,8,0x208AF,threshold_unk,MEDIUM,fef031c1,FUN_83166,if ((((DAT_ram_fef031bf != DAT_ram_001b6f5d) || (DAT_ram_fef031c0 != DAT_ram_001b6f,X,,,ETV Monitor / Level-2 Safety :: FUN_83094 threshold vs fef031c1 #4,"Compared with RAM fef031c1, whose meaning is not identified yet (written by FUN_83094 (expr))."
0x1B6F61,8,0x208B0,threshold_unk,MEDIUM,fef031c2,FUN_83166,if ((((DAT_ram_fef031bf != DAT_ram_001b6f5d) || (DAT_ram_fef031c0 != DAT_ram_001b6f,X,,,ETV Monitor / Level-2 Safety :: FUN_83094 threshold vs fef031c2 #5,"Compared with RAM fef031c2, whose meaning is not identified yet (written by FUN_83094 (expr))."
0x1B6F62,8,0x208B1,threshold_unk,MEDIUM,fef031c4,FUN_83166,if ((((DAT_ram_fef031bf != DAT_ram_001b6f5d) || (DAT_ram_fef031c0 != DAT_ram_001b6f,X,,,ETV Monitor / Level-2 Safety :: FUN_83094 threshold vs fef031c4 #6,"Compared with RAM fef031c4, whose meaning is not identified yet (written by FUN_83094 (expr))."
0x1B6F63,8,0x208B2,threshold_unk,MEDIUM,fef031c5,FUN_83166,if ((((DAT_ram_fef031bf != DAT_ram_001b6f5d) || (DAT_ram_fef031c0 != DAT_ram_001b6f,X,,,ETV Monitor / Level-2 Safety :: FUN_83094 threshold vs fef031c5 #7,"Compared with RAM fef031c5, whose meaning is not identified yet (written by FUN_83094 (expr))."
0x1B6F64,8,0x208B3,switch,HIGH,,FUN_83880,if (DAT_ram_001b6f64 == -0x80) { DAT_ram_fef031cb = DAT_ram_fef031cb | 1,X,,,SWITCH ETV Monitor / Level-2 Safety :: FUN_83880 option byte (0x80 = on) #1,"Tested for 0x80: 0x80 = function ON, anything else = OFF."
0x1B6F65,8,0x208B4,untraced,LOW,,FUN_7D0CC,,X,,,ETV Monitor / Level-2 Safety :: FUN_7D0CC parameter #2,Read by FUN_7D0CC; the trace could not resolve how the value is used (indirect or structure access). Purpose unknown - leave stock.
0x1B6F66,8,0x208B5,arg,MEDIUM,,FUN_7D0CC,"} FUN_ram_0007d078(uVar2,uVar1)",X,,,ETV Monitor / Level-2 Safety :: FUN_7D0CC argument to FUN_7D078 #3,Passed as an argument to FUN_7D078.
0x1B6F67,8,0x208B6,cmp_local,MEDIUM,,FUN_7D186,} while (uVar5 < 4),X,,,ETV Monitor / Level-2 Safety :: FUN_7D0CC threshold (computed input) #4,Compared with a value computed inside the function (not a single RAM variable).
0x1B6F68,8,0x208B7,cmp_local,MEDIUM,,FUN_7D186,if (0x2f < uVar4) { uVar4 = uVar4 - 0x30,X,,,ETV Monitor / Level-2 Safety :: FUN_7D0CC threshold (computed input) #5,Compared with a value computed inside the function (not a single RAM variable).
0x1B6F6A,16,0x208B8,untraced,LOW,,FUN_8BF64,,X,,,Diagnostics - OBD / Communication :: FUN_8BF64 parameter #1,Read by FUN_8BF64; the trace could not resolve how the value is used (indirect or structure access). Purpose unknown - leave stock.
0x1B6F6C,16,0x208B9,untraced,LOW,,FUN_8BF64,,X,,,Diagnostics - OBD / Communication :: FUN_8BF64 parameter #2,Read by FUN_8BF64; the trace could not resolve how the value is used (indirect or structure access). Purpose unknown - leave stock.
0x1B6F6E,16,0x208BA,threshold_unk,MEDIUM,fef03294,FUN_8BBA4,if ((((-1 < (DAT_ram_fef03296 << 0x1e)) && ((uVar2 << 0x1b) < 0)) || (((DAT_ram_fef03296 & 1) == 0 && ((uVar2 << 0x19) < 0)))) || ((((DAT_ra,X,,,Diagnostics - OBD / Communication :: FUN_8BBA4 threshold vs fef03294 #1,"Compared with RAM fef03294, whose meaning is not identified yet (written by FUN_8BDB2 (alias of fef03292))."
0x1B6F70,16,0x208BB,threshold_unk,MEDIUM,fef0328c,FUN_8B464,if ((((iVar2 == 0) && ((DAT_ram_fef0328e << 0x1e) < 0)) && (DAT_ram_fef03740 != 0)) && (DAT_ram_001b6f70 <= DAT_ram_fef0328c)) { DAT_ram_fef,X,,,Diagnostics - OBD / Communication :: FUN_8B464 threshold vs fef0328c #1,"Compared with RAM fef0328c, whose meaning is not identified yet (written by FUN_8B5EC (alias of fef0328a))."
0x1B6F72,16,0x208BC,threshold_unk,MEDIUM,fef03214,FUN_86A44,if ((((iVar2 == 0) && ((DAT_ram_fef03216 << 0x1e) < 0)) && (DAT_ram_fef03768 != 0)) && (DAT_ram_001b6f72 <= DAT_ram_fef03214)) { DAT_ram_fef,X,,,ETV Monitor / Level-2 Safety :: FUN_86A44 threshold vs fef03214 #1,"Compared with RAM fef03214, whose meaning is not identified yet (written by FUN_86BCC (alias of fef03212))."
0x1B6F74,16,0x208BD,threshold_unk,MEDIUM,fef0325c,FUN_8885E,if ((((sVar1 != 0) && ((DAT_ram_fef0325e << 0x1e) < 0)) && (iVar3 == 0)) && (DAT_ram_001b6f74 <= DAT_ram_fef0325c)) { DAT_ram_fef0325a = 0,X,,,ETV Monitor / Level-2 Safety :: FUN_8885E threshold vs fef0325c #1,"Compared with RAM fef0325c, whose meaning is not identified yet (written by FUN_889E6 (alias of fef0325a))."
0x1B6F76,16,0x208BE,threshold_unk,MEDIUM,fef03272,FUN_89DE0,if ((((iVar2 == 0) && ((DAT_ram_fef03274 & 1) == 1)) && (DAT_ram_fef036a8 != 0)) && (DAT_ram_fef036aa != -1)) { bVar1 = (DAT_ram_001b6f76 <=,X,,,ETV Monitor / Level-2 Safety :: FUN_89DE0 threshold vs fef03272 #1,"Compared with RAM fef03272, whose meaning is not identified yet (written by FUN_89F7C (alias of fef03270))."
0x1B6F78,16,0x208BF,threshold_unk,MEDIUM,fef0326c,FUN_899DE,if ((((iVar2 == 0) && ((DAT_ram_fef0326e & 1) == 1)) && (DAT_ram_fef036ce != 0)) && (DAT_ram_fef036d0 != -1)) { bVar1 = (DAT_ram_001b6f78 <=,X,,,ETV Monitor / Level-2 Safety :: FUN_899DE threshold vs fef0326c #1,"Compared with RAM fef0326c, whose meaning is not identified yet (written by FUN_89B7A (alias of fef0326a))."
0x1B6F7A,16,0x208C0,threshold_unk,MEDIUM,fef0324a,FUN_87F2A,if ((((iVar2 == 0) && ((DAT_ram_fef0324e & 1) == 1)) && (DAT_ram_fef03514 != 0)) && ((DAT_ram_001b6f7a <= DAT_ram_fef0324a || (DAT_ram_001b6,X,,,ETV Monitor / Level-2 Safety :: FUN_87F2A threshold vs fef0324a #1,"Compared with RAM fef0324a, whose meaning is not identified yet (written by FUN_88092 (alias of fef03246))."
0x1B6F7C,16,0x208C1,threshold_unk,MEDIUM,fef0324c,FUN_87F2A,if ((((iVar2 == 0) && ((DAT_ram_fef0324e & 1) == 1)) && (DAT_ram_fef03514 != 0)) && ((DAT_ram_001b6f7a <= DAT_ram_fef0324a || (DAT_ram_001b6,X,,,ETV Monitor / Level-2 Safety :: FUN_87F2A threshold vs fef0324c #2,"Compared with RAM fef0324c, whose meaning is not identified yet (written by FUN_88092 (alias of fef03248))."
0x1B6F7E,16,0x208C2,threshold_unk,MEDIUM,fef03240,FUN_87B58,if ((((iVar2 == 0) && ((DAT_ram_fef03244 & 1) == 1)) && (DAT_ram_fef03532 != 0)) && ((DAT_ram_001b6f7e <= DAT_ram_fef03240 || (DAT_ram_001b6,X,,,ETV Monitor / Level-2 Safety :: FUN_87B58 threshold vs fef03240 #1,"Compared with RAM fef03240, whose meaning is not identified yet (written by FUN_87CB6 (alias of fef0323c))."
0x1B6F80,16,0x208C3,threshold_unk,MEDIUM,fef03242,FUN_87B58,if ((((iVar2 == 0) && ((DAT_ram_fef03244 & 1) == 1)) && (DAT_ram_fef03532 != 0)) && ((DAT_ram_001b6f7e <= DAT_ram_fef03240 || (DAT_ram_001b6,X,,,ETV Monitor / Level-2 Safety :: FUN_87B58 threshold vs fef03242 #2,"Compared with RAM fef03242, whose meaning is not identified yet (written by FUN_87CB6 (alias of fef0323e))."
0x1B6F82,16,0x208C4,threshold_unk,MEDIUM,fef03204,FUN_8600C,if ((((iVar2 == 0) && (bVar3 == 1)) && (DAT_ram_fef03550 != -1)) && ((DAT_ram_001b6f82 <= DAT_ram_fef03204 || (DAT_ram_001b6f84 <= DAT_ram_f,X,,,ETV Monitor / Level-2 Safety :: FUN_8600C threshold vs fef03204 #1,"Compared with RAM fef03204, whose meaning is not identified yet (written by FUN_8617A (alias of fef03200))."
0x1B6F84,16,0x208C5,threshold_unk,MEDIUM,fef03206,FUN_8600C,if ((((iVar2 == 0) && (bVar3 == 1)) && (DAT_ram_fef03550 != -1)) && ((DAT_ram_001b6f82 <= DAT_ram_fef03204 || (DAT_ram_001b6f84 <= DAT_ram_f,X,,,ETV Monitor / Level-2 Safety :: FUN_8600C threshold vs fef03206 #2,"Compared with RAM fef03206, whose meaning is not identified yet (written by FUN_8617A (alias of fef03202))."
0x1B6F86,16,0x208C6,threshold_unk,MEDIUM,fef031fa,FUN_85C44,if ((((iVar2 == 0) && (bVar3 == 1)) && (DAT_ram_fef035e0 != -1)) && ((DAT_ram_001b6f86 <= DAT_ram_fef031fa || (DAT_ram_001b6f88 <= DAT_ram_f,X,,,ETV Monitor / Level-2 Safety :: FUN_85C44 threshold vs fef031fa #1,"Compared with RAM fef031fa, whose meaning is not identified yet (written by FUN_85DB2 (alias of fef031f6))."
0x1B6F88,16,0x208C7,threshold_unk,MEDIUM,fef031fc,FUN_85C44,if ((((iVar2 == 0) && (bVar3 == 1)) && (DAT_ram_fef035e0 != -1)) && ((DAT_ram_001b6f86 <= DAT_ram_fef031fa || (DAT_ram_001b6f88 <= DAT_ram_f,X,,,ETV Monitor / Level-2 Safety :: FUN_85C44 threshold vs fef031fc #2,"Compared with RAM fef031fc, whose meaning is not identified yet (written by FUN_85DB2 (alias of fef031f8))."
0x1B6F8A,8,0x208C8,array,MEDIUM,,FUN_7D078,do { bVar1 = (&DAT_ram_001b6f8a)[uVar2] + param_1,X,,,ETV Monitor / Level-2 Safety :: FUN_7D078 table element #1,Part of a table the code reads by index.
0x1B6F8B,8,0x208C9,untraced,LOW,,FUN_7D078,,X,,,ETV Monitor / Level-2 Safety :: FUN_7D078 parameter #2,Read by FUN_7D078; the trace could not resolve how the value is used (indirect or structure access). Purpose unknown - leave stock.
0x1B6F90,32,0x208CA,cmp_local,MEDIUM,,FUN_83CEA,return uVar2 < uVar1,X,,,ETV Monitor / Level-2 Safety :: FUN_83CEA threshold (computed input) #1,Compared with a value computed inside the function (not a single RAM variable).
0x1B6F94,32,0x208CB,untraced,LOW,,FUN_83F98,,X,,,ETV Monitor / Level-2 Safety :: FUN_83F98 parameter #1,Read by FUN_83F98; the trace could not resolve how the value is used (indirect or structure access). Purpose unknown - leave stock.
0x1B6F98,32,0x208CC,untraced,LOW,,FUN_83F98,,X,,,ETV Monitor / Level-2 Safety :: FUN_83F98 parameter #2,Read by FUN_83F98; the trace could not resolve how the value is used (indirect or structure access). Purpose unknown - leave stock.
0x1B6F9C,32,0x208CD,untraced,LOW,,FUN_83F98,,X,,,ETV Monitor / Level-2 Safety :: FUN_83F98 parameter #3,Read by FUN_83F98; the trace could not resolve how the value is used (indirect or structure access). Purpose unknown - leave stock.
0x1B6FA0,32,0x208CE,untraced,LOW,,FUN_83F98,,X,,,ETV Monitor / Level-2 Safety :: FUN_83F98 parameter #4,Read by FUN_83F98; the trace could not resolve how the value is used (indirect or structure access). Purpose unknown - leave stock.
0x1B6FA4,32,0x208CF,untraced,LOW,,FUN_83F98,,X,,,ETV Monitor / Level-2 Safety :: FUN_83F98 parameter #5,Read by FUN_83F98; the trace could not resolve how the value is used (indirect or structure access). Purpose unknown - leave stock.
0x1B6FA8,32,0x208D0,untraced,LOW,,FUN_83F98,,X,,,ETV Monitor / Level-2 Safety :: FUN_83F98 parameter #6,Read by FUN_83F98; the trace could not resolve how the value is used (indirect or structure access). Purpose unknown - leave stock.
0x1B7790,32,0x208D1,untraced,LOW,,FUN_A42FC,,X,,,Diagnostics - OBD / Communication :: OBD Service Config parameter #6,Read by FUN_A42FC; the trace could not resolve how the value is used (indirect or structure access). Purpose unknown - leave stock.
0x1B7794,32,0x208D2,untraced,LOW,,FUN_A42FC,,X,,,Diagnostics - OBD / Communication :: OBD Service Config parameter #7,Read by FUN_A42FC; the trace could not resolve how the value is used (indirect or structure access). Purpose unknown - leave stock.
0x1B7B2C,32,0x208D3,untraced,LOW,,FUN_A42FC,,X,,,Diagnostics - OBD / Communication :: OBD Service Config parameter #8,Read by FUN_A42FC; the trace could not resolve how the value is used (indirect or structure access). Purpose unknown - leave stock.
0x1B8F88,8,0x208D4,array,MEDIUM,,FUN_8CFE2,bVar1 < (&DAT_ram_001b8f88)[uVar2],X,,,Diagnostics - OBD / Communication :: FUN_8CFE2 table element #1,Part of a table the code reads by index.
0x1B8F8B,8,0x208D5,array,MEDIUM,,FUN_8E3B2,do { cVar2 = cVar2 * (DAT_ram_fef050a4 != (&DAT_ram_001b8f8b)[uVar1]),X,,,Diagnostics - OBD / Communication :: FUN_8E3B2 table element #1,Part of a table the code reads by index.
0x1B8F8C,8,0x208D6,untraced,LOW,,FUN_8E3B2,,X,,,Diagnostics - OBD / Communication :: FUN_8E3B2 parameter #2,Read by FUN_8E3B2; the trace could not resolve how the value is used (indirect or structure access). Purpose unknown - leave stock.
0x1B8FC4,8,0x208D7,array,MEDIUM,,FUN_8E3DE,do { if ((&DAT_ram_001b8fc4)[uVar1 * 8] == '\x01') { iVar2 = 0x10,X,,,Diagnostics - OBD / Communication :: FUN_8E3DE table element #1,Part of a table the code reads by index.
0x1B8FCC,8,0x208D8,untraced,LOW,,FUN_8E3DE,,X,,,Diagnostics - OBD / Communication :: FUN_8E3DE parameter #2,Read by FUN_8E3DE; the trace could not resolve how the value is used (indirect or structure access). Purpose unknown - leave stock.
0x1B9024,8,0x208D9,untraced,LOW,,FUN_8E3DE,,X,,,Diagnostics - OBD / Communication :: FUN_8E3DE parameter #3,Read by FUN_8E3DE; the trace could not resolve how the value is used (indirect or structure access). Purpose unknown - leave stock.
0x1B902C,8,0x208DA,untraced,LOW,,FUN_8E3DE,,X,,,Diagnostics - OBD / Communication :: FUN_8E3DE parameter #4,Read by FUN_8E3DE; the trace could not resolve how the value is used (indirect or structure access). Purpose unknown - leave stock.
0x1B906C,32,0x208DB,untraced,LOW,,FUN_9104E,,X,,,Diagnostics - OBD / Communication :: FUN_9104E parameter #1,"Read by FUN_9104E, FUN_91320; the trace could not resolve how the value is used (indirect or structure access). Purpose unknown - leave stock."
0x1B9070,16,0x208DC,untraced,LOW,,FUN_9104E,,X,,,Diagnostics - OBD / Communication :: FUN_9104E parameter #2,"Read by FUN_9104E, FUN_91320; the trace could not resolve how the value is used (indirect or structure access). Purpose unknown - leave stock."
0x1B9074,32,0x208DD,untraced,LOW,,FUN_91320,,X,,,Diagnostics - OBD / Communication :: FUN_91320 parameter #1,Read by FUN_91320; the trace could not resolve how the value is used (indirect or structure access). Purpose unknown - leave stock.
0x1B9078,16,0x208DE,untraced,LOW,,FUN_91320,,X,,,Diagnostics - OBD / Communication :: FUN_91320 parameter #2,Read by FUN_91320; the trace could not resolve how the value is used (indirect or structure access). Purpose unknown - leave stock.
0x1B907C,8,0x208DF,switch,HIGH,,FUN_8F3BA,if (DAT_ram_001b907c < 0x80) { uVar1 = FUN_ram_00025710(&DAT_ram_000c000c),X,,,SWITCH Diagnostics - OBD / Communication :: FUN_8F3BA option byte (0x80 = on) #1,"Tested for 0x80: 0x80 = function ON, anything else = OFF."
0x1B907D,8,0x208E0,untraced,LOW,,FUN_91320,,X,,,Diagnostics - OBD / Communication :: FUN_91320 parameter #3,Read by FUN_91320; the trace could not resolve how the value is used (indirect or structure access). Purpose unknown - leave stock.
0x1B9088,32,0x208E1,untraced,LOW,,FUN_8D37A,,X,,,Diagnostics - OBD / Communication :: Diag Comms Parameter parameter #1,Read by FUN_8D37A; the trace could not resolve how the value is used (indirect or structure access). Purpose unknown - leave stock.
0x1B908C,32,0x208E2,untraced,LOW,,FUN_8D37A,,X,,,Diagnostics - OBD / Communication :: Diag Comms Parameter parameter #2,Read by FUN_8D37A; the trace could not resolve how the value is used (indirect or structure access). Purpose unknown - leave stock.
0x1B9090,32,0x208E3,untraced,LOW,,FUN_8D37A,,X,,,Diagnostics - OBD / Communication :: Diag Comms Parameter parameter #3,Read by FUN_8D37A; the trace could not resolve how the value is used (indirect or structure access). Purpose unknown - leave stock.
0x1B9094,32,0x208E4,untraced,LOW,,FUN_8D37A,,X,,,Diagnostics - OBD / Communication :: Diag Comms Parameter parameter #4,Read by FUN_8D37A; the trace could not resolve how the value is used (indirect or structure access). Purpose unknown - leave stock.
0x1B9098,32,0x208E5,cmp_local,MEDIUM,,FUN_8D37A,"if ((param_1 != 0) && ((((puVar1 = PTR_DAT_ram_feef0000_ram_001b9090, puVar2 = PTR_DAT_ram_fef0c000_ram_001b9094, param_1 == 1 || (puVar1 = ",X,,,Diagnostics - OBD / Communication :: Diag Comms Parameter threshold (computed input) #5,Compared with a value computed inside the function (not a single RAM variable).
0x1B909C,32,0x208E6,cmp_local,MEDIUM,,FUN_8D37A,"if ((param_1 != 0) && ((((puVar1 = PTR_DAT_ram_feef0000_ram_001b9090, puVar2 = PTR_DAT_ram_fef0c000_ram_001b9094, param_1 == 1 || (puVar1 = ",X,,,Diagnostics - OBD / Communication :: Diag Comms Parameter threshold (computed input) #6,Compared with a value computed inside the function (not a single RAM variable).
0x1B90A0,32,0x208E7,cmp_local,MEDIUM,,FUN_8D5FC,pbVar5 < puVar2,X,,,Diagnostics - OBD / Communication :: FUN_8D5FC threshold (computed input) #1,Compared with a value computed inside the function (not a single RAM variable).
0x1B90A4,32,0x208E8,untraced,LOW,,FUN_8D5FC,,X,,,Diagnostics - OBD / Communication :: FUN_8D5FC parameter #2,Read by FUN_8D5FC; the trace could not resolve how the value is used (indirect or structure access). Purpose unknown - leave stock.
0x1B90A8,32,0x208E9,threshold_unk,MEDIUM,fef05084,FUN_8D652,if (DAT_ram_fef05084 == DAT_ram_001b90a8) { DAT_ram_fef05088 = 0x80,X,,,Diagnostics - OBD / Communication :: FUN_8D652 threshold vs fef05084 #1,"Compared with RAM fef05084, whose meaning is not identified yet (written by FUN_8D5FC (expr))."
0x1B90AD,8,0x208EA,cmp_local,MEDIUM,,FUN_8CF84,if (DAT_ram_001b90ad == '\x05') { return 0x84240104,X,,,Diagnostics - OBD / Communication :: FUN_8CF84 threshold (computed input) #1,Compared with a value computed inside the function (not a single RAM variable).
0x1B90B0,32,0x208EB,untraced,LOW,,FUN_8E2D6,,X,,,Diagnostics - OBD / Communication :: FUN_8E2D6 parameter #1,Read by FUN_8E2D6; the trace could not resolve how the value is used (indirect or structure access). Purpose unknown - leave stock.
0x1B90B4,32,0x208EC,untraced,LOW,,FUN_8E2D6,,X,,,Diagnostics - OBD / Communication :: FUN_8E2D6 parameter #2,Read by FUN_8E2D6; the trace could not resolve how the value is used (indirect or structure access). Purpose unknown - leave stock.
0x1B90B8,16,0x208ED,cmp_local,MEDIUM,,FUN_8E210,} } else { bVar8 = (DAT_ram_fef050a2 + uVar3) == sVar1,X,,,Diagnostics - OBD / Communication :: FUN_8E210 threshold (computed input) #1,Compared with a value computed inside the function (not a single RAM variable).
0x1B90BA,8,0x208EE,count,HIGH,fef050a1,FUN_8E210,while ((DAT_ram_fef050a1 < bVar2 && (uVar7 != 3))) { iVar5 = FUN_ram_000219f6(1),X,,,Diagnostics - OBD / Communication :: FUN_8E210 debounce/timer count #2,"Compared with fef050a1, a counter the code steps by 1 each cycle, so this is a cycle count (debounce/delay), not a sensor value."
0x1B90BC,8,0x208EF,arg,MEDIUM,,FUN_8E4FE,if ((DAT_ram_fef050b3 == '\0') && (DAT_ram_fef050ab == '\x01')) { FUN_ram_0008d7fa(,X,,,Diagnostics - OBD / Communication :: FUN_8E4FE argument to FUN_8D7FA #1,Passed as an argument to FUN_8D7FA.
0x1B9114,32,0x208F0,untraced,LOW,,FUN_8F9EE,,X,,,Diagnostics - OBD / Communication :: Diag Comms Parameter parameter #7,"Read by FUN_8F9EE, FUN_8F7E4; the trace could not resolve how the value is used (indirect or structure access). Purpose unknown - leave stock."
0x1B9148,32,0x208F1,arg,MEDIUM,,FUN_8FE1A,"} uVar2 = FUN_ram_0009012e(uVar2,uVar1)",X,,,Diagnostics - OBD / Communication :: Diag Comms Timing Select C argument to FUN_9012E #1,Passed as an argument to FUN_9012E.
0x1B914C,32,0x208F2,arg,MEDIUM,,FUN_8FE1A,switch(param_1) { case 1: uVar1 = FUN_ram_0008d84e(DAT_ram_001b914c),X,,,Diagnostics - OBD / Communication :: Diag Comms Timing Select C argument to FUN_8D84E #2,Passed as an argument to FUN_8D84E.
0x1B9150,32,0x208F3,arg,MEDIUM,,FUN_8FEF6,"} FUN_ram_00090116(uVar1,uVar2,param_2)",X,,,Diagnostics - OBD / Communication :: Diag Comms Timing Select D argument to FUN_90116 #1,Passed as an argument to FUN_90116.
0x1B9154,32,0x208F4,arg,MEDIUM,,FUN_8FEF6,switch(param_1) { case 1: uVar2 = FUN_ram_0008d84e(DAT_ram_001b9154),X,,,Diagnostics - OBD / Communication :: Diag Comms Timing Select D argument to FUN_8D84E #2,Passed as an argument to FUN_8D84E.
0x1B9158,32,0x208F5,arg,MEDIUM,,FUN_8FE1A,"} uVar2 = FUN_ram_0009012e(uVar2,uVar1)",X,,,Diagnostics - OBD / Communication :: Diag Comms Timing Select C argument to FUN_9012E #3,Passed as an argument to FUN_9012E.
0x1B915C,32,0x208F6,untraced,LOW,,FUN_8FE1A,,X,,,Diagnostics - OBD / Communication :: Diag Comms Timing Select C parameter #4,Read by FUN_8FE1A; the trace could not resolve how the value is used (indirect or structure access). Purpose unknown - leave stock.
0x1B9160,32,0x208F7,arg,MEDIUM,,FUN_8FEF6,"} FUN_ram_00090116(uVar1,uVar2,param_2)",X,,,Diagnostics - OBD / Communication :: Diag Comms Timing Select D argument to FUN_90116 #3,Passed as an argument to FUN_90116.
0x1B9164,32,0x208F8,arg,MEDIUM,,FUN_8FEF6,case 2: uVar2 = FUN_ram_0008d84e(DAT_ram_001b9164),X,,,Diagnostics - OBD / Communication :: Diag Comms Timing Select D argument to FUN_8D84E #4,Passed as an argument to FUN_8D84E.
0x1B9168,32,0x208F9,arg,MEDIUM,,FUN_8FE1A,"} uVar2 = FUN_ram_0009012e(uVar2,uVar1)",X,,,Diagnostics - OBD / Communication :: Diag Comms Timing Select C argument to FUN_9012E #5,Passed as an argument to FUN_9012E.
0x1B916C,32,0x208FA,arg,MEDIUM,,FUN_8FE1A,case 3: uVar1 = FUN_ram_0008d84e(DAT_ram_001b916c),X,,,Diagnostics - OBD / Communication :: Diag Comms Timing Select C argument to FUN_8D84E #6,Passed as an argument to FUN_8D84E.
0x1B9170,32,0x208FB,arg,MEDIUM,,FUN_8FEF6,"} FUN_ram_00090116(uVar1,uVar2,param_2)",X,,,Diagnostics - OBD / Communication :: Diag Comms Timing Select D argument to FUN_90116 #5,Passed as an argument to FUN_90116.
0x1B9174,32,0x208FC,arg,MEDIUM,,FUN_8FEF6,case 3: uVar2 = FUN_ram_0008d84e(DAT_ram_001b9174),X,,,Diagnostics - OBD / Communication :: Diag Comms Timing Select D argument to FUN_8D84E #6,Passed as an argument to FUN_8D84E.
0x1B9178,32,0x208FD,arg,MEDIUM,,FUN_8FE1A,"} uVar2 = FUN_ram_0009012e(uVar2,uVar1)",X,,,Diagnostics - OBD / Communication :: Diag Comms Timing Select C argument to FUN_9012E #7,Passed as an argument to FUN_9012E.
0x1B917C,32,0x208FE,arg,MEDIUM,,FUN_8FE1A,case 4: uVar1 = FUN_ram_0008d84e(DAT_ram_001b917c),X,,,Diagnostics - OBD / Communication :: Diag Comms Timing Select C argument to FUN_8D84E #8,Passed as an argument to FUN_8D84E.
0x1B9180,32,0x208FF,arg,MEDIUM,,FUN_8FEF6,"} FUN_ram_00090116(uVar1,uVar2,param_2)",X,,,Diagnostics - OBD / Communication :: Diag Comms Timing Select D argument to FUN_90116 #7,Passed as an argument to FUN_90116.
0x1B9184,32,0x20900,arg,MEDIUM,,FUN_8FEF6,case 4: uVar2 = FUN_ram_0008d84e(DAT_ram_001b9184),X,,,Diagnostics - OBD / Communication :: Diag Comms Timing Select D argument to FUN_8D84E #8,Passed as an argument to FUN_8D84E.
0x1B9188,32,0x20901,arg,MEDIUM,,FUN_8FE1A,"} uVar2 = FUN_ram_0009012e(uVar2,uVar1)",X,,,Diagnostics - OBD / Communication :: Diag Comms Timing Select C argument to FUN_9012E #9,Passed as an argument to FUN_9012E.
0x1B918C,32,0x20902,arg,MEDIUM,,FUN_8FE1A,case 5: uVar1 = FUN_ram_0008d84e(DAT_ram_001b918c),X,,,Diagnostics - OBD / Communication :: Diag Comms Timing Select C argument to FUN_8D84E #10,Passed as an argument to FUN_8D84E.
0x1B9190,32,0x20903,arg,MEDIUM,,FUN_8FEF6,"} FUN_ram_00090116(uVar1,uVar2,param_2)",X,,,Diagnostics - OBD / Communication :: Diag Comms Timing Select D argument to FUN_90116 #9,Passed as an argument to FUN_90116.
0x1B9194,32,0x20904,arg,MEDIUM,,FUN_8FEF6,case 5: uVar2 = FUN_ram_0008d84e(DAT_ram_001b9194),X,,,Diagnostics - OBD / Communication :: Diag Comms Timing Select D argument to FUN_8D84E #10,Passed as an argument to FUN_8D84E.
0x1B9198,32,0x20905,arg,MEDIUM,,FUN_8FE1A,"} uVar2 = FUN_ram_0009012e(uVar2,uVar1)",X,,,Diagnostics - OBD / Communication :: Diag Comms Timing Select C argument to FUN_9012E #11,Passed as an argument to FUN_9012E.
0x1B919C,32,0x20906,arg,MEDIUM,,FUN_8FE1A,case 6: uVar1 = FUN_ram_0008d84e(DAT_ram_001b919c),X,,,Diagnostics - OBD / Communication :: Diag Comms Timing Select C argument to FUN_8D84E #12,Passed as an argument to FUN_8D84E.
0x1B91A0,32,0x20907,arg,MEDIUM,,FUN_8FEF6,"} FUN_ram_00090116(uVar1,uVar2,param_2)",X,,,Diagnostics - OBD / Communication :: Diag Comms Timing Select D argument to FUN_90116 #11,Passed as an argument to FUN_90116.
0x1B91A4,32,0x20908,arg,MEDIUM,,FUN_8FEF6,case 6: uVar2 = FUN_ram_0008d84e(DAT_ram_001b91a4),X,,,Diagnostics - OBD / Communication :: Diag Comms Timing Select D argument to FUN_8D84E #12,Passed as an argument to FUN_8D84E.
0x1B91A8,32,0x20909,arg,MEDIUM,,FUN_8FE1A,"} uVar2 = FUN_ram_0009012e(uVar2,uVar1)",X,,,Diagnostics - OBD / Communication :: Diag Comms Timing Select C argument to FUN_9012E #13,Passed as an argument to FUN_9012E.
0x1B91AC,32,0x2090A,arg,MEDIUM,,FUN_8FE1A,case 7: uVar1 = FUN_ram_0008d84e(DAT_ram_001b91ac),X,,,Diagnostics - OBD / Communication :: Diag Comms Timing Select C argument to FUN_8D84E #14,Passed as an argument to FUN_8D84E.
0x1B91B0,32,0x2090B,arg,MEDIUM,,FUN_8FEF6,"} FUN_ram_00090116(uVar1,uVar2,param_2)",X,,,Diagnostics - OBD / Communication :: Diag Comms Timing Select D argument to FUN_90116 #13,Passed as an argument to FUN_90116.
0x1B91B4,32,0x2090C,arg,MEDIUM,,FUN_8FEF6,case 7: uVar2 = FUN_ram_0008d84e(DAT_ram_001b91b4),X,,,Diagnostics - OBD / Communication :: Diag Comms Timing Select D argument to FUN_8D84E #14,Passed as an argument to FUN_8D84E.
0x1B91B8,32,0x2090D,arg,MEDIUM,,FUN_8FE1A,"} uVar2 = FUN_ram_0009012e(uVar2,uVar1)",X,,,Diagnostics - OBD / Communication :: Diag Comms Timing Select C argument to FUN_9012E #15,Passed as an argument to FUN_9012E.
0x1B91BC,32,0x2090E,arg,MEDIUM,,FUN_8FE1A,case 8: uVar1 = FUN_ram_0008d84e(DAT_ram_001b91bc),X,,,Diagnostics - OBD / Communication :: Diag Comms Timing Select C argument to FUN_8D84E #16,Passed as an argument to FUN_8D84E.
0x1B91C0,32,0x2090F,arg,MEDIUM,,FUN_8FEF6,"} FUN_ram_00090116(uVar1,uVar2,param_2)",X,,,Diagnostics - OBD / Communication :: Diag Comms Timing Select D argument to FUN_90116 #15,Passed as an argument to FUN_90116.
0x1B91C4,32,0x20910,arg,MEDIUM,,FUN_8FEF6,case 8: uVar2 = FUN_ram_0008d84e(DAT_ram_001b91c4),X,,,Diagnostics - OBD / Communication :: Diag Comms Timing Select D argument to FUN_8D84E #16,Passed as an argument to FUN_8D84E.
0x1B91C8,32,0x20911,arg,MEDIUM,,FUN_9053A,"} uVar2 = FUN_ram_0009012e(uVar2,uVar1)",X,,,Diagnostics - OBD / Communication :: Diag Comms Timing Select A argument to FUN_9012E #1,Passed as an argument to FUN_9012E.
0x1B91CC,32,0x20912,arg,MEDIUM,,FUN_9053A,switch(DAT_ram_fef05137) { case 0: uVar1 = FUN_ram_0008d84e(DAT_ram_001b91cc),X,,,Diagnostics - OBD / Communication :: Diag Comms Timing Select A argument to FUN_8D84E #2,Passed as an argument to FUN_8D84E.
0x1B91D0,32,0x20913,arg,MEDIUM,,FUN_90700,"} uVar2 = FUN_ram_0009012e(uVar2,uVar1)",X,,,Diagnostics - OBD / Communication :: Diag Comms Timing Select B argument to FUN_9012E #1,Passed as an argument to FUN_9012E.
0x1B91D4,32,0x20914,arg,MEDIUM,,FUN_90700,switch(DAT_ram_fef05137) { case 0: uVar1 = FUN_ram_0008d84e(DAT_ram_001b91d4),X,,,Diagnostics - OBD / Communication :: Diag Comms Timing Select B argument to FUN_8D84E #2,Passed as an argument to FUN_8D84E.
0x1B91D8,32,0x20915,arg,MEDIUM,,FUN_9053A,"} uVar2 = FUN_ram_0009012e(uVar2,uVar1)",X,,,Diagnostics - OBD / Communication :: Diag Comms Timing Select A argument to FUN_9012E #3,Passed as an argument to FUN_9012E.
0x1B91DC,32,0x20916,arg,MEDIUM,,FUN_9053A,case 1: uVar1 = FUN_ram_0008d84e(DAT_ram_001b91dc),X,,,Diagnostics - OBD / Communication :: Diag Comms Timing Select A argument to FUN_8D84E #4,Passed as an argument to FUN_8D84E.
0x1B91E0,32,0x20917,arg,MEDIUM,,FUN_90700,"} uVar2 = FUN_ram_0009012e(uVar2,uVar1)",X,,,Diagnostics - OBD / Communication :: Diag Comms Timing Select B argument to FUN_9012E #3,Passed as an argument to FUN_9012E.
0x1B91E4,32,0x20918,arg,MEDIUM,,FUN_90700,case 1: uVar1 = FUN_ram_0008d84e(DAT_ram_001b91e4),X,,,Diagnostics - OBD / Communication :: Diag Comms Timing Select B argument to FUN_8D84E #4,Passed as an argument to FUN_8D84E.
0x1B91E8,32,0x20919,arg,MEDIUM,,FUN_9053A,"} uVar2 = FUN_ram_0009012e(uVar2,uVar1)",X,,,Diagnostics - OBD / Communication :: Diag Comms Timing Select A argument to FUN_9012E #5,Passed as an argument to FUN_9012E.
0x1B91EC,32,0x2091A,arg,MEDIUM,,FUN_9053A,case 2: uVar1 = FUN_ram_0008d84e(DAT_ram_001b91ec),X,,,Diagnostics - OBD / Communication :: Diag Comms Timing Select A argument to FUN_8D84E #6,Passed as an argument to FUN_8D84E.
0x1B91F0,32,0x2091B,arg,MEDIUM,,FUN_90700,"} uVar2 = FUN_ram_0009012e(uVar2,uVar1)",X,,,Diagnostics - OBD / Communication :: Diag Comms Timing Select B argument to FUN_9012E #5,Passed as an argument to FUN_9012E.
0x1B91F4,32,0x2091C,arg,MEDIUM,,FUN_90700,case 2: uVar1 = FUN_ram_0008d84e(DAT_ram_001b91f4),X,,,Diagnostics - OBD / Communication :: Diag Comms Timing Select B argument to FUN_8D84E #6,Passed as an argument to FUN_8D84E.
0x1B91F8,32,0x2091D,arg,MEDIUM,,FUN_9053A,"} uVar2 = FUN_ram_0009012e(uVar2,uVar1)",X,,,Diagnostics - OBD / Communication :: Diag Comms Timing Select A argument to FUN_9012E #7,Passed as an argument to FUN_9012E.
0x1B91FC,32,0x2091E,arg,MEDIUM,,FUN_9053A,case 3: uVar1 = FUN_ram_0008d84e(DAT_ram_001b91fc),X,,,Diagnostics - OBD / Communication :: Diag Comms Timing Select A argument to FUN_8D84E #8,Passed as an argument to FUN_8D84E.
0x1B9200,32,0x2091F,arg,MEDIUM,,FUN_90700,"} uVar2 = FUN_ram_0009012e(uVar2,uVar1)",X,,,Diagnostics - OBD / Communication :: Diag Comms Timing Select B argument to FUN_9012E #7,Passed as an argument to FUN_9012E.
0x1B9204,32,0x20920,arg,MEDIUM,,FUN_90700,case 3: uVar1 = FUN_ram_0008d84e(DAT_ram_001b9204),X,,,Diagnostics - OBD / Communication :: Diag Comms Timing Select B argument to FUN_8D84E #8,Passed as an argument to FUN_8D84E.
0x1B9208,32,0x20921,arg,MEDIUM,,FUN_9053A,"} uVar2 = FUN_ram_0009012e(uVar2,uVar1)",X,,,Diagnostics - OBD / Communication :: Diag Comms Timing Select A argument to FUN_9012E #9,Passed as an argument to FUN_9012E.
0x1B920C,32,0x20922,arg,MEDIUM,,FUN_9053A,case 4: uVar1 = FUN_ram_0008d84e(DAT_ram_001b920c),X,,,Diagnostics - OBD / Communication :: Diag Comms Timing Select A argument to FUN_8D84E #10,Passed as an argument to FUN_8D84E.
0x1B9210,32,0x20923,arg,MEDIUM,,FUN_90700,"} uVar2 = FUN_ram_0009012e(uVar2,uVar1)",X,,,Diagnostics - OBD / Communication :: Diag Comms Timing Select B argument to FUN_9012E #9,Passed as an argument to FUN_9012E.
0x1B9214,32,0x20924,arg,MEDIUM,,FUN_90700,case 4: uVar1 = FUN_ram_0008d84e(DAT_ram_001b9214),X,,,Diagnostics - OBD / Communication :: Diag Comms Timing Select B argument to FUN_8D84E #10,Passed as an argument to FUN_8D84E.
0x1B9218,32,0x20925,arg,MEDIUM,,FUN_9053A,"} uVar2 = FUN_ram_0009012e(uVar2,uVar1)",X,,,Diagnostics - OBD / Communication :: Diag Comms Timing Select A argument to FUN_9012E #11,Passed as an argument to FUN_9012E.
0x1B921C,32,0x20926,arg,MEDIUM,,FUN_9053A,case 5: uVar1 = FUN_ram_0008d84e(DAT_ram_001b921c),X,,,Diagnostics - OBD / Communication :: Diag Comms Timing Select A argument to FUN_8D84E #12,Passed as an argument to FUN_8D84E.
0x1B9220,32,0x20927,arg,MEDIUM,,FUN_90700,"} uVar2 = FUN_ram_0009012e(uVar2,uVar1)",X,,,Diagnostics - OBD / Communication :: Diag Comms Timing Select B argument to FUN_9012E #11,Passed as an argument to FUN_9012E.
0x1B9224,32,0x20928,arg,MEDIUM,,FUN_90700,case 5: uVar1 = FUN_ram_0008d84e(DAT_ram_001b9224),X,,,Diagnostics - OBD / Communication :: Diag Comms Timing Select B argument to FUN_8D84E #12,Passed as an argument to FUN_8D84E.
0x1B9228,32,0x20929,arg,MEDIUM,,FUN_9053A,"} uVar2 = FUN_ram_0009012e(uVar2,uVar1)",X,,,Diagnostics - OBD / Communication :: Diag Comms Timing Select A argument to FUN_9012E #13,Passed as an argument to FUN_9012E.
0x1B922C,32,0x2092A,arg,MEDIUM,,FUN_9053A,case 6: uVar1 = FUN_ram_0008d84e(DAT_ram_001b922c),X,,,Diagnostics - OBD / Communication :: Diag Comms Timing Select A argument to FUN_8D84E #14,Passed as an argument to FUN_8D84E.
0x1B9230,32,0x2092B,arg,MEDIUM,,FUN_90700,"} uVar2 = FUN_ram_0009012e(uVar2,uVar1)",X,,,Diagnostics - OBD / Communication :: Diag Comms Timing Select B argument to FUN_9012E #13,Passed as an argument to FUN_9012E.
0x1B9234,32,0x2092C,arg,MEDIUM,,FUN_90700,case 6: uVar1 = FUN_ram_0008d84e(DAT_ram_001b9234),X,,,Diagnostics - OBD / Communication :: Diag Comms Timing Select B argument to FUN_8D84E #14,Passed as an argument to FUN_8D84E.
0x1B9238,32,0x2092D,arg,MEDIUM,,FUN_9053A,"} uVar2 = FUN_ram_0009012e(uVar2,uVar1)",X,,,Diagnostics - OBD / Communication :: Diag Comms Timing Select A argument to FUN_9012E #15,Passed as an argument to FUN_9012E.
0x1B923C,32,0x2092E,untraced,LOW,,FUN_9053A,,X,,,Diagnostics - OBD / Communication :: Diag Comms Timing Select A parameter #16,Read by FUN_9053A; the trace could not resolve how the value is used (indirect or structure access). Purpose unknown - leave stock.
0x1B9240,32,0x2092F,arg,MEDIUM,,FUN_90700,"} uVar2 = FUN_ram_0009012e(uVar2,uVar1)",X,,,Diagnostics - OBD / Communication :: Diag Comms Timing Select B argument to FUN_9012E #15,Passed as an argument to FUN_9012E.
0x1B9244,32,0x20930,arg,MEDIUM,,FUN_90700,case 7: uVar1 = FUN_ram_0008d84e(DAT_ram_001b9244),X,,,Diagnostics - OBD / Communication :: Diag Comms Timing Select B argument to FUN_8D84E #16,Passed as an argument to FUN_8D84E.
0x1B9248,32,0x20931,arg,MEDIUM,,FUN_9053A,"} uVar2 = FUN_ram_0009012e(uVar2,uVar1)",X,,,Diagnostics - OBD / Communication :: Diag Comms Timing Select A argument to FUN_9012E #17,Passed as an argument to FUN_9012E.
0x1B924C,32,0x20932,untraced,LOW,,FUN_9053A,,X,,,Diagnostics - OBD / Communication :: Diag Comms Timing Select A parameter #18,Read by FUN_9053A; the trace could not resolve how the value is used (indirect or structure access). Purpose unknown - leave stock.
0x1B9250,32,0x20933,arg,MEDIUM,,FUN_90700,"} uVar2 = FUN_ram_0009012e(uVar2,uVar1)",X,,,Diagnostics - OBD / Communication :: Diag Comms Timing Select B argument to FUN_9012E #17,Passed as an argument to FUN_9012E.
0x1B9254,32,0x20934,arg,MEDIUM,,FUN_90700,case 8: uVar1 = FUN_ram_0008d84e(DAT_ram_001b9254),X,,,Diagnostics - OBD / Communication :: Diag Comms Timing Select B argument to FUN_8D84E #18,Passed as an argument to FUN_8D84E.
0x1B9258,32,0x20935,arg,MEDIUM,,FUN_9053A,"} uVar2 = FUN_ram_0009012e(uVar2,uVar1)",X,,,Diagnostics - OBD / Communication :: Diag Comms Timing Select A argument to FUN_9012E #19,Passed as an argument to FUN_9012E.
0x1B925C,32,0x20936,untraced,LOW,,FUN_9053A,,X,,,Diagnostics - OBD / Communication :: Diag Comms Timing Select A parameter #20,Read by FUN_9053A; the trace could not resolve how the value is used (indirect or structure access). Purpose unknown - leave stock.
0x1B9260,32,0x20937,arg,MEDIUM,,FUN_90700,"} uVar2 = FUN_ram_0009012e(uVar2,uVar1)",X,,,Diagnostics - OBD / Communication :: Diag Comms Timing Select B argument to FUN_9012E #19,Passed as an argument to FUN_9012E.
0x1B9264,32,0x20938,untraced,LOW,,FUN_908C6,,X,,,Diagnostics - OBD / Communication :: Diag Comms Timing Select B parameter #20,"Read by FUN_908C6, FUN_90700; the trace could not resolve how the value is used (indirect or structure access). Purpose unknown - leave stock."
0x1B9268,32,0x20939,arg,MEDIUM,,FUN_9053A,"} uVar2 = FUN_ram_0009012e(uVar2,uVar1)",X,,,Diagnostics - OBD / Communication :: Diag Comms Timing Select A argument to FUN_9012E #21,Passed as an argument to FUN_9012E.
0x1B926C,32,0x2093A,arg,MEDIUM,,FUN_9053A,case 10: uVar1 = FUN_ram_0008d84e(DAT_ram_001b926c),X,,,Diagnostics - OBD / Communication :: Diag Comms Timing Select A argument to FUN_8D84E #22,Passed as an argument to FUN_8D84E.
0x1B9270,32,0x2093B,arg,MEDIUM,,FUN_90700,"} uVar2 = FUN_ram_0009012e(uVar2,uVar1)",X,,,Diagnostics - OBD / Communication :: Diag Comms Timing Select B argument to FUN_9012E #21,Passed as an argument to FUN_9012E.
0x1B9274,32,0x2093C,arg,MEDIUM,,FUN_90700,case 10: uVar1 = FUN_ram_0008d84e(DAT_ram_001b9274),X,,,Diagnostics - OBD / Communication :: Diag Comms Timing Select B argument to FUN_8D84E #22,Passed as an argument to FUN_8D84E.
0x1B9278,32,0x2093D,arg,MEDIUM,,FUN_9053A,"} uVar2 = FUN_ram_0009012e(uVar2,uVar1)",X,,,Diagnostics - OBD / Communication :: Diag Comms Timing Select A argument to FUN_9012E #23,Passed as an argument to FUN_9012E.
0x1B927C,32,0x2093E,arg,MEDIUM,,FUN_9053A,case 0xb: uVar1 = FUN_ram_0008d84e(DAT_ram_001b927c),X,,,Diagnostics - OBD / Communication :: Diag Comms Timing Select A argument to FUN_8D84E #24,Passed as an argument to FUN_8D84E.
0x1B9280,32,0x2093F,arg,MEDIUM,,FUN_90700,"} uVar2 = FUN_ram_0009012e(uVar2,uVar1)",X,,,Diagnostics - OBD / Communication :: Diag Comms Timing Select B argument to FUN_9012E #23,Passed as an argument to FUN_9012E.
0x1B9284,32,0x20940,arg,MEDIUM,,FUN_90700,case 0xb: uVar1 = FUN_ram_0008d84e(DAT_ram_001b9284),X,,,Diagnostics - OBD / Communication :: Diag Comms Timing Select B argument to FUN_8D84E #24,Passed as an argument to FUN_8D84E.
0x1B9288,32,0x20941,arg,MEDIUM,,FUN_9053A,"} uVar2 = FUN_ram_0009012e(uVar2,uVar1)",X,,,Diagnostics - OBD / Communication :: Diag Comms Timing Select A argument to FUN_9012E #25,Passed as an argument to FUN_9012E.
0x1B928C,32,0x20942,arg,MEDIUM,,FUN_9053A,case 0xc: uVar1 = FUN_ram_0008d84e(DAT_ram_001b928c),X,,,Diagnostics - OBD / Communication :: Diag Comms Timing Select A argument to FUN_8D84E #26,Passed as an argument to FUN_8D84E.
0x1B9290,32,0x20943,arg,MEDIUM,,FUN_90700,"} uVar2 = FUN_ram_0009012e(uVar2,uVar1)",X,,,Diagnostics - OBD / Communication :: Diag Comms Timing Select B argument to FUN_9012E #25,Passed as an argument to FUN_9012E.
0x1B9294,32,0x20944,arg,MEDIUM,,FUN_90700,case 0xc: uVar1 = FUN_ram_0008d84e(DAT_ram_001b9294),X,,,Diagnostics - OBD / Communication :: Diag Comms Timing Select B argument to FUN_8D84E #26,Passed as an argument to FUN_8D84E.
0x1B9298,32,0x20945,arg,MEDIUM,,FUN_9053A,"} uVar2 = FUN_ram_0009012e(uVar2,uVar1)",X,,,Diagnostics - OBD / Communication :: Diag Comms Timing Select A argument to FUN_9012E #27,Passed as an argument to FUN_9012E.
0x1B929C,32,0x20946,arg,MEDIUM,,FUN_9053A,case 0xd: uVar1 = FUN_ram_0008d84e(DAT_ram_001b929c),X,,,Diagnostics - OBD / Communication :: Diag Comms Timing Select A argument to FUN_8D84E #28,Passed as an argument to FUN_8D84E.
0x1B92A0,32,0x20947,arg,MEDIUM,,FUN_90700,"} uVar2 = FUN_ram_0009012e(uVar2,uVar1)",X,,,Diagnostics - OBD / Communication :: Diag Comms Timing Select B argument to FUN_9012E #27,Passed as an argument to FUN_9012E.
0x1B92A4,32,0x20948,arg,MEDIUM,,FUN_90700,case 0xd: uVar1 = FUN_ram_0008d84e(DAT_ram_001b92a4),X,,,Diagnostics - OBD / Communication :: Diag Comms Timing Select B argument to FUN_8D84E #28,Passed as an argument to FUN_8D84E.
0x1B92A8,32,0x20949,arg,MEDIUM,,FUN_9053A,"} uVar2 = FUN_ram_0009012e(uVar2,uVar1)",X,,,Diagnostics - OBD / Communication :: Diag Comms Timing Select A argument to FUN_9012E #29,Passed as an argument to FUN_9012E.
0x1B92AC,32,0x2094A,arg,MEDIUM,,FUN_9053A,case 0xe: uVar1 = FUN_ram_0008d84e(DAT_ram_001b92ac),X,,,Diagnostics - OBD / Communication :: Diag Comms Timing Select A argument to FUN_8D84E #30,Passed as an argument to FUN_8D84E.
0x1B92B0,32,0x2094B,arg,MEDIUM,,FUN_90700,"} uVar2 = FUN_ram_0009012e(uVar2,uVar1)",X,,,Diagnostics - OBD / Communication :: Diag Comms Timing Select B argument to FUN_9012E #29,Passed as an argument to FUN_9012E.
0x1B92B4,32,0x2094C,arg,MEDIUM,,FUN_90700,case 0xe: uVar1 = FUN_ram_0008d84e(DAT_ram_001b92b4),X,,,Diagnostics - OBD / Communication :: Diag Comms Timing Select B argument to FUN_8D84E #30,Passed as an argument to FUN_8D84E.
0x1B92B8,32,0x2094D,arg,MEDIUM,,FUN_9053A,"} uVar2 = FUN_ram_0009012e(uVar2,uVar1)",X,,,Diagnostics - OBD / Communication :: Diag Comms Timing Select A argument to FUN_9012E #31,Passed as an argument to FUN_9012E.
0x1B92BC,32,0x2094E,arg,MEDIUM,,FUN_9053A,case 0xf: uVar1 = FUN_ram_0008d84e(DAT_ram_001b92bc),X,,,Diagnostics - OBD / Communication :: Diag Comms Timing Select A argument to FUN_8D84E #32,Passed as an argument to FUN_8D84E.
0x1B92C0,32,0x2094F,arg,MEDIUM,,FUN_90700,"} uVar2 = FUN_ram_0009012e(uVar2,uVar1)",X,,,Diagnostics - OBD / Communication :: Diag Comms Timing Select B argument to FUN_9012E #31,Passed as an argument to FUN_9012E.
0x1B92C4,32,0x20950,arg,MEDIUM,,FUN_90700,case 0xf: uVar1 = FUN_ram_0008d84e(DAT_ram_001b92c4),X,,,Diagnostics - OBD / Communication :: Diag Comms Timing Select B argument to FUN_8D84E #32,Passed as an argument to FUN_8D84E.
0x1B92C8,32,0x20951,arg,MEDIUM,,FUN_9053A,"} uVar2 = FUN_ram_0009012e(uVar2,uVar1)",X,,,Diagnostics - OBD / Communication :: Diag Comms Timing Select A argument to FUN_9012E #33,Passed as an argument to FUN_9012E.
0x1B92CC,32,0x20952,arg,MEDIUM,,FUN_9053A,case 0x10: uVar1 = FUN_ram_0008d84e(DAT_ram_001b92cc),X,,,Diagnostics - OBD / Communication :: Diag Comms Timing Select A argument to FUN_8D84E #34,Passed as an argument to FUN_8D84E.
0x1B92D0,32,0x20953,arg,MEDIUM,,FUN_90700,"} uVar2 = FUN_ram_0009012e(uVar2,uVar1)",X,,,Diagnostics - OBD / Communication :: Diag Comms Timing Select B argument to FUN_9012E #33,Passed as an argument to FUN_9012E.
0x1B92D4,32,0x20954,arg,MEDIUM,,FUN_90700,case 0x10: uVar1 = FUN_ram_0008d84e(DAT_ram_001b92d4),X,,,Diagnostics - OBD / Communication :: Diag Comms Timing Select B argument to FUN_8D84E #34,Passed as an argument to FUN_8D84E.
0x1B9390,32,0x20955,arg,MEDIUM,,FUN_90348,"FUN_ram_00090116(DAT_ram_001b9390,uVar1,param_2)",X,,,Diagnostics - OBD / Communication :: FUN_90348 argument to FUN_90116 #1,Passed as an argument to FUN_90116.
0x1B9394,32,0x20956,arg,MEDIUM,,FUN_90348,if (param_1 == '\x01') { uVar1 = FUN_ram_0008d84e(DAT_ram_001b9394),X,,,Diagnostics - OBD / Communication :: FUN_90348 argument to FUN_8D84E #2,Passed as an argument to FUN_8D84E.
0x1B9398,32,0x20957,arg,MEDIUM,,FUN_903A4,"FUN_ram_00090116(DAT_ram_001b9398,uVar1,param_2)",X,,,Diagnostics - OBD / Communication :: FUN_903A4 argument to FUN_90116 #1,Passed as an argument to FUN_90116.
0x1B939C,32,0x20958,arg,MEDIUM,,FUN_903A4,if (param_1 == '\x01') { uVar1 = FUN_ram_0008d84e(DAT_ram_001b939c),X,,,Diagnostics - OBD / Communication :: FUN_903A4 argument to FUN_8D84E #2,Passed as an argument to FUN_8D84E.
0x1B93A0,32,0x20959,arg,MEDIUM,,FUN_90376,"uVar1 = FUN_ram_0009012e(DAT_ram_001b93a0,uVar1)",X,,,Diagnostics - OBD / Communication :: FUN_90376 argument to FUN_9012E #1,Passed as an argument to FUN_9012E.
0x1B93A4,32,0x2095A,arg,MEDIUM,,FUN_90376,if (param_1 == '\x01') { uVar1 = FUN_ram_0008d84e(DAT_ram_001b93a4),X,,,Diagnostics - OBD / Communication :: FUN_90376 argument to FUN_8D84E #2,Passed as an argument to FUN_8D84E.
0x1B93A8,32,0x2095B,arg,MEDIUM,,FUN_90BC6,"FUN_ram_00090116(DAT_ram_001b93a8,uVar1,param_1)",X,,,Diagnostics - OBD / Communication :: FUN_90BC6 argument to FUN_90116 #1,Passed as an argument to FUN_90116.
0x1B93AC,32,0x2095C,arg,MEDIUM,,FUN_90BC6,uVar1 = FUN_ram_0008d84e(DAT_ram_001b93ac),X,,,Diagnostics - OBD / Communication :: FUN_90BC6 argument to FUN_8D84E #2,Passed as an argument to FUN_8D84E.
0x1B93B0,32,0x2095D,arg,MEDIUM,,FUN_90C04,"FUN_ram_0009012e(DAT_ram_001b93b0,uVar1)",X,,,Diagnostics - OBD / Communication :: FUN_90C04 argument to FUN_9012E #1,Passed as an argument to FUN_9012E.
0x1B93B4,32,0x2095E,untraced,LOW,,FUN_90C04,,X,,,Diagnostics - OBD / Communication :: FUN_90C04 parameter #2,Read by FUN_90C04; the trace could not resolve how the value is used (indirect or structure access). Purpose unknown - leave stock.
0x1B93B8,32,0x2095F,arg,MEDIUM,,FUN_90C26,"FUN_ram_00090116(DAT_ram_001b93b8,uVar1,param_1)",X,,,Diagnostics - OBD / Communication :: FUN_90C26 argument to FUN_90116 #1,Passed as an argument to FUN_90116.
0x1B93BC,32,0x20960,arg,MEDIUM,,FUN_90C26,uVar1 = FUN_ram_0008d84e(DAT_ram_001b93bc),X,,,Diagnostics - OBD / Communication :: FUN_90C26 argument to FUN_8D84E #2,Passed as an argument to FUN_8D84E.
0x1B93C0,32,0x20961,arg,MEDIUM,,FUN_90D6C,"FUN_ram_00090116(DAT_ram_001b93c0,uVar1,param_1)",X,,,Diagnostics - OBD / Communication :: FUN_90D6C argument to FUN_90116 #1,Passed as an argument to FUN_90116.
0x1B93C4,32,0x20962,arg,MEDIUM,,FUN_90D6C,uVar1 = FUN_ram_0008d84e(DAT_ram_001b93c4),X,,,Diagnostics - OBD / Communication :: FUN_90D6C argument to FUN_8D84E #2,Passed as an argument to FUN_8D84E.
0x1B93C8,32,0x20963,arg,MEDIUM,,FUN_90DC0,"FUN_ram_0009012e(DAT_ram_001b93c8,uVar1)",X,,,Diagnostics - OBD / Communication :: FUN_90DC0 argument to FUN_9012E #1,Passed as an argument to FUN_9012E.
0x1B93CC,32,0x20964,arg,MEDIUM,,FUN_90DC0,uVar1 = FUN_ram_0008d84e(DAT_ram_001b93cc),X,,,Diagnostics - OBD / Communication :: FUN_90DC0 argument to FUN_8D84E #2,Passed as an argument to FUN_8D84E.
0x1B93D0,32,0x20965,arg,MEDIUM,,FUN_90DE2,"FUN_ram_00090116(DAT_ram_001b93d0,uVar1,param_1)",X,,,Diagnostics - OBD / Communication :: FUN_90DE2 argument to FUN_90116 #1,Passed as an argument to FUN_90116.
0x1B93D4,32,0x20966,arg,MEDIUM,,FUN_90DE2,uVar1 = FUN_ram_0008d84e(DAT_ram_001b93d4),X,,,Diagnostics - OBD / Communication :: FUN_90DE2 argument to FUN_8D84E #2,Passed as an argument to FUN_8D84E.
0x1B93D8,32,0x20967,arg,MEDIUM,,FUN_90E0A,"FUN_ram_0009012e(DAT_ram_001b93d8,uVar1)",X,,,Diagnostics - OBD / Communication :: FUN_90E0A argument to FUN_9012E #1,Passed as an argument to FUN_9012E.
0x1B93DC,32,0x20968,untraced,LOW,,FUN_90E0A,,X,,,Diagnostics - OBD / Communication :: FUN_90E0A parameter #2,Read by FUN_90E0A; the trace could not resolve how the value is used (indirect or structure access). Purpose unknown - leave stock.
0x1B93E0,32,0x20969,arg,MEDIUM,,FUN_8E5C4,"FUN_ram_00090116(uVar1,uVar2,1)",X,,,Diagnostics - OBD / Communication :: FUN_8E5C4 argument to FUN_90116 #1,Passed as an argument to FUN_90116.
0x1B93E4,32,0x2096A,arg,MEDIUM,,FUN_8E5C4,uVar2 = FUN_ram_0008d84e(DAT_ram_001b93e4),X,,,Diagnostics - OBD / Communication :: FUN_8E5C4 argument to FUN_8D84E #2,Passed as an argument to FUN_8D84E.
0x1B93E8,32,0x2096B,arg,MEDIUM,,FUN_8E6F2,"FUN_ram_00090116(DAT_ram_001b93e8,uVar1,0)",X,,,Diagnostics - OBD / Communication :: FUN_8E6F2 argument to FUN_90116 #1,Passed as an argument to FUN_90116.
0x1B93EC,32,0x2096C,arg,MEDIUM,,FUN_8E6F2,uVar1 = FUN_ram_0008d84e(DAT_ram_001b93ec),X,,,Diagnostics - OBD / Communication :: FUN_8E6F2 argument to FUN_8D84E #2,Passed as an argument to FUN_8D84E.
0x1B93F0,32,0x2096D,arith,MEDIUM,fef050b8,FUN_8E5C4,"DAT_ram_fef050b8 = FUN_ram_0009012e(DAT_ram_001b93f0,uVar2)",X,,,Diagnostics - OBD / Communication :: FUN_8E5C4 factor in fef050b8 #3,"Used in the expression that computes RAM fef050b8 (gain, offset or per-case value)."
0x1B93F4,32,0x2096E,arith,MEDIUM,fef050c1,FUN_8E76C,"DAT_ram_fef050c1 = FUN_ram_0009012e(uVar6,uVar8)",X,,,Diagnostics - OBD / Communication :: FUN_8E5C4 factor in fef050c1 #4,"Used in the expression that computes RAM fef050c1 (gain, offset or per-case value)."
0x1B93F8,32,0x2096F,arg,MEDIUM,,FUN_8E6F2,"FUN_ram_00090116(DAT_ram_001b93f8,uVar1,0)",X,,,Diagnostics - OBD / Communication :: FUN_8E6F2 argument to FUN_90116 #3,Passed as an argument to FUN_90116.
0x1B93FC,32,0x20970,arg,MEDIUM,,FUN_8E6F2,uVar1 = FUN_ram_0008d84e(DAT_ram_001b93fc),X,,,Diagnostics - OBD / Communication :: FUN_8E6F2 argument to FUN_8D84E #4,Passed as an argument to FUN_8D84E.
0x1B9400,16,0x20971,untraced,LOW,,FUN_8F9EE,,X,,,Diagnostics - OBD / Communication :: Diag Comms Parameter parameter #8,"Read by FUN_8F9EE, FUN_8F7E4; the trace could not resolve how the value is used (indirect or structure access). Purpose unknown - leave stock."
0x1B9402,16,0x20972,untraced,LOW,,FUN_8F9EE,,X,,,Diagnostics - OBD / Communication :: Diag Comms Parameter parameter #9,"Read by FUN_8F9EE, FUN_8F7E4; the trace could not resolve how the value is used (indirect or structure access). Purpose unknown - leave stock."
0x1B9404,16,0x20973,untraced,LOW,,FUN_8F9EE,,X,,,Diagnostics - OBD / Communication :: Diag Comms Parameter parameter #10,"Read by FUN_8F9EE, FUN_8F7E4; the trace could not resolve how the value is used (indirect or structure access). Purpose unknown - leave stock."
0x1B9406,16,0x20974,untraced,LOW,,FUN_8F9EE,,X,,,Diagnostics - OBD / Communication :: Diag Comms Parameter parameter #11,"Read by FUN_8F9EE, FUN_8F7E4; the trace could not resolve how the value is used (indirect or structure access). Purpose unknown - leave stock."
0x1B9408,16,0x20975,untraced,LOW,,FUN_8F9EE,,X,,,Diagnostics - OBD / Communication :: Diag Comms Parameter parameter #12,"Read by FUN_8F9EE, FUN_8F7E4; the trace could not resolve how the value is used (indirect or structure access). Purpose unknown - leave stock."
0x1B940A,16,0x20976,untraced,LOW,,FUN_8F9EE,,X,,,Diagnostics - OBD / Communication :: Diag Comms Parameter parameter #13,"Read by FUN_8F9EE, FUN_8F7E4; the trace could not resolve how the value is used (indirect or structure access). Purpose unknown - leave stock."
0x1B9412,16,0x20977,untraced,LOW,,FUN_8F9EE,,X,,,Diagnostics - OBD / Communication :: Diag Comms Parameter parameter #14,"Read by FUN_8F9EE, FUN_8F7E4; the trace could not resolve how the value is used (indirect or structure access). Purpose unknown - leave stock."
0x1B9416,16,0x20978,untraced,LOW,,FUN_8F9EE,,X,,,Diagnostics - OBD / Communication :: Diag Comms Parameter parameter #15,"Read by FUN_8F9EE, FUN_8F7E4; the trace could not resolve how the value is used (indirect or structure access). Purpose unknown - leave stock."
0x1B9428,8,0x20979,untraced,LOW,,FUN_8F632,,X,,,Diagnostics - OBD / Communication :: FUN_8F632 parameter #1,Read by FUN_8F632; the trace could not resolve how the value is used (indirect or structure access). Purpose unknown - leave stock.
0x1B942D,8,0x2097A,count,HIGH,fef0510c,FUN_8F3BA,while (DAT_ram_fef0510c <= DAT_ram_001b942d) { FUN_ram_0008efa2(),X,,,Diagnostics - OBD / Communication :: FUN_8F3BA debounce/timer count #2,"Compared with fef0510c, a counter the code steps by 1 each cycle, so this is a cycle count (debounce/delay), not a sensor value."
0x1B942E,8,0x2097B,count,HIGH,fef0510e,FUN_8F0F0,} if (DAT_ram_fef0510e == DAT_ram_001b942e) { DAT_ram_fef050f4 = FUN_ram_000219f6(1),X,,,Diagnostics - OBD / Communication :: Diag Comms Frame Counter debounce/timer count #1,"Compared with fef0510e, a counter the code steps by 1 each cycle, so this is a cycle count (debounce/delay), not a sensor value."
0x1B942F,8,0x2097C,count,HIGH,fef0510e,FUN_8F0F0,} else if (DAT_ram_fef0510e == DAT_ram_001b942f) { iVar2 = FUN_ram_000219f6(1),X,,,Diagnostics - OBD / Communication :: Diag Comms Frame Counter debounce/timer count #2,"Compared with fef0510e, a counter the code steps by 1 each cycle, so this is a cycle count (debounce/delay), not a sensor value."
0x1B9430,8,0x2097D,count,HIGH,fef0510e,FUN_8F0F0,} } if (DAT_ram_fef0510e != DAT_ram_001b9430) { bVar4 = DAT_ram_fef0510e == DAT_ram_001b9431,X,,,Diagnostics - OBD / Communication :: Diag Comms Frame Counter debounce/timer count #3,"Compared with fef0510e, a counter the code steps by 1 each cycle, so this is a cycle count (debounce/delay), not a sensor value."
0x1B9431,8,0x2097E,count,HIGH,fef0510e,FUN_8F0F0,} } if (DAT_ram_fef0510e != DAT_ram_001b9430) { bVar4 = DAT_ram_fef0510e == DAT_ram_001b9431,X,,,Diagnostics - OBD / Communication :: Diag Comms Frame Counter debounce/timer count #4,"Compared with fef0510e, a counter the code steps by 1 each cycle, so this is a cycle count (debounce/delay), not a sensor value."
0x1B9432,8,0x2097F,count,HIGH,fef0510e,FUN_8F0F0,} if (DAT_ram_fef0510e != DAT_ram_001b9432) { bVar4 = DAT_ram_fef0510e == DAT_ram_001b9433,X,,,Diagnostics - OBD / Communication :: Diag Comms Frame Counter debounce/timer count #5,"Compared with fef0510e, a counter the code steps by 1 each cycle, so this is a cycle count (debounce/delay), not a sensor value."
0x1B9433,8,0x20980,count,HIGH,fef0510e,FUN_8F0F0,} if (DAT_ram_fef0510e != DAT_ram_001b9432) { bVar4 = DAT_ram_fef0510e == DAT_ram_001b9433,X,,,Diagnostics - OBD / Communication :: Diag Comms Frame Counter debounce/timer count #6,"Compared with fef0510e, a counter the code steps by 1 each cycle, so this is a cycle count (debounce/delay), not a sensor value."
0x1B9434,8,0x20981,count,HIGH,fef0510e,FUN_8F0F0,} if (DAT_ram_fef0510e != DAT_ram_001b9434) { bVar4 = DAT_ram_fef0510e == DAT_ram_001b9435,X,,,Diagnostics - OBD / Communication :: Diag Comms Frame Counter debounce/timer count #7,"Compared with fef0510e, a counter the code steps by 1 each cycle, so this is a cycle count (debounce/delay), not a sensor value."
0x1B9435,8,0x20982,count,HIGH,fef0510e,FUN_8F0F0,} if (DAT_ram_fef0510e != DAT_ram_001b9434) { bVar4 = DAT_ram_fef0510e == DAT_ram_001b9435,X,,,Diagnostics - OBD / Communication :: Diag Comms Frame Counter debounce/timer count #8,"Compared with fef0510e, a counter the code steps by 1 each cycle, so this is a cycle count (debounce/delay), not a sensor value."
0x1B9436,8,0x20983,count,HIGH,fef0510e,FUN_8F0F0,} if (DAT_ram_fef0510e != DAT_ram_001b9436) { bVar4 = DAT_ram_fef0510e == DAT_ram_001b9437,X,,,Diagnostics - OBD / Communication :: Diag Comms Frame Counter debounce/timer count #9,"Compared with fef0510e, a counter the code steps by 1 each cycle, so this is a cycle count (debounce/delay), not a sensor value."
0x1B9437,8,0x20984,count,HIGH,fef0510e,FUN_8F0F0,} if (DAT_ram_fef0510e != DAT_ram_001b9436) { bVar4 = DAT_ram_fef0510e == DAT_ram_001b9437,X,,,Diagnostics - OBD / Communication :: Diag Comms Frame Counter debounce/timer count #10,"Compared with fef0510e, a counter the code steps by 1 each cycle, so this is a cycle count (debounce/delay), not a sensor value."
0x1B9438,8,0x20985,count,HIGH,fef0510e,FUN_8F0F0,} if (DAT_ram_fef0510e != DAT_ram_001b9438) { bVar4 = DAT_ram_fef0510e == DAT_ram_001b9439,X,,,Diagnostics - OBD / Communication :: Diag Comms Frame Counter debounce/timer count #11,"Compared with fef0510e, a counter the code steps by 1 each cycle, so this is a cycle count (debounce/delay), not a sensor value."
0x1B9439,8,0x20986,count,HIGH,fef0510e,FUN_8F0F0,} if (DAT_ram_fef0510e != DAT_ram_001b9438) { bVar4 = DAT_ram_fef0510e == DAT_ram_001b9439,X,,,Diagnostics - OBD / Communication :: Diag Comms Frame Counter debounce/timer count #12,"Compared with fef0510e, a counter the code steps by 1 each cycle, so this is a cycle count (debounce/delay), not a sensor value."
0x1B943A,8,0x20987,count,HIGH,fef0510e,FUN_8F0F0,} if (DAT_ram_fef0510e != DAT_ram_001b943a) { bVar4 = DAT_ram_fef0510e == DAT_ram_001b943b,X,,,Diagnostics - OBD / Communication :: Diag Comms Frame Counter debounce/timer count #13,"Compared with fef0510e, a counter the code steps by 1 each cycle, so this is a cycle count (debounce/delay), not a sensor value."
0x1B943B,8,0x20988,count,HIGH,fef0510e,FUN_8F0F0,} if (DAT_ram_fef0510e != DAT_ram_001b943a) { bVar4 = DAT_ram_fef0510e == DAT_ram_001b943b,X,,,Diagnostics - OBD / Communication :: Diag Comms Frame Counter debounce/timer count #14,"Compared with fef0510e, a counter the code steps by 1 each cycle, so this is a cycle count (debounce/delay), not a sensor value."
0x1B943C,8,0x20989,count,HIGH,fef0510e,FUN_8F0F0,} if (DAT_ram_fef0510e != DAT_ram_001b943c) { bVar4 = DAT_ram_fef0510e == DAT_ram_001b943d,X,,,Diagnostics - OBD / Communication :: Diag Comms Frame Counter debounce/timer count #15,"Compared with fef0510e, a counter the code steps by 1 each cycle, so this is a cycle count (debounce/delay), not a sensor value."
0x1B943D,8,0x2098A,count,HIGH,fef0510e,FUN_8F0F0,} if (DAT_ram_fef0510e != DAT_ram_001b943c) { bVar4 = DAT_ram_fef0510e == DAT_ram_001b943d,X,,,Diagnostics - OBD / Communication :: Diag Comms Frame Counter debounce/timer count #16,"Compared with fef0510e, a counter the code steps by 1 each cycle, so this is a cycle count (debounce/delay), not a sensor value."
0x1B943E,8,0x2098B,count,HIGH,fef0510e,FUN_8F0F0,} if (DAT_ram_fef0510e != DAT_ram_001b943e) { bVar4 = DAT_ram_fef0510e == DAT_ram_001b943f,X,,,Diagnostics - OBD / Communication :: Diag Comms Frame Counter debounce/timer count #17,"Compared with fef0510e, a counter the code steps by 1 each cycle, so this is a cycle count (debounce/delay), not a sensor value."
0x1B943F,8,0x2098C,count,HIGH,fef0510e,FUN_8F0F0,} if (DAT_ram_fef0510e != DAT_ram_001b943e) { bVar4 = DAT_ram_fef0510e == DAT_ram_001b943f,X,,,Diagnostics - OBD / Communication :: Diag Comms Frame Counter debounce/timer count #18,"Compared with fef0510e, a counter the code steps by 1 each cycle, so this is a cycle count (debounce/delay), not a sensor value."
0x1B9440,8,0x2098D,count,HIGH,fef0510e,FUN_8F0F0,} if (DAT_ram_fef0510e != DAT_ram_001b9440) { bVar4 = DAT_ram_fef0510e == DAT_ram_001b9441,X,,,Diagnostics - OBD / Communication :: Diag Comms Frame Counter debounce/timer count #19,"Compared with fef0510e, a counter the code steps by 1 each cycle, so this is a cycle count (debounce/delay), not a sensor value."
0x1B9441,8,0x2098E,count,HIGH,fef0510e,FUN_8F0F0,} if (DAT_ram_fef0510e != DAT_ram_001b9440) { bVar4 = DAT_ram_fef0510e == DAT_ram_001b9441,X,,,Diagnostics - OBD / Communication :: Diag Comms Frame Counter debounce/timer count #20,"Compared with fef0510e, a counter the code steps by 1 each cycle, so this is a cycle count (debounce/delay), not a sensor value."
0x1B9442,8,0x2098F,count,HIGH,fef0510e,FUN_8F0F0,} if (DAT_ram_fef0510e != DAT_ram_001b9442) { bVar4 = DAT_ram_fef0510e == DAT_ram_001b9443,X,,,Diagnostics - OBD / Communication :: Diag Comms Frame Counter debounce/timer count #21,"Compared with fef0510e, a counter the code steps by 1 each cycle, so this is a cycle count (debounce/delay), not a sensor value."
0x1B9443,8,0x20990,count,HIGH,fef0510e,FUN_8F0F0,} if (DAT_ram_fef0510e != DAT_ram_001b9442) { bVar4 = DAT_ram_fef0510e == DAT_ram_001b9443,X,,,Diagnostics - OBD / Communication :: Diag Comms Frame Counter debounce/timer count #22,"Compared with fef0510e, a counter the code steps by 1 each cycle, so this is a cycle count (debounce/delay), not a sensor value."
0x1B9444,8,0x20991,count,HIGH,fef0510e,FUN_8F0F0,} if (DAT_ram_fef0510e != DAT_ram_001b9444) { bVar4 = DAT_ram_fef0510e == DAT_ram_001b9445,X,,,Diagnostics - OBD / Communication :: Diag Comms Frame Counter debounce/timer count #23,"Compared with fef0510e, a counter the code steps by 1 each cycle, so this is a cycle count (debounce/delay), not a sensor value."
0x1B9445,8,0x20992,count,HIGH,fef0510e,FUN_8F0F0,} if (DAT_ram_fef0510e != DAT_ram_001b9444) { bVar4 = DAT_ram_fef0510e == DAT_ram_001b9445,X,,,Diagnostics - OBD / Communication :: Diag Comms Frame Counter debounce/timer count #24,"Compared with fef0510e, a counter the code steps by 1 each cycle, so this is a cycle count (debounce/delay), not a sensor value."
0x1B9446,8,0x20993,count,HIGH,fef0510e,FUN_8F0F0,} if (DAT_ram_fef0510e != DAT_ram_001b9446) { bVar4 = DAT_ram_fef0510e == DAT_ram_001b9447,X,,,Diagnostics - OBD / Communication :: Diag Comms Frame Counter debounce/timer count #25,"Compared with fef0510e, a counter the code steps by 1 each cycle, so this is a cycle count (debounce/delay), not a sensor value."
0x1B9447,8,0x20994,count,HIGH,fef0510e,FUN_8F0F0,} if (DAT_ram_fef0510e != DAT_ram_001b9446) { bVar4 = DAT_ram_fef0510e == DAT_ram_001b9447,X,,,Diagnostics - OBD / Communication :: Diag Comms Frame Counter debounce/timer count #26,"Compared with fef0510e, a counter the code steps by 1 each cycle, so this is a cycle count (debounce/delay), not a sensor value."
0x1B9448,8,0x20995,count,HIGH,fef0510e,FUN_8F0F0,"if ((DAT_ram_fef0510e == DAT_ram_001b9448) || (cVar1 = DAT_ram_001b944b, DAT_ram_fef0510e == DAT_ram_001b9449)) { DAT_ram_fef0510e = cVar1",X,,,Diagnostics - OBD / Communication :: Diag Comms Frame Counter debounce/timer count #27,"Compared with fef0510e, a counter the code steps by 1 each cycle, so this is a cycle count (debounce/delay), not a sensor value."
0x1B9449,8,0x20996,count,HIGH,fef0510e,FUN_8F0F0,"if ((DAT_ram_fef0510e == DAT_ram_001b9448) || (cVar1 = DAT_ram_001b944b, DAT_ram_fef0510e == DAT_ram_001b9449)) { DAT_ram_fef0510e = cVar1",X,,,Diagnostics - OBD / Communication :: Diag Comms Frame Counter debounce/timer count #28,"Compared with fef0510e, a counter the code steps by 1 each cycle, so this is a cycle count (debounce/delay), not a sensor value."
0x1B944A,8,0x20997,default,HIGH,fef0510e,FUN_8F0F0,"if ((DAT_ram_fef0510e == DAT_ram_001b9448) || (cVar1 = DAT_ram_001b944b, DAT_ram_fef0510e == DAT_ram_001b9449)) { DAT_ram_fef0510e = cVar1",X,,,Diagnostics - OBD / Communication :: Diag Comms Frame Counter value written to fef0510e #29,"Written directly into RAM fef0510e (initial, fallback or target value). Writer of fef0510e: FUN_8F0F0 (expr)."
0x1B944B,8,0x20998,default,HIGH,fef0510e,FUN_8F0F0,"if ((DAT_ram_fef0510e == DAT_ram_001b9448) || (cVar1 = DAT_ram_001b944b, DAT_ram_fef0510e == DAT_ram_001b9449)) { DAT_ram_fef0510e = cVar1",X,,,Diagnostics - OBD / Communication :: Diag Comms Frame Counter value written to fef0510e #30,"Written directly into RAM fef0510e (initial, fallback or target value). Writer of fef0510e: FUN_8F0F0 (expr)."
0x1B944E,8,0x20999,arg,MEDIUM,,FUN_9016C,} iVar2 = FUN_ram_0008d8e4(uVar1),X,,,Diagnostics - OBD / Communication :: Diag Comms Timing Select E argument to FUN_8D8E4 #1,Passed as an argument to FUN_8D8E4.
0x1B944F,8,0x2099A,arg,MEDIUM,,FUN_9016C,} iVar2 = FUN_ram_0008d8e4(uVar1),X,,,Diagnostics - OBD / Communication :: Diag Comms Timing Select E argument to FUN_8D8E4 #2,Passed as an argument to FUN_8D8E4.
0x1B9450,8,0x2099B,arg,MEDIUM,,FUN_9016C,} iVar2 = FUN_ram_0008d8e4(uVar1),X,,,Diagnostics - OBD / Communication :: Diag Comms Timing Select E argument to FUN_8D8E4 #3,Passed as an argument to FUN_8D8E4.
0x1B9451,8,0x2099C,arg,MEDIUM,,FUN_9016C,} iVar2 = FUN_ram_0008d8e4(uVar1),X,,,Diagnostics - OBD / Communication :: Diag Comms Timing Select E argument to FUN_8D8E4 #4,Passed as an argument to FUN_8D8E4.
0x1B9452,8,0x2099D,arg,MEDIUM,,FUN_9016C,} iVar2 = FUN_ram_0008d8e4(uVar1),X,,,Diagnostics - OBD / Communication :: Diag Comms Timing Select E argument to FUN_8D8E4 #5,Passed as an argument to FUN_8D8E4.
0x1B9453,8,0x2099E,arg,MEDIUM,,FUN_9016C,} iVar2 = FUN_ram_0008d8e4(uVar1),X,,,Diagnostics - OBD / Communication :: Diag Comms Timing Select E argument to FUN_8D8E4 #6,Passed as an argument to FUN_8D8E4.
0x1B9454,8,0x2099F,arg,MEDIUM,,FUN_9016C,} iVar2 = FUN_ram_0008d8e4(uVar1),X,,,Diagnostics - OBD / Communication :: Diag Comms Timing Select E argument to FUN_8D8E4 #7,Passed as an argument to FUN_8D8E4.
0x1B9455,8,0x209A0,arg,MEDIUM,,FUN_9016C,} iVar2 = FUN_ram_0008d8e4(uVar1),X,,,Diagnostics - OBD / Communication :: Diag Comms Timing Select E argument to FUN_8D8E4 #8,Passed as an argument to FUN_8D8E4.
0x1B9456,8,0x209A1,arg,MEDIUM,,FUN_9016C,} iVar2 = FUN_ram_0008d8e4(uVar1),X,,,Diagnostics - OBD / Communication :: Diag Comms Timing Select E argument to FUN_8D8E4 #9,Passed as an argument to FUN_8D8E4.
0x1B9457,8,0x209A2,arg,MEDIUM,,FUN_9016C,} iVar2 = FUN_ram_0008d8e4(uVar1),X,,,Diagnostics - OBD / Communication :: Diag Comms Timing Select E argument to FUN_8D8E4 #10,Passed as an argument to FUN_8D8E4.
0x1B9458,8,0x209A3,arg,MEDIUM,,FUN_9016C,} iVar2 = FUN_ram_0008d8e4(uVar1),X,,,Diagnostics - OBD / Communication :: Diag Comms Timing Select E argument to FUN_8D8E4 #11,Passed as an argument to FUN_8D8E4.
0x1B9459,8,0x209A4,arg,MEDIUM,,FUN_9016C,} iVar2 = FUN_ram_0008d8e4(uVar1),X,,,Diagnostics - OBD / Communication :: Diag Comms Timing Select E argument to FUN_8D8E4 #12,Passed as an argument to FUN_8D8E4.
0x1B945A,8,0x209A5,arg,MEDIUM,,FUN_9016C,} iVar2 = FUN_ram_0008d8e4(uVar1),X,,,Diagnostics - OBD / Communication :: Diag Comms Timing Select E argument to FUN_8D8E4 #13,Passed as an argument to FUN_8D8E4.
0x1B945B,8,0x209A6,arg,MEDIUM,,FUN_9016C,} iVar2 = FUN_ram_0008d8e4(uVar1),X,,,Diagnostics - OBD / Communication :: Diag Comms Timing Select E argument to FUN_8D8E4 #14,Passed as an argument to FUN_8D8E4.
0x1B945C,8,0x209A7,arg,MEDIUM,,FUN_9016C,} iVar2 = FUN_ram_0008d8e4(uVar1),X,,,Diagnostics - OBD / Communication :: Diag Comms Timing Select E argument to FUN_8D8E4 #15,Passed as an argument to FUN_8D8E4.
0x1B945D,8,0x209A8,arg,MEDIUM,,FUN_9016C,} iVar2 = FUN_ram_0008d8e4(uVar1),X,,,Diagnostics - OBD / Communication :: Diag Comms Timing Select E argument to FUN_8D8E4 #16,Passed as an argument to FUN_8D8E4.
0x1B945E,8,0x209A9,arg,MEDIUM,,FUN_90BEE,iVar1 = FUN_ram_0008d8e4(DAT_ram_001b945e),X,,,Diagnostics - OBD / Communication :: FUN_90BEE argument to FUN_8D8E4 #1,Passed as an argument to FUN_8D8E4.
0x1B945F,8,0x209AA,arg,MEDIUM,,FUN_90D94,iVar1 = FUN_ram_0008d8e4(DAT_ram_001b945f),X,,,Diagnostics - OBD / Communication :: FUN_90D94 argument to FUN_8D8E4 #1,Passed as an argument to FUN_8D8E4.
0x1B9460,8,0x209AB,arg,MEDIUM,,FUN_90DAA,iVar1 = FUN_ram_0008d8e4(DAT_ram_001b9460),X,,,Diagnostics - OBD / Communication :: FUN_90DAA argument to FUN_8D8E4 #1,Passed as an argument to FUN_8D8E4.
0x1B9461,8,0x209AC,arg,MEDIUM,,FUN_8E76C,FUN_ram_0008d8e4(DAT_ram_001b9461),X,,,Diagnostics - OBD / Communication :: FUN_8E76C argument to FUN_8D8E4 #1,Passed as an argument to FUN_8D8E4.
0x1B9462,8,0x209AD,cmp_local,MEDIUM,,FUN_8EA52,"if (DAT_ram_001b9462 <= (iVar1 >> 8)) { FUN_ram_0008e6d2(DAT_ram_fef050d8,1)",X,,,Diagnostics - OBD / Communication :: FUN_8EA52 threshold (computed input) #1,Compared with a value computed inside the function (not a single RAM variable).
0x1B9463,8,0x209AE,cmp_local,MEDIUM,,FUN_8EA52,} else if ((DAT_ram_fef050dd == '\x02') && ((iVar1 >> 8) <= DAT_ram_001b9463)) { iVar1 = FUN_ram_000219f6(1),X,,,Diagnostics - OBD / Communication :: FUN_8EA52 threshold (computed input) #2,Compared with a value computed inside the function (not a single RAM variable).
0x1B9464,8,0x209AF,arg,MEDIUM,,FUN_8EA52,iVar1 = FUN_ram_0008d8e4(DAT_ram_001b9464),X,,,Diagnostics - OBD / Communication :: FUN_8EA52 argument to FUN_8D8E4 #3,Passed as an argument to FUN_8D8E4.
0x1B9465,8,0x209B0,arg,MEDIUM,,FUN_8EA52,iVar1 = FUN_ram_0008d8e4(DAT_ram_001b9465),X,,,Diagnostics - OBD / Communication :: FUN_8EA52 argument to FUN_8D8E4 #4,Passed as an argument to FUN_8D8E4.
0x1B9466,16,0x209B1,threshold,HIGH,fef025c0 = Atmospheric pressure (AP),FUN_95F08,if ((((DAT_ram_001b9466 <= uVar1) && (DAT_ram_001b9470 <= bVar2)) && ((DAT_ram_fef06817 << 0x1e) < 0)) && (iVar4 == 0)) { bVar5 = 599 < uVar,(X-7862)/393.14,,,Diagnostics - OBD / Communication :: FUN_95F08 pressure threshold #1,Compared with fef025c0 = Atmospheric pressure (AP) (meaning verified from the code that writes it).
0x1B946A,16,0x209B3,threshold,HIGH,fef0258e = Engine speed,FUN_95EDC,"if ((DAT_ram_fef0258e < DAT_ram_001b946a) || (DAT_ram_fef06816 = 1, DAT_ram_fef0773",X/2.56,,,Diagnostics - OBD / Communication :: FUN_95EDC RPM threshold #1,Compared with fef0258e = Engine speed (meaning verified from the code that writes it).
0x1B946E,16,0x209B5,threshold,HIGH,fef025d2 = Throttle or grip angle (selected),FUN_96008,if (((DAT_ram_001b946e < uVar2) || (DAT_ram_001b9468 < uVar3)) || (iVar5 != 0)) { bVar1 = false,X/364.08,,,Diagnostics - OBD / Communication :: FUN_96008 throttle threshold #2,Compared with fef025d2 = Throttle or grip angle (selected) (meaning verified from the code that writes it).
0x1B9470,8,0x209B6,threshold,HIGH,fef026c3 = Intake air temperature (IAT),FUN_95F08,if ((((DAT_ram_001b9466 <= uVar1) && (DAT_ram_001b9470 <= bVar2)) && ((DAT_ram_fef06817 << 0x1e) < 0)) && (iVar4 == 0)) { bVar5 = 599 < uVar,X,,,Diagnostics - OBD / Communication :: FUN_95F08 intake-air-temp threshold #2,Compared with fef026c3 = Intake air temperature (IAT) (meaning verified from the code that writes it).
0x1B9471,8,0x209B7,untraced,LOW,,FUN_924B8,,X,,,Diagnostics - OBD / Communication :: FUN_924B8 parameter #1,Read by FUN_924B8; the trace could not resolve how the value is used (indirect or structure access). Purpose unknown - leave stock.
0x1B9472,8,0x209B8,untraced,LOW,,FUN_924AE,,X,,,Diagnostics - OBD / Communication :: FUN_924AE parameter #1,Read by FUN_924AE; the trace could not resolve how the value is used (indirect or structure access). Purpose unknown - leave stock.
0x1B9473,8,0x209B9,untraced,LOW,,,,X,,,Diagnostics - OBD / Communication :: FUN_9B9A6 parameter #1,"No code reads this address directly (only data/pointer references), so it is probably a field inside a structure. Purpose unknown - leave stock."
0x1B9474,8,0x209BA,untraced,LOW,,,,X,,,Diagnostics - OBD / Communication :: FUN_9B9A6 parameter #2,"No code reads this address directly (only data/pointer references), so it is probably a field inside a structure. Purpose unknown - leave stock."
0x1B9475,8,0x209BB,untraced,LOW,,FUN_15B4AC,,X,,,Diagnostics - OBD / Communication :: FUN_9B9A6 parameter #3,Read by FUN_15B4AC; the trace could not resolve how the value is used (indirect or structure access). Purpose unknown - leave stock.
0x1B9476,8,0x209BC,cmp_local,MEDIUM,,FUN_9C9A2,if ((cStack_9 == '\x03') || (DAT_ram_001b9476 <= *(byte *)(param_1 + 0x95))) { uVar1 = 1,X,,,Diagnostics - OBD / Communication :: FUN_9B9A6 threshold (computed input) #4,Compared with a value computed inside the function (not a single RAM variable).
0x1B9477,8,0x209BD,untraced,LOW,,FUN_9CB3C,,X,,,Diagnostics - OBD / Communication :: FUN_9CB3C parameter #1,Read by FUN_9CB3C; the trace could not resolve how the value is used (indirect or structure access). Purpose unknown - leave stock.
0x1B9511,8,0x209BE,count,HIGH,fef06dca,FUN_9E3B0,if (DAT_ram_fef06dc2 == '\0') { if (DAT_ram_001b95,X,,,Diagnostics - OBD / Communication :: FUN_9951E debounce/timer count #1,"Compared with fef06dca, a counter the code steps by 1 each cycle, so this is a cycle count (debounce/delay), not a sensor value."
0x1B9548,32,0x209BF,untraced,LOW,,,,X,,,Diagnostics - OBD / Communication :: OBD Readiness / Monitor Config parameter #1,"No code reads this address directly (only data/pointer references), so it is probably a field inside a structure. Purpose unknown - leave stock."
0x1B954C,32,0x209C0,untraced,LOW,,,,X,,,Diagnostics - OBD / Communication :: OBD Readiness / Monitor Config parameter #2,"No code reads this address directly (only data/pointer references), so it is probably a field inside a structure. Purpose unknown - leave stock."
0x1B9550,32,0x209C1,untraced,LOW,,,,X,,,Diagnostics - OBD / Communication :: OBD Readiness / Monitor Config parameter #3,"No code reads this address directly (only data/pointer references), so it is probably a field inside a structure. Purpose unknown - leave stock."
0x1B9554,32,0x209C2,untraced,LOW,,,,X,,,Diagnostics - OBD / Communication :: OBD Readiness / Monitor Config parameter #4,"No code reads this address directly (only data/pointer references), so it is probably a field inside a structure. Purpose unknown - leave stock."
0x1B9558,32,0x209C3,untraced,LOW,,,,X,,,Diagnostics - OBD / Communication :: OBD Readiness / Monitor Config parameter #5,"No code reads this address directly (only data/pointer references), so it is probably a field inside a structure. Purpose unknown - leave stock."
0x1B9568,32,0x209C4,untraced,LOW,,FUN_9393A,,X,,,Diagnostics - DTC Lamp Control :: FUN_9393A parameter #1,Read by FUN_9393A; the trace could not resolve how the value is used (indirect or structure access). Purpose unknown - leave stock.
0x1B956C,32,0x209C5,untraced,LOW,,FUN_9393A,,X,,,Diagnostics - DTC Lamp Control :: FUN_9393A parameter #2,Read by FUN_9393A; the trace could not resolve how the value is used (indirect or structure access). Purpose unknown - leave stock.
0x1B9570,32,0x209C6,untraced,LOW,,FUN_9393A,,X,,,Diagnostics - DTC Lamp Control :: FUN_9393A parameter #3,Read by FUN_9393A; the trace could not resolve how the value is used (indirect or structure access). Purpose unknown - leave stock.
0x1B9574,32,0x209C7,untraced,LOW,,FUN_9393A,,X,,,Diagnostics - DTC Lamp Control :: FUN_9393A parameter #4,Read by FUN_9393A; the trace could not resolve how the value is used (indirect or structure access). Purpose unknown - leave stock.
0x1B9578,32,0x209C8,untraced,LOW,,FUN_9393A,,X,,,Diagnostics - DTC Lamp Control :: FUN_9393A parameter #5,Read by FUN_9393A; the trace could not resolve how the value is used (indirect or structure access). Purpose unknown - leave stock.
0x1B959C,32,0x209C9,untraced,LOW,,,,X,,,Diagnostics - OBD / Communication :: OBD Readiness / Monitor Config parameter #6,"No code reads this address directly (only data/pointer references), so it is probably a field inside a structure. Purpose unknown - leave stock."
0x1B963F,8,0x209CA,untraced,LOW,,,,X,,,Diagnostics - DTC Lamp Control :: FUN_943D2 parameter #1,"No code reads this address directly (only data/pointer references), so it is probably a field inside a structure. Purpose unknown - leave stock."
0x1B964A,16,0x209CB,array,MEDIUM,,FUN_93464,do { if ((&DAT_ram_001b964a)[uVar1] == param_1) break,X,,,Diagnostics - DTC Lamp Control :: FUN_93464 table element #1,Part of a table the code reads by index.
0x1B964C,16,0x209CC,untraced,LOW,,FUN_93464,,X,,,Diagnostics - DTC Lamp Control :: FUN_93464 parameter #2,Read by FUN_93464; the trace could not resolve how the value is used (indirect or structure access). Purpose unknown - leave stock.
0x1B966C,8,0x209CD,array,MEDIUM,,FUN_93E86,"do { if ((&DAT_ram_001b966c)[iVar1] == '\0') { FUN_ram_0009a752(iVar1,0,0,0,4)",X,,,Diagnostics - DTC Lamp Control :: FUN_93E86 table element #1,Part of a table the code reads by index.
0x1B966D,8,0x209CE,untraced,LOW,,FUN_93E86,,X,,,Diagnostics - DTC Lamp Control :: FUN_93E86 parameter #2,Read by FUN_93E86; the trace could not resolve how the value is used (indirect or structure access). Purpose unknown - leave stock.
0x1BA0C4,16,0x209CF,array,MEDIUM,,FUN_9F614,if (DAT_ram_fef07764 - 0x20 < 4) { *param_1 = (&DAT_ram_001ba0,X,,,Diagnostics - OBD / Communication :: FUN_9F7EA table element #1,Part of a table the code reads by index.
0x1BA0C8,16,0x209D0,untraced,LOW,,FUN_9FEC6,,X,,,Diagnostics - OBD / Communication :: FUN_9F7EA parameter #2,"Read by FUN_9FEC6, FUN_9F7EA; the trace could not resolve how the value is used (indirect or structure access). Purpose unknown - leave stock."
0x1BA180,32,0x209D1,untraced,LOW,,FUN_9BFD8,,X,,,Diagnostics - OBD / Communication :: OBD Freeze-Frame / Readiness Config parameter #1,Read by FUN_9BFD8; the trace could not resolve how the value is used (indirect or structure access). Purpose unknown - leave stock.
0x1BA184,16,0x209D2,array,MEDIUM,,FUN_9C1B8,if ((&DAT_ram_001ba184)[uVar8 * 2] == -1) break,X,,,Diagnostics - OBD / Communication :: OBD Freeze-Frame / Readiness Config table element #2,Part of a table the code reads by index.
0x1BA186,8,0x209D3,array,MEDIUM,,FUN_9C1B8,sVar7 = sVar7 + (&DAT_ram_001ba186)[iVar5],X,,,Diagnostics - OBD / Communication :: OBD Freeze-Frame / Readiness Config table element #3,Part of a table the code reads by index.
0x1BA188,16,0x209D4,arg,MEDIUM,,FUN_98D6C,} FUN_ram_00026a9e(DAT_ram_001ba188),X,,,Diagnostics - OBD / Communication :: FUN_98D6C argument to FUN_26A9E #1,Passed as an argument to FUN_26A9E.
0x1BA1D0,8,0x209D5,untraced,LOW,,FUN_99394,,X,,,Diagnostics - OBD / Communication :: OBD Service Config parameter #9,"Read by FUN_99394, FUN_992E4; the trace could not resolve how the value is used (indirect or structure access). Purpose unknown - leave stock."
0x1BA1D1,8,0x209D6,untraced,LOW,,FUN_99394,,X,,,Diagnostics - OBD / Communication :: OBD Service Config parameter #10,"Read by FUN_99394, FUN_992E4; the trace could not resolve how the value is used (indirect or structure access). Purpose unknown - leave stock."
0x1BA1D2,8,0x209D7,untraced,LOW,,FUN_99394,,X,,,Diagnostics - OBD / Communication :: OBD Service Config parameter #11,"Read by FUN_99394, FUN_992E4; the trace could not resolve how the value is used (indirect or structure access). Purpose unknown - leave stock."
0x1BA1D3,8,0x209D8,untraced,LOW,,FUN_99394,,X,,,Diagnostics - OBD / Communication :: OBD Service Config parameter #12,"Read by FUN_99394, FUN_992E4; the trace could not resolve how the value is used (indirect or structure access). Purpose unknown - leave stock."
0x1BA1D4,8,0x209D9,untraced,LOW,,FUN_99394,,X,,,Diagnostics - OBD / Communication :: OBD Service Config parameter #13,"Read by FUN_99394, FUN_992E4; the trace could not resolve how the value is used (indirect or structure access). Purpose unknown - leave stock."
0x1BA1D5,8,0x209DA,untraced,LOW,,FUN_99394,,X,,,Diagnostics - OBD / Communication :: OBD Service Config parameter #14,"Read by FUN_99394, FUN_992E4; the trace could not resolve how the value is used (indirect or structure access). Purpose unknown - leave stock."
0x1BA1D6,16,0x209DB,cmp_local,MEDIUM,,FUN_9BF20,if (*(ushort *)PTR_DAT_ram_001ba1d6_ram_001ba480 <= uVar1) { return 1,X,,,Diagnostics - OBD / Communication :: FUN_9BF20 threshold (computed input) #1,Compared with a value computed inside the function (not a single RAM variable).
0x1BA1D8,16,0x209DC,cmp_local,MEDIUM,,FUN_9BFD8,if ((*(short *)PTR_DAT_ram_001ba1da_ram_001ba48c != 0) && (*(ushort *)PTR_DAT_ram_001ba1d8_ram_001ba490 <= uVar1)) { if (*(ushort *)PTR_DAT_,X,,,Diagnostics - OBD / Communication :: OBD Freeze-Frame / Readiness Config threshold (computed input) #4,Compared with a value computed inside the function (not a single RAM variable).
0x1BA1DA,16,0x209DD,cmp_local,MEDIUM,,FUN_9BFD8,if ((*(short *)PTR_DAT_ram_001ba1da_ram_001ba48c != 0) && (*(ushort *)PTR_DAT_ram_001ba1d8_ram_001ba490 <= uVar1)) { if (*(ushort *)PTR_DAT_,X,,,Diagnostics - OBD / Communication :: OBD Freeze-Frame / Readiness Config threshold (computed input) #5,Compared with a value computed inside the function (not a single RAM variable).
0x1BA1DC,8,0x209DE,untraced,LOW,,FUN_9D548,,X,,,Diagnostics - OBD / Communication :: FUN_9D1D0 parameter #1,Read by FUN_9D548; the trace could not resolve how the value is used (indirect or structure access). Purpose unknown - leave stock.
0x1BA1DD,8,0x209DF,untraced,LOW,,,,X,,,Diagnostics - OBD / Communication :: FUN_9D1D0 parameter #2,"No code reads this address directly (only data/pointer references), so it is probably a field inside a structure. Purpose unknown - leave stock."
0x1BA1DE,8,0x209E0,untraced,LOW,,FUN_9CB3C,,X,,,Diagnostics - OBD / Communication :: FUN_9CB3C parameter #2,Read by FUN_9CB3C; the trace could not resolve how the value is used (indirect or structure access). Purpose unknown - leave stock.
0x1BA1DF,8,0x209E1,cmp_local,MEDIUM,,FUN_9CC1A,if (DAT_ram_001ba1df == '\x01') { param_2[2] = 1,X,,,Diagnostics - OBD / Communication :: FUN_9CC1A threshold (computed input) #1,Compared with a value computed inside the function (not a single RAM variable).
0x1BA1E0,8,0x209E2,arg,MEDIUM,,FUN_99AAA,iVar2 = FUN_ram_000999f0(DAT_ram_001ba1e0),X,,,Diagnostics - DTC Lamp Control :: FUN_99AAA argument to FUN_999F0 #1,Passed as an argument to FUN_999F0.
0x1BA1E1,8,0x209E3,cmp_local,MEDIUM,,FUN_9A65A,while( true ) { if (DAT_ram_001ba1e1 <= iVar3) goto LAB_ram_0009a6b4,X,,,Diagnostics - OBD / Communication :: OBD Service Config threshold (computed input) #15,Compared with a value computed inside the function (not a single RAM variable).
0x1BA1E2,8,0x209E4,cmp_local,MEDIUM,,FUN_992E4,"if (DAT_ram_001ba1e2 == '\x01') { FUN_ram_000991ae(param_2,param_3,CONCAT11(DAT_ram_001ba1d3,DAT_ram_001ba1d2),uVar1,param_1,0,2)",X,,,Diagnostics - OBD / Communication :: OBD Service Config threshold (computed input) #16,Compared with a value computed inside the function (not a single RAM variable).
0x1BA1E3,8,0x209E5,untraced,LOW,,FUN_9BFD8,,X,,,Diagnostics - OBD / Communication :: OBD Freeze-Frame / Readiness Config parameter #6,Read by FUN_9BFD8; the trace could not resolve how the value is used (indirect or structure access). Purpose unknown - leave stock.
0x1BA1EE,8,0x209E6,array,MEDIUM,,FUN_97CAA,uVar1 = (&DAT_ram_001ba1ee)[iVar6],X,,,Diagnostics - OBD / Communication :: FUN_9901A table element #1,Part of a table the code reads by index.
0x1BA1F0,8,0x209E7,array,MEDIUM,,FUN_97CAA,bVar2 = (&DAT_ram_001ba1f0)[iVar6],X,,,Diagnostics - OBD / Communication :: FUN_9901A table element #2,Part of a table the code reads by index.
0x1BA1FE,16,0x209E8,untraced,LOW,,FUN_97CAA,,X,,,Diagnostics - OBD / Communication :: FUN_9901A parameter #3,"Read by FUN_97CAA, FUN_97D5E, FUN_9901A; the trace could not resolve how the value is used (indirect or structure access). Purpose unknown - leave stock."
0x1BA206,8,0x209E9,untraced,LOW,,FUN_9901A,,X,,,Diagnostics - OBD / Communication :: FUN_9901A parameter #4,Read by FUN_9901A; the trace could not resolve how the value is used (indirect or structure access). Purpose unknown - leave stock.
0x1BA216,16,0x209EA,untraced,LOW,,FUN_9901A,,X,,,Diagnostics - OBD / Communication :: FUN_9901A parameter #5,Read by FUN_9901A; the trace could not resolve how the value is used (indirect or structure access). Purpose unknown - leave stock.
0x1BA218,8,0x209EB,cmp_local,MEDIUM,,FUN_97EF2,uVar4 = (DAT_ram_001ba218 == '\x04') * 6 + (DAT_ram_001ba218 != '\x04') * 7,X,,,Diagnostics - OBD / Communication :: FUN_97EF2 threshold (computed input) #1,Compared with a value computed inside the function (not a single RAM variable).
0x1BA21B,8,0x209EC,array,MEDIUM,,FUN_97E0A,uVar1 = (&DAT_ram_001ba21b)[iVar4],X,,,Diagnostics - OBD / Communication :: FUN_98BBA table element #1,Part of a table the code reads by index.
0x1BA21C,8,0x209ED,cmp_local,MEDIUM,,FUN_980B2,if ((&DAT_ram_001ba1ef)[(param_2 & 0xff) * 0x18] < DAT_ram_001ba21c) { uVar2 = 1,X,,,Diagnostics - OBD / Communication :: FUN_980B2 threshold (computed input) #1,Compared with a value computed inside the function (not a single RAM variable).
0x1BA21D,8,0x209EE,cmp_local,MEDIUM,,FUN_988E0,} if ((param_1 & 0xff) != DAT_ram_001ba21d) { return,X,,,Diagnostics - OBD / Communication :: FUN_988E0 threshold (computed input) #1,Compared with a value computed inside the function (not a single RAM variable).
0x1BA220,16,0x209EF,arg,MEDIUM,,FUN_988E0,"} if (bVar2 < 0x32) { FUN_ram_00097c6c(uVar6,0,DAT_ram_001ba220)",X,,,Diagnostics - OBD / Communication :: FUN_988E0 argument to FUN_97C6C #2,Passed as an argument to FUN_97C6C.
0x1BA224,16,0x209F0,arg,MEDIUM,,FUN_988C0,"FUN_ram_000987fa(param_1,DAT_ram_fef06bdc,DAT_ram_001ba224)",X,,,Diagnostics - OBD / Communication :: FUN_988C0 argument to FUN_987FA #1,Passed as an argument to FUN_987FA.
0x1BA226,16,0x209F1,cmp_local,MEDIUM,,FUN_98C6C,if ((DAT_ram_001ba226 == param_1) && (((((DAT_ram_fef06bdb != 'I' && (DAT_ram_fef06bdb != 'J')) && (DAT_ram_fef06bdb != 'L')) && (((DAT_ram_,X,,,Diagnostics - OBD / Communication :: FUN_98016 threshold (computed input) #1,Compared with a value computed inside the function (not a single RAM variable).
0x1BA228,8,0x209F2,array,MEDIUM,,FUN_A0068,} local_1c = (&DAT_ram_001ba228)[uVar3 * 0xc],X,,,Diagnostics - OBD / Communication :: FUN_A00BE table element #1,Part of a table the code reads by index.
0x1BA229,8,0x209F3,array,MEDIUM,,FUN_A397A,"} } FUN_ram_000a1e40((&DAT_ram_001ba229)[iVar1 * 0xc],(&DAT_ram_001ba22a)[iVar1 * 0xc],&cStack_e, &cStack_d)",X,,,Diagnostics - OBD / Communication :: FUN_A397A table element #1,Part of a table the code reads by index.
0x1BA22A,8,0x209F4,array,MEDIUM,,FUN_A397A,"} } FUN_ram_000a1e40((&DAT_ram_001ba229)[iVar1 * 0xc],(&DAT_ram_001ba22a)[iVar1 * 0xc],&cStack_e, &cStack_d)",X,,,Diagnostics - OBD / Communication :: FUN_A397A table element #2,Part of a table the code reads by index.
0x1BA234,8,0x209F5,untraced,LOW,,FUN_A397A,,X,,,Diagnostics - OBD / Communication :: FUN_A397A parameter #3,Read by FUN_A397A; the trace could not resolve how the value is used (indirect or structure access). Purpose unknown - leave stock.
0x1BA240,32,0x209F6,cmp_local,MEDIUM,,FUN_9F972,if (pcVar1 != (code *)0x0) { iVar4 = (*pcVar1)(param_1),X,,,Diagnostics - OBD / Communication :: FUN_9F972 threshold (computed input) #1,Compared with a value computed inside the function (not a single RAM variable).
0x1BA274,32,0x209F7,untraced,LOW,,,,X,,,Diagnostics - OBD / Communication :: OBD Readiness / Monitor Config parameter #7,"No code reads this address directly (only data/pointer references), so it is probably a field inside a structure. Purpose unknown - leave stock."
0x1BA27C,32,0x209F8,untraced,LOW,,,,X,,,Diagnostics - OBD / Communication :: OBD Readiness / Monitor Config parameter #8,"No code reads this address directly (only data/pointer references), so it is probably a field inside a structure. Purpose unknown - leave stock."
0x1BA284,32,0x209F9,untraced,LOW,,,,X,,,Diagnostics - OBD / Communication :: OBD Readiness / Monitor Config parameter #9,"No code reads this address directly (only data/pointer references), so it is probably a field inside a structure. Purpose unknown - leave stock."
0x1BA28C,32,0x209FA,untraced,LOW,,,,X,,,Diagnostics - OBD / Communication :: OBD Readiness / Monitor Config parameter #10,"No code reads this address directly (only data/pointer references), so it is probably a field inside a structure. Purpose unknown - leave stock."
0x1BA294,32,0x209FB,untraced,LOW,,,,X,,,Diagnostics - OBD / Communication :: OBD Readiness / Monitor Config parameter #11,"No code reads this address directly (only data/pointer references), so it is probably a field inside a structure. Purpose unknown - leave stock."
0x1BA2F4,32,0x209FC,untraced,LOW,,,,X,,,Diagnostics - OBD / Communication :: OBD Readiness / Monitor Config parameter #12,"No code reads this address directly (only data/pointer references), so it is probably a field inside a structure. Purpose unknown - leave stock."
0x1BA330,8,0x209FD,cmp_local,MEDIUM,,FUN_97726,if (((param_2 & 0xff) != DAT_ram_001ba330) && ((param_2 & 0xff) != DAT_ram_001ba330 + 1)) { return 0x13,X,,,Diagnostics - OBD / Communication :: FUN_97726 threshold (computed input) #1,Compared with a value computed inside the function (not a single RAM variable).
0x1BA336,8,0x209FE,array,MEDIUM,,FUN_978FC,"if (*(short *)(&DAT_ram_001ba334 + iVar2) != 0) { FUN_ram_00026a5e((&DAT_ram_001ba336)[iVar2],*(short *)(&DAT_ram_001ba334 + iVar2),0,0)",X,,,Diagnostics - OBD / Communication :: FUN_97B2A table element #1,Part of a table the code reads by index.
0x1BA338,32,0x209FF,cmp_local,MEDIUM,,FUN_97856,"} else if ((_DAT_ram_001ba338 == (code *)0x0) || (iVar3 = (*_DAT_ram_001ba338)(param_2), iVar3 == 0) ) { uVar4 = bVar1 + 1",X,,,Diagnostics - OBD / Communication :: FUN_97856 threshold (computed input) #1,Compared with a value computed inside the function (not a single RAM variable).
0x1BA378,8,0x20A00,untraced,LOW,,FUN_9A65A,,X,,,Diagnostics - OBD / Communication :: OBD Service Config parameter #17,Read by FUN_9A65A; the trace could not resolve how the value is used (indirect or structure access). Purpose unknown - leave stock.
0x1BA379,8,0x20A01,untraced,LOW,,FUN_9A65A,,X,,,Diagnostics - OBD / Communication :: OBD Service Config parameter #18,Read by FUN_9A65A; the trace could not resolve how the value is used (indirect or structure access). Purpose unknown - leave stock.
0x1BA37C,32,0x20A02,untraced,LOW,,FUN_9A65A,,X,,,Diagnostics - OBD / Communication :: OBD Service Config parameter #19,Read by FUN_9A65A; the trace could not resolve how the value is used (indirect or structure access). Purpose unknown - leave stock.
0x1BA480,32,0x20A03,untraced,LOW,,FUN_9BF20,,X,,,Diagnostics - OBD / Communication :: FUN_9BF20 parameter #2,Read by FUN_9BF20; the trace could not resolve how the value is used (indirect or structure access). Purpose unknown - leave stock.
0x1BA488,32,0x20A04,untraced,LOW,,FUN_9BFD8,,X,,,Diagnostics - OBD / Communication :: OBD Freeze-Frame / Readiness Config parameter #7,Read by FUN_9BFD8; the trace could not resolve how the value is used (indirect or structure access). Purpose unknown - leave stock.
0x1BA48C,32,0x20A05,untraced,LOW,,FUN_9BFD8,,X,,,Diagnostics - OBD / Communication :: OBD Freeze-Frame / Readiness Config parameter #8,Read by FUN_9BFD8; the trace could not resolve how the value is used (indirect or structure access). Purpose unknown - leave stock.
0x1BA490,32,0x20A06,untraced,LOW,,FUN_9BFD8,,X,,,Diagnostics - OBD / Communication :: OBD Freeze-Frame / Readiness Config parameter #9,Read by FUN_9BFD8; the trace could not resolve how the value is used (indirect or structure access). Purpose unknown - leave stock.
0x1BA494,32,0x20A07,untraced,LOW,,FUN_9BFD8,,X,,,Diagnostics - OBD / Communication :: OBD Freeze-Frame / Readiness Config parameter #10,Read by FUN_9BFD8; the trace could not resolve how the value is used (indirect or structure access). Purpose unknown - leave stock.
0x1BA4A4,8,0x20A08,untraced,LOW,,,,X,,,Diagnostics - OBD / Communication :: OBD Service Config parameter #20,"No code reads this address directly (only data/pointer references), so it is probably a field inside a structure. Purpose unknown - leave stock."
0x1BA4A5,8,0x20A09,untraced,LOW,,,,X,,,Diagnostics - OBD / Communication :: OBD Service Config parameter #21,"No code reads this address directly (only data/pointer references), so it is probably a field inside a structure. Purpose unknown - leave stock."
0x1BA4A6,16,0x20A0A,untraced,LOW,,FUN_9A65A,,X,,,Diagnostics - OBD / Communication :: OBD Service Config parameter #22,Read by FUN_9A65A; the trace could not resolve how the value is used (indirect or structure access). Purpose unknown - leave stock.
0x1BAFD4,8,0x20A0B,array,MEDIUM,,FUN_9F3E8,"do { if ((&DAT_ram_001bafd4)[uVar2 * 8] == cVar1) { iVar3 = FUN_ram_00027478(&UNK_ram_001bc078 + (&DAT_ram_001bafd5)[uVar2 * 8] * 8, param_1",X,,,Diagnostics - OBD / Communication :: OBD Service Config table element #23,Part of a table the code reads by index.
0x1BAFD5,8,0x20A0C,array,MEDIUM,,FUN_9F3E8,"do { if ((&DAT_ram_001bafd4)[uVar2 * 8] == cVar1) { iVar3 = FUN_ram_00027478(&UNK_ram_001bc078 + (&DAT_ram_001bafd5)[uVar2 * 8] * 8, param_1",X,,,Diagnostics - OBD / Communication :: OBD Service Config table element #24,Part of a table the code reads by index.
0x1BAFD8,32,0x20A0D,untraced,LOW,,,,X,,,Diagnostics - OBD / Communication :: OBD Service Config parameter #25,"No code reads this address directly (only data/pointer references), so it is probably a field inside a structure. Purpose unknown - leave stock."
0x1BAFDC,8,0x20A0E,untraced,LOW,,FUN_9F3E8,,X,,,Diagnostics - OBD / Communication :: OBD Service Config parameter #26,Read by FUN_9F3E8; the trace could not resolve how the value is used (indirect or structure access). Purpose unknown - leave stock.
0x1BAFDD,8,0x20A0F,untraced,LOW,,FUN_9F3E8,,X,,,Diagnostics - OBD / Communication :: OBD Service Config parameter #27,Read by FUN_9F3E8; the trace could not resolve how the value is used (indirect or structure access). Purpose unknown - leave stock.
0x1BAFE0,32,0x20A10,untraced,LOW,,,,X,,,Diagnostics - OBD / Communication :: OBD Service Config parameter #28,"No code reads this address directly (only data/pointer references), so it is probably a field inside a structure. Purpose unknown - leave stock."
0x1BB034,32,0x20A11,arg,MEDIUM,,FUN_A0B86,if (iVar3 == 4) { FUN_ram_0009f4e4(DAT_ram_001bb034),X,,,Diagnostics - OBD / Communication :: FUN_A0B86 argument to FUN_9F4E4 #1,Passed as an argument to FUN_9F4E4.
0x1BB03C,32,0x20A12,arg,MEDIUM,,FUN_A06DE,if (iVar4 == 4) { FUN_ram_0009f4e4(DAT_ram_001bb03c),X,,,Diagnostics - OBD / Communication :: FUN_A06DE argument to FUN_9F4E4 #1,Passed as an argument to FUN_9F4E4.
0x1BB0A4,8,0x20A13,arith,MEDIUM,fef07769,FUN_9FBB8,DAT_ram_fef07769 = (&DAT_ram_001bb0a4)[DAT_ram_fef07765 * 0x18],X,,,Diagnostics - OBD / Communication :: FUN_9F972 factor in fef07769 #2,"Used in the expression that computes RAM fef07769 (gain, offset or per-case value)."
0x1BB0A5,8,0x20A14,array,MEDIUM,,FUN_9F972,} if (((&DAT_ram_001bb0a5)[iVar4] & 1 << (uVar7 & 0x1f)) == 0) { puVar5 = &DAT_ram_001ba24e,X,,,Diagnostics - OBD / Communication :: FUN_9F972 table element #3,Part of a table the code reads by index.
0x1BB0A6,8,0x20A15,array,MEDIUM,,FUN_9F972,if ((&DAT_ram_001bb0a6)[iVar4] != '\0') { uVar7 = ((&DAT_ram_001bb0a6)[iVar4] & bVar2),X,,,Diagnostics - OBD / Communication :: FUN_9F972 table element #4,Part of a table the code reads by index.
0x1BB0A8,32,0x20A16,code_ptr,HIGH,,FUN_9F56C,do { if ((code *)(&DAT_ram_001bb0a8)[uVar1 * 6] != (code *)0x0) { (*(code *)(&DAT_ram_001bb0a8)[uVar1 * 6])(),X,,,Diagnostics - OBD / Communication :: FUN_9F56C code pointer - NOT tunable #1,Entry in a table of function addresses that the code calls indirectly. Not a calibration value - do not edit.
0x1BB0AC,32,0x20A17,code_ptr,HIGH,,FUN_9F5AC,do { if ((code *)(&DAT_ram_001bb0ac)[uVar1 * 6] != (code *)0x0) { (*(code *)(&DAT_ram_001bb0ac)[uVar1 * 6])(),X,,,Diagnostics - OBD / Communication :: FUN_9F5AC code pointer - NOT tunable #1,Entry in a table of function addresses that the code calls indirectly. Not a calibration value - do not edit.
0x1BB0B0,32,0x20A18,code_ptr,HIGH,,FUN_9F5EC,do { if ((code *)(&DAT_ram_001bb0b0)[uVar1 * 6] != (code *)0x0) { (*(code *)(&DAT_ram_001bb0b0)[uVar1 * 6])(),X,,,Diagnostics - OBD / Communication :: FUN_9F5EC code pointer - NOT tunable #1,Entry in a table of function addresses that the code calls indirectly. Not a calibration value - do not edit.
0x1BB0C0,32,0x20A19,untraced,LOW,,FUN_9F56C,,X,,,Diagnostics - OBD / Communication :: FUN_9F56C parameter #2,Read by FUN_9F56C; the trace could not resolve how the value is used (indirect or structure access). Purpose unknown - leave stock.
0x1BB0C4,32,0x20A1A,untraced,LOW,,FUN_9F5AC,,X,,,Diagnostics - OBD / Communication :: FUN_9F5AC parameter #2,Read by FUN_9F5AC; the trace could not resolve how the value is used (indirect or structure access). Purpose unknown - leave stock.
0x1BB0C8,32,0x20A1B,untraced,LOW,,FUN_9F5EC,,X,,,Diagnostics - OBD / Communication :: FUN_9F5EC parameter #2,Read by FUN_9F5EC; the trace could not resolve how the value is used (indirect or structure access). Purpose unknown - leave stock.
0x1BBB80,16,0x20A1C,array,MEDIUM,,FUN_997F6,"if (((param_1 < 0x25) && (iVar2 = FUN_ram_0009e0da((&DAT_ram_001bbb80)[param_1],&cStack_19), iVar2 == 0)) && (cStack_19 == '\x01')) { *param",X,,,Diagnostics - DTC Lamp Control :: FUN_99CF4 table element #1,Part of a table the code reads by index.
0x1BBB82,16,0x20A1D,untraced,LOW,,FUN_99CF4,,X,,,Diagnostics - DTC Lamp Control :: FUN_99CF4 parameter #2,Read by FUN_99CF4; the trace could not resolve how the value is used (indirect or structure access). Purpose unknown - leave stock.
0x1BBD18,16,0x20A1E,array,MEDIUM,,FUN_9C1B8,(&DAT_ram_001bbd18)[uVar8 * 2] != -1,X,,,Diagnostics - OBD / Communication :: FUN_9236E table element #1,Part of a table the code reads by index.
0x1BBD1A,8,0x20A1F,array,MEDIUM,,FUN_9C1B8,sVar7 = sVar7 + (&DAT_ram_001bbd1a)[uVar8 * 4],X,,,Diagnostics - OBD / Communication :: FUN_9236E table element #2,Part of a table the code reads by index.
0x1BC018,16,0x20A20,untraced,LOW,,FUN_9DB60,,X,,,Diagnostics - OBD / Communication :: FUN_9DB60 parameter #1,"Read by FUN_9DB60, FUN_9DC02; the trace could not resolve how the value is used (indirect or structure access). Purpose unknown - leave stock."
0x1BC02C,32,0x20A21,array,MEDIUM,,FUN_9446E,do { if (param_1 == (&DAT_ram_001bc02c)[uVar1]) { param_1 = 0x30000,X,,,Diagnostics - DTC Lamp Control :: FUN_9446E table element #1,Part of a table the code reads by index.
0x1BC030,32,0x20A22,untraced,LOW,,FUN_9DA94,,X,,,Diagnostics - DTC Lamp Control :: FUN_9446E parameter #2,"Read by FUN_9DA94, FUN_9446E; the trace could not resolve how the value is used (indirect or structure access). Purpose unknown - leave stock."
0x1BC060,8,0x20A23,untraced,LOW,,FUN_9B3F4,,X,,,Diagnostics - OBD / Communication :: FUN_9B3F4 parameter #1,"Read by FUN_9B3F4, FUN_9B4AC; the trace could not resolve how the value is used (indirect or structure access). Purpose unknown - leave stock."
0x1BC061,8,0x20A24,untraced,LOW,,FUN_9B3F4,,X,,,SWITCH Diagnostics - OBD / Communication :: FUN_9B3F4 option byte (0x80 = on) #2,"Read by FUN_9B3F4, FUN_9B4F4; the trace could not resolve how the value is used (indirect or structure access). Purpose unknown - leave stock."
0x1BC104,32,0x20A25,cmp_local,MEDIUM,,FUN_A1AC4,if (DAT_ram_001bc104 != (code *)0x0) { if (iVar1 != 0) { return,X,,,Diagnostics - OBD / Communication :: FUN_A1AC4 threshold (computed input) #1,Compared with a value computed inside the function (not a single RAM variable).
0x1BC1D4,8,0x20A26,untraced,LOW,,,,X,,,Diagnostics - OBD / Communication :: FUN_A2A3E parameter #1,"No code reads this address directly (only data/pointer references), so it is probably a field inside a structure. Purpose unknown - leave stock."
0x1BC1D5,8,0x20A27,untraced,LOW,,,,X,,,Diagnostics - OBD / Communication :: FUN_A2A3E parameter #2,"No code reads this address directly (only data/pointer references), so it is probably a field inside a structure. Purpose unknown - leave stock."
0x1BC21C,8,0x20A28,untraced,LOW,,,,X,,,Diagnostics - OBD / Communication :: FUN_A27DE parameter #1,"No code reads this address directly (only data/pointer references), so it is probably a field inside a structure. Purpose unknown - leave stock."
0x1BC22E,16,0x20A29,untraced,LOW,,,,X,,,Diagnostics - OBD / Communication :: FUN_A2180 parameter #1,"No code reads this address directly (only data/pointer references), so it is probably a field inside a structure. Purpose unknown - leave stock."
0x1BC230,16,0x20A2A,untraced,LOW,,FUN_A3138,,X,,,Diagnostics - OBD / Communication :: FUN_A3138 parameter #1,Read by FUN_A3138; the trace could not resolve how the value is used (indirect or structure access). Purpose unknown - leave stock.
0x1BC232,16,0x20A2B,arg,MEDIUM,,FUN_A2124,"FUN_ram_000a257c(param_1,&DAT_ram_001bc314,DAT_ram_001bc232,&PTR_DAT_",X,,,Diagnostics - OBD / Communication :: FUN_A2124 argument to FUN_A257C #1,Passed as an argument to FUN_A257C.
0x1BC234,16,0x20A2C,untraced,LOW,,FUN_A351C,,X,,,Diagnostics - OBD / Communication :: FUN_A351C parameter #1,Read by FUN_A351C; the trace could not resolve how the value is used (indirect or structure access). Purpose unknown - leave stock.
0x1BC236,8,0x20A2D,arg,MEDIUM,,FUN_A25BC,"FUN_ram_00026a5e(DAT_ram_001bc236,param_1,0,0)",X,,,Diagnostics - OBD / Communication :: FUN_A25BC argument to FUN_26A5E #1,Passed as an argument to FUN_26A5E.
0x1BC237,8,0x20A2E,untraced,LOW,,FUN_A3644,,X,,,Diagnostics - OBD / Communication :: FUN_A3644 parameter #1,"Read by FUN_A3644, FUN_A36F2, FUN_A3674; the trace could not resolve how the value is used (indirect or structure access). Purpose unknown - leave stock."
0x1BC23C,32,0x20A2F,untraced,LOW,,,,X,,,Diagnostics - OBD / Communication :: FUN_A2604 parameter #1,"No code reads this address directly (only data/pointer references), so it is probably a field inside a structure. Purpose unknown - leave stock."
0x1BC24C,8,0x20A30,untraced,LOW,,,,X,,,Diagnostics - OBD / Communication :: FUN_A27DE parameter #2,"No code reads this address directly (only data/pointer references), so it is probably a field inside a structure. Purpose unknown - leave stock."
0x1BC24D,8,0x20A31,untraced,LOW,,,,X,,,Diagnostics - OBD / Communication :: FUN_A27DE parameter #3,"No code reads this address directly (only data/pointer references), so it is probably a field inside a structure. Purpose unknown - leave stock."
0x1BC250,32,0x20A32,untraced,LOW,,,,X,,,Diagnostics - OBD / Communication :: FUN_A27DE parameter #4,"No code reads this address directly (only data/pointer references), so it is probably a field inside a structure. Purpose unknown - leave stock."
0x1BC26C,16,0x20A33,arg,MEDIUM,,FUN_A2C66,"FUN_ram_000a25bc(DAT_ram_001bc26c,&LAB_ram_000a2c4c)",X,,,Diagnostics - OBD / Communication :: FUN_A2C66 argument to FUN_A25BC #1,Passed as an argument to FUN_A25BC.
0x1BC284,16,0x20A34,arg,MEDIUM,,FUN_A2D86,"FUN_ram_000a25bc(DAT_ram_001bc284,&LAB_ram_000a2d6c)",X,,,Diagnostics - OBD / Communication :: FUN_A2D86 argument to FUN_A25BC #1,Passed as an argument to FUN_A25BC.
0x1BC29C,16,0x20A35,untraced,LOW,,,,X,,,Diagnostics - OBD / Communication :: FUN_A2D86 parameter #2,"No code reads this address directly (only data/pointer references), so it is probably a field inside a structure. Purpose unknown - leave stock."
0x1BC29E,16,0x20A36,untraced,LOW,,,,X,,,Diagnostics - OBD / Communication :: FUN_A2D86 parameter #3,"No code reads this address directly (only data/pointer references), so it is probably a field inside a structure. Purpose unknown - leave stock."
0x1BC2A0,32,0x20A37,untraced,LOW,,,,X,,,Diagnostics - OBD / Communication :: FUN_A2D86 parameter #4,"No code reads this address directly (only data/pointer references), so it is probably a field inside a structure. Purpose unknown - leave stock."
0x1BC2CC,8,0x20A38,cmp_local,MEDIUM,,FUN_A3138,iVar4 < DAT_ram_001bc2cc,X,,,Diagnostics - OBD / Communication :: FUN_A3138 threshold (computed input) #2,Compared with a value computed inside the function (not a single RAM variable).
0x1BC2D0,32,0x20A39,untraced,LOW,,FUN_A3138,,X,,,Diagnostics - OBD / Communication :: FUN_A3138 parameter #3,Read by FUN_A3138; the trace could not resolve how the value is used (indirect or structure access). Purpose unknown - leave stock.
0x1BC2EC,32,0x20A3A,untraced,LOW,,,,X,,,Diagnostics - OBD / Communication :: OBD Service Config parameter #29,"No code reads this address directly (only data/pointer references), so it is probably a field inside a structure. Purpose unknown - leave stock."
0x1BC2F0,32,0x20A3B,untraced,LOW,,,,X,,,Diagnostics - OBD / Communication :: OBD Service Config parameter #30,"No code reads this address directly (only data/pointer references), so it is probably a field inside a structure. Purpose unknown - leave stock."
0x1BC2F4,8,0x20A3C,untraced,LOW,,,,X,,,Diagnostics - OBD / Communication :: OBD Service Config parameter #31,"No code reads this address directly (only data/pointer references), so it is probably a field inside a structure. Purpose unknown - leave stock."
0x1BC2F5,8,0x20A3D,untraced,LOW,,,,X,,,Diagnostics - OBD / Communication :: OBD Service Config parameter #32,"No code reads this address directly (only data/pointer references), so it is probably a field inside a structure. Purpose unknown - leave stock."
0x1BC2F6,8,0x20A3E,untraced,LOW,,,,X,,,Diagnostics - OBD / Communication :: OBD Service Config parameter #33,"No code reads this address directly (only data/pointer references), so it is probably a field inside a structure. Purpose unknown - leave stock."
0x1BC35C,32,0x20A3F,untraced,LOW,,,,X,,,Diagnostics - OBD / Communication :: OBD Service Config parameter #34,"No code reads this address directly (only data/pointer references), so it is probably a field inside a structure. Purpose unknown - leave stock."
0x1BC360,32,0x20A40,untraced,LOW,,,,X,,,Diagnostics - OBD / Communication :: OBD Service Config parameter #35,"No code reads this address directly (only data/pointer references), so it is probably a field inside a structure. Purpose unknown - leave stock."
0x1BC364,32,0x20A41,untraced,LOW,,FUN_A351C,,X,,,Diagnostics - OBD / Communication :: FUN_A351C parameter #2,Read by FUN_A351C; the trace could not resolve how the value is used (indirect or structure access). Purpose unknown - leave stock.
0x1BC368,32,0x20A42,untraced,LOW,,FUN_A2F7C,,X,,,Diagnostics - OBD / Communication :: FUN_A2F7C parameter #1,Read by FUN_A2F7C; the trace could not resolve how the value is used (indirect or structure access). Purpose unknown - leave stock.
0x1BC38C,32,0x20A43,untraced,LOW,,,,X,,,Diagnostics - OBD / Communication :: OBD Service Config parameter #36,"No code reads this address directly (only data/pointer references), so it is probably a field inside a structure. Purpose unknown - leave stock."
0x1BC390,16,0x20A44,untraced,LOW,,,,X,,,Diagnostics - OBD / Communication :: OBD Service Config parameter #37,"No code reads this address directly (only data/pointer references), so it is probably a field inside a structure. Purpose unknown - leave stock."
0x1BC394,32,0x20A45,untraced,LOW,,,,X,,,Diagnostics - OBD / Communication :: OBD Service Config parameter #38,"No code reads this address directly (only data/pointer references), so it is probably a field inside a structure. Purpose unknown - leave stock."
0x1BC3B0,32,0x20A46,untraced,LOW,,FUN_A2242,,X,,,Diagnostics - OBD / Communication :: FUN_A2242 parameter #1,Read by FUN_A2242; the trace could not resolve how the value is used (indirect or structure access). Purpose unknown - leave stock.
0x1BC3B4,32,0x20A47,untraced,LOW,,FUN_A2242,,X,,,Diagnostics - OBD / Communication :: FUN_A2242 parameter #2,Read by FUN_A2242; the trace could not resolve how the value is used (indirect or structure access). Purpose unknown - leave stock.
0x1BC3BC,8,0x20A48,cmp_local,MEDIUM,,FUN_A2242,} do { if (DAT_ram_001bc3bc <= uVar6) break,X,,,Diagnostics - OBD / Communication :: FUN_A2242 threshold (computed input) #3,Compared with a value computed inside the function (not a single RAM variable).
0x1BC3C0,32,0x20A49,untraced,LOW,,FUN_A2242,,X,,,Diagnostics - OBD / Communication :: FUN_A2242 parameter #4,Read by FUN_A2242; the trace could not resolve how the value is used (indirect or structure access). Purpose unknown - leave stock.
0x1BC3C4,32,0x20A4A,cmp_local,MEDIUM,,FUN_A2242,if (uVar5 < uVar8) { uVar5 = 0xffffffff,X,,,Diagnostics - OBD / Communication :: FUN_A2242 threshold (computed input) #5,Compared with a value computed inside the function (not a single RAM variable).
0x1BC3F0,8,0x20A4B,array,MEDIUM,,FUN_A2D48,"cVar1 = (&DAT_ram_001bc3f0)[uVar2], cVar1 != -1",X,,,Diagnostics - OBD / Communication :: FUN_A2D48 table element #1,Part of a table the code reads by index.
0x1BC404,8,0x20A4C,untraced,LOW,,FUN_A36F2,,X,,,Diagnostics - OBD / Communication :: FUN_A36F2 parameter #1,Read by FUN_A36F2; the trace could not resolve how the value is used (indirect or structure access). Purpose unknown - leave stock.
0x1BC40C,32,0x20A4D,code_ptr,HIGH,,FUN_A3644,iVar1 = iVar1 + 1) { if ((code *)(&DAT_ram_001bc40c)[iVar1 * 8] != (code *)0x0) { (*(code *)(&DAT_ram_001bc40c)[iVar1 * 8])(),X,,,Diagnostics - OBD / Communication :: FUN_A3644 code pointer - NOT tunable #2,Entry in a table of function addresses that the code calls indirectly. Not a calibration value - do not edit.
0x1BC410,32,0x20A4E,code_ptr,HIGH,,FUN_A3674,iVar1 = iVar1 + 1) { if ((code *)(&DAT_ram_001bc410)[iVar1 * 8] != (code *)0x0) { (*(code *)(&DAT_ram_001bc410)[iVar1 * 8])(),X,,,Diagnostics - OBD / Communication :: FUN_A3674 code pointer - NOT tunable #1,Entry in a table of function addresses that the code calls indirectly. Not a calibration value - do not edit.
0x1BC66E,8,0x20A4F,array,MEDIUM,,FUN_A36DA,return (&DAT_ram_001bc66e)[DAT_ram_fef07b85 * 3],X,,,Diagnostics - OBD / Communication :: FUN_A397A table element #4,Part of a table the code reads by index.
0x1BC6BC,8,0x20A50,untraced,LOW,,,,X,,,Diagnostics - OBD / Communication :: FUN_A3FAE parameter #1,"No code reads this address directly (only data/pointer references), so it is probably a field inside a structure. Purpose unknown - leave stock."
0x1BC6BD,8,0x20A51,untraced,LOW,,,,X,,,Diagnostics - OBD / Communication :: FUN_A3FAE parameter #2,"No code reads this address directly (only data/pointer references), so it is probably a field inside a structure. Purpose unknown - leave stock."
0x1BC6D8,16,0x20A52,arg,MEDIUM,,FUN_A41D8,"FUN_ram_000a40de(param_1,param_",X,,,Diagnostics - OBD / Communication :: FUN_A41D8 argument to FUN_A40DE #1,Passed as an argument to FUN_A40DE.
0x1BC770,8,0x20A53,untraced,LOW,,FUN_A441C,,X,,,Diagnostics - OBD / Communication :: FUN_A441C parameter #1,Read by FUN_A441C; the trace could not resolve how the value is used (indirect or structure access). Purpose unknown - leave stock.
0x1BC774,32,0x20A54,untraced,LOW,,FUN_A441C,,X,,,Diagnostics - OBD / Communication :: FUN_A441C parameter #2,Read by FUN_A441C; the trace could not resolve how the value is used (indirect or structure access). Purpose unknown - leave stock.
0x1BC778,8,0x20A55,untraced,LOW,,FUN_A441C,,X,,,Diagnostics - OBD / Communication :: FUN_A441C parameter #3,Read by FUN_A441C; the trace could not resolve how the value is used (indirect or structure access). Purpose unknown - leave stock.
0x1BC77C,32,0x20A56,untraced,LOW,,FUN_A441C,,X,,,Diagnostics - OBD / Communication :: FUN_A441C parameter #4,Read by FUN_A441C; the trace could not resolve how the value is used (indirect or structure access). Purpose unknown - leave stock.
0x1BC834,16,0x20A57,array,MEDIUM,,FUN_A449E,do { if (param_1 == (&DAT_ram_001bc834)[uVar1 * 4]) { *param_2 = (&DAT_ram_001bc836)[uVar1 * 4],X,,,Diagnostics - OBD / Communication :: FUN_A449E table element #1,Part of a table the code reads by index.
0x1BC836,16,0x20A58,array,MEDIUM,,FUN_A4446,uVar3 = (&DAT_ram_001bc836)[DAT_ram_fef07c7a * 4],X,,,Diagnostics - OBD / Communication :: FUN_A449E table element #2,Part of a table the code reads by index.
0x1BC83C,16,0x20A59,untraced,LOW,,FUN_A449E,,X,,,Diagnostics - OBD / Communication :: FUN_A449E parameter #3,Read by FUN_A449E; the trace could not resolve how the value is used (indirect or structure access). Purpose unknown - leave stock.
0x1BC83E,16,0x20A5A,untraced,LOW,,FUN_A449E,,X,,,Diagnostics - OBD / Communication :: FUN_A449E parameter #4,Read by FUN_A449E; the trace could not resolve how the value is used (indirect or structure access). Purpose unknown - leave stock.
0x1BC8C4,8,0x20A5B,code_ptr,HIGH,,FUN_A424A,"if (param_1 == (&DAT_ram_001bc8c4)[uVar3 * 0xc]) { uVar2 = (*(code *)(&PTR_FUN_ram_000a5060_ram_001bc8cc)[uVar3 * 3])(param_2,param_3)",X,,,Diagnostics - OBD / Communication :: FUN_A424A code pointer - NOT tunable #1,Entry in a table of function addresses that the code calls indirectly. Not a calibration value - do not edit.
0x1BC8C8,32,0x20A5C,untraced,LOW,,FUN_A43B6,,X,,,Diagnostics - OBD / Communication :: FUN_A43B6 parameter #1,Read by FUN_A43B6; the trace could not resolve how the value is used (indirect or structure access). Purpose unknown - leave stock.
0x1BC8CC,32,0x20A5D,untraced,LOW,,FUN_A424A,,X,,,Diagnostics - OBD / Communication :: FUN_A424A parameter #2,Read by FUN_A424A; the trace could not resolve how the value is used (indirect or structure access). Purpose unknown - leave stock.
0x1BCAC8,32,0x20A5E,untraced,LOW,,FUN_A42FC,,X,,,Diagnostics - OBD / Communication :: OBD Service Config parameter #39,Read by FUN_A42FC; the trace could not resolve how the value is used (indirect or structure access). Purpose unknown - leave stock.
0x1BCACC,32,0x20A5F,untraced,LOW,,FUN_A42FC,,X,,,Diagnostics - OBD / Communication :: OBD Service Config parameter #40,Read by FUN_A42FC; the trace could not resolve how the value is used (indirect or structure access). Purpose unknown - leave stock.
0x1BCAD4,8,0x20A60,array,MEDIUM,,FUN_A42FC,} if (((&DAT_ram_001bcad4)[uVar1 * 0x10] == '\x01') && (*(&PTR_DAT_ram_fef03209_ram_001bcac8)[uVar1 * 4] == '\x01')) { uVar2 = 0,X,,,Diagnostics - OBD / Communication :: OBD Service Config table element #41,Part of a table the code reads by index.
0x1BCAD8,32,0x20A61,untraced,LOW,,FUN_A42FC,,X,,,Diagnostics - OBD / Communication :: OBD Service Config parameter #42,Read by FUN_A42FC; the trace could not resolve how the value is used (indirect or structure access). Purpose unknown - leave stock.
0x1BCADC,32,0x20A62,untraced,LOW,,FUN_A42FC,,X,,,Diagnostics - OBD / Communication :: OBD Service Config parameter #43,Read by FUN_A42FC; the trace could not resolve how the value is used (indirect or structure access). Purpose unknown - leave stock.
0x1BCAE4,8,0x20A63,untraced,LOW,,FUN_A42FC,,X,,,Diagnostics - OBD / Communication :: OBD Service Config parameter #44,Read by FUN_A42FC; the trace could not resolve how the value is used (indirect or structure access). Purpose unknown - leave stock.
0x1BCDD0,8,0x20A64,arith,MEDIUM,fef08374,FUN_AA8B2,while( true ) { if ((&DAT_ram_001bcdd0)[uVar1 * 0x14] == 0xff) { DAT_ram_fef08374 = 0,X,,,Diagnostics - OBD / Communication :: FUN_AA8B2 factor in fef08374 #1,"Used in the expression that computes RAM fef08374 (gain, offset or per-case value)."
0x1BCDD4,32,0x20A65,untraced,LOW,,FUN_AA8B2,,X,,,Diagnostics - OBD / Communication :: FUN_AA8B2 parameter #2,Read by FUN_AA8B2; the trace could not resolve how the value is used (indirect or structure access). Purpose unknown - leave stock.
0x1BCDD8,32,0x20A66,untraced,LOW,,FUN_AA982,,X,,,Diagnostics - OBD / Communication :: FUN_AA982 parameter #1,Read by FUN_AA982; the trace could not resolve how the value is used (indirect or structure access). Purpose unknown - leave stock.
0x1BCDDC,32,0x20A67,untraced,LOW,,FUN_AAA84,,X,,,Diagnostics - OBD / Communication :: FUN_AA9FA parameter #1,"Read by FUN_AAA84, FUN_AA9FA; the trace could not resolve how the value is used (indirect or structure access). Purpose unknown - leave stock."
0x1BCDE0,32,0x20A68,untraced,LOW,,FUN_AAA84,,X,,,Diagnostics - OBD / Communication :: FUN_AAA84 parameter #1,Read by FUN_AAA84; the trace could not resolve how the value is used (indirect or structure access). Purpose unknown - leave stock.
0x1BCEE8,16,0x20A69,untraced,LOW,,FUN_ABCFA,,X,,,Diagnostics - OBD / Communication :: FUN_ABCFA parameter #1,Read by FUN_ABCFA; the trace could not resolve how the value is used (indirect or structure access). Purpose unknown - leave stock.
