address,type,subsystem,role,detail,reader_fn,confidence,code
0x150000,CONSTANT,Traction Control,operand,read in an expression (role unresolved),0x012CEA,LOW,"FUN_000118b0(2,&LAB_00150000);"
0x150020,CONSTANT,,threshold,compared against a constant/value,0x0B2E96,MED,else if (param_1 == DAT_00150020) {
0x150022,CONSTANT,,threshold,compared against a constant/value,0x0B2E96,MED,if ((param_1 == DAT_00150022) || (param_1 == DAT_00150024)) {
0x150024,CONSTANT,,threshold,compared against a constant/value,0x0B2E96,MED,if ((param_1 == DAT_00150022) || (param_1 == DAT_00150024)) {
0x150034,CONSTANT,,operand,read in an expression (role unresolved),0x010F7C,LOW,**(byte **)(&DAT_00150038 + iVar2) & 0xf | **(char **)(&DAT_00150034 + iVar2) << 4;
0x150038,CONSTANT,,operand,read in an expression (role unresolved),0x010F7C,LOW,**(byte **)(&DAT_00150038 + iVar2) & 0xf | **(char **)(&DAT_00150034 + iVar2) << 4;
0x150044,CONSTANT,,operand,read in an expression (role unresolved),0x010F7C,LOW,"FUN_000c26d2(0x80,*(undefined2 *)(&DAT_00150044 + iVar3),(&DAT_00150048)[iVar3]);"
0x150048,CONSTANT,,operand,read in an expression (role unresolved),0x010F7C,LOW,"FUN_000c26d2(0x80,*(undefined2 *)(&DAT_00150044 + iVar3),(&DAT_00150048)[iVar3]);"
0x15004A,CONSTANT,,flag-test,bit tested,0x010FEA,MED,(*(char *)((uint)(ushort)(&DAT_0015004a)[(param_1 & 0xffff) * 6] + unaff_gp + -0x6200) == 'i'))
0x15004C,CONSTANT,,flag-test,bit tested,0x010FEA,MED,if ((&DAT_0015004c)[(param_1 & 0xffff) * 0xc] == '\x01') {
0x15005D,CONSTANT,,operand,read in an expression (role unresolved),0x05224E,LOW,if (*(char *)(unaff_gp + -0x6976) == (&DAT_0015005d)[param_1]) {
0x150061,CONSTANT,,unref,not read by code (data-only),0x05227A,LOW,
0x150068,CONSTANT,,operand,read in an expression (role unresolved),0x0420C8,LOW,bVar1 = **(byte **)(&DAT_00150068 + param_1 * 4);
0x150078,CONSTANT,,operand,read in an expression (role unresolved),0x057F24,LOW,puVar7 = &DAT_00150078;
0x15007C,CONSTANT,,operand,read in an expression (role unresolved),0x057F24,LOW,uVar5 = (&DAT_0015007c)[(int)puVar7];
0x150080,CONSTANT,,operand,read in an expression (role unresolved),0x057F24,LOW,puVar8 = &DAT_00150080;
0x150084,CONSTANT,,operand,read in an expression (role unresolved),0x057F24,LOW,uVar5 = (&DAT_00150084)[(int)puVar7];
0x150088,CONSTANT,,operand,read in an expression (role unresolved),0x057F24,LOW,puVar8 = &DAT_00150088;
0x15008C,CONSTANT,,operand,read in an expression (role unresolved),0x058BFE,LOW,if (cVar1 == (&DAT_0015008c)[uVar3]) {
0x15008D,CONSTANT,,unref,not read by code (data-only),0x058BFE,LOW,
0x150090,CONSTANT,,operand,read in an expression (role unresolved),0x05C01A,LOW,bVar1 = (&DAT_00150090)[param_1] & 8;
0x150125,FLAG,,operand,read in an expression (role unresolved),0x05BEDE,LOW,bVar1 = (&DAT_00150125)[param_1];
0x1501BA,CONSTANT,,unref,not read by code (data-only),0x05D718,LOW,
0x1501BB,CONSTANT,,unref,not read by code (data-only),0x05D718,LOW,
0x1501CE,CONSTANT,,unref,not read by code (data-only),0x05E204,LOW,
0x1503D0,CONSTANT,,operand,read in an expression (role unresolved),0x07B8F6,LOW,if (sVar1 == (&DAT_001503d0)[uVar3 * 6]) {
0x1503D4,CONSTANT,,operand,read in an expression (role unresolved),0x07B8F6,LOW,*(byte *)(&DAT_001503d4)[iVar2] = *(byte *)(&DAT_001503d4)[iVar2] & ~(&DAT_001503d8)[iVar13];
0x1503D8,CONSTANT,,operand,read in an expression (role unresolved),0x07B8F6,LOW,*(byte *)(&DAT_001503d4)[iVar2] = *(byte *)(&DAT_001503d4)[iVar2] & ~(&DAT_001503d8)[iVar13];
0x1503DC,CONSTANT,,unref,not read by code (data-only),0x07B8F6,LOW,
0x1503E0,CONSTANT,,unref,not read by code (data-only),0x07B8F6,LOW,
0x1503E4,CONSTANT,,unref,not read by code (data-only),0x07B8F6,LOW,
0x150514,FLAG,,operand,read in an expression (role unresolved),0x080148,LOW,uVar1 = (uint)(byte)(&DAT_00150514)[uVar1 ^ *param_1];
0x15061C,TABLE,,map,table (reader indirect),,LOW,
0x150624,TABLE,,map,table (reader indirect),,LOW,
0x15062C,TABLE,,map,table (reader indirect),,LOW,
0x150634,TABLE,,map,table (reader indirect),,LOW,
0x15063C,TABLE,,map,table (reader indirect),,LOW,
0x150644,TABLE,,map,table (reader indirect),,LOW,
0x15064C,TABLE,,map,table (reader indirect),,LOW,
0x150654,TABLE,,map,table (reader indirect),,LOW,
0x15065C,TABLE,,map,table (reader indirect),,LOW,
0x150664,TABLE,,map,table (reader indirect),,LOW,
0x15066C,TABLE,,map,table (reader indirect),,LOW,
0x150674,TABLE,,map,table (reader indirect),,LOW,
0x15067C,TABLE,,map,table (reader indirect),,LOW,
0x150684,TABLE,,map,table (reader indirect),,LOW,
0x15068C,TABLE,,map,table (reader indirect),,LOW,
0x150694,TABLE,,map,table (reader indirect),,LOW,
0x1506A4,TABLE,,map,table (reader indirect),,LOW,
0x1506B4,TABLE,,map,table (reader indirect),,LOW,
0x1506BC,TABLE,,map,table (reader indirect),,LOW,
0x1506C4,TABLE,,map,table (reader indirect),,LOW,
0x1506CC,TABLE,,map,table (reader indirect),,LOW,
0x1506D4,TABLE,,map,table (reader indirect),,LOW,
0x1506DC,TABLE,,map,table (reader indirect),,LOW,
0x150744,TABLE,,map,table (reader indirect),,LOW,
0x150784,TABLE,,map,table (reader indirect),,LOW,
0x1507C4,TABLE,,map,table (reader indirect),,LOW,
0x150804,TABLE,,map,table (reader indirect),,LOW,
0x150844,TABLE,,map,table (reader indirect),,LOW,
0x150884,TABLE,,map,table (reader indirect),,LOW,
0x1508C4,TABLE,,map,table (reader indirect),,LOW,
0x150904,TABLE,,map,table (reader indirect),,LOW,
0x150A20,TABLE,,map,table (reader indirect),,LOW,
0x150AA8,TABLE,,map,table (reader indirect),,LOW,
0x150B08,TABLE,,map,table (reader indirect),,LOW,
0x150B38,TABLE,,map,table (reader indirect),,LOW,
0x150C1C,TABLE,,map,table (reader indirect),,LOW,
0x150CA8,TABLE,,map,table (reader indirect),,LOW,
0x150E24,TABLE,,map,table (reader indirect),,LOW,
0x150E84,TABLE,,map,table (reader indirect),,LOW,
0x150EBC,TABLE,,map,table (reader indirect),,LOW,
0x150EF4,TABLE,,map,table (reader indirect),,LOW,
0x150F2C,TABLE,,map,table (reader indirect),,LOW,
0x150F64,TABLE,,map,table (reader indirect),,LOW,
0x150FB0,TABLE,,map,table (reader indirect),,LOW,
0x150FE8,TABLE,,map,table (reader indirect),,LOW,
0x151020,TABLE,,map,table (reader indirect),,LOW,
0x151058,TABLE,,map,table (reader indirect),,LOW,
0x151090,TABLE,,map,table (reader indirect),,LOW,
0x1510C8,TABLE,,map,table (reader indirect),,LOW,
0x151100,TABLE,,map,table (reader indirect),,LOW,
0x151138,TABLE,,map,table (reader indirect),,LOW,
0x151310,TABLE,,map,table (reader indirect),,LOW,
0x1513D8,TABLE,,map,table (reader indirect),,LOW,
0x151570,TABLE,,map,table (reader indirect),,LOW,
0x1515A8,TABLE,,map,table (reader indirect),,LOW,
0x1516A0,TABLE,,map,table (reader indirect),,LOW,
0x151728,TABLE,,map,table (reader indirect),,LOW,
0x151758,TABLE,,map,table (reader indirect),,LOW,
0x15178C,TABLE,,map,table (reader indirect),,LOW,
0x1517BC,TABLE,,map,table (reader indirect),,LOW,
0x151808,TABLE,,map,table (reader indirect),,LOW,
0x151898,TABLE,,map,table (reader indirect),,LOW,
0x1518C8,TABLE,,map,table (reader indirect),,LOW,
0x1518E0,TABLE,,map,table (reader indirect),,LOW,
0x1518F8,TABLE,,map,table (reader indirect),,LOW,
0x151910,TABLE,,map,table (reader indirect),,LOW,
0x15191C,TABLE,,map,table (reader indirect),,LOW,
0x1519AC,TABLE,,map,table (reader indirect),,LOW,
0x151A3C,TABLE,,map,table (reader indirect),,LOW,
0x151ACC,TABLE,,map,table (reader indirect),,LOW,
0x151B5C,TABLE,,map,table (reader indirect),,LOW,
0x151BEC,TABLE,,map,table (reader indirect),,LOW,
0x151C7C,TABLE,,map,table (reader indirect),,LOW,
0x151D0C,TABLE,,map,table (reader indirect),,LOW,
0x153C78,TABLE,,map,table (reader indirect),,LOW,
0x153E00,TABLE,,map,table (reader indirect),,LOW,
0x154074,TABLE,,map,table (reader indirect),,LOW,
0x1542E8,TABLE,,map,table (reader indirect),,LOW,
0x15455C,TABLE,,map,table (reader indirect),,LOW,
0x1546C0,TABLE,,map,table (reader indirect),,LOW,
0x154824,TABLE,,map,table (reader indirect),,LOW,
0x154988,TABLE,,map,table (reader indirect),,LOW,
0x154A20,TABLE,,map,table (reader indirect),,LOW,
0x154AB8,TABLE,,map,table (reader indirect),,LOW,
0x154B48,TABLE,,map,table (reader indirect),,LOW,
0x154BDE,CONSTANT,,threshold,compared against a constant/value,0x02C840,MED,if (((iVar7 == 1) && (DAT_00154bde <= uVar1)) || ((iVar7 == 0 && (DAT_00154be2 <= uVar1)))) {
0x154BE0,CONSTANT,,operand,read in an expression (role unresolved),0x02C840,LOW,uVar2 = DAT_00154be0;
0x154BE2,CONSTANT,,threshold,compared against a constant/value,0x02C840,MED,if (((iVar7 == 1) && (DAT_00154bde <= uVar1)) || ((iVar7 == 0 && (DAT_00154be2 <= uVar1)))) {
0x154BE4,CONSTANT,,operand,read in an expression (role unresolved),0x02C840,LOW,uVar3 = DAT_00154be4;
0x154BE6,CONSTANT,,operand,read in an expression (role unresolved),0x02C840,LOW,uVar4 = DAT_00154be6;
0x154BE8,CONSTANT,,operand,read in an expression (role unresolved),0x02C840,LOW,uVar5 = DAT_00154be8;
0x154BEA,CONSTANT,,operand,read in an expression (role unresolved),0x02BA0C,LOW,uVar2 = DAT_00154bea;
0x154BEC,CONSTANT,,threshold,compared against a constant/value,0x02B9DE,MED,if (*(ushort *)(unaff_gp + -0x5c5e) < DAT_00154bec) {
0x154BEE,CONSTANT,,threshold,compared against a constant/value,0x02B9DE,MED,if (*(ushort *)(unaff_gp + -0x5c5e) < DAT_00154bee) {
0x154BF0,CONSTANT,,threshold,compared against a constant/value,0x02C430,MED,(((uVar4 <= DAT_00154bf0 || (DAT_00154bf2 <= uVar4)) &&
0x154BF2,CONSTANT,,threshold,compared against a constant/value,0x02C430,MED,if ((uVar4 < DAT_00154bf2) || (DAT_00154bf4 < uVar4)) {
0x154BF4,CONSTANT,,threshold,compared against a constant/value,0x02C430,MED,if ((uVar4 < DAT_00154bf2) || (DAT_00154bf4 < uVar4)) {
0x154BF6,CONSTANT,,threshold,compared against a constant/value,0x02C430,MED,((uVar4 <= DAT_00154bf4 || (DAT_00154bf6 <= uVar4)))))) {
0x154BF8,CONSTANT,,operand,read in an expression (role unresolved),0x02C430,LOW,uVar5 = DAT_00154bf8;
0x154BFA,CONSTANT,,operand,read in an expression (role unresolved),0x02C430,LOW,uVar6 = DAT_00154bfa;
0x154BFC,CONSTANT,,operand,read in an expression (role unresolved),0x02C430,LOW,uVar7 = DAT_00154bfc;
0x154BFE,CONSTANT,,operand,read in an expression (role unresolved),0x02C430,LOW,uVar8 = DAT_00154bfe;
0x154C00,CONSTANT,,operand,read in an expression (role unresolved),0x02C430,LOW,uVar9 = DAT_00154c00;
0x154C02,CONSTANT,,operand,read in an expression (role unresolved),0x02C430,LOW,uVar10 = DAT_00154c02;
0x154C04,CONSTANT,,operand,read in an expression (role unresolved),0x02C430,LOW,uVar11 = DAT_00154c04;
0x154C06,CONSTANT,,operand,read in an expression (role unresolved),0x02C430,LOW,uVar12 = DAT_00154c06;
0x154C08,CONSTANT,,threshold,compared against a constant/value,0x02C5BA,MED,if (((DAT_00154c08 < uVar2) && (DAT_00154c08 < uVar1)) ||
0x154C0A,CONSTANT,,operand,read in an expression (role unresolved),0x02C5BA,LOW,uVar3 = DAT_00154c0a;
0x154C0C,CONSTANT,,operand,read in an expression (role unresolved),0x02C5BA,LOW,uVar4 = DAT_00154c0c;
0x154C0E,CONSTANT,Quickshifter :: GP-Sensor Upshift Window A Offset vs Gear,operand,read in an expression (role unresolved),0x02C670,LOW,uVar5 = (uint)DAT_00154c0e;
0x154C10,CONSTANT,Quickshifter :: GP-Sensor Upshift Window A Offset vs Gear,operand,read in an expression (role unresolved),0x02C670,LOW,uVar3 = DAT_00154c10;
0x154C12,CONSTANT,Quickshifter :: GP-Sensor Upshift Window A Offset vs Gear,operand,read in an expression (role unresolved),0x02C670,LOW,uVar1 = DAT_00154c12;
0x154C14,CONSTANT,,threshold,compared against a constant/value,0x02C088,MED,if (param_1 < DAT_00154c14) {
0x154C16,CONSTANT,,threshold,compared against a constant/value,0x02C088,MED,if (param_1 < DAT_00154c16) {
0x154C18,CONSTANT,,threshold,compared against a constant/value,0x02C088,MED,else if (DAT_00154c18 <= param_1) {
0x154C1A,CONSTANT,,threshold,compared against a constant/value,0x02C088,MED,if (param_1 < DAT_00154c1a) {
0x154C1C,CONSTANT,,threshold,compared against a constant/value,0x02C088,MED,else if (DAT_00154c1c <= param_1) {
0x154C1E,CONSTANT,,threshold,compared against a constant/value,0x02C088,MED,if (param_1 < DAT_00154c1e) {
0x154C20,CONSTANT,,threshold,compared against a constant/value,0x02C088,MED,else if ((DAT_00154c20 <= param_1) && ((DAT_00154c22 <= param_1 || (3 < DAT_febf5e8c)))) {
0x154C22,CONSTANT,,threshold,compared against a constant/value,0x02C088,MED,else if ((DAT_00154c20 <= param_1) && ((DAT_00154c22 <= param_1 || (3 < DAT_febf5e8c)))) {
0x154C24,CONSTANT,,threshold,compared against a constant/value,0x02C12A,MED,if (param_1 < DAT_00154c24) {
0x154C26,CONSTANT,,threshold,compared against a constant/value,0x02C12A,MED,if (param_1 < DAT_00154c26) {
0x154C28,CONSTANT,,threshold,compared against a constant/value,0x02C12A,MED,else if (DAT_00154c28 <= param_1) {
0x154C2A,CONSTANT,,threshold,compared against a constant/value,0x02C12A,MED,if (param_1 < DAT_00154c2a) {
0x154C2C,CONSTANT,,threshold,compared against a constant/value,0x02C12A,MED,else if (DAT_00154c2c <= param_1) {
0x154C2E,CONSTANT,,threshold,compared against a constant/value,0x02C12A,MED,if (param_1 < DAT_00154c2e) {
0x154C30,CONSTANT,,threshold,compared against a constant/value,0x02C12A,MED,else if ((DAT_00154c30 <= param_1) && ((DAT_00154c32 <= param_1 || (3 < DAT_febf5e8c)))) {
0x154C32,CONSTANT,,threshold,compared against a constant/value,0x02C12A,MED,else if ((DAT_00154c30 <= param_1) && ((DAT_00154c32 <= param_1 || (3 < DAT_febf5e8c)))) {
0x154C34,CONSTANT,,threshold,compared against a constant/value,0x02C1CC,MED,"if ((param_1 < DAT_00154c34) || (uVar1 = 1, DAT_00154c36 <= param_1)) {"
0x154C36,CONSTANT,,threshold,compared against a constant/value,0x02C1CC,MED,"if ((param_1 < DAT_00154c34) || (uVar1 = 1, DAT_00154c36 <= param_1)) {"
0x154C38,CONSTANT,,threshold,compared against a constant/value,0x02C206,MED,"if ((param_1 < DAT_00154c38) || (uVar1 = 1, DAT_00154c3a <= param_1)) {"
0x154C3A,CONSTANT,,threshold,compared against a constant/value,0x02C206,MED,"if ((param_1 < DAT_00154c38) || (uVar1 = 1, DAT_00154c3a <= param_1)) {"
0x154C3C,CONSTANT,,threshold,compared against a constant/value,0x02C240,MED,"if ((param_1 < DAT_00154c3c) || (uVar1 = 1, DAT_00154c3e <= param_1)) {"
0x154C3E,CONSTANT,,threshold,compared against a constant/value,0x02C240,MED,"if ((param_1 < DAT_00154c3c) || (uVar1 = 1, DAT_00154c3e <= param_1)) {"
0x154C40,CONSTANT,,threshold,compared against a constant/value,0x02C27A,MED,if (param_1 < DAT_00154c40) {
0x154C42,CONSTANT,,threshold,compared against a constant/value,0x02C27A,MED,else if (DAT_00154c42 <= param_1) {
0x154C44,CONSTANT,,operand,read in an expression (role unresolved),0x02BC30,LOW,uVar3 = DAT_00154c44;
0x154C46,CONSTANT,,operand,read in an expression (role unresolved),0x02BC30,LOW,uVar8 = DAT_00154c46;
0x154C48,CONSTANT,,operand,read in an expression (role unresolved),0x02BC30,LOW,uVar7 = DAT_00154c48;
0x154C4A,CONSTANT,,operand,read in an expression (role unresolved),0x02BC30,LOW,uVar6 = DAT_00154c4a;
0x154C4C,CONSTANT,,operand,read in an expression (role unresolved),0x02BC30,LOW,"(uVar6 = DAT_00154c52, uVar7 = DAT_00154c50, uVar8 = DAT_00154c4e, uVar3 = DAT_00154c4c,"
0x154C4E,CONSTANT,,operand,read in an expression (role unresolved),0x02BC30,LOW,"(uVar6 = DAT_00154c52, uVar7 = DAT_00154c50, uVar8 = DAT_00154c4e, uVar3 = DAT_00154c4c,"
0x154C50,CONSTANT,,operand,read in an expression (role unresolved),0x02BC30,LOW,"(uVar6 = DAT_00154c52, uVar7 = DAT_00154c50, uVar8 = DAT_00154c4e, uVar3 = DAT_00154c4c,"
0x154C52,CONSTANT,,operand,read in an expression (role unresolved),0x02BC30,LOW,"(uVar6 = DAT_00154c52, uVar7 = DAT_00154c50, uVar8 = DAT_00154c4e, uVar3 = DAT_00154c4c,"
0x154C54,CONSTANT,,operand,read in an expression (role unresolved),0x02BC30,LOW,"(uVar6 = DAT_00154c5a, uVar7 = DAT_00154c58, uVar8 = DAT_00154c56, uVar3 = DAT_00154c54,"
0x154C56,CONSTANT,,operand,read in an expression (role unresolved),0x02BC30,LOW,"(uVar6 = DAT_00154c5a, uVar7 = DAT_00154c58, uVar8 = DAT_00154c56, uVar3 = DAT_00154c54,"
0x154C58,CONSTANT,,operand,read in an expression (role unresolved),0x02BC30,LOW,"(uVar6 = DAT_00154c5a, uVar7 = DAT_00154c58, uVar8 = DAT_00154c56, uVar3 = DAT_00154c54,"
0x154C5A,CONSTANT,,operand,read in an expression (role unresolved),0x02BC30,LOW,"(uVar6 = DAT_00154c5a, uVar7 = DAT_00154c58, uVar8 = DAT_00154c56, uVar3 = DAT_00154c54,"
0x154C5C,CONSTANT,,operand,read in an expression (role unresolved),0x02BC30,LOW,uVar3 = DAT_00154c5c;
0x154C5E,CONSTANT,,operand,read in an expression (role unresolved),0x02BC30,LOW,uVar8 = DAT_00154c5e;
0x154C60,CONSTANT,,operand,read in an expression (role unresolved),0x02BC30,LOW,uVar7 = DAT_00154c60;
0x154C62,CONSTANT,,operand,read in an expression (role unresolved),0x02BC30,LOW,uVar6 = DAT_00154c62;
0x154C64,CONSTANT,,operand,read in an expression (role unresolved),0x02BD40,LOW,uVar3 = DAT_00154c64;
0x154C66,CONSTANT,,operand,read in an expression (role unresolved),0x02BD40,LOW,uVar5 = DAT_00154c66;
0x154C68,CONSTANT,,operand,read in an expression (role unresolved),0x02BD40,LOW,"if (((cVar1 != '\b') && (uVar5 = DAT_00154c6a, uVar3 = DAT_00154c68, cVar1 != '\x10')) &&"
0x154C6A,CONSTANT,,operand,read in an expression (role unresolved),0x02BD40,LOW,"if (((cVar1 != '\b') && (uVar5 = DAT_00154c6a, uVar3 = DAT_00154c68, cVar1 != '\x10')) &&"
0x154C6C,CONSTANT,,operand,read in an expression (role unresolved),0x02BD40,LOW,"(uVar5 = DAT_00154c6e, uVar3 = DAT_00154c6c, cVar1 != ' ')) {"
0x154C6E,CONSTANT,,operand,read in an expression (role unresolved),0x02BD40,LOW,"(uVar5 = DAT_00154c6e, uVar3 = DAT_00154c6c, cVar1 != ' ')) {"
0x154C70,CONSTANT,,operand,read in an expression (role unresolved),0x02BD40,LOW,uVar3 = DAT_00154c70;
0x154C72,CONSTANT,,operand,read in an expression (role unresolved),0x02BD40,LOW,uVar5 = DAT_00154c72;
0x154C74,CONSTANT,,operand,read in an expression (role unresolved),0x02A11C,LOW,uVar1 = DAT_00154c74;
0x154C76,CONSTANT,Quickshifter,operand,read in an expression (role unresolved),0x02A19A,LOW,uVar2 = DAT_00154c76;
0x154C78,CONSTANT,Quickshifter,operand,read in an expression (role unresolved),0x02A19A,LOW,uVar3 = DAT_00154c78;
0x154C7A,CONSTANT,Quickshifter :: GP-Sensor Upshift Window A Offset vs Gear,operand,read in an expression (role unresolved),0x02A2BA,LOW,uVar6 = DAT_00154c7a;
0x154C7C,CONSTANT,Quickshifter,operand,read in an expression (role unresolved),0x02A96E,LOW,uVar6 = DAT_00154c7c;
0x154C7E,CONSTANT,Quickshifter :: GP-Sensor Upshift Window A Offset vs Gear,operand,read in an expression (role unresolved),0x02A2BA,LOW,uVar7 = DAT_00154c7e;
0x154C80,CONSTANT,,operand,read in an expression (role unresolved),0x02A5AE,LOW,uVar1 = DAT_00154c80;
0x154C82,CONSTANT,,operand,read in an expression (role unresolved),0x02AC1A,LOW,uVar1 = DAT_00154c82;
0x154C84,CONSTANT,Quickshifter,operand,read in an expression (role unresolved),0x02AFA4,LOW,uVar4 = DAT_00154c84;
0x154C86,CONSTANT,Quickshifter,operand,read in an expression (role unresolved),0x02AFA4,LOW,uVar5 = DAT_00154c86;
0x154C88,CONSTANT,,operand,read in an expression (role unresolved),0x02B084,LOW,uVar2 = DAT_00154c88;
0x154C8A,CONSTANT,Quickshifter,operand,read in an expression (role unresolved),0x02B1CC,LOW,uVar2 = DAT_00154c8a;
0x154C8C,CONSTANT,,operand,read in an expression (role unresolved),0x02B2A0,LOW,uVar4 = DAT_00154c8c;
0x154C8E,CONSTANT,,operand,read in an expression (role unresolved),0x02B2A0,LOW,uVar3 = DAT_00154c8e;
0x154C90,CONSTANT,,operand,read in an expression (role unresolved),0x02B2A0,LOW,uVar3 = DAT_00154c90;
0x154C92,CONSTANT,,operand,read in an expression (role unresolved),0x02B2A0,LOW,uVar3 = DAT_00154c92;
0x154C94,CONSTANT,,operand,read in an expression (role unresolved),0x02B2A0,LOW,uVar3 = DAT_00154c94;
0x154C96,CONSTANT,,operand,read in an expression (role unresolved),0x02B2A0,LOW,uVar4 = DAT_00154c96;
0x154C98,CONSTANT,,operand,read in an expression (role unresolved),0x02B2A0,LOW,uVar4 = DAT_00154c98;
0x154C9A,CONSTANT,,operand,read in an expression (role unresolved),0x02B2A0,LOW,uVar4 = DAT_00154c9a;
0x154C9C,CONSTANT,,operand,read in an expression (role unresolved),0x02B2A0,LOW,uVar4 = DAT_00154c9c;
0x154C9E,CONSTANT,,operand,read in an expression (role unresolved),0x02B666,LOW,uVar1 = DAT_00154c9e;
0x154CA0,CONSTANT,,operand,read in an expression (role unresolved),0x02B8B6,LOW,uVar2 = DAT_00154ca0;
0x154CA2,CONSTANT,,operand,read in an expression (role unresolved),0x02B8B6,LOW,uVar3 = DAT_00154ca2;
0x154CA4,CONSTANT,,operand,read in an expression (role unresolved),0x02940A,LOW,uVar1 = DAT_00154ca4;
0x154CA6,CONSTANT,,operand,read in an expression (role unresolved),0x02940A,LOW,uVar2 = DAT_00154ca6;
0x154CA8,CONSTANT,,threshold,compared against slip,0x028F70,HIGH,DAT_00154caa * (ushort)(DAT_00154ca8 < _DAT_febf6164);
0x154CAA,CONSTANT,,gain,multiplier in a calc,0x028F70,MED,DAT_00154caa * (ushort)(DAT_00154ca8 < _DAT_febf6164);
0x154CAC,CONSTANT,,gain,multiplier in a calc,0x028F70,MED,DAT_00154cac * (ushort)(_DAT_febf6164 <= DAT_00154ca8) +
0x154CAE,CONSTANT,Anti-Lift Control,operand,read in an expression (role unresolved),0x0290FE,LOW,uVar1 = DAT_00154cae;
0x154CB0,CONSTANT,,offset,added/subtracted in a calc,0x029760,MED,"FUN_000a1cc2((uint)*(ushort *)(unaff_gp + -0x5bd4) + (uint)DAT_00154cb0 + -0x8000,0xffff,0);"
0x154CB2,CONSTANT,Anti-Lift Control,operand,read in an expression (role unresolved),0x0297E2,LOW,sVar2 = DAT_00154cb2;
0x154CB4,CONSTANT,Anti-Lift Control,operand,read in an expression (role unresolved),0x0297E2,LOW,sVar3 = DAT_00154cb4;
0x154CB6,CONSTANT,,operand,operand computing state 0xFEF0054E,0x029986,MED,"_DAT_fef0054e = FUN_000a1d0a(_DAT_fef0054c,DAT_00154cb6);"
0x154CB8,CONSTANT,,operand,read in an expression (role unresolved),0x029986,LOW,uVar1 = DAT_00154cb8;
0x154CBA,CONSTANT,Anti-Lift Control,operand,read in an expression (role unresolved),0x029A94,LOW,uVar1 = DAT_00154cba;
0x154CBC,CONSTANT,,gain,multiplier in a calc,0x029986,MED,(((((int)((_DAT_fef0055c - 0x8000) * (uint)DAT_00154cbc) / 0x20) * 0x19) / 0x400
0x154CBE,CONSTANT,Anti-Lift Control,operand,read in an expression (role unresolved),0x029BEA,LOW,uVar10 = (uint)DAT_00154cbe;
0x154CC0,CONSTANT,Anti-Lift Control,operand,read in an expression (role unresolved),0x029BEA,LOW,uVar11 = (uint)DAT_00154cc0;
0x154CC2,CONSTANT,Anti-Lift Control,operand,read in an expression (role unresolved),0x029BEA,LOW,uVar1 = DAT_00154cc2;
0x154CC4,CONSTANT,Quickshifter :: GP-Sensor Upshift Window A Offset vs Gear,threshold,compared against a constant/value,0x029CE4,MED,((((bVar1 & 1) != 0 || (iVar4 != 0)) || (uVar2 <= DAT_00154cc4)))) {
0x154CC6,CONSTANT,,operand,read in an expression (role unresolved),0x0284BE,LOW,uVar2 = DAT_00154cc6;
0x154CC8,CONSTANT,,operand,read in an expression (role unresolved),0x0284BE,LOW,uVar3 = DAT_00154cc8;
0x154CCA,CONSTANT,,operand,read in an expression (role unresolved),0x0284BE,LOW,uVar4 = DAT_00154cca;
0x154CCC,CONSTANT,,operand,read in an expression (role unresolved),0x0285E6,LOW,uVar1 = DAT_00154ccc;
0x154CCE,CONSTANT,,operand,read in an expression (role unresolved),0x0285E6,LOW,uVar2 = DAT_00154cce;
0x154CD0,CONSTANT,,operand,read in an expression (role unresolved),0x02864E,LOW,(DAT_00154cd0 <= *(ushort *)(unaff_gp + -0x5c52))) &&
0x154CD2,CONSTANT,,operand,read in an expression (role unresolved),0x02864E,LOW,(((DAT_00154cd2 <= *(ushort *)(unaff_gp + -0x5c40) &&
0x154CD4,CONSTANT,,threshold,compared against a constant/value,0x02864E,MED,(*(ushort *)(unaff_gp + -0x5c7e) <= DAT_00154cd4)) &&
0x154CD6,CONSTANT,,operand,read in an expression (role unresolved),0x02873E,LOW,uVar1 = DAT_00154cd6;
0x154CD8,CONSTANT,,operand,read in an expression (role unresolved),0x02873E,LOW,uVar2 = DAT_00154cd8;
0x154CDA,CONSTANT,,operand,read in an expression (role unresolved),0x028A2E,LOW,"(((uVar3 = DAT_00154ce0, uVar4 = DAT_00154cde, uVar5 = DAT_00154cdc, uVar2 = DAT_00154cda,"
0x154CDC,CONSTANT,,operand,read in an expression (role unresolved),0x028A2E,LOW,"(((uVar3 = DAT_00154ce0, uVar4 = DAT_00154cde, uVar5 = DAT_00154cdc, uVar2 = DAT_00154cda,"
0x154CDE,CONSTANT,,operand,read in an expression (role unresolved),0x028A2E,LOW,"(((uVar3 = DAT_00154ce0, uVar4 = DAT_00154cde, uVar5 = DAT_00154cdc, uVar2 = DAT_00154cda,"
0x154CE0,CONSTANT,,operand,read in an expression (role unresolved),0x028A2E,LOW,"(((uVar3 = DAT_00154ce0, uVar4 = DAT_00154cde, uVar5 = DAT_00154cdc, uVar2 = DAT_00154cda,"
0x154CE2,CONSTANT,,operand,read in an expression (role unresolved),0x028A2E,LOW,"(uVar3 = DAT_00154ce8, uVar4 = DAT_00154ce6, uVar5 = DAT_00154ce4, uVar2 = DAT_00154ce2,"
0x154CE4,CONSTANT,,operand,read in an expression (role unresolved),0x028A2E,LOW,"(uVar3 = DAT_00154ce8, uVar4 = DAT_00154ce6, uVar5 = DAT_00154ce4, uVar2 = DAT_00154ce2,"
0x154CE6,CONSTANT,,operand,read in an expression (role unresolved),0x028A2E,LOW,"(uVar3 = DAT_00154ce8, uVar4 = DAT_00154ce6, uVar5 = DAT_00154ce4, uVar2 = DAT_00154ce2,"
0x154CE8,CONSTANT,,operand,read in an expression (role unresolved),0x028A2E,LOW,"(uVar3 = DAT_00154ce8, uVar4 = DAT_00154ce6, uVar5 = DAT_00154ce4, uVar2 = DAT_00154ce2,"
0x154CEA,CONSTANT,,operand,read in an expression (role unresolved),0x028A2E,LOW,"(uVar3 = DAT_00154cf0, uVar4 = DAT_00154cee, uVar5 = DAT_00154cec, uVar2 = DAT_00154cea,"
0x154CEC,CONSTANT,,operand,read in an expression (role unresolved),0x028A2E,LOW,"(uVar3 = DAT_00154cf0, uVar4 = DAT_00154cee, uVar5 = DAT_00154cec, uVar2 = DAT_00154cea,"
0x154CEE,CONSTANT,,operand,read in an expression (role unresolved),0x028A2E,LOW,"(uVar3 = DAT_00154cf0, uVar4 = DAT_00154cee, uVar5 = DAT_00154cec, uVar2 = DAT_00154cea,"
0x154CF0,CONSTANT,,operand,read in an expression (role unresolved),0x028A2E,LOW,"(uVar3 = DAT_00154cf0, uVar4 = DAT_00154cee, uVar5 = DAT_00154cec, uVar2 = DAT_00154cea,"
0x154CF2,CONSTANT,,operand,read in an expression (role unresolved),0x0287AA,LOW,uVar2 = DAT_00154cf2;
0x154CF4,CONSTANT,,operand,read in an expression (role unresolved),0x028816,LOW,uVar1 = DAT_00154cf4;
0x154CF6,CONSTANT,,operand,read in an expression (role unresolved),0x02885E,LOW,uVar1 = DAT_00154cf6;
0x154CF8,CONSTANT,,threshold,compared against a constant/value,0x0281F4,MED,if (((_DAT_fef00302 < DAT_00154cf8) ||
0x154CFA,CONSTANT,,threshold,compared against state 0xFEF00302,0x0281F4,HIGH,((DAT_00154cfa < _DAT_fef00302 && (_DAT_fef00300 < DAT_00154cfe)))) ||
0x154CFC,CONSTANT,,threshold,compared against state 0xFEF00302,0x0281F4,HIGH,((DAT_00154cfc < _DAT_fef00302 && (DAT_00154cfe <= _DAT_fef00300)))) {
0x154CFE,CONSTANT,,threshold,compared against state 0xFEF00300,0x0281F4,HIGH,((DAT_00154cfc < _DAT_fef00302 && (DAT_00154cfe <= _DAT_fef00300)))) {
0x154D00,CONSTANT,,operand,read in an expression (role unresolved),0x028BF0,LOW,(DAT_00154d00 < *(ushort *)(unaff_gp + -0x5c52))) ||
0x154D02,CONSTANT,,threshold,compared against a constant/value,0x028BF0,MED,(((_DAT_fef02622 <= DAT_00154d02 && (*(ushort *)(unaff_gp + -0x5c10) <= DAT_00154d02)) ||
0x154D04,CONSTANT,Anti-Lift Control,operand,read in an expression (role unresolved),0x02C8FE,LOW,uVar1 = DAT_00154d04;
0x154D06,CONSTANT,Anti-Lift Control,operand,read in an expression (role unresolved),0x02C8FE,LOW,uVar2 = DAT_00154d06;
0x154D08,CONSTANT,Anti-Lift Control,operand,read in an expression (role unresolved),0x02C8FE,LOW,uVar3 = DAT_00154d08;
0x154D0A,CONSTANT,Anti-Lift Control,operand,read in an expression (role unresolved),0x02C8FE,LOW,uVar4 = DAT_00154d0a;
0x154D0C,CONSTANT,Anti-Lift Control,operand,read in an expression (role unresolved),0x02C8FE,LOW,uVar5 = DAT_00154d0c;
0x154D0E,CONSTANT,,gain,multiplier in a calc,0x02CB26,MED,uVar5 = ((uint)_DAT_fef02626 * (uint)_DAT_fef02626 >> 0x10) * (uint)DAT_00154d0e >> 4;
0x154D10,CONSTANT,,operand,read in an expression (role unresolved),0x02CB26,LOW,uVar4 = (uint)DAT_00154d10;
0x154D12,CONSTANT,,operand,read in an expression (role unresolved),0x02CB26,LOW,uVar3 = (uint)DAT_00154d12;
0x154D14,CONSTANT,,threshold,compared against a constant/value,0x02CC6C,MED,if (_DAT_fef005d6 < DAT_00154d14) {
0x154D16,CONSTANT,,threshold,compared against a constant/value,0x02CC6C,MED,if (_DAT_fef005d6 < DAT_00154d16) {
0x154D18,CONSTANT,Other ETV Maps,operand,read in an expression (role unresolved),0x02987A,LOW,uVar5 = (uint)DAT_00154d18;
0x154D1A,CONSTANT,Cruise Control (decoded),operand,read in an expression (role unresolved),0x02CC0A,LOW,uVar3 = (uint)DAT_00154d1a;
0x154D1C,CONSTANT,,operand,read in an expression (role unresolved),0x02CC6C,LOW,uVar1 = DAT_00154d1c;
0x154D1E,CONSTANT,,operand,operand computing state 0xFEF005CC,0x02CC6C,MED,"_DAT_fef005cc = FUN_000a1c70(uVar1,DAT_00154d1e,DAT_00154d20);"
0x154D20,CONSTANT,,operand,operand computing state 0xFEF005CC,0x02CC6C,MED,"_DAT_fef005cc = FUN_000a1c70(uVar1,DAT_00154d1e,DAT_00154d20);"
0x154D22,CONSTANT,,operand,read in an expression (role unresolved),0x02CDA2,LOW,"(uint)_DAT_fef00608 * 0x100 + 0x80) / 0x100,DAT_00154d22,0);"
0x154D24,CONSTANT,,operand,read in an expression (role unresolved),0x02CE0C,LOW,uVar10 = (uint)DAT_00154d24;
0x154D26,CONSTANT,,operand,read in an expression (role unresolved),0x02CE0C,LOW,uVar8 = DAT_00154d26;
0x154D28,CONSTANT,,operand,read in an expression (role unresolved),0x02D568,LOW,uVar13 = (uint)DAT_00154d28;
0x154D2A,CONSTANT,,operand,read in an expression (role unresolved),0x02D568,LOW,uVar2 = DAT_00154d2a;
0x154D2C,CONSTANT,,operand,read in an expression (role unresolved),0x02D568,LOW,uVar15 = (uint)DAT_00154d2c;
0x154D2E,CONSTANT,,operand,read in an expression (role unresolved),0x02D6D6,LOW,uVar4 = (uint)DAT_00154d2e;
0x154D30,CONSTANT,,operand,read in an expression (role unresolved),0x02D568,LOW,uVar11 = FUN_000a1c02(DAT_00154d30 + uVar19);
0x154D32,CONSTANT,,operand,read in an expression (role unresolved),0x02D568,LOW,uVar14 = (uint)DAT_00154d32;
0x154D34,CONSTANT,,operand,read in an expression (role unresolved),0x02D568,LOW,uVar3 = DAT_00154d34;
0x154D36,CONSTANT,,operand,read in an expression (role unresolved),0x02D738,LOW,uVar4 = (uint)DAT_00154d36;
0x154D38,CONSTANT,,operand,read in an expression (role unresolved),0x02D79C,LOW,uVar2 = DAT_00154d38;
0x154D3A,CONSTANT,,offset,added/subtracted in a calc,0x02D826,MED,"uVar1 = FUN_000a1ba0(uVar3 - DAT_00154d3a,0);"
0x154D3C,CONSTANT,,operand,read in an expression (role unresolved),0x02D87C,LOW,"uVar1 = FUN_000a1c02(DAT_00154d3c + uVar3,0xffff);"
0x154D3E,CONSTANT,,operand,read in an expression (role unresolved),0x02DEB2,LOW,uVar2 = FUN_000a1c02(DAT_00154d3e + uVar8 >> 7);
0x154D40,CONSTANT,,unref,not read by code (data-only),0x02DD26,LOW,
0x154D42,CONSTANT,,operand,read in an expression (role unresolved),0x02DF96,LOW,uVar1 = FUN_000a1c02(DAT_00154d42 + uVar6 >> 7);
0x154D44,CONSTANT,,offset,added/subtracted in a calc,0x02DF20,MED,"uVar2 = FUN_000a1ba0((int)(uVar8 - DAT_00154d44) / 0x80,0);"
0x154D46,CONSTANT,,unref,not read by code (data-only),0x02DDF2,LOW,
0x154D48,CONSTANT,,offset,added/subtracted in a calc,0x02E01E,MED,"uVar1 = FUN_000a1ba0((int)(uVar6 - DAT_00154d48) / 0x80,0);"
0x154D4A,CONSTANT,,operand,read in an expression (role unresolved),0x02DEB2,LOW,uVar3 = FUN_000a1c02(DAT_00154d4a + uVar7 >> 7);
0x154D4C,CONSTANT,,unref,not read by code (data-only),0x02DD26,LOW,
0x154D4E,CONSTANT,,operand,read in an expression (role unresolved),0x02DF96,LOW,uVar2 = FUN_000a1c02(DAT_00154d4e + uVar5 >> 7);
0x154D50,CONSTANT,,offset,added/subtracted in a calc,0x02DF20,MED,"uVar3 = FUN_000a1ba0((int)(uVar7 - DAT_00154d50) / 0x80,0);"
0x154D52,CONSTANT,,unref,not read by code (data-only),0x02DDF2,LOW,
0x154D54,CONSTANT,,offset,added/subtracted in a calc,0x02E01E,MED,"uVar2 = FUN_000a1ba0((int)(uVar5 - DAT_00154d54) / 0x80,0);"
0x154D56,CONSTANT,,threshold,compared against a constant/value,0x02DF96,MED,if (DAT_00154d56 <= uVar8) {
0x154D58,CONSTANT,,operand,read in an expression (role unresolved),0x02E36C,LOW,uVar3 = DAT_00154d58;
0x154D5A,CONSTANT,,operand,read in an expression (role unresolved),0x02E36C,LOW,uVar4 = DAT_00154d5a;
0x154D5C,CONSTANT,,threshold,compared against a constant/value,0x02E36C,MED,bVar1 = DAT_00154d5c <= uVar8;
0x154D5E,CONSTANT,,threshold,compared against a constant/value,0x02E36C,MED,if (uVar12 < DAT_00154d5e) {
0x154D60,CONSTANT,,operand,read in an expression (role unresolved),0x02E36C,LOW,uVar5 = DAT_00154d60;
0x154D62,CONSTANT,,operand,read in an expression (role unresolved),0x02E462,LOW,uVar2 = FUN_000a1c02((uint)DAT_00154d62 + (uint)_DAT_fef00626);
0x154D64,CONSTANT,,operand,read in an expression (role unresolved),0x02E462,LOW,uVar5 = (uint)DAT_00154d64;
0x154D66,CONSTANT,,threshold,compared against RAM 0xFEBF5E86,0x02E4E0,HIGH,bVar1 = _DAT_febf5e86 <= DAT_00154d66;
0x154D68,CONSTANT,,operand,read in an expression (role unresolved),0x02E596,LOW,if (DAT_00154d68 < *(ushort *)(unaff_gp + -0x5c86)) {
0x154D6A,CONSTANT,,threshold,compared against state 0xFEF00644,0x02E596,HIGH,if (DAT_00154d6a <= _DAT_fef00644) {
0x154D6C,CONSTANT,,operand,read in an expression (role unresolved),0x02E5DA,LOW,uVar1 = FUN_000a1c02(DAT_00154d6c + uVar3);
0x154D6E,CONSTANT,Cruise Control (decoded),operand,read in an expression (role unresolved),0x02DA0E,LOW,uVar1 = DAT_00154d6e;
0x154D70,CONSTANT,Cruise Control (decoded),operand,read in an expression (role unresolved),0x02DA0E,LOW,uVar2 = DAT_00154d70;
0x154D72,CONSTANT,,offset,added/subtracted in a calc,0x02E640,MED,"uVar4 = FUN_000a1ba0((uint)_DAT_fef005e0 - (uint)DAT_00154d72,0);"
0x154D74,CONSTANT,,operand,read in an expression (role unresolved),0x02E640,LOW,uVar1 = DAT_00154d74;
0x154D76,CONSTANT,,threshold,compared against a constant/value,0x02E6A4,MED,if ((_DAT_fef005d2 < DAT_00154d76) || ((int)(uVar5 << 0x1c) < 0)) {
0x154D78,CONSTANT,,threshold,compared against state 0xFEF00648,0x02E6A4,HIGH,if (DAT_00154d78 <= _DAT_fef00648) {
0x154D7A,CONSTANT,,operand,read in an expression (role unresolved),0x02E6A4,LOW,uVar1 = DAT_00154d7a;
0x154D7C,CONSTANT,,operand,read in an expression (role unresolved),0x02E6A4,LOW,uVar2 = DAT_00154d7c;
0x154D7E,CONSTANT,,threshold,compared against state 0xFEF005C4,0x02E72E,HIGH,if (DAT_00154d7e < _DAT_fef005c4) {
0x154D80,CONSTANT,,threshold,compared against state 0xFEF0064C,0x02E72E,HIGH,if (DAT_00154d80 <= _DAT_fef0064c) {
0x154D82,CONSTANT,,threshold,compared against state 0xFEF0262E,0x02E776,HIGH,if (((((iVar8 == 1) || (DAT_00154d82 < _DAT_fef0262e)) || ((DAT_fef0065b & 1) != 0)) ||
0x154D84,CONSTANT,Cruise Control (decoded),gain,multiplier in a calc,0x02D118,MED,"FUN_000a1c70((uint)_DAT_fef005dc * (uint)bVar1 + (uint)DAT_00154d84 * (uint)!bVar1,"
0x154D86,CONSTANT,,threshold,compared against a constant/value,0x02EC24,MED,if (_DAT_fef0064e < DAT_00154d86) {
0x154D88,CONSTANT,,threshold,compared against a constant/value,0x02D30A,MED,if ((cVar1 == '\x01') && (*(ushort *)(unaff_gp + -0x5c52) <= DAT_00154d88)) {
0x154D8A,CONSTANT,,threshold,compared against a constant/value,0x02D30A,MED,cVar21 = (*(ushort *)(unaff_gp + -0x5c40) <= DAT_00154d8a) * '\x02' +
0x154D8C,CONSTANT,Cruise Control (decoded),operand,read in an expression (role unresolved),0x02D118,LOW,uVar12 = (uint)DAT_00154d8c;
0x154D8E,CONSTANT,,gain,multiplier in a calc,0x02E4E0,MED,((uint)DAT_00154d8e * 0x40 < (uint)*(ushort *)(unaff_gp + -0x5c52))) {
0x154D90,CONSTANT,,threshold,compared against state 0xFEF0063C,0x02E916,HIGH,if ((-1 < iVar2) || (DAT_00154d90 < _DAT_fef0063c)) {
0x154D92,CONSTANT,,threshold,compared against state 0xFEF0063A,0x02E916,HIGH,if (((-1 < (int)((uint)DAT_fef0065c << 0x18)) && (iVar2 < 0)) || (DAT_00154d92 < _DAT_fef0063a)) {
0x154D94,CONSTANT,,operand,read in an expression (role unresolved),0x02E864,LOW,uVar2 = (uint)DAT_00154d94;
0x154D96,CONSTANT,,threshold,compared against state 0xFEF00650,0x02D8D4,HIGH,if ((DAT_00154d96 <= _DAT_fef00650) || (iVar2 == 1)) {
0x154D98,CONSTANT,Cruise Control (decoded),operand,read in an expression (role unresolved),0x02F0DA,LOW,uVar1 = DAT_00154d98;
0x154D9A,CONSTANT,Cruise Control (decoded),operand,read in an expression (role unresolved),0x02F0DA,LOW,uVar2 = DAT_00154d9a;
0x154D9C,CONSTANT,,operand,operand computing state 0xFEF0066E,0x02F286,MED,_DAT_fef0066e = DAT_00154d9c;
0x154D9E,CONSTANT,Anti-Lift Control,operand,read in an expression (role unresolved),0x02F3E6,LOW,uVar1 = DAT_00154d9e;
0x154DA0,CONSTANT,Anti-Lift Control,operand,read in an expression (role unresolved),0x02F3E6,LOW,uVar2 = DAT_00154da0;
0x154DA2,CONSTANT,Anti-Lift Control,operand,read in an expression (role unresolved),0x02F3E6,LOW,uVar3 = DAT_00154da2;
0x154DA4,CONSTANT,Anti-Lift Control,operand,read in an expression (role unresolved),0x02F3E6,LOW,uVar4 = DAT_00154da4;
0x154DA6,CONSTANT,,operand,read in an expression (role unresolved),0x02F49A,LOW,uVar5 = (uint)DAT_00154da6;
0x154DA8,CONSTANT,,operand,read in an expression (role unresolved),0x02F49A,LOW,uVar4 = (uint)DAT_00154da8;
0x154DAA,CONSTANT,,operand,read in an expression (role unresolved),0x02F49A,LOW,uVar1 = DAT_00154daa;
0x154DAC,CONSTANT,Cruise Control (decoded),operand,read in an expression (role unresolved),0x02F16A,LOW,uVar1 = DAT_00154dac;
0x154DAE,CONSTANT,Cruise Control (decoded),operand,read in an expression (role unresolved),0x02F16A,LOW,uVar2 = DAT_00154dae;
0x154DB0,CONSTANT,,threshold,compared against a constant/value,0x02FAEE,MED,if ((DAT_00154db0 < uVar2) && (DAT_00154db0 < uVar3)) {
0x154DB2,CONSTANT,,threshold,compared against state 0xFEF006AE,0x02FAEE,HIGH,bVar1 = DAT_00154db2 <= _DAT_fef006ae;
0x154DB4,CONSTANT,,operand,read in an expression (role unresolved),0x02FB70,LOW,uVar1 = DAT_00154db4;
0x154DB6,CONSTANT,,operand,read in an expression (role unresolved),0x02FB70,LOW,uVar2 = DAT_00154db6;
0x154DB8,CONSTANT,,operand,read in an expression (role unresolved),0x02FB70,LOW,uVar3 = DAT_00154db8;
0x154DBA,CONSTANT,Cruise Control (decoded),operand,operand computing state 0xFEF006BA,0x02FD42,MED,"_DAT_fef006ba = FUN_000a1cc2(((uint)DAT_00154dba - (uint)_DAT_fef005da) + 0x8000,0xffff,0);"
0x154DBC,CONSTANT,Anti-Lift Control,operand,read in an expression (role unresolved),0x02FE3E,LOW,uVar3 = DAT_00154dbc;
0x154DBE,CONSTANT,Anti-Lift Control,operand,read in an expression (role unresolved),0x02FE3E,LOW,uVar4 = DAT_00154dbe;
0x154DC0,CONSTANT,,operand,operand computing state 0xFEF005F4,0x02FC62,MED,_DAT_fef005f4 = DAT_00154dc0;
0x154DC2,FLAG,,gain,multiplier in a calc,0x02BA0C,MED,bVar4 = (DAT_00154dc2 == -0x80) + bVar4 * (DAT_00154dc2 != -0x80);
0x154DC3,CONSTANT,,threshold,compared against state 0xFEF005B5,0x02BAA4,HIGH,if (DAT_00154dc3 <= DAT_fef005b5) {
0x154DC4,CONSTANT,,threshold,compared against state 0xFEF005FB,0x02C430,HIGH,bVar1 = DAT_00154dc4 <= DAT_fef005fb;
0x154DC5,CONSTANT,,operand,read in an expression (role unresolved),0x02C430,LOW,bVar13 = DAT_00154dc5;
0x154DC6,CONSTANT,,operand,read in an expression (role unresolved),0x02C430,LOW,bVar14 = DAT_00154dc6;
0x154DC7,CONSTANT,,threshold,compared against state 0xFEF005FE,0x02C5BA,HIGH,if (DAT_00154dc7 <= DAT_fef005fe) {
0x154DC8,CONSTANT,,operand,read in an expression (role unresolved),0x02C5BA,LOW,bVar5 = DAT_00154dc8;
0x154DC9,FLAG,,operand,read in an expression (role unresolved),0x02C048,LOW,cVar1 = DAT_00154dc9;
0x154DCA,CONSTANT,,operand,read in an expression (role unresolved),0x02C048,LOW,bVar2 = DAT_00154dca;
0x154DCB,CONSTANT,Limiters,operand,read in an expression (role unresolved),0x02C350,LOW,bVar2 = DAT_00154dcb;
0x154DCC,CONSTANT,Limiters,operand,read in an expression (role unresolved),0x02C350,LOW,bVar3 = DAT_00154dcc;
0x154DCD,FLAG,,operand,read in an expression (role unresolved),0x02BC30,LOW,if ((((cVar1 != '\x02') && (cVar1 != '\x04')) && (DAT_00154dcd == -0x80)) &&
0x154DCE,FLAG,,operand,read in an expression (role unresolved),0x02BD40,LOW,if ((((cVar1 != '\x02') && (cVar1 != '\x04')) && (DAT_00154dce == -0x80)) &&
0x154DCF,FLAG,,operand,read in an expression (role unresolved),0x02BBEC,LOW,if (((DAT_00154dcf < *(byte *)(unaff_gp + -0x618b)) || (iVar1 != 1)) || (cVar2 != '\x01')) {
0x154DD0,CONSTANT,,gain,multiplier in a calc,0x02BB76,MED,if (uVar3 < (ushort)((ushort)DAT_00154dd0 * 0x100)) {
0x154DD1,CONSTANT,,gain,multiplier in a calc,0x02BB76,MED,bVar1 = (ushort)((ushort)DAT_00154dd1 * 0x100) <= uVar3;
0x154DD2,CONSTANT,,threshold,compared against a constant/value,0x029F9A,MED,"(cVar2 = DAT_00154dd2, DAT_00154dd2 != '\0')) {"
0x154DD3,FLAG,,operand,read in an expression (role unresolved),0x02A0CA,LOW,bVar1 = DAT_00154dd3 == -0x80;
0x154DD4,CONSTANT,Quickshifter :: GP-Sensor Upshift Window A Offset vs Gear,operand,read in an expression (role unresolved),0x02A2BA,LOW,cVar8 = DAT_00154dd4;
0x154DD5,CONSTANT,Quickshifter :: GP-Sensor Upshift Window A Offset vs Gear,operand,read in an expression (role unresolved),0x02A2BA,LOW,cVar9 = DAT_00154dd5;
0x154DD6,FLAG,,operand,read in an expression (role unresolved),0x02A786,LOW,uVar1 = DAT_00154dd6;
0x154DD7,FLAG,,operand,read in an expression (role unresolved),0x02A786,LOW,uVar2 = DAT_00154dd7;
0x154DD8,FLAG,,operand,read in an expression (role unresolved),0x02A786,LOW,uVar3 = DAT_00154dd8;
0x154DD9,FLAG,,operand,read in an expression (role unresolved),0x02A786,LOW,uVar4 = DAT_00154dd9;
0x154DDA,FLAG,,operand,read in an expression (role unresolved),0x02A786,LOW,uVar1 = DAT_00154dda;
0x154DDB,FLAG,,operand,read in an expression (role unresolved),0x02A786,LOW,uVar2 = DAT_00154ddb;
0x154DDC,FLAG,,operand,read in an expression (role unresolved),0x02A786,LOW,uVar3 = DAT_00154ddc;
0x154DDD,FLAG,,operand,read in an expression (role unresolved),0x02A786,LOW,uVar4 = DAT_00154ddd;
0x154DDE,FLAG,,operand,read in an expression (role unresolved),0x02A786,LOW,uVar1 = DAT_00154dde;
0x154DDF,FLAG,,operand,read in an expression (role unresolved),0x02A786,LOW,uVar2 = DAT_00154ddf;
0x154DE0,FLAG,,operand,read in an expression (role unresolved),0x02A786,LOW,uVar3 = DAT_00154de0;
0x154DE1,FLAG,,operand,read in an expression (role unresolved),0x02A786,LOW,uVar4 = DAT_00154de1;
0x154DE2,FLAG,,operand,read in an expression (role unresolved),0x02A786,LOW,uVar1 = DAT_00154de2;
0x154DE3,FLAG,,operand,read in an expression (role unresolved),0x02A786,LOW,uVar2 = DAT_00154de3;
0x154DE4,FLAG,,operand,read in an expression (role unresolved),0x02A786,LOW,uVar3 = DAT_00154de4;
0x154DE5,FLAG,,operand,read in an expression (role unresolved),0x02A786,LOW,uVar4 = DAT_00154de5;
0x154DE6,FLAG,,operand,read in an expression (role unresolved),0x02A830,LOW,uVar1 = DAT_00154de6;
0x154DE7,FLAG,,operand,read in an expression (role unresolved),0x02A830,LOW,uVar2 = DAT_00154de7;
0x154DE8,FLAG,,operand,read in an expression (role unresolved),0x02A830,LOW,uVar3 = DAT_00154de8;
0x154DE9,FLAG,,operand,read in an expression (role unresolved),0x02A830,LOW,uVar4 = DAT_00154de9;
0x154DEA,FLAG,,operand,read in an expression (role unresolved),0x02A830,LOW,uVar1 = DAT_00154dea;
0x154DEB,FLAG,,operand,read in an expression (role unresolved),0x02A830,LOW,uVar2 = DAT_00154deb;
0x154DEC,FLAG,,operand,read in an expression (role unresolved),0x02A830,LOW,uVar3 = DAT_00154dec;
0x154DED,FLAG,,operand,read in an expression (role unresolved),0x02A830,LOW,uVar4 = DAT_00154ded;
0x154DEE,FLAG,,operand,read in an expression (role unresolved),0x02A830,LOW,uVar1 = DAT_00154dee;
0x154DEF,FLAG,,operand,read in an expression (role unresolved),0x02A830,LOW,uVar2 = DAT_00154def;
0x154DF0,FLAG,,operand,read in an expression (role unresolved),0x02A830,LOW,uVar3 = DAT_00154df0;
0x154DF1,FLAG,,operand,read in an expression (role unresolved),0x02A830,LOW,uVar4 = DAT_00154df1;
0x154DF2,FLAG,,operand,read in an expression (role unresolved),0x02A830,LOW,uVar1 = DAT_00154df2;
0x154DF3,FLAG,,operand,read in an expression (role unresolved),0x02A830,LOW,uVar2 = DAT_00154df3;
0x154DF4,FLAG,,operand,read in an expression (role unresolved),0x02A830,LOW,uVar3 = DAT_00154df4;
0x154DF5,FLAG,,operand,read in an expression (role unresolved),0x02A830,LOW,uVar4 = DAT_00154df5;
0x154DF6,FLAG,,operand,read in an expression (role unresolved),0x02A61A,LOW,if ((((bVar1 & 2) == 0) && (iVar2 == 1)) || (DAT_00154df6 == -0x80)) {
0x154DF7,FLAG,,operand,read in an expression (role unresolved),0x02AC86,LOW,if ((((bVar1 & 8) == 0) && (iVar2 == 1)) || (DAT_00154df7 == -0x80)) {
0x154DF8,FLAG,,flag-test,bit tested,0x02B0D0,MED,if ((((DAT_fef005b1 & 0x10) == 0) && ((DAT_fef005a3 & 0x20) != 0)) || (DAT_00154df8 == -0x80)) {
0x154DF9,CONSTANT,Quickshifter,gain,multiplier in a calc,0x02B40A,MED,"uVar1 = FUN_000a1cc2((int)((uVar4 - 0x40) * (uint)DAT_00154df9) / 0x100 + 0x40,0xff,0x40);"
0x154DFA,CONSTANT,Quickshifter,gain,multiplier in a calc,0x02B538,MED,"uVar1 = FUN_000a1cc2((int)((uVar4 - 0x40) * (uint)DAT_00154dfa) / 0x100 + 0x40,0xff,0x40);"
0x154DFB,FLAG,,operand,read in an expression (role unresolved),0x029F34,LOW,FUN_00029eea(DAT_00154dfb == -0x80);
0x154DFC,CONSTANT,Anti-Lift Control,operand,read in an expression (role unresolved),0x029348,LOW,uVar3 = (uint)DAT_00154dfc;
0x154DFD,CONSTANT,Anti-Lift Control,operand,read in an expression (role unresolved),0x028FA0,LOW,uVar3 = (uint)DAT_00154dfd;
0x154DFE,CONSTANT,Anti-Lift Control,operand,read in an expression (role unresolved),0x028FA0,LOW,uVar4 = (uint)DAT_00154dfe;
0x154DFF,CONSTANT,,gain,multiplier in a calc,0x029220,MED,"FUN_000a1a66(&uStack_a,(ushort)DAT_00154dff * -0x100,_DAT_fef00532);"
0x154E00,CONSTANT,,threshold,compared against state 0xFEF0053B,0x02926E,HIGH,FUN_00028ecc(DAT_00154e00 <= DAT_fef0053b);
0x154E01,CONSTANT,,threshold,compared against a constant/value,0x0292CA,MED,if (DAT_00154e01 == '\x01') {
0x154E02,CONSTANT,Other ETV Maps,operand,read in an expression (role unresolved),0x02978C,LOW,uVar2 = (uint)DAT_00154e02;
0x154E03,CONSTANT,Anti-Lift Control,operand,read in an expression (role unresolved),0x0297E2,LOW,cVar4 = DAT_00154e03;
0x154E04,CONSTANT,Anti-Lift Control,operand,read in an expression (role unresolved),0x0297E2,LOW,cVar5 = DAT_00154e04;
0x154E05,CONSTANT,Anti-Lift Control,operand,read in an expression (role unresolved),0x0297E2,LOW,cVar6 = DAT_00154e05;
0x154E06,CONSTANT,Anti-Lift Control,operand,read in an expression (role unresolved),0x0297E2,LOW,cVar7 = DAT_00154e06;
0x154E07,CONSTANT,,bitmask,bit set/clear mask,0x029986,MED,"FUN_000a1a66(0xfef00554,(-(uint)DAT_00154e07 & 0xff) << 8);"
0x154E08,FLAG,Anti-Lift Control,operand,read in an expression (role unresolved),0x029BEA,LOW,cVar2 = DAT_00154e08;
0x154E09,CONSTANT,Anti-Lift Control,bitmask,bit set/clear mask,0x029BEA,MED,"FUN_000a1a66(&DAT_fef005b8,(-(uint)DAT_00154e09 & 0xff) << 8,uVar9);"
0x154E0A,CONSTANT,Quickshifter :: GP-Sensor Upshift Window A Offset vs Gear,threshold,compared against state 0xFEF00564,0x029CE4,HIGH,FUN_000296b2(DAT_00154e0a <= DAT_fef00564);
0x154E0B,CONSTANT,,threshold,compared against a constant/value,0x029D84,MED,if (DAT_00154e0b == '\x01') {
0x154E0C,FLAG,,operand,read in an expression (role unresolved),0x02847C,LOW,if ((((DAT_00154e0c == -0x80) && (*(char *)(unaff_gp + -0x5ba5) != '\0')) &&
0x154E0D,CONSTANT,,operand,read in an expression (role unresolved),0x02847C,LOW,((*(byte *)(unaff_gp + -0x5bbe) & DAT_00154e0d) != 0)) &&
0x154E0E,CONSTANT,,operand,read in an expression (role unresolved),0x0284BE,LOW,uVar10 = (uint)DAT_00154e0e;
0x154E0F,CONSTANT,,threshold,compared against state 0xFEF0031C,0x0287AA,HIGH,if (((DAT_00172dd6 < uVar1) && (DAT_00154e0f <= DAT_fef0031c)) &&
0x154E10,CONSTANT,,threshold,compared against state 0xFEF0031D,0x0288A4,HIGH,if (DAT_00154e10 <= DAT_fef0031d) {
0x154E11,FLAG,,operand,read in an expression (role unresolved),0x02890E,LOW,cVar2 = DAT_00154e11;
0x154E12,FLAG,,operand,read in an expression (role unresolved),0x02890E,LOW,cVar3 = DAT_00154e12;
0x154E13,FLAG,,operand,read in an expression (role unresolved),0x02890E,LOW,cVar4 = DAT_00154e13;
0x154E14,CONSTANT,,threshold,compared against a constant/value,0x0281F4,MED,if (DAT_fef00308 < DAT_00154e14) {
0x154E15,CONSTANT,,operand,read in an expression (role unresolved),0x028BF0,LOW,bVar1 = DAT_00154e15;
0x154E16,CONSTANT,Engine Brake Control (decoded),threshold,compared against a constant/value,0x028CA6,MED,if (DAT_fef00526 < DAT_00154e16) {
0x154E17,CONSTANT,Engine Brake Control (decoded),operand,read in an expression (role unresolved),0x028DE0,LOW,cVar2 = DAT_00154e17;
0x154E18,CONSTANT,Anti-Lift Control,operand,read in an expression (role unresolved),0x02C8FE,LOW,bVar6 = DAT_00154e18;
0x154E19,CONSTANT,Anti-Lift Control,operand,read in an expression (role unresolved),0x02C8FE,LOW,bVar7 = DAT_00154e19;
0x154E1A,CONSTANT,,bitmask,bit set/clear mask,0x02CCD8,MED,"FUN_000a1a66(&local_18,(-(uint)DAT_00154e1a & 0xff) << 8,_DAT_fef005cc);"
0x154E1B,CONSTANT,,operand,read in an expression (role unresolved),0x02CCD8,LOW,uVar1 = (uint)DAT_00154e1b;
0x154E1C,FLAG,,operand,read in an expression (role unresolved),0x02CE0C,LOW,bVar1 = DAT_00154e1c;
0x154E1D,FLAG,,operand,read in an expression (role unresolved),0x02CE0C,LOW,bVar2 = DAT_00154e1d;
0x154E1E,FLAG,,operand,read in an expression (role unresolved),0x02CE0C,LOW,bVar3 = DAT_00154e1e;
0x154E1F,FLAG,,operand,read in an expression (role unresolved),0x02CE0C,LOW,bVar4 = DAT_00154e1f;
0x154E20,CONSTANT,,operand,read in an expression (role unresolved),0x02CF42,LOW,uVar6 = (uint)DAT_00154e20;
0x154E21,CONSTANT,,operand,read in an expression (role unresolved),0x02CF42,LOW,uVar4 = (uint)DAT_00154e21;
0x154E22,CONSTANT,,operand,read in an expression (role unresolved),0x02CF42,LOW,uVar5 = (uint)DAT_00154e22;
0x154E23,CONSTANT,,operand,read in an expression (role unresolved),0x02CF42,LOW,uVar3 = (uint)DAT_00154e23;
0x154E24,FLAG,Cruise Control (decoded),threshold,compared against a constant/value,0x02D118,MED,if (((iVar3 == 0) && (iVar4 == 1)) && (DAT_00154e24 == '\x01')) {
0x154E25,FLAG,,threshold,compared against a constant/value,0x02D258,MED,if ((((((DAT_fef00652 == '\0') && (DAT_00154e25 == '\x01')) && (iVar1 == 1)) &&
0x154E26,FLAG,,threshold,compared against a constant/value,0x02E776,MED,((((DAT_00154e26 == '\x01' && (bVar3 != bVar4)) || (bVar3 <= DAT_00154e27)) ||
0x154E27,CONSTANT,,threshold,compared against a constant/value,0x02E776,MED,((((DAT_00154e26 == '\x01' && (bVar3 != bVar4)) || (bVar3 <= DAT_00154e27)) ||
0x154E28,CONSTANT,,operand,read in an expression (role unresolved),0x02D384,LOW,cVar1 = DAT_00154e28;
0x154E29,FLAG,,threshold,compared against a constant/value,0x02EC24,MED,&& ((DAT_00154e29 != '\x01' || ((DAT_fef00659 & 0x10) == 0)))) {
0x154E2A,CONSTANT,Anti-Lift Control,operand,read in an expression (role unresolved),0x02F3E6,LOW,uVar8 = (uint)DAT_00154e2a;
0x154E2B,FLAG,Cruise Control (decoded),operand,read in an expression (role unresolved),0x02EFE4,LOW,cVar2 = DAT_00154e2b;
0x154E2C,CONSTANT,,operand,read in an expression (role unresolved),0x02F5F4,LOW,uVar5 = (uint)DAT_00154e2c;
0x154E2D,CONSTANT,,operand,read in an expression (role unresolved),0x02F5F4,LOW,uVar4 = (uint)DAT_00154e2d;
0x154E2E,CONSTANT,Cruise Control (decoded),operand,read in an expression (role unresolved),0x02F6B4,LOW,bVar1 = DAT_00154e2e;
0x154E2F,CONSTANT,Cruise Control (decoded),operand,read in an expression (role unresolved),0x02F6B4,LOW,bVar2 = DAT_00154e2f;
0x154E30,CONSTANT,Cruise Control (decoded),operand,read in an expression (role unresolved),0x02F6B4,LOW,bVar3 = DAT_00154e30;
0x154E31,CONSTANT,Cruise Control (decoded),operand,read in an expression (role unresolved),0x02F6B4,LOW,bVar4 = DAT_00154e31;
0x154E32,FLAG,,operand,read in an expression (role unresolved),0x02FCAA,LOW,cVar2 = DAT_00154e32;
0x154E3C,CONSTANT,HO2 Monitor :: Baro Correction vs Baro,unref,not read by code (data-only),0x046512,LOW,
0x154E44,CONSTANT,HO2 Monitor :: Baro Correction vs Baro,unref,not read by code (data-only),0x046512,LOW,
0x154E4C,CONSTANT,HO2 Monitor :: Baro Correction vs Baro,unref,not read by code (data-only),0x046512,LOW,
0x154E54,CONSTANT,HO2 Monitor :: Baro Correction vs Baro,unref,not read by code (data-only),0x046512,LOW,
0x154E5C,CONSTANT,HO2 Monitor :: Baro Correction vs Baro,unref,not read by code (data-only),0x046512,LOW,
0x154E64,CONSTANT,HO2 Monitor :: Baro Correction vs Baro,operand,read in an expression (role unresolved),0x046D1E,LOW,"uVar3 = FUN_000a1fca(*(undefined4 *)(&LAB_00154e64 + param_1 * 4),"
0x154E6C,TABLE,,map,table (reader indirect),,LOW,
0x154E7C,TABLE,,map,table (reader indirect),,LOW,
0x154E9C,TABLE,,map,table (reader indirect),,LOW,
0x154F0C,TABLE,,map,table (reader indirect),,LOW,
0x154F38,TABLE,,map,table (reader indirect),,LOW,
0x154F64,TABLE,,map,table (reader indirect),,LOW,
0x155078,TABLE,,map,table (reader indirect),,LOW,
0x1550A8,TABLE,,map,table (reader indirect),,LOW,
0x155240,TABLE,,map,table (reader indirect),,LOW,
0x155258,TABLE,,map,table (reader indirect),,LOW,
0x155270,TABLE,,map,table (reader indirect),,LOW,
0x155298,TABLE,,map,table (reader indirect),,LOW,
0x1552D0,TABLE,,map,table (reader indirect),,LOW,
0x1552DC,TABLE,,map,table (reader indirect),,LOW,
0x1552F4,TABLE,,map,table (reader indirect),,LOW,
0x15530C,TABLE,,map,table (reader indirect),,LOW,
0x155324,TABLE,,map,table (reader indirect),,LOW,
0x15533C,TABLE,,map,table (reader indirect),,LOW,
0x155354,TABLE,,map,table (reader indirect),,LOW,
0x15536C,TABLE,,map,table (reader indirect),,LOW,
0x155384,TABLE,,map,table (reader indirect),,LOW,
0x15539C,TABLE,,map,table (reader indirect),,LOW,
0x1553B4,TABLE,,map,table (reader indirect),,LOW,
0x1553CC,TABLE,,map,table (reader indirect),,LOW,
0x1553E4,TABLE,,map,table (reader indirect),,LOW,
0x1553FC,TABLE,,map,table (reader indirect),,LOW,
0x155414,TABLE,,map,table (reader indirect),,LOW,
0x15542C,TABLE,,map,table (reader indirect),,LOW,
0x15544C,TABLE,,map,table (reader indirect),,LOW,
0x155884,CONSTANT,HO2 Monitor :: Enable Max Vacuum vs Baro x RPM (flat),operand,read in an expression (role unresolved),0x03C3B0,LOW,uVar11 = *(ushort *)(&DAT_00155884 + iVar42);
0x155888,CONSTANT,,operand,read in an expression (role unresolved),0x0464B6,LOW,((*(ushort *)(&DAT_00155888 + iVar6) <= uVar2 || (*(ushort *)(&DAT_0015588c + iVar6) <= uVar3))
0x15588C,CONSTANT,,operand,read in an expression (role unresolved),0x0464B6,LOW,((*(ushort *)(&DAT_00155888 + iVar6) <= uVar2 || (*(ushort *)(&DAT_0015588c + iVar6) <= uVar3))
0x155890,CONSTANT,,operand,read in an expression (role unresolved),0x043942,LOW,((*(ushort *)(&DAT_00155890 + iVar4) <= uVar3 &&
0x155894,CONSTANT,,operand,read in an expression (role unresolved),0x043942,LOW,(*(ushort *)(&DAT_00155894 + iVar4) < *(ushort *)(&DAT_fef025b8 + iVar4))) {
0x155898,CONSTANT,,operand,read in an expression (role unresolved),0x0437DC,LOW,uVar3 = (&DAT_00155898)[uVar5];
0x15589A,CONSTANT,,unref,not read by code (data-only),0x06A55C,LOW,
0x15589C,CONSTANT,,operand,read in an expression (role unresolved),0x043E76,LOW,if (((iVar3 == 1) && ((ushort)(&DAT_0015589c)[param_1] <= uVar2)) &&
0x1558A0,CONSTANT,,operand,read in an expression (role unresolved),0x043EEA,LOW,(((ushort)(&DAT_001558a0)[param_1] <= uVar1 && (uVar2 < (ushort)(&DAT_001558a0)[param_1])))) {
0x1558A4,CONSTANT,,operand,read in an expression (role unresolved),0x043C5E,LOW,uVar4 = (&DAT_001558a4)[param_1];
0x1558A8,CONSTANT,,operand,read in an expression (role unresolved),0x043C5E,LOW,uVar2 = *(ushort *)(&DAT_001558a8 + iVar5);
0x1558AC,CONSTANT,,operand,read in an expression (role unresolved),0x0327AA,LOW,uVar1 = DAT_001558ac;
0x1558AE,CONSTANT,,operand,read in an expression (role unresolved),0x032896,LOW,uVar1 = DAT_001558ae;
0x1558B0,CONSTANT,,operand,read in an expression (role unresolved),0x0327AA,LOW,uVar2 = DAT_001558b0;
0x1558B2,CONSTANT,,operand,read in an expression (role unresolved),0x032896,LOW,uVar2 = DAT_001558b2;
0x1558B4,CONSTANT,,operand,read in an expression (role unresolved),0x032820,LOW,uVar1 = DAT_001558b4;
0x1558B6,CONSTANT,,operand,read in an expression (role unresolved),0x03290C,LOW,uVar1 = DAT_001558b6;
0x1558B8,CONSTANT,,operand,read in an expression (role unresolved),0x032820,LOW,uVar2 = DAT_001558b8;
0x1558BA,CONSTANT,,operand,read in an expression (role unresolved),0x03290C,LOW,uVar2 = DAT_001558ba;
0x1558BC,CONSTANT,,operand,read in an expression (role unresolved),0x032B8A,LOW,uVar3 = DAT_001558bc;
0x1558BE,CONSTANT,,threshold,compared against a constant/value,0x038D3A,MED,bVar1 = *(ushort *)(unaff_gp + -0x5c70) < DAT_001558be;
0x1558C0,CONSTANT,,threshold,compared against state 0xFEF00998,0x038D78,HIGH,bVar1 = _DAT_fef00998 >= DAT_001558c0;
0x1558C2,CONSTANT,,operand,read in an expression (role unresolved),0x030EF6,LOW,uVar2 = DAT_001558c2;
0x1558C4,CONSTANT,,operand,read in an expression (role unresolved),0x030EF6,LOW,uVar3 = DAT_001558c4;
0x1558C6,CONSTANT,,operand,read in an expression (role unresolved),0x03135C,LOW,uVar3 = DAT_001558c6;
0x1558C8,CONSTANT,,operand,read in an expression (role unresolved),0x0312C2,LOW,uVar4 = DAT_001558c8;
0x1558CA,CONSTANT,,operand,read in an expression (role unresolved),0x0312C2,LOW,uVar5 = DAT_001558ca;
0x1558CC,CONSTANT,,operand,read in an expression (role unresolved),0x031256,LOW,uVar3 = DAT_001558cc;
0x1558CE,CONSTANT,,operand,read in an expression (role unresolved),0x030EF6,LOW,uVar7 = (uint)DAT_001558ce;
0x1558D0,CONSTANT,,operand,read in an expression (role unresolved),0x035174,LOW,uVar8 = DAT_001558d0;
0x1558D2,CONSTANT,,operand,read in an expression (role unresolved),0x035174,LOW,uVar9 = DAT_001558d2;
0x1558D4,CONSTANT,,operand,read in an expression (role unresolved),0x035174,LOW,uVar10 = DAT_001558d4;
0x1558D6,CONSTANT,,operand,read in an expression (role unresolved),0x035174,LOW,uVar11 = DAT_001558d6;
0x1558D8,CONSTANT,,operand,read in an expression (role unresolved),0x035174,LOW,uVar12 = DAT_001558d8;
0x1558DA,CONSTANT,,operand,read in an expression (role unresolved),0x035174,LOW,uVar13 = DAT_001558da;
0x1558DC,CONSTANT,,operand,read in an expression (role unresolved),0x035174,LOW,uVar14 = DAT_001558dc;
0x1558DE,CONSTANT,,operand,read in an expression (role unresolved),0x03536A,LOW,uVar2 = DAT_001558de;
0x1558E0,CONSTANT,,operand,read in an expression (role unresolved),0x03682A,LOW,uVar4 = DAT_001558e0;
0x1558E2,CONSTANT,,operand,read in an expression (role unresolved),0x03682A,LOW,uVar5 = DAT_001558e2;
0x1558E4,CONSTANT,,operand,read in an expression (role unresolved),0x0360C8,LOW,uVar3 = DAT_001558e4;
0x1558E6,CONSTANT,,operand,read in an expression (role unresolved),0x033D5C,LOW,if (((((DAT_fef0092c & 1) != 0) && (DAT_001558e6 <= *(ushort *)(unaff_gp + -0x5c86))) &&
0x1558E8,CONSTANT,,operand,read in an expression (role unresolved),0x033E2A,LOW,if (((((DAT_fef0092c & 2) != 0) && (DAT_001558e8 <= *(ushort *)(unaff_gp + -0x5c86))) &&
0x1558EA,CONSTANT,,threshold,compared against a constant/value,0x033D5C,MED,(*(ushort *)(unaff_gp + -0x5c5e) < DAT_001558ea)) &&
0x1558EC,CONSTANT,,threshold,compared against a constant/value,0x033E2A,MED,(*(ushort *)(unaff_gp + -0x5c5e) < DAT_001558ec)) &&
0x1558EE,CONSTANT,,threshold,compared against state 0xFEF02622,0x033E2A,HIGH,(((*(short *)(unaff_gp + -0x5c10) == 0 && (DAT_001558ee <= _DAT_fef02622)) &&
0x1558F0,CONSTANT,,operand,read in an expression (role unresolved),0x033DA6,LOW,uVar3 = (uint)DAT_001558f0;
0x1558F2,CONSTANT,,operand,read in an expression (role unresolved),0x033EAA,LOW,uVar3 = (uint)DAT_001558f2;
0x1558F4,CONSTANT,,operand,read in an expression (role unresolved),0x038714,LOW,uVar6 = DAT_001558f4;
0x1558F6,CONSTANT,,operand,read in an expression (role unresolved),0x038714,LOW,uVar7 = DAT_001558f6;
0x1558F8,CONSTANT,,operand,read in an expression (role unresolved),0x0391F0,LOW,(DAT_001558f8 <= *(ushort *)(unaff_gp + -0x5c72))) {
0x1558FA,CONSTANT,,threshold,compared against a constant/value,0x03916C,MED,(*(ushort *)(unaff_gp + -0x5c72) < DAT_001558fa)) {
0x1558FC,CONSTANT,,threshold,compared against a constant/value,0x033BD8,MED,(*(ushort *)(unaff_gp + -0x5c86) < DAT_001558fc)) ||
0x1558FE,CONSTANT,,operand,read in an expression (role unresolved),0x033BD8,LOW,(DAT_001558fe <= *(ushort *)(unaff_gp + -0x5c5e))) ||
0x155900,CONSTANT,,threshold,compared against state 0xFEF00920,0x033C26,HIGH,bVar1 = _DAT_fef00920 >= DAT_00155900;
0x155902,CONSTANT,,operand,read in an expression (role unresolved),0x038BE4,LOW,uVar3 = DAT_00155902;
0x155904,CONSTANT,,operand,read in an expression (role unresolved),0x03355E,LOW,uVar1 = DAT_00155904;
0x155906,CONSTANT,,operand,read in an expression (role unresolved),0x0335E0,LOW,uVar1 = DAT_00155906;
0x155908,CONSTANT,,threshold,compared against state 0xFEF00910,0x03359E,HIGH,if (DAT_00155908 <= _DAT_fef00910) {
0x15590A,CONSTANT,,threshold,compared against state 0xFEF00912,0x033620,HIGH,if (DAT_0015590a <= _DAT_fef00912) {
0x15590C,CONSTANT,,threshold,compared against state 0xFEF00914,0x0336A2,HIGH,if (DAT_0015590c <= _DAT_fef00914) {
0x15590E,CONSTANT,,threshold,compared against state 0xFEF00916,0x033722,HIGH,if (DAT_0015590e <= _DAT_fef00916) {
0x155910,CONSTANT,,operand,read in an expression (role unresolved),0x031A08,LOW,uVar1 = DAT_00155910;
0x155912,CONSTANT,,operand,read in an expression (role unresolved),0x031A8A,LOW,uVar1 = DAT_00155912;
0x155914,CONSTANT,,operand,read in an expression (role unresolved),0x031A48,LOW,uVar1 = DAT_00155914;
0x155916,CONSTANT,,operand,read in an expression (role unresolved),0x031ACA,LOW,uVar1 = DAT_00155916;
0x155918,CONSTANT,,operand,read in an expression (role unresolved),0x031B4C,LOW,uVar1 = DAT_00155918;
0x15591A,CONSTANT,,operand,read in an expression (role unresolved),0x031BCE,LOW,uVar1 = DAT_0015591a;
0x15591C,CONSTANT,,threshold,compared against state 0xFEF025D0,0x0337F4,HIGH,if (((iVar1 == 0) && (DAT_0015591c <= _DAT_fef025d0)) && (DAT_00155c12 == -0x80)) {
0x15591E,CONSTANT,,threshold,compared against state 0xFEF025D0,0x0338F6,HIGH,if (((iVar1 == 0) && (DAT_0015591e < _DAT_fef025d0)) && (DAT_00155c13 == -0x80)) {
0x155920,CONSTANT,,threshold,compared against state 0xFEF00918,0x033838,HIGH,if (DAT_00155920 <= _DAT_fef00918) {
0x155922,CONSTANT,,threshold,compared against state 0xFEF0091A,0x03393A,HIGH,if (DAT_00155922 <= _DAT_fef0091a) {
0x155924,CONSTANT,,threshold,compared against state 0xFEF0091C,0x0338BA,HIGH,if (DAT_00155924 <= _DAT_fef0091c) {
0x155926,CONSTANT,,threshold,compared against state 0xFEF0091E,0x0339BC,HIGH,if (DAT_00155926 <= _DAT_fef0091e) {
0x155928,CONSTANT,,operand,read in an expression (role unresolved),0x03896A,LOW,uVar1 = DAT_00155928;
0x15592A,CONSTANT,,operand,read in an expression (role unresolved),0x038A88,LOW,uVar1 = DAT_0015592a;
0x15592C,CONSTANT,,operand,read in an expression (role unresolved),0x038A00,LOW,uVar1 = DAT_0015592c;
0x15592E,CONSTANT,,operand,read in an expression (role unresolved),0x038B1E,LOW,uVar1 = DAT_0015592e;
0x155930,CONSTANT,,operand,read in an expression (role unresolved),0x035950,LOW,uVar3 = DAT_00155930;
0x155932,CONSTANT,,operand,read in an expression (role unresolved),0x0358B0,LOW,uVar3 = DAT_00155932;
0x155934,CONSTANT,,operand,read in an expression (role unresolved),0x039F22,LOW,uVar3 = DAT_00155934;
0x155936,CONSTANT,,operand,read in an expression (role unresolved),0x039FB8,LOW,uVar2 = DAT_00155936;
0x155938,CONSTANT,,threshold,compared against state 0xFEF009BE,0x03A11E,HIGH,iVar6 = (uint)(DAT_00155938 <= _DAT_fef009be) + iVar6 * (uint)(DAT_00155938 > _DAT_fef009be);
0x15593A,CONSTANT,Steering Damper (ESD) (decoded),operand,read in an expression (role unresolved),0x03A1B6,LOW,uVar3 = DAT_0015593a;
0x15593C,CONSTANT,,threshold,compared against a constant/value,0x03A234,MED,if (((DAT_fef009c9 & 2) == 0) || (*(ushort *)(unaff_gp + -0x5bde) < DAT_0015593c)) {
0x15593E,CONSTANT,,threshold,compared against state 0xFEF009C2,0x03A234,HIGH,if (DAT_0015593e <= _DAT_fef009c2) {
0x155940,CONSTANT,Steering Damper (ESD) (decoded),threshold,compared against state 0xFEF009C4,0x03A32E,HIGH,iVar5 = (uint)(DAT_00155940 <= _DAT_fef009c4) + iVar5 * (uint)(DAT_00155940 > _DAT_fef009c4);
0x155942,CONSTANT,Steering Damper (ESD) (decoded),operand,read in an expression (role unresolved),0x03A0BE,LOW,uVar5 = (uint)DAT_00155942;
0x155944,CONSTANT,,operand,read in an expression (role unresolved),0x03A11E,LOW,uVar1 = DAT_00155944;
0x155946,CONSTANT,,operand,read in an expression (role unresolved),0x032F9C,LOW,uVar1 = DAT_00155946;
0x155948,CONSTANT,,operand,read in an expression (role unresolved),0x033088,LOW,uVar1 = DAT_00155948;
0x15594A,CONSTANT,,operand,read in an expression (role unresolved),0x032F9C,LOW,uVar2 = DAT_0015594a;
0x15594C,CONSTANT,,operand,read in an expression (role unresolved),0x033088,LOW,uVar2 = DAT_0015594c;
0x15594E,CONSTANT,,operand,read in an expression (role unresolved),0x033012,LOW,uVar1 = DAT_0015594e;
0x155950,CONSTANT,,operand,read in an expression (role unresolved),0x0330FE,LOW,uVar1 = DAT_00155950;
0x155952,CONSTANT,,operand,read in an expression (role unresolved),0x033012,LOW,uVar2 = DAT_00155952;
0x155954,CONSTANT,,operand,read in an expression (role unresolved),0x0330FE,LOW,uVar2 = DAT_00155954;
0x155956,CONSTANT,,operand,read in an expression (role unresolved),0x03337C,LOW,uVar3 = DAT_00155956;
0x155958,CONSTANT,,operand,read in an expression (role unresolved),0x0331B8,LOW,uVar1 = DAT_00155958;
0x15595A,CONSTANT,,operand,read in an expression (role unresolved),0x0332BC,LOW,uVar1 = DAT_0015595a;
0x15595C,CONSTANT,,operand,read in an expression (role unresolved),0x03323A,LOW,uVar1 = DAT_0015595c;
0x15595E,CONSTANT,,operand,read in an expression (role unresolved),0x03333E,LOW,uVar1 = DAT_0015595e;
0x155960,CONSTANT,,operand,read in an expression (role unresolved),0x033468,LOW,uVar1 = DAT_00155960;
0x155962,CONSTANT,,operand,read in an expression (role unresolved),0x0329C6,LOW,uVar1 = DAT_00155962;
0x155964,CONSTANT,,operand,read in an expression (role unresolved),0x032ACA,LOW,uVar1 = DAT_00155964;
0x155966,CONSTANT,,operand,read in an expression (role unresolved),0x032A48,LOW,uVar1 = DAT_00155966;
0x155968,CONSTANT,,operand,read in an expression (role unresolved),0x032B4C,LOW,uVar1 = DAT_00155968;
0x15596A,CONSTANT,,operand,read in an expression (role unresolved),0x032C76,LOW,uVar1 = DAT_0015596a;
0x15596C,CONSTANT,,operand,read in an expression (role unresolved),0x031D60,LOW,uVar4 = (uint)DAT_0015596c;
0x15596E,CONSTANT,,operand,read in an expression (role unresolved),0x031DE4,LOW,uVar4 = (uint)DAT_0015596e;
0x155970,CONSTANT,,operand,read in an expression (role unresolved),0x031E68,LOW,uVar4 = (uint)DAT_00155970;
0x155972,CONSTANT,,threshold,compared against a constant/value,0x0394E2,MED,if ((iVar3 == 0) && (DAT_00155972 <= uVar1)) {
0x155974,CONSTANT,,threshold,compared against a constant/value,0x0395E6,MED,if ((iVar3 == 0) && (uVar1 <= DAT_00155974)) {
0x155976,CONSTANT,,operand,read in an expression (role unresolved),0x039522,LOW,uVar1 = DAT_00155976;
0x155978,CONSTANT,,operand,read in an expression (role unresolved),0x039626,LOW,uVar1 = DAT_00155978;
0x15597A,CONSTANT,,operand,read in an expression (role unresolved),0x0395A4,LOW,uVar1 = DAT_0015597a;
0x15597C,CONSTANT,,operand,read in an expression (role unresolved),0x0396A8,LOW,uVar1 = DAT_0015597c;
0x15597E,CONSTANT,,threshold,compared against a constant/value,0x03986E,MED,if ((iVar3 == 0) && (DAT_0015597e <= uVar1)) {
0x155980,CONSTANT,,threshold,compared against a constant/value,0x039972,MED,if ((iVar3 == 0) && (uVar1 <= DAT_00155980)) {
0x155982,CONSTANT,,operand,read in an expression (role unresolved),0x0398AE,LOW,uVar1 = DAT_00155982;
0x155984,CONSTANT,,operand,read in an expression (role unresolved),0x0399B2,LOW,uVar1 = DAT_00155984;
0x155986,CONSTANT,,operand,read in an expression (role unresolved),0x039930,LOW,uVar1 = DAT_00155986;
0x155988,CONSTANT,,operand,read in an expression (role unresolved),0x039A34,LOW,uVar1 = DAT_00155988;
0x15598A,CONSTANT,,threshold,compared against a constant/value,0x039BFA,MED,if ((uVar1 < DAT_0015598a) || (DAT_00155c2f != -0x80)) {
0x15598C,CONSTANT,,threshold,compared against a constant/value,0x039CF6,MED,if ((DAT_0015598c < uVar1) || (DAT_00155c30 != -0x80)) {
0x15598E,CONSTANT,,operand,read in an expression (role unresolved),0x039C36,LOW,uVar1 = DAT_0015598e;
0x155990,CONSTANT,,operand,read in an expression (role unresolved),0x039D32,LOW,uVar1 = DAT_00155990;
0x155992,CONSTANT,,operand,read in an expression (role unresolved),0x039CB4,LOW,uVar1 = DAT_00155992;
0x155994,CONSTANT,,operand,read in an expression (role unresolved),0x039DB0,LOW,uVar1 = DAT_00155994;
0x155996,CONSTANT,,operand,read in an expression (role unresolved),0x03A504,LOW,uVar2 = DAT_00155996;
0x155998,CONSTANT,,threshold,compared against a constant/value,0x03A6FA,MED,bVar1 = uVar3 >= DAT_00155998;
0x15599A,CONSTANT,,threshold,compared against a constant/value,0x03A752,MED,iVar2 = (uint)(DAT_0015599a <= uVar1) + iVar2 * (uint)(DAT_0015599a > uVar1);
0x15599C,CONSTANT,,threshold,compared against a constant/value,0x03A598,MED,bVar1 = DAT_0015599c <= uVar3;
0x15599E,CONSTANT,,threshold,compared against a constant/value,0x03A598,MED,bVar2 = uVar3 < DAT_0015599e;
0x1559A0,CONSTANT,,operand,read in an expression (role unresolved),0x03AA24,LOW,uVar1 = DAT_001559a0;
0x1559A2,CONSTANT,,operand,read in an expression (role unresolved),0x03A8B6,LOW,uVar2 = DAT_001559a2;
0x1559A4,CONSTANT,,threshold,compared against state 0xFEF009D6,0x03A980,HIGH,bVar1 = DAT_001559a4 <= _DAT_fef009d6;
0x1559A6,CONSTANT,,operand,read in an expression (role unresolved),0x03B190,LOW,uVar1 = DAT_001559a6;
0x1559A8,CONSTANT,,operand,read in an expression (role unresolved),0x03B190,LOW,uVar2 = DAT_001559a8;
0x1559AA,CONSTANT,,operand,read in an expression (role unresolved),0x03B21E,LOW,uVar3 = DAT_001559aa;
0x1559AC,CONSTANT,,operand,read in an expression (role unresolved),0x03B21E,LOW,uVar4 = DAT_001559ac;
0x1559AE,CONSTANT,,operand,read in an expression (role unresolved),0x03B1DC,LOW,uVar1 = DAT_001559ae;
0x1559B0,CONSTANT,,operand,read in an expression (role unresolved),0x03B286,LOW,uVar1 = DAT_001559b0;
0x1559B2,CONSTANT,,operand,read in an expression (role unresolved),0x03AEF0,LOW,uVar2 = DAT_001559b2;
0x1559B4,CONSTANT,,operand,read in an expression (role unresolved),0x03AF68,LOW,uVar2 = DAT_001559b4;
0x1559B6,CONSTANT,,operand,read in an expression (role unresolved),0x03AEF0,LOW,uVar3 = DAT_001559b6;
0x1559B8,CONSTANT,,operand,read in an expression (role unresolved),0x03AFA0,LOW,uVar1 = DAT_001559b8;
0x1559BA,CONSTANT,Quickshifter :: GP-Sensor Upshift Window A Offset vs Gear,operand,read in an expression (role unresolved),0x02A2BA,LOW,uVar25 = (uint)DAT_001559ba;
0x1559BC,CONSTANT,Quickshifter :: GP-Sensor Upshift Window A Offset vs Gear,operand,read in an expression (role unresolved),0x02A2BA,LOW,uVar26 = (uint)DAT_001559bc;
0x1559BE,CONSTANT,,threshold,compared against state 0xFEF009DA,0x03AC18,HIGH,bVar1 = _DAT_fef009da >= DAT_001559be;
0x1559C0,CONSTANT,,threshold,compared against state 0xFEF009D8,0x03AB84,HIGH,bVar1 = _DAT_fef009d8 >= DAT_001559c0;
0x1559C2,CONSTANT,,operand,read in an expression (role unresolved),0x03B3D8,LOW,uVar4 = DAT_001559c2;
0x1559C4,CONSTANT,,operand,read in an expression (role unresolved),0x03B3D8,LOW,uVar5 = DAT_001559c4;
0x1559C6,CONSTANT,,operand,read in an expression (role unresolved),0x03B3D8,LOW,uVar6 = DAT_001559c6;
0x1559C8,CONSTANT,,operand,read in an expression (role unresolved),0x03B3D8,LOW,uVar7 = DAT_001559c8;
0x1559CA,CONSTANT,,operand,read in an expression (role unresolved),0x03B3D8,LOW,uVar8 = DAT_001559ca;
0x1559CC,CONSTANT,,operand,read in an expression (role unresolved),0x03B4E2,LOW,uVar1 = DAT_001559cc;
0x1559CE,CONSTANT,,operand,read in an expression (role unresolved),0x03B78C,LOW,uVar1 = DAT_001559ce;
0x1559D0,CONSTANT,,operand,read in an expression (role unresolved),0x03B78C,LOW,uVar2 = DAT_001559d0;
0x1559D2,CONSTANT,,operand,read in an expression (role unresolved),0x03B78C,LOW,uVar3 = DAT_001559d2;
0x1559D4,CONSTANT,,operand,read in an expression (role unresolved),0x03B78C,LOW,uVar4 = DAT_001559d4;
0x1559D6,CONSTANT,,operand,read in an expression (role unresolved),0x03B78C,LOW,uVar5 = DAT_001559d6;
0x1559D8,CONSTANT,,operand,read in an expression (role unresolved),0x03B878,LOW,uVar1 = DAT_001559d8;
0x1559DA,CONSTANT,,operand,read in an expression (role unresolved),0x03BA5E,LOW,uVar1 = DAT_001559da;
0x1559DC,CONSTANT,,operand,read in an expression (role unresolved),0x03BA5E,LOW,uVar2 = DAT_001559dc;
0x1559DE,CONSTANT,,operand,read in an expression (role unresolved),0x03BA5E,LOW,uVar3 = DAT_001559de;
0x1559E0,CONSTANT,,operand,read in an expression (role unresolved),0x03BA5E,LOW,uVar4 = DAT_001559e0;
0x1559E2,CONSTANT,,operand,read in an expression (role unresolved),0x03BA5E,LOW,uVar5 = DAT_001559e2;
0x1559E4,CONSTANT,,operand,read in an expression (role unresolved),0x03BB56,LOW,uVar1 = DAT_001559e4;
0x1559E6,FLAG,,operand,read in an expression (role unresolved),0x03C30E,LOW,cVar10 = (&DAT_001559e6)[param_1];
0x1559E7,FLAG,,operand,read in an expression (role unresolved),0x05C2CE,LOW,(((DAT_001559e6 == -0x80 && (iVar7 != 0)) || ((DAT_001559e7 == -0x80 && (iVar8 != 0)))))) ||
0x1559E8,CONSTANT,,operand,read in an expression (role unresolved),0x03C30E,LOW,uVar15 = DAT_001559e8;
0x1559EA,CONSTANT,,operand,read in an expression (role unresolved),0x03C30E,LOW,uVar16 = DAT_001559ea;
0x1559EC,CONSTANT,,operand,read in an expression (role unresolved),0x03C30E,LOW,uVar17 = DAT_001559ec;
0x1559EE,CONSTANT,,operand,read in an expression (role unresolved),0x03C30E,LOW,uVar18 = DAT_001559ee;
0x1559F0,CONSTANT,,operand,read in an expression (role unresolved),0x03C30E,LOW,uVar19 = DAT_001559f0;
0x1559F2,CONSTANT,,operand,read in an expression (role unresolved),0x03C30E,LOW,uVar20 = DAT_001559f2;
0x1559F4,CONSTANT,,operand,read in an expression (role unresolved),0x03C30E,LOW,uVar21 = DAT_001559f4;
0x1559F6,CONSTANT,,operand,read in an expression (role unresolved),0x03C30E,LOW,uVar22 = DAT_001559f6;
0x1559F8,CONSTANT,,operand,read in an expression (role unresolved),0x03C30E,LOW,uVar23 = DAT_001559f8;
0x1559FA,CONSTANT,,operand,read in an expression (role unresolved),0x03C30E,LOW,uVar24 = DAT_001559fa;
0x1559FC,CONSTANT,,operand,read in an expression (role unresolved),0x03C30E,LOW,uVar25 = DAT_001559fc;
0x1559FE,CONSTANT,,operand,read in an expression (role unresolved),0x03C30E,LOW,uVar26 = DAT_001559fe;
0x155A00,CONSTANT,,threshold,compared against state 0xFEF00A48,0x03C18C,HIGH,if (DAT_00155a00 <= _DAT_fef00a48) {
0x155A02,CONSTANT,,threshold,compared against a constant/value,0x03CCD0,MED,if ((DAT_00155a02 <= uVar4) || (bVar2)) {
0x155A04,CONSTANT,,operand,read in an expression (role unresolved),0x03CECC,LOW,uVar4 = DAT_00155a04;
0x155A06,CONSTANT,,operand,read in an expression (role unresolved),0x03CECC,LOW,uVar5 = DAT_00155a06;
0x155A08,CONSTANT,,operand,read in an expression (role unresolved),0x03CECC,LOW,uVar6 = DAT_00155a08;
0x155A0A,CONSTANT,,operand,read in an expression (role unresolved),0x03C30E,LOW,uVar27 = DAT_00155a0a;
0x155A0C,CONSTANT,,operand,read in an expression (role unresolved),0x03C1CA,LOW,uVar1 = DAT_00155a0c;
0x155A0E,CONSTANT,,operand,read in an expression (role unresolved),0x03D71A,LOW,uVar2 = DAT_00155a0e;
0x155A10,CONSTANT,,operand,read in an expression (role unresolved),0x03D74E,LOW,uVar2 = DAT_00155a10;
0x155A12,CONSTANT,,threshold,compared against a constant/value,0x03DA50,MED,(*(ushort *)(param_1 * 2 + unaff_gp + -0x5ca0) <= DAT_00155a12)) {
0x155A14,CONSTANT,,threshold,compared against a constant/value,0x03DB02,MED,if ((((iVar4 == 0) && (cVar2 == -0x80)) && (DAT_00155a12 < uVar1)) && (uVar1 <= DAT_00155a14)) {
0x155A16,CONSTANT,,operand,read in an expression (role unresolved),0x03DAB0,LOW,uVar2 = DAT_00155a16;
0x155A18,CONSTANT,,operand,read in an expression (role unresolved),0x03DB74,LOW,uVar2 = DAT_00155a18;
0x155A1A,CONSTANT,,threshold,compared against a constant/value,0x03E5CC,MED,"FUN_0003e37e(param_1,DAT_00155a1a < uVar1 && uVar1 < DAT_00155a1c);"
0x155A1C,CONSTANT,,threshold,compared against a constant/value,0x03E4A6,MED,"FUN_0003e37e(param_1,DAT_00155a1a < uVar1 && uVar1 < DAT_00155a1c);"
0x155A1E,CONSTANT,,operand,read in an expression (role unresolved),0x03E54E,LOW,uVar3 = DAT_00155a1e;
0x155A20,CONSTANT,,operand,read in an expression (role unresolved),0x03E61C,LOW,uVar3 = DAT_00155a20;
0x155A22,CONSTANT,,operand,read in an expression (role unresolved),0x03E702,LOW,uVar3 = DAT_00155a22;
0x155A24,CONSTANT,,operand,read in an expression (role unresolved),0x03E702,LOW,uVar4 = DAT_00155a24;
0x155A26,CONSTANT,,operand,read in an expression (role unresolved),0x03E83A,LOW,uVar3 = DAT_00155a26;
0x155A28,CONSTANT,,operand,read in an expression (role unresolved),0x03E83A,LOW,uVar4 = DAT_00155a28;
0x155A2A,CONSTANT,,threshold,compared against state 0xFEF00B7C,0x041F12,HIGH,bVar1 = _DAT_fef00b7c >= DAT_00155a2a;
0x155A2C,CONSTANT,,operand,read in an expression (role unresolved),0x03EAE0,LOW,uVar1 = DAT_00155a2c;
0x155A2E,CONSTANT,,operand,read in an expression (role unresolved),0x03EB60,LOW,uVar1 = DAT_00155a2e;
0x155A30,CONSTANT,,threshold,compared against state 0xFEF00A94,0x03EB22,HIGH,if (DAT_00155a30 <= _DAT_fef00a94) {
0x155A32,CONSTANT,,threshold,compared against state 0xFEF00A96,0x03EBA2,HIGH,if (DAT_00155a32 <= _DAT_fef00a96) {
0x155A34,CONSTANT,,threshold,compared against state 0xFEF00A98,0x03EC22,HIGH,if (DAT_00155a34 <= _DAT_fef00a98) {
0x155A36,CONSTANT,,threshold,compared against state 0xFEF00A9A,0x03ECA0,HIGH,if (DAT_00155a36 <= _DAT_fef00a9a) {
0x155A38,CONSTANT,,operand,read in an expression (role unresolved),0x03ED6A,LOW,uVar1 = DAT_00155a38;
0x155A3A,CONSTANT,,operand,read in an expression (role unresolved),0x03EDF6,LOW,uVar2 = DAT_00155a3a;
0x155A3C,CONSTANT,,operand,read in an expression (role unresolved),0x03ED6A,LOW,uVar2 = DAT_00155a3c;
0x155A3E,CONSTANT,,operand,read in an expression (role unresolved),0x03EDF6,LOW,uVar4 = DAT_00155a3e;
0x155A40,CONSTANT,,threshold,compared against state 0xFEF00A9C,0x03EDB8,HIGH,if (DAT_00155a40 <= _DAT_fef00a9c) {
0x155A42,CONSTANT,,threshold,compared against state 0xFEF00A9E,0x03EE5C,HIGH,if (DAT_00155a42 <= _DAT_fef00a9e) {
0x155A44,CONSTANT,,operand,read in an expression (role unresolved),0x03F200,LOW,uVar11 = DAT_00155a44;
0x155A46,CONSTANT,,operand,read in an expression (role unresolved),0x03F200,LOW,uVar12 = DAT_00155a46;
0x155A48,CONSTANT,,operand,read in an expression (role unresolved),0x03F200,LOW,uVar13 = DAT_00155a48;
0x155A4A,CONSTANT,,operand,read in an expression (role unresolved),0x03F200,LOW,uVar14 = DAT_00155a4a;
0x155A4C,CONSTANT,,operand,read in an expression (role unresolved),0x03F200,LOW,uVar15 = DAT_00155a4c;
0x155A4E,CONSTANT,,operand,operand computing state 0xFEF00AAA,0x03F106,MED,"_DAT_fef00aaa = DAT_00155a4e, param_1 != '\x01' &&"
0x155A50,CONSTANT,,operand,operand computing state 0xFEF00AB0,0x03F106,MED,"((_DAT_fef00ab0 = DAT_00155a58, _DAT_fef00aae = DAT_00155a56, _DAT_fef00aac = DAT_00155a50,"
0x155A52,CONSTANT,,operand,operand computing state 0xFEF00AAA,0x03F106,MED,_DAT_fef00aaa = DAT_00155a52;
0x155A54,CONSTANT,,operand,operand computing state 0xFEF00AAC,0x03F106,MED,_DAT_fef00aac = DAT_00155a54;
0x155A56,CONSTANT,,operand,operand computing state 0xFEF00AB0,0x03F106,MED,"((_DAT_fef00ab0 = DAT_00155a58, _DAT_fef00aae = DAT_00155a56, _DAT_fef00aac = DAT_00155a50,"
0x155A58,CONSTANT,,operand,operand computing state 0xFEF00AB0,0x03F106,MED,"((_DAT_fef00ab0 = DAT_00155a58, _DAT_fef00aae = DAT_00155a56, _DAT_fef00aac = DAT_00155a50,"
0x155A5A,CONSTANT,,operand,operand computing state 0xFEF00AAE,0x03F106,MED,_DAT_fef00aae = DAT_00155a5a;
0x155A5C,CONSTANT,,operand,operand computing state 0xFEF00AB0,0x03F106,MED,_DAT_fef00ab0 = DAT_00155a5c;
0x155A5E,CONSTANT,,threshold,compared against a constant/value,0x03F5F4,MED,if (_DAT_fef00ab4 < DAT_00155a5e) goto LAB_0003f64e;
0x155A60,CONSTANT,,operand,read in an expression (role unresolved),0x03F71C,LOW,uVar4 = DAT_00155a60;
0x155A62,CONSTANT,HO2 Monitor :: Enable Max Vacuum vs Baro x RPM (flat),operand,read in an expression (role unresolved),0x03F8B2,LOW,uVar3 = (uint)DAT_00155a62;
0x155A64,CONSTANT,HO2 Monitor :: Enable Max Vacuum vs Baro x RPM (flat),gain,multiplier in a calc,0x03F8B2,MED,((int)((DAT_fef00acd + 0x180) * (DAT_00155a64 - 0x8000)) / 4)) / 0x4000 +
0x155A66,CONSTANT,,threshold,compared against state 0xFEF00AB8,0x03FADC,HIGH,bVar1 = _DAT_fef00ab8 >= DAT_00155a66;
0x155A68,CONSTANT,,operand,read in an expression (role unresolved),0x03F180,LOW,uVar1 = DAT_00155a68;
0x155A6A,CONSTANT,,operand,read in an expression (role unresolved),0x03F200,LOW,uVar16 = DAT_00155a6a;
0x155A6C,CONSTANT,,operand,read in an expression (role unresolved),0x03F200,LOW,uVar17 = DAT_00155a6c;
0x155A6E,CONSTANT,,operand,read in an expression (role unresolved),0x03F200,LOW,uVar18 = DAT_00155a6e;
0x155A70,CONSTANT,,operand,read in an expression (role unresolved),0x03F674,LOW,uVar2 = DAT_00155a70;
0x155A72,CONSTANT,,operand,read in an expression (role unresolved),0x03F674,LOW,uVar3 = DAT_00155a72;
0x155A74,CONSTANT,,operand,read in an expression (role unresolved),0x03F674,LOW,uVar4 = DAT_00155a74;
0x155A76,CONSTANT,,operand,read in an expression (role unresolved),0x03F9EE,LOW,uVar1 = DAT_00155a76;
0x155A78,CONSTANT,,threshold,compared against a constant/value,0x03FE1C,MED,if (((((DAT_fef00af2 & 1) == 0) || (*(ushort *)(unaff_gp + -0x5c86) < DAT_00155a78)) ||
0x155A7A,CONSTANT,,operand,read in an expression (role unresolved),0x03FF20,LOW,if ((((bVar2 == 1) && (DAT_00155a7a <= *(ushort *)(unaff_gp + -0x5c86))) &&
0x155A7C,CONSTANT,,operand,read in an expression (role unresolved),0x03FE1C,LOW,(DAT_00155a7c <= *(ushort *)(unaff_gp + -0x5c5e))) ||
0x155A7E,CONSTANT,,threshold,compared against a constant/value,0x03FF20,MED,(*(ushort *)(unaff_gp + -0x5c5e) < DAT_00155a7e)) &&
0x155A80,CONSTANT,,operand,read in an expression (role unresolved),0x03FF20,LOW,(((_DAT_fef02622 == 0 && (DAT_00155a80 <= *(ushort *)(unaff_gp + -0x5c10))) &&
0x155A82,CONSTANT,,operand,read in an expression (role unresolved),0x03FE82,LOW,uVar2 = (uint)DAT_00155a82;
0x155A84,CONSTANT,,operand,read in an expression (role unresolved),0x03FFBC,LOW,uVar2 = (uint)DAT_00155a84;
0x155A86,CONSTANT,,threshold,compared against a constant/value,0x03FE1C,MED,((*(ushort *)(unaff_gp + -0x5bd4) < DAT_00155a86 && ((DAT_fef00af2 & 2) != 0)))))) {
0x155A88,CONSTANT,,operand,read in an expression (role unresolved),0x0402DA,LOW,uVar1 = DAT_00155a88;
0x155A8A,CONSTANT,,operand,read in an expression (role unresolved),0x04036E,LOW,uVar2 = DAT_00155a8a;
0x155A8C,CONSTANT,,operand,read in an expression (role unresolved),0x0402DA,LOW,uVar2 = DAT_00155a8c;
0x155A8E,CONSTANT,,operand,read in an expression (role unresolved),0x04036E,LOW,uVar4 = DAT_00155a8e;
0x155A90,CONSTANT,,operand,read in an expression (role unresolved),0x04032C,LOW,uVar1 = DAT_00155a90;
0x155A92,CONSTANT,,operand,read in an expression (role unresolved),0x0403DC,LOW,uVar1 = DAT_00155a92;
0x155A94,CONSTANT,,operand,read in an expression (role unresolved),0x0407DE,LOW,uVar1 = DAT_00155a94;
0x155A96,CONSTANT,,operand,read in an expression (role unresolved),0x04086E,LOW,uVar3 = DAT_00155a96;
0x155A98,CONSTANT,,operand,read in an expression (role unresolved),0x0407DE,LOW,uVar2 = DAT_00155a98;
0x155A9A,CONSTANT,,operand,read in an expression (role unresolved),0x04086E,LOW,uVar5 = DAT_00155a9a;
0x155A9C,CONSTANT,,operand,read in an expression (role unresolved),0x04082C,LOW,uVar1 = DAT_00155a9c;
0x155A9E,CONSTANT,,operand,read in an expression (role unresolved),0x0408D8,LOW,uVar1 = DAT_00155a9e;
0x155AA0,CONSTANT,,operand,read in an expression (role unresolved),0x040590,LOW,uVar3 = DAT_00155aa0;
0x155AA2,CONSTANT,,operand,read in an expression (role unresolved),0x040554,LOW,uVar3 = (uint)DAT_00155aa2;
0x155AA4,CONSTANT,,operand,read in an expression (role unresolved),0x040590,LOW,uVar4 = DAT_00155aa4;
0x155AA6,CONSTANT,,operand,read in an expression (role unresolved),0x040590,LOW,uVar2 = DAT_00155aa6;
0x155AA8,CONSTANT,,operand,read in an expression (role unresolved),0x040590,LOW,uVar5 = DAT_00155aa8;
0x155AAA,CONSTANT,,operand,read in an expression (role unresolved),0x040590,LOW,uVar6 = DAT_00155aaa;
0x155AAC,CONSTANT,,operand,read in an expression (role unresolved),0x040590,LOW,uVar7 = DAT_00155aac;
0x155AAE,CONSTANT,,operand,read in an expression (role unresolved),0x040B16,LOW,uVar4 = DAT_00155aae;
0x155AB0,CONSTANT,,operand,read in an expression (role unresolved),0x040B16,LOW,uVar5 = DAT_00155ab0;
0x155AB2,CONSTANT,HO2 Monitor :: Enable Max Vacuum vs Baro x RPM (flat),threshold,compared against state 0xFEF008BE,0x040B86,HIGH,if (((*(byte *)(unaff_gp + -0x60f8) & 1) != 0) && (DAT_00155ab2 <= _DAT_fef008be)) {
0x155AB4,CONSTANT,,gain,multiplier in a calc,0x040C02,MED,if ((_DAT_fef031cc < (uint)DAT_00155ab4 * 0x19) || (uVar1 < DAT_00155ab6)) {
0x155AB6,CONSTANT,,threshold,compared against a constant/value,0x040C02,MED,if ((_DAT_fef031cc < (uint)DAT_00155ab4 * 0x19) || (uVar1 < DAT_00155ab6)) {
0x155AB8,CONSTANT,,threshold,compared against state 0xFEF008BE,0x040C84,HIGH,if (((*(byte *)(unaff_gp + -0x60f8) & 8) != 0) && (DAT_00155ab8 <= _DAT_fef008be)) {
0x155ABA,FLAG,HO2 Monitor :: Enable Max Vacuum vs Baro x RPM (flat),operand,read in an expression (role unresolved),0x045BE0,LOW,((iVar8 >> 8 == 1 && ((iVar9 == 0 && ((&DAT_00155aba)[param_1] == -0x80)))))) && (iVar10 == 1)
0x155ABC,CONSTANT,HO2 Monitor :: Enable Max Vacuum vs Baro x RPM (flat),threshold,compared against a constant/value,0x045BE0,MED,if ((((((iVar11 == 0) && (iVar6 == 1)) && (DAT_00155abc <= uVar3)) &&
0x155ABE,CONSTANT,HO2 Monitor :: Enable Max Vacuum vs Baro x RPM (flat),threshold,compared against a constant/value,0x045BE0,MED,((DAT_00155abe <= uVar4 && (iVar7 >> 8 == 1)))) &&
0x155AC0,CONSTANT,HO2 Monitor :: Enable Max Vacuum vs Baro x RPM (flat),operand,read in an expression (role unresolved),0x045E64,LOW,uVar4 = DAT_00155ac0;
0x155AC2,CONSTANT,HO2 Monitor :: Enable Max Vacuum vs Baro x RPM (flat),operand,read in an expression (role unresolved),0x045E64,LOW,uVar5 = DAT_00155ac2;
0x155AC4,CONSTANT,HO2 Monitor :: Enable Max Vacuum vs Baro x RPM (flat),operand,read in an expression (role unresolved),0x045E64,LOW,uVar17 = (uint)DAT_00155ac4;
0x155AC6,CONSTANT,HO2 Monitor :: Enable Max Vacuum vs Baro x RPM (flat),operand,read in an expression (role unresolved),0x045E64,LOW,uVar6 = DAT_00155ac6;
0x155AC8,CONSTANT,HO2 Monitor :: Enable Max Vacuum vs Baro x RPM (flat),operand,read in an expression (role unresolved),0x045E64,LOW,uVar7 = DAT_00155ac8;
0x155ACA,CONSTANT,HO2 Monitor :: Enable Max Vacuum vs Baro x RPM (flat),operand,read in an expression (role unresolved),0x045E64,LOW,uVar8 = DAT_00155aca;
0x155ACC,CONSTANT,HO2 Monitor :: Enable Max Vacuum vs Baro x RPM (flat),operand,read in an expression (role unresolved),0x045E64,LOW,uVar9 = DAT_00155acc;
0x155ACE,CONSTANT,HO2 Monitor :: Enable Max Vacuum vs Baro x RPM (flat),operand,read in an expression (role unresolved),0x045E64,LOW,uVar10 = DAT_00155ace;
0x155AD0,CONSTANT,,operand,read in an expression (role unresolved),0x04602C,LOW,uVar2 = DAT_00155ad0;
0x155AD2,CONSTANT,,operand,read in an expression (role unresolved),0x045D00,LOW,uVar4 = DAT_00155ad2;
0x155AD4,CONSTANT,,operand,read in an expression (role unresolved),0x045D00,LOW,uVar5 = DAT_00155ad4;
0x155AD6,CONSTANT,,operand,read in an expression (role unresolved),0x045D00,LOW,uVar6 = DAT_00155ad6;
0x155AD8,CONSTANT,,operand,read in an expression (role unresolved),0x045D00,LOW,uVar7 = DAT_00155ad8;
0x155ADA,CONSTANT,,operand,read in an expression (role unresolved),0x045D00,LOW,uVar8 = DAT_00155ada;
0x155AE0,CONSTANT,,operand,read in an expression (role unresolved),0x045D00,LOW,uVar9 = DAT_00155ae0;
0x155AE2,CONSTANT,,operand,read in an expression (role unresolved),0x045D00,LOW,uVar10 = DAT_00155ae2;
0x155AE4,CONSTANT,,operand,read in an expression (role unresolved),0x047154,LOW,uVar4 = (uint)DAT_00155ae4;
0x155AE6,CONSTANT,,operand,read in an expression (role unresolved),0x045A64,LOW,uVar4 = (uint)DAT_00155ae6;
0x155AE8,CONSTANT,,operand,read in an expression (role unresolved),0x046226,LOW,uVar1 = (uint)DAT_00155ae8;
0x155AEA,CONSTANT,,operand,read in an expression (role unresolved),0x0471B6,LOW,if (DAT_00155aea <= *(ushort *)(iVar1 + -0x10ff414)) {
0x155AEC,CONSTANT,,operand,read in an expression (role unresolved),0x0462FE,LOW,uVar1 = DAT_00155aec;
0x155AEE,FLAG,HO2 Monitor :: Baro Correction vs Baro,operand,read in an expression (role unresolved),0x046512,LOW,cVar1 = (&DAT_00155aee)[param_1];
0x155AF0,CONSTANT,,operand,read in an expression (role unresolved),0x0468B0,LOW,uVar2 = DAT_00155af0;
0x155AF2,CONSTANT,,operand,read in an expression (role unresolved),0x046A40,LOW,uVar1 = DAT_00155af2;
0x155AF4,CONSTANT,HO2 Monitor :: Baro Correction vs Baro,threshold,compared against a constant/value,0x046A96,MED,(*(ushort *)(param_1 * 2 + -0x10ff3d8) < DAT_00155af4)) {
0x155AF6,CONSTANT,,operand,read in an expression (role unresolved),0x046DEE,LOW,if ((DAT_00155c6c == -0x80) && (DAT_00155af6 <= *(ushort *)(param_1 * 2 + -0x10ff3f8))) {
0x155B04,CONSTANT,HO2 Monitor :: Enable Max Vacuum vs Baro x RPM (flat),operand,read in an expression (role unresolved),0x04296C,LOW,uVar4 = DAT_00155b04;
0x155B06,CONSTANT,HO2 Monitor :: Enable Max Vacuum vs Baro x RPM (flat),operand,read in an expression (role unresolved),0x04296C,LOW,uVar5 = DAT_00155b06;
0x155B08,CONSTANT,,threshold,compared against state 0xFEF00B98,0x042866,HIGH,if (DAT_00155b08 <= _DAT_fef00b98) {
0x155B0A,CONSTANT,,threshold,compared against state 0xFEF00B9A,0x042866,HIGH,if (DAT_00155b0a <= _DAT_fef00b9a) {
0x155B0C,CONSTANT,HO2 Monitor :: Enable Max Vacuum vs Baro x RPM (flat),operand,read in an expression (role unresolved),0x0428F8,LOW,uVar6 = (uint)DAT_00155b0c;
0x155B0E,CONSTANT,HO2 Monitor :: Enable Max Vacuum vs Baro x RPM (flat),operand,read in an expression (role unresolved),0x0428F8,LOW,uVar1 = DAT_00155b0e;
0x155B10,CONSTANT,HO2 Monitor :: Enable Max Vacuum vs Baro x RPM (flat),operand,read in an expression (role unresolved),0x0428F8,LOW,uVar5 = (uint)DAT_00155b10;
0x155B12,CONSTANT,,operand,read in an expression (role unresolved),0x040EBE,LOW,uVar1 = DAT_00155b12;
0x155B14,CONSTANT,,operand,read in an expression (role unresolved),0x040F92,LOW,uVar1 = DAT_00155b14;
0x155B16,CONSTANT,,operand,read in an expression (role unresolved),0x041094,LOW,uVar2 = DAT_00155b16;
0x155B18,CONSTANT,,operand,read in an expression (role unresolved),0x0410E4,LOW,uVar1 = DAT_00155b18;
0x155B1A,CONSTANT,,operand,read in an expression (role unresolved),0x041208,LOW,uVar1 = DAT_00155b1a;
0x155B1C,CONSTANT,,operand,read in an expression (role unresolved),0x041548,LOW,uVar2 = DAT_00155b1c;
0x155B1E,CONSTANT,,operand,read in an expression (role unresolved),0x041600,LOW,uVar1 = DAT_00155b1e;
0x155B20,CONSTANT,,threshold,compared against a constant/value,0x0419F6,MED,if ((_DAT_fef00b24 < DAT_00155b20) || ((DAT_fef00b2b & 1) == 0)) {
0x155B22,CONSTANT,,threshold,compared against state 0xFEF008B2,0x0419F6,HIGH,if (DAT_00155b22 < _DAT_fef008b2) {
0x155B24,CONSTANT,,operand,read in an expression (role unresolved),0x03154E,LOW,uVar4 = DAT_00155b24;
0x155B26,CONSTANT,,threshold,compared against state 0xFEF006F8,0x0315F6,HIGH,if (DAT_00155b26 <= _DAT_fef006f8) {
0x155B28,CONSTANT,,threshold,compared against a constant/value,0x0315F6,MED,if (((*(byte *)(unaff_gp + -0x6150) & 1) == 0) || (_DAT_febf6536 <= DAT_00155b28)) {
0x155B2A,CONSTANT,,threshold,compared against state 0xFEF006FA,0x031648,HIGH,if (DAT_00155b2a <= _DAT_fef006fa) {
0x155B2C,CONSTANT,,threshold,compared against RAM 0xFEBF6536,0x031648,HIGH,if (((*(byte *)(unaff_gp + -0x6150) & 1) == 0) || (DAT_00155b2c <= _DAT_febf6536)) {
0x155B2E,CONSTANT,,threshold,compared against state 0xFEF006FC,0x0316BA,HIGH,if (DAT_00155b2e <= _DAT_fef006fc) {
0x155B30,CONSTANT,,threshold,compared against a constant/value,0x0316BA,MED,(*(ushort *)(unaff_gp + -0x5c36) <= DAT_00155b30)) ||
0x155B32,CONSTANT,,operand,read in an expression (role unresolved),0x0316BA,LOW,(DAT_00155b32 <= *(ushort *)(unaff_gp + -0x5ac8))) {
0x155B34,CONSTANT,,threshold,compared against state 0xFEF006FE,0x031718,HIGH,if (DAT_00155b34 <= _DAT_fef006fe) {
0x155B36,CONSTANT,,operand,read in an expression (role unresolved),0x031718,LOW,(DAT_00155b36 <= *(ushort *)(unaff_gp + -0x5c36))) ||
0x155B38,CONSTANT,,threshold,compared against a constant/value,0x031718,MED,(*(ushort *)(unaff_gp + -0x5ac8) <= DAT_00155b38)) {
0x155B3A,CONSTANT,,threshold,compared against a constant/value,0x0317DE,MED,bVar1 = DAT_00155b3a <= uVar2;
0x155B3C,CONSTANT,,threshold,compared against a constant/value,0x03182E,MED,"if (((*(byte *)(unaff_gp + -0x6150) & 2) != 0) && (uVar2 = 0, uVar1 < DAT_00155b3c)) {"
0x155B3E,CONSTANT,,threshold,compared against a constant/value,0x03186E,MED,if (((uVar3 == 0) || (DAT_00155b3e <= uVar3)) || (uVar2 <= DAT_00155b40)) {
0x155B40,CONSTANT,,threshold,compared against a constant/value,0x03186E,MED,if (((uVar3 == 0) || (DAT_00155b3e <= uVar3)) || (uVar2 <= DAT_00155b40)) {
0x155B42,CONSTANT,,operand,read in an expression (role unresolved),0x042222,LOW,uVar4 = DAT_00155b42;
0x155B44,CONSTANT,,operand,read in an expression (role unresolved),0x042222,LOW,uVar10 = (uint)DAT_00155b44;
0x155B46,CONSTANT,,operand,read in an expression (role unresolved),0x042222,LOW,uVar5 = DAT_00155b46;
0x155B48,CONSTANT,,threshold,compared against a constant/value,0x0423BE,MED,if ((iVar3 == 0) && (DAT_00155b48 <= uVar1)) {
0x155B4A,CONSTANT,,threshold,compared against a constant/value,0x0424C2,MED,if ((iVar3 == 0) && (uVar1 <= DAT_00155b4a)) {
0x155B4C,CONSTANT,,threshold,compared against a constant/value,0x0423FE,MED,if (DAT_00155b4c <= uVar1) {
0x155B4E,CONSTANT,,threshold,compared against a constant/value,0x042502,MED,if (DAT_00155b4e <= uVar1) {
0x155B50,CONSTANT,,threshold,compared against a constant/value,0x042480,MED,if (DAT_00155b50 <= uVar1) {
0x155B52,CONSTANT,,threshold,compared against a constant/value,0x042584,MED,if (DAT_00155b52 <= uVar1) {
0x155B54,CONSTANT,,operand,read in an expression (role unresolved),0x042B10,LOW,uVar2 = DAT_00155b54;
0x155B56,CONSTANT,,operand,read in an expression (role unresolved),0x042B48,LOW,uVar2 = DAT_00155b56;
0x155B58,CONSTANT,,operand,read in an expression (role unresolved),0x03DD8A,LOW,uVar2 = DAT_00155b58;
0x155B5A,CONSTANT,,operand,read in an expression (role unresolved),0x03DE48,LOW,uVar3 = DAT_00155b5a;
0x155B5C,CONSTANT,,operand,read in an expression (role unresolved),0x03DDF6,LOW,uVar2 = DAT_00155b5c;
0x155B5E,CONSTANT,,operand,read in an expression (role unresolved),0x03DEC6,LOW,uVar2 = DAT_00155b5e;
0x155B60,CONSTANT,,operand,read in an expression (role unresolved),0x042F2A,LOW,uVar2 = DAT_00155b60;
0x155B62,CONSTANT,,operand,read in an expression (role unresolved),0x042F2A,LOW,uVar3 = DAT_00155b62;
0x155B64,CONSTANT,,operand,read in an expression (role unresolved),0x0432D8,LOW,uVar3 = DAT_00155b64;
0x155B66,CONSTANT,,operand,read in an expression (role unresolved),0x0431D2,LOW,uVar3 = DAT_00155b66;
0x155B68,CONSTANT,,operand,read in an expression (role unresolved),0x042F2A,LOW,uVar7 = (uint)DAT_00155b68;
0x155B6A,CONSTANT,,operand,read in an expression (role unresolved),0x04323E,LOW,uVar4 = DAT_00155b6a;
0x155B6C,CONSTANT,,operand,read in an expression (role unresolved),0x04323E,LOW,uVar5 = DAT_00155b6c;
0x155B6E,CONSTANT,,operand,read in an expression (role unresolved),0x02FF50,LOW,uVar9 = DAT_00155b6e;
0x155B70,CONSTANT,,operand,read in an expression (role unresolved),0x02FF50,LOW,uVar10 = DAT_00155b70;
0x155B72,CONSTANT,,operand,read in an expression (role unresolved),0x02FF50,LOW,uVar11 = DAT_00155b72;
0x155B74,CONSTANT,,operand,read in an expression (role unresolved),0x02FF50,LOW,uVar12 = DAT_00155b74;
0x155B76,CONSTANT,,operand,read in an expression (role unresolved),0x02FF50,LOW,uVar13 = DAT_00155b76;
0x155B78,CONSTANT,,operand,read in an expression (role unresolved),0x02FF50,LOW,uVar14 = DAT_00155b78;
0x155B7A,CONSTANT,,operand,read in an expression (role unresolved),0x02FF50,LOW,uVar15 = DAT_00155b7a;
0x155B7C,CONSTANT,,operand,read in an expression (role unresolved),0x030218,LOW,uVar2 = DAT_00155b7c;
0x155B7E,CONSTANT,,operand,read in an expression (role unresolved),0x030296,LOW,uVar2 = DAT_00155b7e;
0x155B80,CONSTANT,,threshold,compared against a constant/value,0x030182,MED,if ((uVar1 < DAT_00155b80) || (DAT_00155b82 < uVar1)) {
0x155B82,CONSTANT,,threshold,compared against a constant/value,0x030182,MED,if ((uVar1 < DAT_00155b80) || (DAT_00155b82 < uVar1)) {
0x155B84,CONSTANT,,threshold,compared against a constant/value,0x030182,MED,bVar2 = DAT_00155b84 < uVar1;
0x155B86,CONSTANT,,threshold,compared against state 0xFEF01E46,0x044848,HIGH,((DAT_00155b86 < _DAT_fef01e46 && (cVar9 == '\0')))))) {
0x155B88,CONSTANT,,threshold,compared against state 0xFEF01E46,0x044972,HIGH,if (DAT_00155b88 <= _DAT_fef01e46) {
0x155B8A,CONSTANT,,threshold,compared against a constant/value,0x044BC6,MED,if (uVar3 < DAT_00155b8a) {
0x155B8C,CONSTANT,,threshold,compared against a constant/value,0x044CE6,MED,if (DAT_00155b8c < uVar3) {
0x155B8E,CONSTANT,,threshold,compared against a constant/value,0x044A14,MED,if (uVar3 <= DAT_00155b8e) {
0x155B90,CONSTANT,,threshold,compared against a constant/value,0x044AC4,MED,if (DAT_00155b90 <= uVar3) {
0x155B92,CONSTANT,,threshold,compared against a constant/value,0x044BC6,MED,if ((((DAT_00155b8e < uVar4) && (uVar4 < DAT_00155b90)) && (DAT_00155b92 < uVar15)) &&
0x155B94,CONSTANT,,threshold,compared against a constant/value,0x044BC6,MED,(uVar15 < DAT_00155b94)) {
0x155B96,CONSTANT,,threshold,compared against a constant/value,0x044A14,MED,bVar1 = DAT_00155b96 <= uVar2;
0x155B98,CONSTANT,,threshold,compared against a constant/value,0x044AC4,MED,bVar1 = DAT_00155b98 <= uVar2;
0x155B9A,CONSTANT,,operand,read in an expression (role unresolved),0x044BC6,LOW,if (((DAT_00155b9a <= *(ushort *)(unaff_gp + -0x5c5c)) && (iVar12 == 1)) &&
0x155B9C,CONSTANT,,threshold,compared against a constant/value,0x044B74,MED,bVar1 = DAT_00155b9c <= uVar2;
0x155B9E,CONSTANT,,threshold,compared against a constant/value,0x0447C8,MED,if ((((*(ushort *)(unaff_gp + -0x5c5e) < DAT_00155b9e) ||
0x155BA0,CONSTANT,,operand,read in an expression (role unresolved),0x0447C8,LOW,(DAT_00155ba0 < *(ushort *)(unaff_gp + -0x5c14))) ||
0x155BA2,CONSTANT,,threshold,compared against a constant/value,0x0447C8,MED,(*(ushort *)(unaff_gp + -0x5c86) <= DAT_00155ba2)) ||
0x155BA4,CONSTANT,,threshold,compared against a constant/value,0x0447C8,MED,((*(ushort *)(unaff_gp + -0x5c10) <= DAT_00155ba4 ||
0x155BA6,CONSTANT,,operand,read in an expression (role unresolved),0x044BC6,LOW,uVar8 = DAT_00155ba6;
0x155BA8,CONSTANT,,operand,read in an expression (role unresolved),0x044CE6,LOW,uVar8 = DAT_00155ba8;
0x155BAA,CONSTANT,,threshold,compared against a constant/value,0x044848,MED,iVar6 = (uint)(DAT_00155baa <= uVar1) + iVar6 * (uint)(DAT_00155baa > uVar1);
0x155BAC,CONSTANT,,operand,read in an expression (role unresolved),0x044E12,LOW,uVar7 = (uint)DAT_00155bac;
0x155BAE,CONSTANT,,threshold,compared against a constant/value,0x045080,MED,bVar2 = DAT_00155bae < uVar1;
0x155BB0,CONSTANT,,operand,read in an expression (role unresolved),0x044E78,LOW,uVar4 = DAT_00155bb0;
0x155BB2,CONSTANT,,operand,read in an expression (role unresolved),0x044F5C,LOW,uVar4 = DAT_00155bb2;
0x155BB4,CONSTANT,,threshold,compared against a constant/value,0x030C48,MED,bVar1 = uVar2 >= DAT_00155bb4;
0x155BB6,CONSTANT,,threshold,compared against a constant/value,0x030B32,MED,bVar1 = DAT_00155bb6 <= uVar3;
0x155BB8,CONSTANT,,threshold,compared against a constant/value,0x030B32,MED,bVar2 = uVar3 < DAT_00155bb8;
0x155BBA,CONSTANT,,threshold,compared against a constant/value,0x043608,MED,bVar1 = uVar2 >= DAT_00155bba;
0x155BBC,FLAG,,operand,read in an expression (role unresolved),0x043942,LOW,if ((((iVar7 == 0) && ((&DAT_00155bbc)[param_1] == -0x80)) && (DAT_0017116b != '\0')) &&
0x155BBD,FLAG,,operand,read in an expression (role unresolved),0x05C2CE,LOW,(((DAT_00155bbc == -0x80 && (iVar9 != 0)) || ((DAT_00155bbd == -0x80 && (cVar2 != '\0')))))))
0x155BBE,CONSTANT,,threshold,compared against a constant/value,0x043942,MED,((DAT_00155bbe <= uVar2 && (uVar1 < DAT_00155bc0)))))) && (iVar9 == 1)) &&
0x155BC0,CONSTANT,,threshold,compared against a constant/value,0x043942,MED,((DAT_00155bbe <= uVar2 && (uVar1 < DAT_00155bc0)))))) && (iVar9 == 1)) &&
0x155BC2,CONSTANT,,threshold,compared against a constant/value,0x043D6A,MED,(((uVar2 < DAT_00155bc0 && (DAT_00155bc2 < uVar1)) && (DAT_00155bc4 < uVar4)))) {
0x155BC4,CONSTANT,,threshold,compared against a constant/value,0x043942,MED,(((uVar2 < DAT_00155bc0 && (DAT_00155bc2 < uVar1)) && (DAT_00155bc4 < uVar4)))) {
0x155BC6,FLAG,,operand,read in an expression (role unresolved),0x043942,LOW,if ((((((&DAT_00155bc6)[param_1] != '\0') || (iVar8 == 1)) &&
0x155BC8,CONSTANT,,operand,read in an expression (role unresolved),0x047D6C,LOW,uVar1 = DAT_00155bc8;
0x155BCA,CONSTANT,,operand,read in an expression (role unresolved),0x047CB6,LOW,uVar3 = (uint)DAT_00155bca;
0x155BCC,CONSTANT,,operand,read in an expression (role unresolved),0x047C2E,LOW,uVar5 = (uint)DAT_00155bcc;
0x155BCE,CONSTANT,,operand,read in an expression (role unresolved),0x047BC4,LOW,uVar1 = DAT_00155bce;
0x155BD0,CONSTANT,,operand,read in an expression (role unresolved),0x047BC4,LOW,uVar2 = DAT_00155bd0;
0x155BD2,CONSTANT,,operand,read in an expression (role unresolved),0x047F14,LOW,uVar4 = (uint)DAT_00155bd2;
0x155BD4,CONSTANT,,operand,read in an expression (role unresolved),0x047F14,LOW,uVar3 = (uint)DAT_00155bd4;
0x155BD6,CONSTANT,,threshold,compared against state 0xFEF00C82,0x0482CE,HIGH,if (DAT_00155bd6 <= _DAT_fef00c82) {
0x155BD8,CONSTANT,,threshold,compared against a constant/value,0x048184,MED,if ((uVar1 < DAT_00155bd8) || (iVar3 != 1)) {
0x155BDA,CONSTANT,,threshold,compared against state 0xFEF00C80,0x048184,HIGH,if (DAT_00155bda <= _DAT_fef00c80) {
0x155BDC,FLAG,,operand,read in an expression (role unresolved),0x030920,LOW,cVar1 = DAT_00155bdc;
0x155BDD,FLAG,,threshold,compared against a constant/value,0x0307DC,MED,if ((cVar1 == '\x01') || ((iVar2 == 1 && (DAT_00155bdd != '\0')))) {
0x155BDE,CONSTANT,,operand,read in an expression (role unresolved),0x030A34,LOW,uVar4 = (uint)DAT_00155bde;
0x155BDF,FLAG,,operand,read in an expression (role unresolved),0x030854,LOW,cVar1 = DAT_00155bdf;
0x155BE0,CONSTANT,,operand,read in an expression (role unresolved),0x030854,LOW,uVar4 = (uint)DAT_00155be0;
0x155BE1,FLAG,,operand,read in an expression (role unresolved),0x0327AA,LOW,cVar3 = DAT_00155be1;
0x155BE2,FLAG,,operand,read in an expression (role unresolved),0x032896,LOW,cVar3 = DAT_00155be2;
0x155BE3,FLAG,,operand,read in an expression (role unresolved),0x032820,LOW,cVar3 = DAT_00155be3;
0x155BE4,FLAG,,operand,read in an expression (role unresolved),0x03290C,LOW,cVar3 = DAT_00155be4;
0x155BE5,FLAG,,operand,read in an expression (role unresolved),0x032B8A,LOW,cVar4 = DAT_00155be5;
0x155BE6,FLAG,,operand,read in an expression (role unresolved),0x034CD4,LOW,cVar2 = DAT_00155be6;
0x155BE7,CONSTANT,,operand,read in an expression (role unresolved),0x034D86,LOW,bVar3 = DAT_00155be7;
0x155BE8,FLAG,,operand,read in an expression (role unresolved),0x0347C4,LOW,cVar2 = DAT_00155be8;
0x155BE9,CONSTANT,,operand,read in an expression (role unresolved),0x034880,LOW,bVar3 = DAT_00155be9;
0x155BEA,FLAG,,operand,read in an expression (role unresolved),0x038D08,LOW,cVar1 = DAT_00155bea;
0x155BEB,FLAG,,operand,read in an expression (role unresolved),0x031142,LOW,cVar1 = DAT_00155beb;
0x155BEC,CONSTANT,,threshold,compared against a constant/value,0x030E68,MED,if (*(byte *)(unaff_gp + -0x5bc0) < DAT_00155bec || *(byte *)(unaff_gp + -0x5bbd) < DAT_00155bed)
0x155BED,CONSTANT,,threshold,compared against a constant/value,0x030E68,MED,if (*(byte *)(unaff_gp + -0x5bc0) < DAT_00155bec || *(byte *)(unaff_gp + -0x5bbd) < DAT_00155bed)
0x155BEE,CONSTANT,,threshold,compared against a constant/value,0x0310FA,MED,((DAT_00155bef == -0x80 || (*(byte *)(unaff_gp + -0x5d36) <= DAT_00155bee)))) {
0x155BEF,FLAG,,operand,read in an expression (role unresolved),0x0310FA,LOW,((DAT_00155bef == -0x80 || (*(byte *)(unaff_gp + -0x5d36) <= DAT_00155bee)))) {
0x155BF0,FLAG,,operand,read in an expression (role unresolved),0x03425E,LOW,cVar3 = DAT_00155bf0;
0x155BF1,CONSTANT,,threshold,compared against state 0xFEF00930,0x0342EE,HIGH,bVar1 = DAT_fef00930 >= DAT_00155bf1;
0x155BF3,CONSTANT,,operand,read in an expression (role unresolved),0x035174,LOW,bVar15 = DAT_00155bf3;
0x155BF4,FLAG,,operand,read in an expression (role unresolved),0x035174,LOW,bVar16 = DAT_00155bf4;
0x155BF5,FLAG,,operand,read in an expression (role unresolved),0x035174,LOW,cVar17 = DAT_00155bf5;
0x155BF6,FLAG,,operand,read in an expression (role unresolved),0x034046,LOW,cVar3 = DAT_00155bf6;
0x155BF7,CONSTANT,,threshold,compared against state 0xFEF0092D,0x0340D2,HIGH,bVar1 = DAT_fef0092d >= DAT_00155bf7;
0x155BF8,FLAG,,operand,read in an expression (role unresolved),0x038F5A,LOW,cVar1 = DAT_00155bf8;
0x155BF9,FLAG,,operand,read in an expression (role unresolved),0x03682A,LOW,cVar6 = DAT_00155bf9;
0x155BFA,CONSTANT,,operand,read in an expression (role unresolved),0x036922,LOW,uVar6 = (uint)DAT_00155bfa;
0x155BFB,CONSTANT,,operand,read in an expression (role unresolved),0x0369BA,LOW,uVar6 = (uint)DAT_00155bfb;
0x155BFC,FLAG,,operand,read in an expression (role unresolved),0x0360C8,LOW,cVar4 = DAT_00155bfc;
0x155BFD,CONSTANT,,operand,read in an expression (role unresolved),0x0361DC,LOW,uVar7 = (uint)DAT_00155bfd;
0x155BFE,CONSTANT,,operand,read in an expression (role unresolved),0x036274,LOW,uVar7 = (uint)DAT_00155bfe;
0x155C00,FLAG,,operand,read in an expression (role unresolved),0x033CD4,LOW,cVar1 = DAT_00155c00;
0x155C01,FLAG,,operand,read in an expression (role unresolved),0x033CD4,LOW,cVar2 = DAT_00155c01;
0x155C02,CONSTANT,,operand,read in an expression (role unresolved),0x033E2A,LOW,if ((DAT_00155c02 & *(byte *)(unaff_gp + -0x5bbe)) == 0) {
0x155C03,CONSTANT,,operand,read in an expression (role unresolved),0x038714,LOW,bVar8 = DAT_00155c03;
0x155C04,FLAG,,operand,read in an expression (role unresolved),0x039128,LOW,if ((DAT_00155c04 == -0x80) && (iVar2 == 0)) {
0x155C05,CONSTANT,,threshold,compared against state 0xFEF0099E,0x0391AE,HIGH,if (DAT_00155c05 <= DAT_fef0099e) {
0x155C06,FLAG,,operand,read in an expression (role unresolved),0x033B04,LOW,cVar1 = DAT_00155c06;
0x155C07,CONSTANT,,operand,read in an expression (role unresolved),0x033AB4,LOW,((DAT_00155c07 == -0x80 ||
0x155C08,CONSTANT,,threshold,compared against a constant/value,0x033AB4,MED,((DAT_00155c07 == -1 && (*(byte *)(unaff_gp + -0x5d36) <= DAT_00155c08)))))) {
0x155C09,CONSTANT,,operand,read in an expression (role unresolved),0x033BB6,LOW,if ((DAT_00155c09 & *(byte *)(unaff_gp + -0x5bbe)) == 0) {
0x155C0A,FLAG,,operand,read in an expression (role unresolved),0x034474,LOW,cVar2 = DAT_00155c0a;
0x155C0B,CONSTANT,,threshold,compared against state 0xFEF00933,0x0344E0,HIGH,if (DAT_00155c0b <= DAT_fef00933) {
0x155C0C,FLAG,,operand,read in an expression (role unresolved),0x038B8E,LOW,cVar1 = DAT_00155c0c;
0x155C0D,CONSTANT,,operand,read in an expression (role unresolved),0x038C28,LOW,uVar3 = (uint)DAT_00155c0d;
0x155C0E,FLAG,,operand,read in an expression (role unresolved),0x03355E,LOW,cVar2 = DAT_00155c0e;
0x155C0F,FLAG,,operand,read in an expression (role unresolved),0x0335E0,LOW,cVar2 = DAT_00155c0f;
0x155C10,FLAG,,operand,read in an expression (role unresolved),0x031A08,LOW,cVar2 = DAT_00155c10;
0x155C11,FLAG,,operand,read in an expression (role unresolved),0x031A8A,LOW,cVar2 = DAT_00155c11;
0x155C12,FLAG,,operand,read in an expression (role unresolved),0x0337F4,LOW,if (((iVar1 == 0) && (DAT_0015591c <= _DAT_fef025d0)) && (DAT_00155c12 == -0x80)) {
0x155C13,FLAG,,operand,read in an expression (role unresolved),0x0338F6,LOW,if (((iVar1 == 0) && (_DAT_fef025d0 <= DAT_0015591e)) && (DAT_00155c13 == -0x80)) {
0x155C14,FLAG,,operand,read in an expression (role unresolved),0x038924,LOW,cVar1 = DAT_00155c14;
0x155C15,FLAG,,operand,read in an expression (role unresolved),0x038A42,LOW,cVar1 = DAT_00155c15;
0x155C16,CONSTANT,,operand,read in an expression (role unresolved),0x038924,LOW,bVar2 = DAT_00155c16;
0x155C17,CONSTANT,,operand,read in an expression (role unresolved),0x038A42,LOW,bVar2 = DAT_00155c17;
0x155C18,FLAG,,operand,read in an expression (role unresolved),0x0357DA,LOW,cVar2 = DAT_00155c18;
0x155C19,CONSTANT,,operand,read in an expression (role unresolved),0x039FB8,LOW,bVar3 = DAT_00155c19;
0x155C1A,FLAG,,operand,read in an expression (role unresolved),0x039F22,LOW,cVar4 = DAT_00155c1a;
0x155C1B,FLAG,,operand,read in an expression (role unresolved),0x032F9C,LOW,cVar3 = DAT_00155c1b;
0x155C1C,FLAG,,operand,read in an expression (role unresolved),0x033088,LOW,cVar3 = DAT_00155c1c;
0x155C1D,FLAG,,operand,read in an expression (role unresolved),0x033012,LOW,cVar3 = DAT_00155c1d;
0x155C1E,FLAG,,operand,read in an expression (role unresolved),0x0330FE,LOW,cVar3 = DAT_00155c1e;
0x155C1F,FLAG,,operand,read in an expression (role unresolved),0x03337C,LOW,cVar4 = DAT_00155c1f;
0x155C20,FLAG,,threshold,compared against a constant/value,0x031F00,MED,else if (((DAT_00155c20 == '\0') || ((DAT_fef00006 & 1) == 0)) ||
0x155C21,FLAG,,threshold,compared against a constant/value,0x031FB6,MED,else if ((DAT_00155c21 == '\0') ||
0x155C22,FLAG,,threshold,compared against a constant/value,0x032068,MED,else if (((DAT_00155c22 == '\0') || ((DAT_fef00006 & 2) == 0)) ||
0x155C23,FLAG,,threshold,compared against a constant/value,0x032124,MED,else if (((DAT_00155c23 == '\0') || ((DAT_fef00006 & 0x10) == 0)) ||
0x155C24,CONSTANT,,operand,read in an expression (role unresolved),0x031D60,LOW,uVar5 = (uint)DAT_00155c24;
0x155C25,FLAG,,operand,read in an expression (role unresolved),0x031DE4,LOW,uVar5 = (uint)DAT_00155c25;
0x155C26,FLAG,,operand,read in an expression (role unresolved),0x031E68,LOW,uVar5 = (uint)DAT_00155c26;
0x155C27,CONSTANT,,operand,read in an expression (role unresolved),0x037CB0,LOW,uVar8 = (uint)DAT_00155c27;
0x155C28,CONSTANT,,operand,read in an expression (role unresolved),0x037D1E,LOW,uVar8 = (uint)DAT_00155c28;
0x155C29,CONSTANT,,operand,read in an expression (role unresolved),0x037FA8,LOW,uVar8 = (uint)DAT_00155c29;
0x155C2A,CONSTANT,,operand,read in an expression (role unresolved),0x038016,LOW,uVar8 = (uint)DAT_00155c2a;
0x155C2B,FLAG,,operand,read in an expression (role unresolved),0x0394E2,LOW,bVar2 = DAT_00155c2b == -0x80;
0x155C2C,FLAG,,operand,read in an expression (role unresolved),0x0395E6,LOW,bVar2 = DAT_00155c2c == -0x80;
0x155C2D,FLAG,,operand,read in an expression (role unresolved),0x03986E,LOW,bVar2 = DAT_00155c2d == -0x80;
0x155C2E,FLAG,,operand,read in an expression (role unresolved),0x039972,LOW,bVar2 = DAT_00155c2e == -0x80;
0x155C2F,FLAG,,operand,read in an expression (role unresolved),0x039BFA,LOW,if ((uVar1 < DAT_0015598a) || (DAT_00155c2f != -0x80)) {
0x155C30,FLAG,,operand,read in an expression (role unresolved),0x039CF6,LOW,if ((DAT_0015598c < uVar1) || (DAT_00155c30 != -0x80)) {
0x155C31,FLAG,,operand,read in an expression (role unresolved),0x03A612,LOW,if ((((cVar1 == '\0') || (iVar3 != 0)) || (DAT_00155c31 != -0x80)) ||
0x155C32,FLAG,,operand,read in an expression (role unresolved),0x03A8B6,LOW,cVar3 = DAT_00155c32;
0x155C33,FLAG,,operand,read in an expression (role unresolved),0x03B190,LOW,cVar3 = DAT_00155c33;
0x155C34,FLAG,,operand,read in an expression (role unresolved),0x03AEF0,LOW,cVar4 = DAT_00155c34;
0x155C35,FLAG,,operand,read in an expression (role unresolved),0x03AB44,LOW,cVar2 = DAT_00155c35;
0x155C36,CONSTANT,,operand,read in an expression (role unresolved),0x03B38A,LOW,bVar1 = (DAT_00155c36 & DAT_fef02683) != 0;
0x155C37,FLAG,,operand,read in an expression (role unresolved),0x03B3D8,LOW,cVar9 = DAT_00155c37;
0x155C38,FLAG,,operand,read in an expression (role unresolved),0x03B524,LOW,bVar3 = DAT_00155c38;
0x155C39,FLAG,,operand,read in an expression (role unresolved),0x03B524,LOW,"(bVar2 = DAT_00155c3f, bVar3 = DAT_00155c39, DAT_fef02683 == '\x04')) ||"
0x155C3A,CONSTANT,,operand,read in an expression (role unresolved),0x03B524,LOW,"(bVar2 = DAT_00155c40, bVar3 = DAT_00155c3a, DAT_fef02683 == '\b')) ||"
0x155C3B,CONSTANT,,operand,read in an expression (role unresolved),0x03B524,LOW,"(((bVar2 = DAT_00155c41, bVar3 = DAT_00155c3b, DAT_fef02683 == '\x10' ||"
0x155C3C,CONSTANT,,operand,read in an expression (role unresolved),0x03B524,LOW,"(bVar2 = DAT_00155c42, bVar3 = DAT_00155c3c, DAT_fef02683 == ' ')) ||"
0x155C3D,CONSTANT,,operand,read in an expression (role unresolved),0x03B524,LOW,"(bVar2 = DAT_00155c43, bVar3 = DAT_00155c3d, DAT_fef02683 == '@')))) {"
0x155C3E,CONSTANT,,operand,read in an expression (role unresolved),0x03B524,LOW,bVar2 = DAT_00155c3e;
0x155C3F,CONSTANT,,operand,read in an expression (role unresolved),0x03B524,LOW,"(bVar2 = DAT_00155c3f, bVar3 = DAT_00155c39, DAT_fef02683 == '\x04')) ||"
0x155C40,CONSTANT,,operand,read in an expression (role unresolved),0x03B524,LOW,"(bVar2 = DAT_00155c40, bVar3 = DAT_00155c3a, DAT_fef02683 == '\b')) ||"
0x155C41,CONSTANT,,operand,read in an expression (role unresolved),0x03B524,LOW,"(((bVar2 = DAT_00155c41, bVar3 = DAT_00155c3b, DAT_fef02683 == '\x10' ||"
0x155C42,CONSTANT,,operand,read in an expression (role unresolved),0x03B524,LOW,"(bVar2 = DAT_00155c42, bVar3 = DAT_00155c3c, DAT_fef02683 == ' ')) ||"
0x155C43,CONSTANT,,operand,read in an expression (role unresolved),0x03B524,LOW,"(bVar2 = DAT_00155c43, bVar3 = DAT_00155c3d, DAT_fef02683 == '@')))) {"
0x155C44,FLAG,,operand,read in an expression (role unresolved),0x03B78C,LOW,cVar6 = DAT_00155c44;
0x155C45,CONSTANT,,operand,read in an expression (role unresolved),0x03B78C,LOW,bVar7 = DAT_00155c45;
0x155C46,FLAG,,operand,read in an expression (role unresolved),0x03BA5E,LOW,cVar6 = DAT_00155c46;
0x155C47,CONSTANT,,operand,read in an expression (role unresolved),0x03BA5E,LOW,bVar7 = DAT_00155c47;
0x155C48,CONSTANT,,offset,added/subtracted in a calc,0x03C6AC,MED,iVar2 = (uint)DAT_001742d2 - (uint)DAT_00155c48;
0x155C49,CONSTANT,,operand,read in an expression (role unresolved),0x03C6AC,LOW,uVar3 = (uint)DAT_00155c49 + (uint)DAT_001742d2;
0x155C4A,CONSTANT,,threshold,compared against a constant/value,0x03CCD0,MED,bVar1 = 9 < DAT_00155c4a - 1;
0x155C4B,CONSTANT,,operand,read in an expression (role unresolved),0x03C30E,LOW,bVar28 = DAT_00155c4b;
0x155C4C,CONSTANT,,operand,read in an expression (role unresolved),0x03CC08,LOW,else if ((iVar5 == 1) && (DAT_00155c4c <= *(byte *)(param_1 + 0xfef00a52))) {
0x155C4D,CONSTANT,,threshold,compared against a constant/value,0x03CCD0,MED,if ((DAT_00155c4d <= bVar3) && (*(short *)(&DAT_fef007bc + iVar10) != -0xbdc)) {
0x155C4E,FLAG,,operand,read in an expression (role unresolved),0x03D6BC,LOW,cVar1 = DAT_00155c4e;
0x155C4F,FLAG,,operand,read in an expression (role unresolved),0x03DA50,LOW,cVar1 = DAT_00155c4f;
0x155C50,FLAG,,operand,read in an expression (role unresolved),0x03E42E,LOW,cVar2 = DAT_00155c50;
0x155C51,FLAG,,operand,read in an expression (role unresolved),0x041DA4,LOW,cVar1 = DAT_00155c51;
0x155C52,CONSTANT,,threshold,compared against a constant/value,0x041E76,MED,if ((((*(byte *)(unaff_gp + -0x614e) < DAT_00155c52) ||
0x155C53,CONSTANT,,threshold,compared against a constant/value,0x041E76,MED,if ((((*(byte *)(unaff_gp + -0x614e) <= DAT_00155c53) &&
0x155C54,CONSTANT,,threshold,compared against a constant/value,0x041E76,MED,bVar1 = DAT_00155c54 == '\0';
0x155C55,FLAG,,operand,read in an expression (role unresolved),0x03EAE0,LOW,cVar2 = DAT_00155c55;
0x155C56,FLAG,,operand,read in an expression (role unresolved),0x03EB60,LOW,cVar2 = DAT_00155c56;
0x155C57,FLAG,,operand,read in an expression (role unresolved),0x03ED6A,LOW,cVar3 = DAT_00155c57;
0x155C58,CONSTANT,,operand,read in an expression (role unresolved),0x03F0BA,LOW,bVar1 = (bVar2 & DAT_00155c58) != 0;
0x155C59,FLAG,,operand,read in an expression (role unresolved),0x03F200,LOW,cVar19 = DAT_00155c59;
0x155C5A,CONSTANT,,operand,read in an expression (role unresolved),0x03F200,LOW,bVar20 = DAT_00155c5a;
0x155C5B,CONSTANT,,operand,read in an expression (role unresolved),0x03F200,LOW,bVar21 = DAT_00155c5b;
0x155C5C,FLAG,,operand,read in an expression (role unresolved),0x03F200,LOW,bVar22 = DAT_00155c5c;
0x155C5D,CONSTANT,,operand,read in an expression (role unresolved),0x03F200,LOW,bVar23 = DAT_00155c5d;
0x155C5E,CONSTANT,,operand,read in an expression (role unresolved),0x03EFAA,LOW,bVar2 = DAT_00155c5e;
0x155C5F,CONSTANT,,operand,read in an expression (role unresolved),0x03F032,LOW,bVar2 = DAT_00155c5f;
0x155C60,FLAG,,operand,read in an expression (role unresolved),0x03F9EE,LOW,cVar2 = DAT_00155c60;
0x155C61,CONSTANT,,threshold,compared against state 0xFEF00ACE,0x03F5F4,HIGH,"if ((_DAT_fef00ab4 < DAT_00155a5e) || (bVar1 = DAT_fef00acf, DAT_fef00ace < DAT_00155c61))"
0x155C62,FLAG,,operand,read in an expression (role unresolved),0x03FD98,LOW,cVar1 = DAT_00155c62;
0x155C63,CONSTANT,,operand,read in an expression (role unresolved),0x03FF20,LOW,if ((DAT_00155c63 & *(byte *)(unaff_gp + -0x5bbe)) == 0) {
0x155C64,FLAG,,operand,read in an expression (role unresolved),0x0402DA,LOW,cVar3 = DAT_00155c64;
0x155C65,FLAG,,operand,read in an expression (role unresolved),0x0407DE,LOW,cVar3 = DAT_00155c65;
0x155C66,FLAG,,operand,read in an expression (role unresolved),0x04052A,LOW,cVar1 = DAT_00155c66;
0x155C67,CONSTANT,,operand,read in an expression (role unresolved),0x040590,LOW,bVar8 = DAT_00155c67;
0x155C68,FLAG,,operand,read in an expression (role unresolved),0x040ADA,LOW,cVar1 = DAT_00155c68;
0x155C69,CONSTANT,,operand,read in an expression (role unresolved),0x040ADA,LOW,bVar2 = DAT_00155c69;
0x155C6A,FLAG,,operand,read in an expression (role unresolved),0x040C02,LOW,cVar5 = DAT_00155c6a;
0x155C6B,CONSTANT,,threshold,compared against state 0xFEF00B0E,0x040A16,HIGH,if (DAT_00155c6b <= DAT_fef00b0e) {
0x155C6C,FLAG,,operand,read in an expression (role unresolved),0x046DEE,LOW,if ((DAT_00155c6c == -0x80) && (DAT_00155af6 <= *(ushort *)(param_1 * 2 + -0x10ff3f8))) {
0x155C6D,CONSTANT,,threshold,compared against a constant/value,0x045972,MED,bVar1 = 9 < DAT_00155c6d - 1;
0x155C6E,FLAG,,operand,read in an expression (role unresolved),0x046CBA,LOW,cVar1 = DAT_00155c6e;
0x155C6F,CONSTANT,HO2 Monitor :: Enable Max Vacuum vs Baro x RPM (flat),operand,read in an expression (role unresolved),0x04296C,LOW,bVar6 = DAT_00155c6f;
0x155C70,FLAG,,operand,read in an expression (role unresolved),0x042866,LOW,cVar1 = DAT_00155c70;
0x155C71,FLAG,,operand,read in an expression (role unresolved),0x040E2C,LOW,cVar1 = DAT_00155c71;
0x155C72,FLAG,,operand,read in an expression (role unresolved),0x041094,LOW,cVar3 = DAT_00155c72;
0x155C73,FLAG,,operand,read in an expression (role unresolved),0x041548,LOW,cVar3 = DAT_00155c73;
0x155C74,FLAG,,operand,read in an expression (role unresolved),0x0419C4,LOW,if ((iVar1 == 0) && (DAT_00155c74 == -0x80)) {
0x155C75,FLAG,,operand,read in an expression (role unresolved),0x041BF4,LOW,if ((iVar1 == 0) && (DAT_00155c75 == -0x80)) {
0x155C76,CONSTANT,,threshold,compared against a constant/value,0x041816,MED,bVar1 = 0x13 < DAT_00155c76 - 1;
0x155C77,CONSTANT,,bitmask,bit set/clear mask,0x041834,MED,"FUN_000a1a66(&local_e,(-(uint)DAT_00155c77 & 0xff) << 8,uVar1);"
0x155C78,CONSTANT,,bitmask,bit set/clear mask,0x041A60,MED,"FUN_000a1a66(&local_e,(-(uint)DAT_00155c78 & 0xff) << 8,(uint)uVar1);"
0x155C79,CONSTANT,,bitmask,bit set/clear mask,0x04192C,MED,"FUN_000a1a66(&uStack_a,(-(uint)DAT_00155c79 & 0xff) << 8,_DAT_fef008b0);"
0x155C7A,FLAG,,operand,read in an expression (role unresolved),0x0423BE,LOW,bVar2 = DAT_00155c7a == -0x80;
0x155C7B,FLAG,,operand,read in an expression (role unresolved),0x0424C2,LOW,bVar2 = DAT_00155c7b == -0x80;
0x155C7C,CONSTANT,,operand,read in an expression (role unresolved),0x03B3D8,LOW,bVar10 = DAT_00155c7c;
0x155C7D,FLAG,,operand,read in an expression (role unresolved),0x030716,LOW,cVar1 = DAT_00155c7d;
0x155C7E,CONSTANT,,operand,read in an expression (role unresolved),0x030698,LOW,uVar2 = (uint)DAT_00155c7e;
0x155C7F,FLAG,,operand,read in an expression (role unresolved),0x042AA0,LOW,cVar1 = DAT_00155c7f;
0x155C80,FLAG,,operand,read in an expression (role unresolved),0x03DD8A,LOW,cVar3 = DAT_00155c80;
0x155C81,FLAG,,operand,read in an expression (role unresolved),0x04274A,LOW,if ((iVar1 == 0) && (DAT_00155c81 == -0x80)) {
0x155C82,FLAG,,operand,read in an expression (role unresolved),0x0430AC,LOW,cVar1 = DAT_00155c82;
0x155C83,FLAG,,operand,read in an expression (role unresolved),0x02FF50,LOW,cVar16 = DAT_00155c83;
0x155C84,CONSTANT,,operand,read in an expression (role unresolved),0x02FF50,LOW,bVar17 = DAT_00155c84;
0x155C85,CONSTANT,,operand,read in an expression (role unresolved),0x02FF50,LOW,bVar18 = DAT_00155c85;
0x155C86,FLAG,,operand,read in an expression (role unresolved),0x04490E,LOW,cVar3 = DAT_00155c86;
0x155C87,FLAG,,operand,read in an expression (role unresolved),0x04490E,LOW,cVar3 = DAT_00155c87;
0x155C88,CONSTANT,,threshold,compared against a constant/value,0x0447C8,MED,(*(byte *)(unaff_gp + -0x5bc0) <= DAT_00155c88)))) {
0x155C89,FLAG,,operand,read in an expression (role unresolved),0x0447C8,LOW,bVar1 = DAT_00155c89 < *(byte *)(unaff_gp + -0x5bbd);
0x155C8A,FLAG,,operand,read in an expression (role unresolved),0x044848,LOW,if ((((DAT_00155c8a == -0x80) || (iVar4 == 1)) && (iVar5 == 1)) && (DAT_00155b86 <= uVar2)) {
0x155C8B,FLAG,,operand,read in an expression (role unresolved),0x030BCC,LOW,if (((cVar1 == '\0') || (iVar3 != 0)) || (DAT_00155c8b != -0x80)) {
0x155C8C,FLAG,,operand,read in an expression (role unresolved),0x043588,LOW,if (((cVar2 == '\0') || (iVar4 != 0)) || (DAT_00155c8c != -0x80)) {
0x155C8D,CONSTANT,,threshold,compared against a constant/value,0x043FA4,MED,bVar1 = 9 < DAT_00155c8d - 1;
0x155C8E,CONSTANT,,operand,read in an expression (role unresolved),0x0438F0,LOW,if ((DAT_00155c8e & *(byte *)(unaff_gp + -0x5bbe)) == 0) {
0x155C8F,FLAG,,threshold,compared against a constant/value,0x043942,MED,if (DAT_00155c8f == '\0') {
0x155C90,FLAG,,operand,read in an expression (role unresolved),0x047D34,LOW,if (((iVar2 != 0) || (DAT_00155c90 != -0x80)) || (iVar1 != 1)) {
0x155C91,FLAG,,operand,read in an expression (role unresolved),0x04824C,LOW,cVar1 = DAT_00155c91;
0x155C92,FLAG,,operand,read in an expression (role unresolved),0x078AE0,LOW,uVar12 = (uint)DAT_00155c92;
0x155C93,FLAG,Speed Monitor :: Threshold vs Rear Wheel Speed,threshold,compared against a constant/value,0x078FFC,MED,if (((DAT_00172f32 == -0x80) && (DAT_00155c93 != '\0')) &&
0x155C94,CONSTANT,,operand,read in an expression (role unresolved),0x07902E,LOW,cVar1 = DAT_00155c94;
0x155CAC,CONSTANT,Accel Enrichment :: TP-Change Factor,operand,read in an expression (role unresolved),0x04A6A8,LOW,ppuVar1 = &PTR_PTR_DAT_00155cac;
0x155CB4,CONSTANT,Accel Enrichment :: TP-Change Factor,operand,read in an expression (role unresolved),0x04A6A8,LOW,ppuVar1 = &PTR_PTR_DAT_00155cb4;
0x155CBC,CONSTANT,Accel Enrichment :: TP-Change Factor,operand,read in an expression (role unresolved),0x04A6EA,LOW,ppuVar1 = &PTR_PTR_DAT_00155cbc;
0x155CC4,CONSTANT,Accel Enrichment :: TP-Change Factor,operand,read in an expression (role unresolved),0x04A6EA,LOW,ppuVar1 = &PTR_PTR_DAT_00155cc4;
0x155CCC,CONSTANT,Accel Enrichment :: TP-Change Factor,operand,read in an expression (role unresolved),0x04A8E2,LOW,"iVar7 = FUN_000a1fca((&PTR_DAT_00155ccc)[param_1],uVar1);"
0x155CD4,CONSTANT,Accel Enrichment :: TP-Change Factor,operand,read in an expression (role unresolved),0x04AA24,LOW,"iVar7 = FUN_000a1fca((&PTR_PTR_DAT_00155cd4)[param_1],uVar1);"
0x155CDC,CONSTANT,Accel Enrichment :: TP-Change Factor,operand,read in an expression (role unresolved),0x04A7F0,LOW,ppuVar3 = &PTR_PTR_DAT_00155cdc;
0x155CE4,CONSTANT,Accel Enrichment :: TP-Change Factor,operand,read in an expression (role unresolved),0x04A7F0,LOW,ppuVar3 = &PTR_PTR_DAT_00155ce4;
0x155CEC,CONSTANT,Accel Enrichment :: TP-Change Factor,operand,read in an expression (role unresolved),0x04A72C,LOW,ppuVar4 = &PTR_PTR_DAT_00155cec;
0x155CF4,CONSTANT,Accel Enrichment :: TP-Change Factor,operand,read in an expression (role unresolved),0x04A72C,LOW,ppuVar4 = &PTR_PTR_DAT_00155cf4;
0x155CFC,CONSTANT,Accel Enrichment :: TP-Change Factor,operand,read in an expression (role unresolved),0x04A72C,LOW,ppuVar4 = &PTR_PTR_DAT_00155cfc;
0x155D04,CONSTANT,Accel Enrichment :: TP-Change Factor,operand,read in an expression (role unresolved),0x04A7F0,LOW,ppuVar3 = &PTR_PTR_DAT_00155d04;
0x155D44,CONSTANT,Accel Enrichment :: TP-Change Factor,operand,read in an expression (role unresolved),0x04FC24,LOW,"uVar4 = FUN_000a2344((&PTR_PTR_DAT_00155d44)[param_3],param_1,param_2);"
0x155D4C,CONSTANT,Accel Enrichment :: TP-Change Factor,operand,read in an expression (role unresolved),0x0498AC,LOW,ppuVar2 = &PTR_PTR_DAT_00155d4c;
0x155D54,CONSTANT,Accel Enrichment :: TP-Change Factor,operand,read in an expression (role unresolved),0x0498AC,LOW,ppuVar2 = &PTR_PTR_DAT_00155d54;
0x155D5C,CONSTANT,Accel Enrichment :: TP-Change Factor,operand,read in an expression (role unresolved),0x0498AC,LOW,ppuVar2 = &PTR_PTR_DAT_00155d5c;
0x155D64,CONSTANT,Accel Enrichment :: TP-Change Factor,operand,read in an expression (role unresolved),0x049B6E,LOW,"iVar1 = FUN_000a2344((&PTR_PTR_DAT_00155d64)[param_1 & 0xff],*(undefined2 *)(unaff_gp + -0x5c14),"
0x155D6C,CONSTANT,Accel Enrichment :: TP-Change Factor,operand,read in an expression (role unresolved),0x049A4E,LOW,ppuVar2 = &PTR_PTR_DAT_00155d6c;
0x155D74,CONSTANT,Accel Enrichment :: TP-Change Factor,operand,read in an expression (role unresolved),0x049A4E,LOW,ppuVar2 = &PTR_PTR_DAT_00155d74;
0x155D7C,CONSTANT,Accel Enrichment :: TP-Change Factor,operand,read in an expression (role unresolved),0x049A4E,LOW,ppuVar2 = &PTR_PTR_DAT_00155d7c;
0x155D84,CONSTANT,Accel Enrichment :: TP-Change Factor,operand,read in an expression (role unresolved),0x049C4C,LOW,"iVar1 = FUN_000a2344(*(undefined4 *)(&LAB_00155d84 + (param_1 & 0xff) * 4),"
0x155D94,TABLE,,map,table (reader indirect),,LOW,
0x155DDC,TABLE,,map,table (reader indirect),,LOW,
0x155E14,TABLE,,map,table (reader indirect),,LOW,
0x155E54,TABLE,,map,table (reader indirect),,LOW,
0x155E94,TABLE,,map,table (reader indirect),,LOW,
0x155EA4,TABLE,,map,table (reader indirect),,LOW,
0x155EB4,TABLE,,map,table (reader indirect),,LOW,
0x155EC4,TABLE,,map,table (reader indirect),,LOW,
0x155ED4,TABLE,,map,table (reader indirect),,LOW,
0x155EE4,TABLE,,map,table (reader indirect),,LOW,
0x155EF4,TABLE,,map,table (reader indirect),,LOW,
0x155F04,TABLE,,map,table (reader indirect),,LOW,
0x155F14,TABLE,,map,table (reader indirect),,LOW,
0x1560E4,CONSTANT,Cranking Fuel :: TP Correction (flat),operand,read in an expression (role unresolved),0x04CAC2,LOW,ppuVar6 = &PTR_DAT_001560e4;
0x1560F4,CONSTANT,Cranking Fuel :: TP Correction (flat),operand,read in an expression (role unresolved),0x04CAC2,LOW,ppuVar6 = &PTR_DAT_001560f4 + param_1;
0x156104,CONSTANT,Cranking Fuel :: TP Correction (flat),operand,read in an expression (role unresolved),0x04CB50,LOW,ppuVar9 = &PTR_DAT_00156104;
0x156114,CONSTANT,Cranking Fuel :: TP Correction (flat),operand,read in an expression (role unresolved),0x04CB50,LOW,ppuVar9 = &PTR_DAT_00156114 + param_1;
0x156124,TABLE,,map,table (reader indirect),,LOW,
0x156154,TABLE,,map,table (reader indirect),,LOW,
0x156194,TABLE,,map,table (reader indirect),,LOW,
0x1561C4,TABLE,,map,table (reader indirect),,LOW,
0x1561F4,TABLE,,map,table (reader indirect),,LOW,
0x156224,TABLE,,map,table (reader indirect),,LOW,
0x156224,TABLE,,map,table (reader indirect),,LOW,
0x156224,TABLE,,map,table (reader indirect),,LOW,
0x156224,TABLE,,map,table (reader indirect),,LOW,
0x156224,TABLE,,map,table (reader indirect),,LOW,
0x156224,TABLE,,map,table (reader indirect),,LOW,
0x156224,TABLE,,map,table (reader indirect),,LOW,
0x156224,TABLE,,map,table (reader indirect),,LOW,
0x156224,TABLE,,map,table (reader indirect),,LOW,
0x156224,TABLE,,map,table (reader indirect),,LOW,
0x156224,TABLE,,map,table (reader indirect),,LOW,
0x156224,TABLE,,map,table (reader indirect),,LOW,
0x156224,TABLE,,map,table (reader indirect),,LOW,
0x156224,TABLE,,map,table (reader indirect),,LOW,
0x156224,TABLE,,map,table (reader indirect),,LOW,
0x156250,TABLE,,map,table (reader indirect),,LOW,
0x156250,TABLE,,map,table (reader indirect),,LOW,
0x156250,TABLE,,map,table (reader indirect),,LOW,
0x156250,TABLE,,map,table (reader indirect),,LOW,
0x156264,TABLE,,map,table (reader indirect),,LOW,
0x1563B8,TABLE,,map,table (reader indirect),,LOW,
0x1565C4,TABLE,,map,table (reader indirect),,LOW,
0x156924,CONSTANT,Fuel :: Afterstart Enrichment vs ECT | Stage 1,operand,read in an expression (role unresolved),0x04DB8E,LOW,"FUN_000a1fca((&PTR_PTR_DAT_00156924)[DAT_fef00df6],param_1);"
0x1569F4,TABLE,,map,table (reader indirect),,LOW,
0x156A40,TABLE,,map,table (reader indirect),,LOW,
0x156A8C,TABLE,,map,table (reader indirect),,LOW,
0x156AB4,TABLE,,map,table (reader indirect),,LOW,
0x156ADC,TABLE,,map,table (reader indirect),,LOW,
0x156B48,TABLE,,map,table (reader indirect),,LOW,
0x156B48,TABLE,,map,table (reader indirect),,LOW,
0x156BB0,TABLE,,map,table (reader indirect),,LOW,
0x156BB0,TABLE,,map,table (reader indirect),,LOW,
0x156C18,TABLE,,map,table (reader indirect),,LOW,
0x156C18,TABLE,,map,table (reader indirect),,LOW,
0x156C80,TABLE,,map,table (reader indirect),,LOW,
0x156C80,TABLE,,map,table (reader indirect),,LOW,
0x156CE8,TABLE,,map,table (reader indirect),,LOW,
0x156CE8,TABLE,,map,table (reader indirect),,LOW,
0x156D50,TABLE,,map,table (reader indirect),,LOW,
0x156D50,TABLE,,map,table (reader indirect),,LOW,
0x156DB8,TABLE,,map,table (reader indirect),,LOW,
0x156DB8,TABLE,,map,table (reader indirect),,LOW,
0x156E20,TABLE,,map,table (reader indirect),,LOW,
0x156E20,TABLE,,map,table (reader indirect),,LOW,
0x157048,TABLE,,map,table (reader indirect),,LOW,
0x1570A0,TABLE,,map,table (reader indirect),,LOW,
0x1570F8,TABLE,,map,table (reader indirect),,LOW,
0x157150,TABLE,,map,table (reader indirect),,LOW,
0x1571A8,TABLE,,map,table (reader indirect),,LOW,
0x157200,TABLE,,map,table (reader indirect),,LOW,
0x157258,TABLE,,map,table (reader indirect),,LOW,
0x1572B0,TABLE,,map,table (reader indirect),,LOW,
0x157308,TABLE,,map,table (reader indirect),,LOW,
0x157358,TABLE,,map,table (reader indirect),,LOW,
0x1573A8,TABLE,,map,table (reader indirect),,LOW,
0x1573F8,TABLE,,map,table (reader indirect),,LOW,
0x157448,TABLE,,map,table (reader indirect),,LOW,
0x157498,TABLE,,map,table (reader indirect),,LOW,
0x1574E8,TABLE,,map,table (reader indirect),,LOW,
0x157538,TABLE,,map,table (reader indirect),,LOW,
0x157864,TABLE,,map,table (reader indirect),,LOW,
0x1578C0,TABLE,,map,table (reader indirect),,LOW,
0x15791C,TABLE,,map,table (reader indirect),,LOW,
0x157978,TABLE,,map,table (reader indirect),,LOW,
0x1579D4,TABLE,,map,table (reader indirect),,LOW,
0x157A30,TABLE,,map,table (reader indirect),,LOW,
0x157A8C,TABLE,,map,table (reader indirect),,LOW,
0x157AE8,TABLE,,map,table (reader indirect),,LOW,
0x157B44,TABLE,,map,table (reader indirect),,LOW,
0x157BA0,TABLE,,map,table (reader indirect),,LOW,
0x157BFC,TABLE,,map,table (reader indirect),,LOW,
0x157C58,TABLE,,map,table (reader indirect),,LOW,
0x157CC0,TABLE,,map,table (reader indirect),,LOW,
0x157D10,TABLE,,map,table (reader indirect),,LOW,
0x157D60,TABLE,,map,table (reader indirect),,LOW,
0x157D9C,TABLE,,map,table (reader indirect),,LOW,
0x157E00,TABLE,,map,table (reader indirect),,LOW,
0x157E64,TABLE,,map,table (reader indirect),,LOW,
0x157EF0,TABLE,,map,table (reader indirect),,LOW,
0x157F1C,TABLE,,map,table (reader indirect),,LOW,
0x157F48,TABLE,,map,table (reader indirect),,LOW,
0x157F64,TABLE,,map,table (reader indirect),,LOW,
0x157F94,TABLE,,map,table (reader indirect),,LOW,
0x157FC4,TABLE,,map,table (reader indirect),,LOW,
0x15800C,TABLE,,map,table (reader indirect),,LOW,
0x158038,TABLE,,map,table (reader indirect),,LOW,
0x1580BC,TABLE,,map,table (reader indirect),,LOW,
0x158104,TABLE,,map,table (reader indirect),,LOW,
0x158124,TABLE,,map,table (reader indirect),,LOW,
0x158144,TABLE,,map,table (reader indirect),,LOW,
0x158168,TABLE,,map,table (reader indirect),,LOW,
0x15818C,TABLE,,map,table (reader indirect),,LOW,
0x1581AC,TABLE,,map,table (reader indirect),,LOW,
0x1581CC,TABLE,,map,table (reader indirect),,LOW,
0x1581EC,TABLE,,map,table (reader indirect),,LOW,
0x15820C,TABLE,,map,table (reader indirect),,LOW,
0x15822C,TABLE,,map,table (reader indirect),,LOW,
0x15824C,TABLE,,map,table (reader indirect),,LOW,
0x15826C,TABLE,,map,table (reader indirect),,LOW,
0x15828C,TABLE,,map,table (reader indirect),,LOW,
0x15829C,TABLE,,map,table (reader indirect),,LOW,
0x1582AC,TABLE,,map,table (reader indirect),,LOW,
0x1582BC,TABLE,,map,table (reader indirect),,LOW,
0x1582CC,TABLE,,map,table (reader indirect),,LOW,
0x1582DC,TABLE,,map,table (reader indirect),,LOW,
0x1582EC,TABLE,,map,table (reader indirect),,LOW,
0x1582FC,TABLE,,map,table (reader indirect),,LOW,
0x15830C,TABLE,,map,table (reader indirect),,LOW,
0x15832C,TABLE,,map,table (reader indirect),,LOW,
0x15834C,TABLE,,map,table (reader indirect),,LOW,
0x15836C,TABLE,,map,table (reader indirect),,LOW,
0x15838C,TABLE,,map,table (reader indirect),,LOW,
0x1583AC,TABLE,,map,table (reader indirect),,LOW,
0x1583CC,TABLE,,map,table (reader indirect),,LOW,
0x1583EC,TABLE,,map,table (reader indirect),,LOW,
0x15840C,TABLE,,map,table (reader indirect),,LOW,
0x15842C,TABLE,,map,table (reader indirect),,LOW,
0x15844C,TABLE,,map,table (reader indirect),,LOW,
0x15846C,TABLE,,map,table (reader indirect),,LOW,
0x15848C,TABLE,,map,table (reader indirect),,LOW,
0x1584F8,TABLE,,map,table (reader indirect),,LOW,
0x15853C,TABLE,,map,table (reader indirect),,LOW,
0x15855C,TABLE,,map,table (reader indirect),,LOW,
0x15857C,TABLE,,map,table (reader indirect),,LOW,
0x15859C,TABLE,,map,table (reader indirect),,LOW,
0x1585BC,TABLE,,map,table (reader indirect),,LOW,
0x1585DC,TABLE,,map,table (reader indirect),,LOW,
0x1585FC,TABLE,,map,table (reader indirect),,LOW,
0x15861C,TABLE,,map,table (reader indirect),,LOW,
0x15863C,TABLE,,map,table (reader indirect),,LOW,
0x15865C,TABLE,,map,table (reader indirect),,LOW,
0x15867C,TABLE,,map,table (reader indirect),,LOW,
0x15869C,TABLE,,map,table (reader indirect),,LOW,
0x1586EC,TABLE,,map,table (reader indirect),,LOW,
0x15870C,TABLE,,map,table (reader indirect),,LOW,
0x15872C,TABLE,,map,table (reader indirect),,LOW,
0x15874C,TABLE,,map,table (reader indirect),,LOW,
0x15876C,TABLE,,map,table (reader indirect),,LOW,
0x15878C,TABLE,,map,table (reader indirect),,LOW,
0x1587AC,TABLE,,map,table (reader indirect),,LOW,
0x1587F0,TABLE,,map,table (reader indirect),,LOW,
0x158834,TABLE,,map,table (reader indirect),,LOW,
0x158868,TABLE,,map,table (reader indirect),,LOW,
0x15889C,TABLE,,map,table (reader indirect),,LOW,
0x1588D0,TABLE,,map,table (reader indirect),,LOW,
0x158904,TABLE,,map,table (reader indirect),,LOW,
0x158938,TABLE,,map,table (reader indirect),,LOW,
0x15896C,TABLE,,map,table (reader indirect),,LOW,
0x1589A0,TABLE,,map,table (reader indirect),,LOW,
0x1589B0,TABLE,,map,table (reader indirect),,LOW,
0x1589D8,TABLE,,map,table (reader indirect),,LOW,
0x1589E8,TABLE,,map,table (reader indirect),,LOW,
0x158A20,TABLE,,map,table (reader indirect),,LOW,
0x158A50,TABLE,,map,table (reader indirect),,LOW,
0x158AB4,TABLE,,map,table (reader indirect),,LOW,
0x158B28,TABLE,,map,table (reader indirect),,LOW,
0x158CC4,TABLE,,map,table (reader indirect),,LOW,
0x158D64,TABLE,,map,table (reader indirect),,LOW,
0x165F60,TABLE,,map,table (reader indirect),,LOW,
0x1660C4,TABLE,,map,table (reader indirect),,LOW,
0x166228,TABLE,,map,table (reader indirect),,LOW,
0x166E40,CONSTANT,,operand,read in an expression (role unresolved),0x04FCEE,LOW,uVar12 = *(ushort *)(&DAT_00166e40 + iVar18);
0x166E44,CONSTANT,,operand,read in an expression (role unresolved),0x04FCEE,LOW,uVar13 = *(ushort *)(&DAT_00166e44 + iVar18);
0x166E48,CONSTANT,,operand,read in an expression (role unresolved),0x04FCEE,LOW,uVar16 = *(ushort *)(&DAT_00166e48 + iVar18);
0x166E4C,CONSTANT,,operand,read in an expression (role unresolved),0x04FCEE,LOW,uVar5 = *(ushort *)(&DAT_00166e4c + iVar18);
0x166E50,CONSTANT,,operand,read in an expression (role unresolved),0x04FF2E,LOW,uVar9 = (uint)*(ushort *)(&DAT_00166e50 + iVar14);
0x166E54,CONSTANT,,operand,read in an expression (role unresolved),0x04FF2E,LOW,uVar8 = *(undefined2 *)(&DAT_00166e54 + iVar14);
0x166E58,CONSTANT,,operand,read in an expression (role unresolved),0x03F106,LOW,if ((DAT_00166e58 <= *(ushort *)(unaff_gp + -0x5fe4)) ||
0x166E5A,CONSTANT,,operand,read in an expression (role unresolved),0x03F106,LOW,(DAT_00166e5a <= *(ushort *)(unaff_gp + -0x5fe2))))) {
0x166E5C,CONSTANT,,operand,read in an expression (role unresolved),0x050178,LOW,uVar2 = *(ushort *)(&DAT_00166e5c + iVar10);
0x166E60,CONSTANT,,operand,read in an expression (role unresolved),0x050178,LOW,uVar3 = *(ushort *)(&DAT_00166e60 + iVar10);
0x166E64,CONSTANT,,operand,read in an expression (role unresolved),0x050178,LOW,uVar4 = *(ushort *)(&DAT_00166e64 + iVar10);
0x166E68,CONSTANT,,operand,read in an expression (role unresolved),0x050178,LOW,uVar5 = *(ushort *)(&DAT_00166e68 + iVar10);
0x166E6C,CONSTANT,,operand,read in an expression (role unresolved),0x04FF2E,LOW,uVar10 = (uint)*(ushort *)(&DAT_00166e6c + iVar14);
0x166E70,CONSTANT,,operand,read in an expression (role unresolved),0x04FCEE,LOW,uVar14 = *(ushort *)(&DAT_00166e70 + iVar18);
0x166E74,CONSTANT,,operand,read in an expression (role unresolved),0x04FCEE,LOW,uVar15 = *(ushort *)(&DAT_00166e74 + iVar18);
0x166E78,CONSTANT,,operand,read in an expression (role unresolved),0x04F9DA,LOW,uVar2 = (&DAT_00166e78)[uVar8];
0x166E7C,CONSTANT,,operand,read in an expression (role unresolved),0x04F9DA,LOW,uVar3 = (&DAT_00166e7c)[uVar8];
0x166E80,CONSTANT,,operand,read in an expression (role unresolved),0x050306,LOW,uVar1 = *(ushort *)(&DAT_00166e80 + iVar2);
0x166E84,CONSTANT,Accel Enrichment :: TP-Change Factor,operand,read in an expression (role unresolved),0x04A72C,LOW,uVar5 = *(undefined2 *)(&DAT_00166e84 + param_1 * 2);
0x166E88,CONSTANT,,operand,read in an expression (role unresolved),0x050716,LOW,uVar1 = DAT_00166e88;
0x166E8A,CONSTANT,Fuel :: Afterstart Enrichment vs ECT | Stage 1,operand,read in an expression (role unresolved),0x05059A,LOW,*(undefined2 *)(unaff_gp + -0x5faa) = DAT_00166e8a;
0x166E8C,CONSTANT,,operand,read in an expression (role unresolved),0x04E5FA,LOW,"(int)((param_1 & 0xffff) * ((int)(DAT_00166e8c - 400) / 2)) / 100,0xffff,0);"
0x166E8E,CONSTANT,,operand,read in an expression (role unresolved),0x04DA54,LOW,uVar2 = DAT_00166e8e;
0x166E90,CONSTANT,,threshold,compared against a constant/value,0x04D9BC,MED,((DAT_00166e90 <= uVar2 && ((uVar2 <= DAT_00166e92 && (DAT_00166e94 <= uVar1)))))) &&
0x166E92,CONSTANT,,threshold,compared against a constant/value,0x04D9BC,MED,((DAT_00166e90 <= uVar2 && ((uVar2 <= DAT_00166e92 && (DAT_00166e94 <= uVar1)))))) &&
0x166E94,CONSTANT,,threshold,compared against a constant/value,0x04D9BC,MED,((DAT_00166e90 <= uVar2 && ((uVar2 <= DAT_00166e92 && (DAT_00166e94 <= uVar1)))))) &&
0x166E96,CONSTANT,,operand,read in an expression (role unresolved),0x04DD8A,LOW,uVar4 = DAT_00166e96;
0x166E98,CONSTANT,,operand,read in an expression (role unresolved),0x04EE84,LOW,if (DAT_00166e98 < *(ushort *)(unaff_gp + -0x5c3c)) {
0x166E9A,CONSTANT,,operand,read in an expression (role unresolved),0x04EE84,LOW,if (DAT_00166e9a <= *(ushort *)(unaff_gp + -0x5c3c)) {
0x166E9C,CONSTANT,,operand,read in an expression (role unresolved),0x050C08,LOW,uVar3 = DAT_00166e9c;
0x166E9E,CONSTANT,,threshold,compared against a constant/value,0x050B42,MED,if (param_1 < DAT_00166e9e) {
0x166EA0,CONSTANT,,threshold,compared against a constant/value,0x050B42,MED,if (param_1 < DAT_00166ea0) {
0x166EA2,CONSTANT,,threshold,compared against state 0xFEF00EB6,0x050B42,HIGH,if (DAT_00166ea2 <= _DAT_fef00eb6) {
0x166EA4,CONSTANT,,threshold,compared against a constant/value,0x05337C,MED,((DAT_00166ea4 < *(ushort *)(unaff_gp + -0x5bc2) && (DAT_00166ea4 != 0xffff)))) ||
0x166EA6,CONSTANT,,operand,read in an expression (role unresolved),0x050178,LOW,cVar1 = (&DAT_00166ea6)[param_3];
0x166EA8,FLAG,,operand,read in an expression (role unresolved),0x04FCEE,LOW,cVar11 = (&DAT_00166ea8)[param_1];
0x166EAA,CONSTANT,,operand,read in an expression (role unresolved),0x04FCEE,LOW,bVar6 = (&DAT_00166eaa)[param_1];
0x166EAC,CONSTANT,,operand,read in an expression (role unresolved),0x04FCEE,LOW,bVar7 = (&DAT_00166eac)[param_1];
0x166EAE,CONSTANT,,operand,read in an expression (role unresolved),0x04FCEE,LOW,bVar8 = (&DAT_00166eae)[param_1];
0x166EB0,FLAG,,operand,read in an expression (role unresolved),0x04FCEE,LOW,bVar9 = (&DAT_00166eb0)[param_1];
0x166EB2,CONSTANT,,operand,read in an expression (role unresolved),0x0500DE,LOW,"FUN_000a1a66(param_1 * 2 + -0x10ff168,(-(uint)(byte)(&DAT_00166eb2)[param_1] & 0xff) << 8,"
0x166EB4,CONSTANT,,operand,read in an expression (role unresolved),0x04FCEE,LOW,bVar21 = (&DAT_00166eb4)[param_1];
0x166EB6,CONSTANT,,operand,read in an expression (role unresolved),0x04FF2E,LOW,bVar7 = (&DAT_00166eb6)[param_1];
0x166EB8,CONSTANT,,operand,operand computing state 0xFEF00EA6,0x050344,MED,"(_DAT_fef00ea6 = DAT_00166eb8, _DAT_fef00ea4 = DAT_00166ebc, _DAT_fef00ea2 = DAT_00166eba,"
0x166EBA,CONSTANT,,operand,operand computing state 0xFEF00EA6,0x050344,MED,"(_DAT_fef00ea6 = DAT_00166eb8, _DAT_fef00ea4 = DAT_00166ebc, _DAT_fef00ea2 = DAT_00166eba,"
0x166EBC,CONSTANT,,operand,operand computing state 0xFEF00EA6,0x050344,MED,"(_DAT_fef00ea6 = DAT_00166eb8, _DAT_fef00ea4 = DAT_00166ebc, _DAT_fef00ea2 = DAT_00166eba,"
0x166EBE,CONSTANT,,operand,read in an expression (role unresolved),0x04FEBC,LOW,uVar2 = DAT_00166ebe;
0x166EC0,CONSTANT,,operand,read in an expression (role unresolved),0x04F9DA,LOW,cVar1 = (&DAT_00166ec0)[uVar8];
0x166EC2,CONSTANT,,threshold,compared against state 0xFEF00E68,0x050344,HIGH,_DAT_fef00e68 <= DAT_00166ec2)) {
0x166EC4,CONSTANT,,operand,operand computing state 0xFEF00EA6,0x050344,MED,_DAT_fef00ea6 = DAT_00166ec4;
0x166EC6,CONSTANT,,operand,operand computing state 0xFEF00EA2,0x050344,MED,_DAT_fef00ea2 = DAT_00166ec6;
0x166EC8,CONSTANT,,operand,operand computing state 0xFEF00EA4,0x050344,MED,_DAT_fef00ea4 = DAT_00166ec8;
0x166ECA,CONSTANT,,threshold,compared against a constant/value,0x0527BA,MED,if (*(ushort *)(unaff_gp + -0x5f6c) < DAT_00166eca) {
0x166ECC,CONSTANT,,operand,read in an expression (role unresolved),0x052614,LOW,uVar1 = DAT_00166ecc;
0x166ECE,CONSTANT,,operand,read in an expression (role unresolved),0x052710,LOW,uVar2 = DAT_00166ece;
0x166ED0,CONSTANT,,operand,read in an expression (role unresolved),0x0515D6,LOW,uVar6 = DAT_00166ed0;
0x166ED2,CONSTANT,,operand,read in an expression (role unresolved),0x0515D6,LOW,uVar7 = DAT_00166ed2;
0x166ED4,CONSTANT,,unref,not read by code (data-only),0x0511AA,LOW,
0x166ED6,CONSTANT,,unref,not read by code (data-only),0x0511AA,LOW,
0x166ED8,CONSTANT,,unref,not read by code (data-only),0x0511AA,LOW,
0x166EDA,CONSTANT,,unref,not read by code (data-only),0x0511AA,LOW,
0x166EDC,CONSTANT,,unref,not read by code (data-only),0x0511AA,LOW,
0x166EDE,CONSTANT,,unref,not read by code (data-only),0x0511AA,LOW,
0x166F60,CONSTANT,,operand,read in an expression (role unresolved),0x051EAA,LOW,if (DAT_00166f60 < *(ushort *)(unaff_gp + -0x5c38)) {
0x166F62,CONSTANT,,operand,read in an expression (role unresolved),0x05168C,LOW,uVar2 = DAT_00166f62;
0x166F64,CONSTANT,,operand,read in an expression (role unresolved),0x05168C,LOW,uVar3 = DAT_00166f64;
0x166F66,CONSTANT,,offset,added/subtracted in a calc,0x04F1E4,MED,uVar2 = FUN_000a1ba0(uVar5 - DAT_00166f66);
0x166F68,CONSTANT,,operand,read in an expression (role unresolved),0x04F0E6,LOW,uVar3 = DAT_00166f68;
0x166F6A,CONSTANT,,operand,read in an expression (role unresolved),0x04F0E6,LOW,uVar4 = DAT_00166f6a;
0x166F6C,CONSTANT,,operand,read in an expression (role unresolved),0x04F0E6,LOW,uVar5 = DAT_00166f6c;
0x166F6E,CONSTANT,,operand,read in an expression (role unresolved),0x04F0E6,LOW,uVar6 = DAT_00166f6e;
0x166F70,CONSTANT,,operand,read in an expression (role unresolved),0x04F6FE,LOW,uVar1 = DAT_00166f70;
0x166F72,CONSTANT,,operand,read in an expression (role unresolved),0x049E92,LOW,uVar2 = DAT_00166f72;
0x166F74,CONSTANT,,operand,read in an expression (role unresolved),0x04A054,LOW,uVar1 = DAT_00166f74;
0x166F76,CONSTANT,,operand,read in an expression (role unresolved),0x04A1E4,LOW,uVar1 = DAT_00166f76;
0x166F78,CONSTANT,,operand,read in an expression (role unresolved),0x04A344,LOW,uVar1 = DAT_00166f78;
0x166F7A,CONSTANT,,operand,read in an expression (role unresolved),0x04A1E4,LOW,uVar2 = DAT_00166f7a;
0x166F7C,CONSTANT,,operand,read in an expression (role unresolved),0x04A344,LOW,uVar2 = DAT_00166f7c;
0x166F7E,CONSTANT,,operand,read in an expression (role unresolved),0x04A1E4,LOW,uVar3 = DAT_00166f7e;
0x166F80,CONSTANT,,operand,read in an expression (role unresolved),0x04A344,LOW,uVar3 = DAT_00166f80;
0x166F82,CONSTANT,,operand,read in an expression (role unresolved),0x04A1E4,LOW,uVar4 = DAT_00166f82;
0x166F84,CONSTANT,,operand,read in an expression (role unresolved),0x04A1E4,LOW,uVar5 = DAT_00166f84;
0x166F86,CONSTANT,,operand,read in an expression (role unresolved),0x04A344,LOW,uVar4 = DAT_00166f86;
0x166F88,CONSTANT,,threshold,compared against a constant/value,0x049440,MED,if ((uint)(uVar1 < DAT_00166f88) +
0x166F8A,CONSTANT,,threshold,compared against a constant/value,0x049440,MED,-((int)((uint)DAT_fef00d24 << 0x1e) >> 0x1f) * (uint)(uVar1 <= DAT_00166f8a) *
0x166F8C,CONSTANT,,threshold,compared against a constant/value,0x04947E,MED,if ((uint)(uVar1 < DAT_00166f8c) +
0x166F8E,CONSTANT,,threshold,compared against a constant/value,0x04947E,MED,-((int)((uint)DAT_fef00d24 << 0x1d) >> 0x1f) * (uint)(uVar1 <= DAT_00166f8e) *
0x166F90,CONSTANT,,threshold,compared against a constant/value,0x04954A,MED,(uint)(DAT_00166f90 < uVar1) == 1) {
0x166F92,CONSTANT,,threshold,compared against a constant/value,0x04954A,MED,if (((uint)(DAT_00166f92 < uVar1) +
0x166F94,CONSTANT,,threshold,compared against a constant/value,0x04954A,MED,if ((uint)(uVar1 < DAT_00166f94) +
0x166F96,CONSTANT,,threshold,compared against a constant/value,0x04954A,MED,-((int)(uVar2 << 0x19) >> 0x1f) * (uint)(uVar1 < DAT_00166f96) * (uint)(uVar1 >= DAT_00166f94)
0x166F98,CONSTANT,,operand,read in an expression (role unresolved),0x04990E,LOW,cVar8 = ((byte)(&DAT_00166f98)[param_1] <= bVar2) +
0x166F9A,CONSTANT,,operand,read in an expression (role unresolved),0x049AB2,LOW,cVar9 = ((byte)(&DAT_00166f9a)[param_1] <= bVar3) +
0x166F9C,CONSTANT,,operand,read in an expression (role unresolved),0x04990E,LOW,bVar2 = (&DAT_00166f9c)[param_1];
0x166F9E,CONSTANT,,operand,read in an expression (role unresolved),0x049AB2,LOW,bVar5 = (&DAT_00166f9e)[param_1];
0x166FA0,CONSTANT,,threshold,compared against a constant/value,0x0359B8,MED,if (*(ushort *)(&DAT_febf5ff0 + iVar2) <= DAT_00166fa0) {
0x166FA2,CONSTANT,,gain,multiplier in a calc,0x049672,MED,_DAT_fef00e6e = DAT_00166fa2 * (ushort)!bVar1 - (ushort)bVar1;
0x166FA4,CONSTANT,,operand,read in an expression (role unresolved),0x04AFB6,LOW,uVar4 = DAT_00166fa4;
0x166FA6,CONSTANT,,operand,read in an expression (role unresolved),0x04AFB6,LOW,uVar5 = DAT_00166fa6;
0x166FA8,CONSTANT,,operand,read in an expression (role unresolved),0x04B2AC,LOW,bVar1 = (&DAT_00166fa8)[param_1];
0x166FAA,CONSTANT,,operand,read in an expression (role unresolved),0x04B2AC,LOW,uVar9 = (uint)(byte)(&DAT_00166faa)[param_1];
0x166FAC,CONSTANT,,operand,read in an expression (role unresolved),0x04B3EE,LOW,uVar9 = (uint)(byte)(&DAT_00166fac)[param_1];
0x166FAE,CONSTANT,,operand,read in an expression (role unresolved),0x04B382,LOW,cVar2 = cVar2 * ((byte)(&DAT_00166fae)[uVar1] <= *(byte *)(uVar1 + 0xfef00e70));
0x166FB0,CONSTANT,Accel Enrichment :: TP-Change Factor,operand,read in an expression (role unresolved),0x04A72C,LOW,uVar2 = DAT_00166fb0;
0x166FB2,CONSTANT,Accel Enrichment :: TP-Change Factor,operand,read in an expression (role unresolved),0x04A7F0,LOW,uVar4 = DAT_00166fb2;
0x166FB4,CONSTANT,,operand,read in an expression (role unresolved),0x04B3C6,LOW,"FUN_0004925e(param_1,(byte)(&DAT_00166fb4)[param_1] <= *(byte *)(param_1 + 0xfef00e70));"
0x166FB6,CONSTANT,,operand,read in an expression (role unresolved),0x04B4B4,LOW,uVar9 = (uint)(byte)(&DAT_00166fb6)[param_1];
0x166FB8,CONSTANT,,operand,read in an expression (role unresolved),0x0524AC,LOW,uVar3 = (uint)DAT_00166fb8;
0x166FBA,CONSTANT,,operand,read in an expression (role unresolved),0x052F26,LOW,uVar14 = DAT_00166fba;
0x166FBC,CONSTANT,,operand,read in an expression (role unresolved),0x052F26,LOW,uVar14 = DAT_00166fbc;
0x166FBE,CONSTANT,,operand,read in an expression (role unresolved),0x052F26,LOW,uVar14 = DAT_00166fbe;
0x166FC0,CONSTANT,,operand,read in an expression (role unresolved),0x052F26,LOW,uVar14 = DAT_00166fc0;
0x166FC2,CONSTANT,Ignition,operand,read in an expression (role unresolved),0x052A78,LOW,uVar4 = DAT_00166fc2;
0x166FC4,CONSTANT,,operand,read in an expression (role unresolved),0x04D68C,LOW,uVar2 = DAT_00166fc4;
0x166FC6,CONSTANT,,operand,read in an expression (role unresolved),0x04D68C,LOW,uVar3 = DAT_00166fc6;
0x166FC8,CONSTANT,,operand,read in an expression (role unresolved),0x04D43E,LOW,uVar5 = (uint)DAT_00166fc8;
0x166FCA,CONSTANT,,operand,read in an expression (role unresolved),0x04D43E,LOW,uVar5 = (uint)DAT_00166fca;
0x166FCC,CONSTANT,,operand,read in an expression (role unresolved),0x04D43E,LOW,uVar5 = (uint)DAT_00166fcc;
0x166FCE,CONSTANT,,operand,read in an expression (role unresolved),0x04D43E,LOW,uVar5 = (uint)DAT_00166fce;
0x166FEC,CONSTANT,Cranking Fuel :: TP Correction (flat),threshold,compared against a constant/value,0x04CAC2,MED,if ((((DAT_00166fec < uVar2) || (uVar1 < DAT_00166fee)) || (iVar5 != 1)) ||
0x166FEE,CONSTANT,Cranking Fuel :: TP Correction (flat),threshold,compared against a constant/value,0x04CAC2,MED,if ((((DAT_00166fec < uVar2) || (uVar1 < DAT_00166fee)) || (iVar5 != 1)) ||
0x166FF0,CONSTANT,Cranking Fuel :: TP Correction (flat),threshold,compared against a constant/value,0x04CB50,MED,(((DAT_00166ff0 < uVar1 || (iVar8 != 1)) || (bVar3 < DAT_00167102)))) {
0x166FF2,CONSTANT,Fuel,threshold,compared against a constant/value,0x04C6E8,MED,((((uVar2 < DAT_00166ff2 ||
0x166FF4,CONSTANT,,threshold,compared against a constant/value,0x04C7CE,MED,if (uVar2 < DAT_00166ff4) {
0x166FF6,CONSTANT,,threshold,compared against a constant/value,0x04C7CE,MED,cVar4 = (DAT_fef00dce & 1) * (DAT_00166ff6 <= uVar2);
0x166FF8,CONSTANT,Fuel,threshold,compared against a constant/value,0x04C6E8,MED,((_DAT_fef02622 < DAT_00166ff8 || (*(ushort *)(unaff_gp + -0x5c10) < DAT_00166ff8)))) ||
0x166FFA,CONSTANT,,threshold,compared against a constant/value,0x053564,MED,if ((uVar2 < DAT_00166ffa) && (uVar1 < DAT_00166ffc)) {
0x166FFC,CONSTANT,,threshold,compared against a constant/value,0x053564,MED,if ((uVar2 < DAT_00166ffa) && (uVar1 < DAT_00166ffc)) {
0x166FFE,CONSTANT,,operand,read in an expression (role unresolved),0x053564,LOW,uVar4 = DAT_00166ffe;
0x167000,CONSTANT,,threshold,compared against a constant/value,0x053564,MED,if ((uVar4 < uVar3) && (uVar2 < DAT_00167000)) {
0x167002,CONSTANT,,threshold,compared against RAM 0xFEBF602E,0x0534EE,HIGH,if (DAT_00167002 < _DAT_febf602e) {
0x167004,CONSTANT,,threshold,compared against state 0xFEF00F26,0x0534EE,HIGH,iVar2 = (uint)(DAT_00167004 <= _DAT_fef00f26) + iVar2 * (uint)(DAT_00167004 > _DAT_fef00f26);
0x167006,CONSTANT,,threshold,compared against a constant/value,0x0534EE,MED,iVar2 = iVar2 * (uint)(_DAT_fef00f28 < DAT_00167006);
0x167008,CONSTANT,Ignition,operand,read in an expression (role unresolved),0x053822,LOW,uVar6 = (uint)DAT_00167008;
0x16700A,CONSTANT,,operand,read in an expression (role unresolved),0x053564,LOW,uVar6 = DAT_0016700a;
0x16700C,CONSTANT,,operand,read in an expression (role unresolved),0x053564,LOW,uVar7 = DAT_0016700c;
0x16700E,CONSTANT,,operand,read in an expression (role unresolved),0x053564,LOW,uVar17 = (uint)DAT_0016700e;
0x167010,CONSTANT,,operand,read in an expression (role unresolved),0x053564,LOW,uVar16 = (uint)DAT_00167010;
0x167012,CONSTANT,Ignition,threshold,compared against a constant/value,0x053792,MED,if (((DAT_00167012 < uVar2) && (iVar6 == 0)) && (iVar7 == 0)) {
0x167014,CONSTANT,Ignition,operand,read in an expression (role unresolved),0x053792,LOW,uVar3 = DAT_00167014;
0x167016,CONSTANT,Ignition,operand,read in an expression (role unresolved),0x0538FA,LOW,uVar2 = DAT_00167016;
0x167018,CONSTANT,,operand,read in an expression (role unresolved),0x048B26,LOW,uVar9 = DAT_00167018;
0x16701A,CONSTANT,,operand,read in an expression (role unresolved),0x048B26,LOW,uVar4 = DAT_0016701a;
0x16701C,CONSTANT,,operand,read in an expression (role unresolved),0x048B26,LOW,uVar5 = DAT_0016701c;
0x16701E,CONSTANT,,operand,read in an expression (role unresolved),0x048B26,LOW,uVar15 = (uint)DAT_0016701e;
0x167020,CONSTANT,,operand,read in an expression (role unresolved),0x048B26,LOW,uVar1 = DAT_00167020;
0x167022,CONSTANT,,operand,read in an expression (role unresolved),0x048B26,LOW,uVar6 = DAT_00167022;
0x167024,CONSTANT,,operand,read in an expression (role unresolved),0x048DE4,LOW,uVar1 = DAT_00167024;
0x167026,CONSTANT,,operand,read in an expression (role unresolved),0x048C26,LOW,uVar4 = DAT_00167026;
0x167028,CONSTANT,,operand,read in an expression (role unresolved),0x048C26,LOW,uVar5 = DAT_00167028;
0x16702A,CONSTANT,,operand,read in an expression (role unresolved),0x048C26,LOW,uVar6 = DAT_0016702a;
0x16702C,CONSTANT,,operand,read in an expression (role unresolved),0x048C26,LOW,uVar7 = DAT_0016702c;
0x16702E,CONSTANT,,operand,read in an expression (role unresolved),0x048C26,LOW,uVar8 = DAT_0016702e;
0x167030,CONSTANT,,operand,read in an expression (role unresolved),0x048C26,LOW,uVar9 = DAT_00167030;
0x167032,CONSTANT,,operand,read in an expression (role unresolved),0x048D40,LOW,uVar2 = DAT_00167032;
0x167034,CONSTANT,,threshold,compared against state 0xFEF00DA4,0x04BAF0,HIGH,if (DAT_00167034 <= _DAT_fef00da4) {
0x167036,CONSTANT,,threshold,compared against a constant/value,0x04BB30,MED,if (uVar1 <= DAT_00167036) {
0x167038,CONSTANT,,threshold,compared against a constant/value,0x04BB30,MED,if (DAT_00167038 < uVar1) {
0x16703A,CONSTANT,,threshold,compared against a constant/value,0x04BB30,MED,if (uVar1 <= DAT_0016703a) {
0x16703C,CONSTANT,,threshold,compared against a constant/value,0x04BB30,MED,if (DAT_0016703c < uVar1) {
0x16703E,CONSTANT,Fuel :: Afterstart Enrichment vs ECT | Stage 1,operand,read in an expression (role unresolved),0x04BB92,LOW,uVar4 = (uint)DAT_0016703e;
0x167040,CONSTANT,,threshold,compared against a constant/value,0x04BBF0,MED,if (*(ushort *)(unaff_gp + -0x5c14) < DAT_00167040) {
0x167042,CONSTANT,,operand,read in an expression (role unresolved),0x04BBF0,LOW,if (DAT_00167042 <= *(ushort *)(unaff_gp + -0x5c14)) {
0x167044,CONSTANT,,threshold,compared against a constant/value,0x04BC1C,MED,if (*(ushort *)(unaff_gp + -0x5c3c) <= DAT_00167044) {
0x167046,CONSTANT,,operand,read in an expression (role unresolved),0x04BC1C,LOW,if (DAT_00167046 < *(ushort *)(unaff_gp + -0x5c3c)) {
0x167048,CONSTANT,,threshold,compared against a constant/value,0x04BC48,MED,if (_DAT_fef01e52 <= DAT_00167048) {
0x16704A,CONSTANT,,threshold,compared against state 0xFEF01E52,0x04BC48,HIGH,if (DAT_0016704a < _DAT_fef01e52) {
0x167050,CONSTANT,,operand,read in an expression (role unresolved),0x04BE74,LOW,uVar2 = (uint)DAT_00167050;
0x167052,CONSTANT,,operand,read in an expression (role unresolved),0x04C01E,LOW,uVar3 = (uint)DAT_00167052;
0x167054,CONSTANT,,operand,read in an expression (role unresolved),0x04BFCE,LOW,uVar1 = DAT_00167054;
0x167056,CONSTANT,,operand,read in an expression (role unresolved),0x04BFCE,LOW,uVar2 = DAT_00167056;
0x167058,CONSTANT,,threshold,compared against state 0xFEF00DAC,0x04BF0E,HIGH,_DAT_fef00daa = DAT_0016705a * (ushort)(DAT_00167058 <= _DAT_fef00dac);
0x16705A,CONSTANT,,gain,multiplier in a calc,0x04BF0E,MED,_DAT_fef00daa = DAT_0016705a * (ushort)(DAT_00167058 <= _DAT_fef00dac);
0x16705C,CONSTANT,,threshold,compared against a constant/value,0x04BF0E,MED,if (*(ushort *)(unaff_gp + -0x5c10) <= DAT_0016705c) {
0x16705E,CONSTANT,,operand,read in an expression (role unresolved),0x04BF0E,LOW,if (DAT_0016705e < *(ushort *)(unaff_gp + -0x5c10)) {
0x167060,CONSTANT,Fuel :: Afterstart Enrichment vs ECT | Stage 1,operand,read in an expression (role unresolved),0x04C29E,LOW,uVar5 = (uint)DAT_00167060;
0x167062,CONSTANT,Fuel :: Afterstart Enrichment vs ECT | Stage 1,operand,read in an expression (role unresolved),0x04C34E,LOW,uVar1 = DAT_00167062;
0x167064,CONSTANT,Fuel :: Afterstart Enrichment vs ECT | Stage 1,operand,read in an expression (role unresolved),0x04C34E,LOW,uVar2 = DAT_00167064;
0x167066,CONSTANT,Fuel :: Afterstart Enrichment vs ECT | Stage 1,operand,read in an expression (role unresolved),0x04C34E,LOW,uVar8 = (uint)DAT_00167066;
0x167068,CONSTANT,,threshold,compared against a constant/value,0x04C328,MED,if (_DAT_fef01e54 < DAT_00167068) {
0x16706A,CONSTANT,,operand,read in an expression (role unresolved),0x04C422,LOW,sVar2 = DAT_0016706a;
0x16706C,CONSTANT,,operand,read in an expression (role unresolved),0x04C422,LOW,sVar3 = DAT_0016706c;
0x16706E,CONSTANT,,threshold,compared against a constant/value,0x04BD7A,MED,if (_DAT_fef00dc8 < DAT_0016706e) {
0x167070,CONSTANT,,operand,read in an expression (role unresolved),0x0509C4,LOW,uVar1 = (uint)DAT_00167070;
0x167071,CONSTANT,,operand,read in an expression (role unresolved),0x0509C4,LOW,"if (((cVar4 == '\x01') || (uVar1 = (uint)DAT_00167071, cVar4 == '\x02')) ||"
0x167072,CONSTANT,,operand,read in an expression (role unresolved),0x0509C4,LOW,"(uVar1 = (uint)DAT_00167072, cVar4 == '\x03')) {"
0x167073,FLAG,Fuel,operand,read in an expression (role unresolved),0x0508AC,LOW,cVar2 = DAT_00167073;
0x167074,CONSTANT,,operand,read in an expression (role unresolved),0x050A56,LOW,uVar4 = (ushort)DAT_00167074;
0x167075,CONSTANT,Fuel,operand,read in an expression (role unresolved),0x05061C,LOW,"uVar12 = FUN_000a1bea(DAT_00167075,0xc);"
0x167076,CONSTANT,Fuel :: Afterstart Enrichment vs ECT | Stage 1,operand,read in an expression (role unresolved),0x05059A,LOW,uVar5 = (ushort)DAT_00167076;
0x167077,CONSTANT,,threshold,compared against a constant/value,0x050716,MED,if ((iVar5 == 1) || (bVar2 < DAT_00167077)) {
0x167078,CONSTANT,,threshold,compared against a constant/value,0x050716,MED,if (DAT_00167078 <= bVar3) {
0x167079,FLAG,,operand,read in an expression (role unresolved),0x04E72A,LOW,if (((DAT_00167079 == -0x80) && (-1 < (int)((uint)*(byte *)(unaff_gp + -0x5fb9) << 0x1e))) &&
0x16707A,CONSTANT,,operand,read in an expression (role unresolved),0x04E6D4,LOW,bVar3 = DAT_0016707a;
0x16707B,FLAG,,operand,read in an expression (role unresolved),0x0522F8,LOW,if (DAT_0016707b == -0x80) {
0x16707C,CONSTANT,,operand,read in an expression (role unresolved),0x04E306,LOW,*(undefined1 *)(unaff_gp + -0x5fc8) = DAT_0016707c;
0x16707D,FLAG,,operand,read in an expression (role unresolved),0x04E454,LOW,if (DAT_0016707d == -0x80) {
0x16707E,FLAG,,gain,multiplier in a calc,0x04E454,MED,"iVar6 = FUN_000a1c02((uint)DAT_0016707e * 0xf,0xffffffff);"
0x16707F,CONSTANT,Fuel,gain,multiplier in a calc,0x04E332,MED,cVar2 = (*(byte *)(unaff_gp + -0x5fba) & 1) * (DAT_0016707f < *(byte *)(unaff_gp + -0x5bc0));
0x167080,CONSTANT,Fuel,threshold,compared against a constant/value,0x04E332,MED,if (*(byte *)(unaff_gp + -0x5bc0) < DAT_00167080) {
0x167081,FLAG,Fuel,operand,read in an expression (role unresolved),0x04E396,LOW,if (((DAT_00167081 == -0x80) && (iVar5 == 1)) || (*(char *)(unaff_gp + -0x5bbe) == '\x01')) {
0x167082,CONSTANT,Fuel,operand,read in an expression (role unresolved),0x04E396,LOW,uVar3 = DAT_00167082;
0x167083,CONSTANT,Fuel,operand,read in an expression (role unresolved),0x04E242,LOW,uVar3 = DAT_00167083;
0x167084,CONSTANT,Fuel,operand,read in an expression (role unresolved),0x04E242,LOW,uVar3 = DAT_00167084;
0x167085,CONSTANT,,threshold,compared against a constant/value,0x04D9BC,MED,) && ((DAT_00167085 <= uVar6 && (uVar6 <= DAT_00167086)))) &&
0x167086,CONSTANT,,threshold,compared against a constant/value,0x04D9BC,MED,) && ((DAT_00167085 <= uVar6 && (uVar6 <= DAT_00167086)))) &&
0x167087,CONSTANT,,threshold,compared against a constant/value,0x04DA54,MED,if (DAT_fef00de7 < DAT_00167087) {
0x167088,CONSTANT,,gain,multiplier in a calc,0x04DA54,MED,uVar7 = (uint)DAT_00167089 * (uint)(iVar5 != 1) + (uint)DAT_00167088 * (uint)(iVar5 == 1);
0x167089,CONSTANT,,gain,multiplier in a calc,0x04DA54,MED,uVar7 = (uint)DAT_00167089 * (uint)(iVar5 != 1) + (uint)DAT_00167088 * (uint)(iVar5 == 1);
0x16708A,CONSTANT,,threshold,compared against a constant/value,0x04DDE4,MED,if ((bVar1 < DAT_0016708a) || (-1 < (int)((uint)*(byte *)(unaff_gp + -0x6088) << 0x1d))) {
0x16708B,FLAG,,operand,read in an expression (role unresolved),0x04DDE4,LOW,uVar3 = (uint)DAT_0016708b;
0x16708C,FLAG,,operand,read in an expression (role unresolved),0x04DE90,LOW,cVar1 = DAT_0016708c;
0x16708D,CONSTANT,,operand,read in an expression (role unresolved),0x04DE90,LOW,bVar2 = DAT_0016708d;
0x16708E,CONSTANT,,operand,read in an expression (role unresolved),0x04DF06,LOW,uVar4 = (uint)DAT_0016708e;
0x16708F,CONSTANT,,operand,read in an expression (role unresolved),0x050ADC,LOW,bVar1 = DAT_0016708f;
0x167090,CONSTANT,,operand,read in an expression (role unresolved),0x050C08,LOW,bVar4 = DAT_00167090;
0x167091,CONSTANT,,threshold,compared against a constant/value,0x050B92,MED,if (*(byte *)(unaff_gp + -0x5bc0) <= DAT_00167091) {
0x167092,CONSTANT,,threshold,compared against a constant/value,0x050B92,MED,if (*(byte *)(unaff_gp + -0x5bc0) < DAT_00167092) {
0x167093,CONSTANT,Idle Control (decoded),operand,read in an expression (role unresolved),0x0532A4,LOW,bVar2 = DAT_00167093;
0x167094,CONSTANT,,operand,read in an expression (role unresolved),0x04FEBC,LOW,bVar3 = DAT_00167094;
0x167095,FLAG,,gain,multiplier in a calc,0x0527BA,MED,iVar1 = (int)(iVar1 * (DAT_00167095 + 0x20)) / 0x20;
0x167096,CONSTANT,,gain,multiplier in a calc,0x05256C,MED,(uint)DAT_00167096 * (uint)(param_1 == '\x01');
0x167097,CONSTANT,,gain,multiplier in a calc,0x05256C,MED,iVar1 = (uint)DAT_00167097 * (uint)(param_1 != '\x01') +
0x167098,CONSTANT,,gain,multiplier in a calc,0x052654,MED,(uint)DAT_00167098 * (uint)(param_2 == '\x01');
0x167099,CONSTANT,,gain,multiplier in a calc,0x052654,MED,iVar1 = (uint)DAT_00167099 * (uint)(param_2 != '\x01') +
0x16709A,CONSTANT,,operand,read in an expression (role unresolved),0x051788,LOW,bVar4 = DAT_0016709a;
0x16709B,CONSTANT,,operand,read in an expression (role unresolved),0x051788,LOW,bVar5 = DAT_0016709b;
0x16709C,CONSTANT,Engine Brake Control (decoded),operand,read in an expression (role unresolved),0x0518B2,LOW,uVar10 = (uint)DAT_0016709c;
0x16709D,CONSTANT,,operand,read in an expression (role unresolved),0x05205A,LOW,bVar1 = DAT_0016709d;
0x16709E,CONSTANT,,threshold,compared against a constant/value,0x0520A8,MED,(uint)(DAT_0016709e < bVar1) * (uint)(DAT_0016709f > bVar1);
0x16709F,CONSTANT,,threshold,compared against a constant/value,0x0520A8,MED,iVar2 = (uint)(DAT_0016709f <= bVar1) +
0x1670A0,CONSTANT,,threshold,compared against a constant/value,0x0520A8,MED,iVar2 * (uint)(DAT_001670a0 < bVar1) * (uint)(DAT_001670a1 > bVar1);
0x1670A1,CONSTANT,,threshold,compared against a constant/value,0x0520A8,MED,iVar3 = (uint)(DAT_001670a1 <= bVar1) +
0x1670A2,FLAG,,operand,read in an expression (role unresolved),0x0520A8,LOW,if (DAT_001670a2 == -0x80) {
0x1670A3,CONSTANT,,threshold,compared against a constant/value,0x051EAA,MED,if (DAT_fef00ecd < DAT_001670a3) {
0x1670A4,CONSTANT,,operand,read in an expression (role unresolved),0x051F8E,LOW,bVar1 = DAT_001670a4;
0x1670A5,FLAG,,operand,read in an expression (role unresolved),0x04C610,LOW,if (DAT_001670a5 == -0x80) {
0x1670A6,FLAG,,flag-test,bit tested,0x04F2A8,MED,if ((iVar3 == 1) && ((DAT_001670a6 != -0x80 || ((*(byte *)(unaff_gp + -0x5fb3) & 0x10) != 0))))
0x1670A7,FLAG,,operand,read in an expression (role unresolved),0x04F45E,LOW,cVar7 = DAT_001670a7;
0x1670A8,CONSTANT,,operand,read in an expression (role unresolved),0x04F45E,LOW,bVar15 = DAT_001670a8;
0x1670A9,CONSTANT,,operand,read in an expression (role unresolved),0x04F45E,LOW,bVar8 = DAT_001670a9;
0x1670AA,CONSTANT,,threshold,compared against a constant/value,0x04F1E4,MED,if (DAT_001670aa <= bVar4) {
0x1670AB,CONSTANT,,threshold,compared against state 0xFEF00E8E,0x04F16E,HIGH,if (DAT_001670ab <= DAT_fef00e8e) {
0x1670AC,FLAG,,operand,read in an expression (role unresolved),0x04F0E6,LOW,cVar7 = DAT_001670ac;
0x1670AD,CONSTANT,,operand,operand computing RAM 0xFEBF6024,0x04F654,MED,_DAT_febf6024 = (ushort)DAT_001670ad << 8;
0x1670AE,CONSTANT,,operand,read in an expression (role unresolved),0x0494E4,LOW,bVar3 = DAT_001670ae;
0x1670AF,CONSTANT,,operand,read in an expression (role unresolved),0x0494E4,LOW,bVar4 = DAT_001670af;
0x1670B0,CONSTANT,,operand,read in an expression (role unresolved),0x0494E4,LOW,bVar5 = DAT_001670b0;
0x1670B1,CONSTANT,,operand,read in an expression (role unresolved),0x0494E4,LOW,bVar6 = DAT_001670b1;
0x1670B2,FLAG,,operand,read in an expression (role unresolved),0x0495B8,LOW,cVar1 = DAT_001670b2;
0x1670CF,CONSTANT,,operand,read in an expression (role unresolved),0x04B5FA,LOW,uVar7 = (uint)DAT_001670cf;
0x1670D0,CONSTANT,,operand,read in an expression (role unresolved),0x049602,LOW,bVar1 = DAT_001670d0;
0x1670D1,CONSTANT,,operand,read in an expression (role unresolved),0x04963A,LOW,bVar1 = DAT_001670d1;
0x1670D2,FLAG,,operand,read in an expression (role unresolved),0x049E92,LOW,cVar3 = DAT_001670d2;
0x1670D3,FLAG,Accel Enrichment :: TP-Change Factor,operand,read in an expression (role unresolved),0x04A72C,LOW,cVar3 = DAT_001670d3;
0x1670D4,CONSTANT,Accel Enrichment :: TP-Change Factor,operand,read in an expression (role unresolved),0x04A8E2,LOW,uVar9 = (uint)DAT_001670d4;
0x1670D5,CONSTANT,Accel Enrichment :: TP-Change Factor,operand,read in an expression (role unresolved),0x04AA24,LOW,uVar9 = (uint)DAT_001670d5;
0x1670D6,FLAG,,operand,read in an expression (role unresolved),0x049E92,LOW,cVar4 = DAT_001670d6;
0x1670D7,CONSTANT,,operand,read in an expression (role unresolved),0x052B48,LOW,bVar2 = DAT_001670d7;
0x1670D8,CONSTANT,,operand,read in an expression (role unresolved),0x052F26,LOW,bVar3 = DAT_001670d8;
0x1670D9,CONSTANT,,operand,read in an expression (role unresolved),0x052F26,LOW,bVar4 = DAT_001670d9;
0x1670DA,CONSTANT,,operand,read in an expression (role unresolved),0x052F26,LOW,bVar5 = DAT_001670da;
0x1670DB,CONSTANT,,operand,read in an expression (role unresolved),0x052F26,LOW,bVar6 = DAT_001670db;
0x1670DC,CONSTANT,,operand,read in an expression (role unresolved),0x052F26,LOW,bVar7 = DAT_001670dc;
0x1670DD,CONSTANT,,operand,read in an expression (role unresolved),0x052F26,LOW,bVar8 = DAT_001670dd;
0x1670DE,CONSTANT,,operand,read in an expression (role unresolved),0x052C00,LOW,bVar2 = DAT_001670de;
0x1670DF,CONSTANT,,operand,read in an expression (role unresolved),0x052F26,LOW,bVar9 = DAT_001670df;
0x1670E0,CONSTANT,,operand,read in an expression (role unresolved),0x052F26,LOW,bVar10 = DAT_001670e0;
0x1670E1,CONSTANT,,operand,read in an expression (role unresolved),0x052F26,LOW,uVar11 = DAT_001670e1;
0x1670E2,CONSTANT,,operand,read in an expression (role unresolved),0x052F26,LOW,uVar11 = DAT_001670e2;
0x1670E3,CONSTANT,,operand,read in an expression (role unresolved),0x052F26,LOW,uVar11 = DAT_001670e3;
0x1670E4,CONSTANT,,operand,read in an expression (role unresolved),0x052F26,LOW,uVar11 = DAT_001670e4;
0x1670E5,CONSTANT,,operand,read in an expression (role unresolved),0x052ABA,LOW,uVar4 = (uint)DAT_001670e5;
0x1670E6,CONSTANT,,threshold,compared against a constant/value,0x04E6D4,MED,bVar5 = (*(byte *)(unaff_gp + -0x5bc0) <= DAT_001670e6) +
0x1670E7,FLAG,Cranking Fuel :: TP Correction (flat),threshold,compared against a constant/value,0x04CAC2,MED,if (DAT_001670e7 != '\x03') {
0x1670E8,FLAG,,operand,read in an expression (role unresolved),0x04D43E,LOW,uVar4 = (uint)DAT_001670e8;
0x1670E9,FLAG,,operand,read in an expression (role unresolved),0x04D43E,LOW,uVar4 = (uint)DAT_001670e9;
0x1670EA,FLAG,,operand,read in an expression (role unresolved),0x04D43E,LOW,uVar4 = (uint)DAT_001670ea;
0x1670EB,FLAG,,operand,read in an expression (role unresolved),0x04D43E,LOW,uVar4 = (uint)DAT_001670eb;
0x1670EC,FLAG,,operand,read in an expression (role unresolved),0x04D1EA,LOW,iVar7 = (uint)DAT_001670ec << 1;
0x1670ED,FLAG,,operand,read in an expression (role unresolved),0x04CFFA,LOW,if (DAT_001670ed == -0x80) {
0x1670EE,FLAG,,operand,read in an expression (role unresolved),0x04D68C,LOW,uVar12 = (uint)DAT_001670ee;
0x1670EF,FLAG,,operand,read in an expression (role unresolved),0x04D68C,LOW,uVar12 = (uint)DAT_001670ef;
0x1670F0,FLAG,,operand,read in an expression (role unresolved),0x04D68C,LOW,uVar12 = (uint)DAT_001670f0;
0x1670F1,FLAG,,operand,read in an expression (role unresolved),0x04D68C,LOW,uVar12 = (uint)DAT_001670f1;
0x1670F2,CONSTANT,,operand,read in an expression (role unresolved),0x04D68C,LOW,uVar9 = (uint)DAT_001670f2;
0x1670F3,FLAG,,gain,multiplier in a calc,0x04D43E,MED,iVar2 = (uint)DAT_00166fc8 + (uVar3 * (DAT_001670f3 + 0x180) >> 9);
0x1670F4,FLAG,,operand,read in an expression (role unresolved),0x04D43E,LOW,uVar6 = (uint)DAT_001670f4;
0x1670F5,FLAG,,operand,read in an expression (role unresolved),0x04D43E,LOW,uVar6 = (uint)DAT_001670f5;
0x1670F6,FLAG,,operand,read in an expression (role unresolved),0x04D43E,LOW,uVar6 = (uint)DAT_001670f6;
0x1670F7,FLAG,,operand,read in an expression (role unresolved),0x04D1EA,LOW,if (DAT_001670f7 == -0x80) {
0x1670F8,FLAG,Fuel :: Afterstart Enrichment vs ECT | Stage 1,threshold,compared against a constant/value,0x031048,MED,for (bVar1 = 0; bVar1 < (byte)((DAT_001670f8 != '\0') * '\x02' + (DAT_001670f8 == '\0'));
0x1670F9,FLAG,,operand,read in an expression (role unresolved),0x045AEC,LOW,if ((DAT_001670f8 == '\x01') && (DAT_001670f9 != -0x80)) {
0x167100,CONSTANT,,unref,not read by code (data-only),0x04DCD0,LOW,
0x167101,CONSTANT,,operand,read in an expression (role unresolved),0x04DBE8,LOW,if ((DAT_00167101 & uVar2) == 0) {
0x167102,CONSTANT,Cranking Fuel :: TP Correction (flat),threshold,compared against a constant/value,0x04CAC2,MED,(DAT_fef00dd5 < DAT_00167102)) {
0x167103,FLAG,,operand,read in an expression (role unresolved),0x04CF7C,LOW,uVar1 = (uint)DAT_00167103;
0x167104,CONSTANT,Fuel,threshold,compared against a constant/value,0x04C6E8,MED,if ((((DAT_fef00dcf <= DAT_00167104) && (iVar5 == 1)) && (cVar1 == '\x01')) ||
0x167105,FLAG,,operand,read in an expression (role unresolved),0x04C92E,LOW,cVar3 = DAT_00167105;
0x167106,CONSTANT,,threshold,compared against a constant/value,0x0534B6,MED,if (((uint)(bVar1 < DAT_00167106) +
0x167107,CONSTANT,,threshold,compared against a constant/value,0x0534B6,MED,* (uint)(bVar1 < DAT_00167107) != 1) {
0x167108,CONSTANT,Ignition,operand,read in an expression (role unresolved),0x053822,LOW,bVar2 = DAT_00167108;
0x167109,CONSTANT,,operand,read in an expression (role unresolved),0x053564,LOW,bVar8 = DAT_00167109;
0x16710A,CONSTANT,,threshold,compared against a constant/value,0x04C594,MED,if ((_DAT_fef00e78 == 0) || (DAT_fef00dcc < DAT_0016710a)) {
0x16710B,FLAG,,operand,read in an expression (role unresolved),0x04C538,LOW,"(((cVar2 == '\x01' && (bVar1 = DAT_0016710b, iVar5 == 0)) ||"
0x16710C,CONSTANT,,operand,read in an expression (role unresolved),0x04C538,LOW,"((cVar3 == '\x01' && (bVar1 = DAT_0016710c, iVar6 == 0)))))) {"
0x16710D,FLAG,,operand,read in an expression (role unresolved),0x048ADC,LOW,cVar1 = DAT_0016710d;
0x16710E,CONSTANT,,operand,read in an expression (role unresolved),0x048C26,LOW,bVar10 = DAT_0016710e;
0x16710F,CONSTANT,,operand,read in an expression (role unresolved),0x048C26,LOW,bVar11 = DAT_0016710f;
0x167110,CONSTANT,,operand,read in an expression (role unresolved),0x048C26,LOW,bVar12 = DAT_00167110;
0x167111,FLAG,,operand,read in an expression (role unresolved),0x048C26,LOW,bVar13 = DAT_00167111;
0x167112,CONSTANT,Fuel,operand,read in an expression (role unresolved),0x05294E,LOW,if ((DAT_00167112 & uVar7) != 0) {
0x167113,FLAG,Fuel :: Afterstart Enrichment vs ECT | Stage 1,operand,read in an expression (role unresolved),0x04BDDA,LOW,if (((((DAT_00167113 == -0x80) && (uVar6 <= uVar2)) && ((DAT_fef00dca & 1) != 0)) &&
0x167114,CONSTANT,,threshold,compared against a constant/value,0x04BC78,MED,if (*(byte *)(unaff_gp + -0x5bc0) <= DAT_00167114) {
0x167115,CONSTANT,,operand,read in an expression (role unresolved),0x04BC78,LOW,if (DAT_00167115 < *(byte *)(unaff_gp + -0x5bc0)) {
0x167116,CONSTANT,,operand,read in an expression (role unresolved),0x04BCA4,LOW,if ((*(byte *)(unaff_gp + -0x5bbe) & DAT_00167116) == 0) {
0x167117,CONSTANT,,offset,added/subtracted in a calc,0x04BFCE,MED,"uVar3 = FUN_0004bf96(_DAT_fef00e7c,0xff - (uint)DAT_00167117,"
0x167118,CONSTANT,,gain,multiplier in a calc,0x04C074,MED,"(uint)DAT_00167118 * (uint)(iVar3 == 1)),uVar1);"
0x167119,CONSTANT,,gain,multiplier in a calc,0x04C074,MED,"FUN_0004bf96(uVar2,0xff - ((uint)DAT_00167119 * (uint)(iVar3 != 1) +"
0x16711A,FLAG,,offset,added/subtracted in a calc,0x04C10E,MED,iVar1 = -((int)((iVar2 - iVar1) * (0xff - (uint)DAT_0016711a)) / 0xff);
0x16711C,CONSTANT,,operand,read in an expression (role unresolved),0x04F9DA,LOW,uVar7 = (&DAT_0016711c)[iVar4];
0x16711E,CONSTANT,,unref,not read by code (data-only),0x04F9DA,LOW,
0x16713C,CONSTANT,,operand,read in an expression (role unresolved),0x06A55C,LOW,local_6c[uVar4] = (&DAT_0016713c)[uVar4];
0x16713E,CONSTANT,,unref,not read by code (data-only),0x06A55C,LOW,
0x16715C,CONSTANT,,operand,read in an expression (role unresolved),0x04FF2E,LOW,uVar1 = *(ushort *)(&DAT_0016715c + iVar4);
0x16719C,CONSTANT,,operand,read in an expression (role unresolved),0x04FF2E,LOW,uVar2 = *(ushort *)(&DAT_0016719c + iVar4);
0x1671DC,CONSTANT,,operand,read in an expression (role unresolved),0x049830,LOW,cVar1 = *(&PTR_DAT_001671dc)[(param_1 & 0xff) * 7 + iVar2];
0x167214,CONSTANT,,operand,read in an expression (role unresolved),0x0499D2,LOW,cVar1 = *(&PTR_DAT_00167214)[(param_1 & 0xff) * 7 + iVar2];
0x167264,CONSTANT,,unref,not read by code (data-only),0x04DCD0,LOW,
0x167268,CONSTANT,,operand,operand computing state 0xFEF00DEE,0x04DBBA,MED,_DAT_fef00dee = *(undefined2 *)(&PTR_DAT_00167268)[DAT_fef00df6];
0x167284,CONSTANT,,operand,operand computing state 0xFEF00DF0,0x04DBBA,MED,_DAT_fef00df0 = *(undefined2 *)(&PTR_DAT_00167284)[DAT_fef00df6];
0x1672A0,TABLE,,map,table (reader indirect),,LOW,
0x1672B8,TABLE,,map,table (reader indirect),,LOW,
0x1672C8,TABLE,,map,table (reader indirect),,LOW,
0x1672D8,TABLE,,map,table (reader indirect),,LOW,
0x1672F8,TABLE,,map,table (reader indirect),,LOW,
0x167318,TABLE,,map,table (reader indirect),,LOW,
0x167338,TABLE,,map,table (reader indirect),,LOW,
0x167358,TABLE,,map,table (reader indirect),,LOW,
0x167378,TABLE,,map,table (reader indirect),,LOW,
0x167398,TABLE,,map,table (reader indirect),,LOW,
0x1673B8,TABLE,,map,table (reader indirect),,LOW,
0x1673D8,TABLE,,map,table (reader indirect),,LOW,
0x1673F8,TABLE,,map,table (reader indirect),,LOW,
0x167418,TABLE,,map,table (reader indirect),,LOW,
0x167438,TABLE,,map,table (reader indirect),,LOW,
0x167458,CONSTANT,Ignition :: Transient One-Shot Correction (Correction-22),operand,read in an expression (role unresolved),0x05803A,LOW,"iVar2 = FUN_000a1fca((&PTR_PTR_DAT_00167458)[param_1],uVar1);"
0x1674F8,CONSTANT,Ignition,operand,read in an expression (role unresolved),0x05976E,LOW,puVar1 = (&PTR_DAT_001674f8)[param_1 & 0xff];
0x167508,TABLE,,map,table (reader indirect),,LOW,
0x167538,TABLE,,map,table (reader indirect),,LOW,
0x167558,TABLE,,map,table (reader indirect),,LOW,
0x1675D8,TABLE,,map,table (reader indirect),,LOW,
0x167658,TABLE,,map,table (reader indirect),,LOW,
0x1676D8,TABLE,,map,table (reader indirect),,LOW,
0x167758,CONSTANT,Ignition :: Transient One-Shot Correction (Correction-22),operand,read in an expression (role unresolved),0x0557BA,LOW,"uVar1 = FUN_000a1fca((&PTR_PTR_DAT_00167758)[param_1],uVar1);"
0x167768,TABLE,,map,table (reader indirect),,LOW,
0x167768,TABLE,,map,table (reader indirect),,LOW,
0x167768,TABLE,,map,table (reader indirect),,LOW,
0x167768,TABLE,,map,table (reader indirect),,LOW,
0x167768,TABLE,,map,table (reader indirect),,LOW,
0x167768,TABLE,,map,table (reader indirect),,LOW,
0x167768,TABLE,,map,table (reader indirect),,LOW,
0x16780C,TABLE,,map,table (reader indirect),,LOW,
0x1684E8,TABLE,,map,table (reader indirect),,LOW,
0x1685A0,TABLE,,map,table (reader indirect),,LOW,
0x168658,TABLE,,map,table (reader indirect),,LOW,
0x168710,TABLE,,map,table (reader indirect),,LOW,
0x1687C8,TABLE,,map,table (reader indirect),,LOW,
0x168880,TABLE,,map,table (reader indirect),,LOW,
0x168938,TABLE,,map,table (reader indirect),,LOW,
0x1689F0,TABLE,,map,table (reader indirect),,LOW,
0x168AA8,TABLE,,map,table (reader indirect),,LOW,
0x168B60,TABLE,,map,table (reader indirect),,LOW,
0x168C18,TABLE,,map,table (reader indirect),,LOW,
0x168D84,CONSTANT,Ignition,operand,read in an expression (role unresolved),0x0561D6,LOW,"FUN_000a201e(*(undefined4 *)(&DAT_00168d84 + uVar2 * 4),*(undefined2 *)(unaff_gp + -0x5c3c),"
0x168D90,CONSTANT,Ignition,unref,not read by code (data-only),0x0561D6,LOW,
0x168D94,TABLE,,map,table (reader indirect),,LOW,
0x168E0C,TABLE,,map,table (reader indirect),,LOW,
0x168E84,TABLE,,map,table (reader indirect),,LOW,
0x168EFC,TABLE,,map,table (reader indirect),,LOW,
0x168F74,TABLE,,map,table (reader indirect),,LOW,
0x168FEC,TABLE,,map,table (reader indirect),,LOW,
0x169064,TABLE,,map,table (reader indirect),,LOW,
0x1690DC,TABLE,,map,table (reader indirect),,LOW,
0x169154,TABLE,,map,table (reader indirect),,LOW,
0x1691CC,TABLE,,map,table (reader indirect),,LOW,
0x16926C,TABLE,,map,table (reader indirect),,LOW,
0x16929C,TABLE,,map,table (reader indirect),,LOW,
0x1692CC,TABLE,,map,table (reader indirect),,LOW,
0x1692FC,TABLE,,map,table (reader indirect),,LOW,
0x16932C,TABLE,,map,table (reader indirect),,LOW,
0x16935C,TABLE,,map,table (reader indirect),,LOW,
0x16938C,TABLE,,map,table (reader indirect),,LOW,
0x1693BC,TABLE,,map,table (reader indirect),,LOW,
0x1693EC,TABLE,,map,table (reader indirect),,LOW,
0x16941C,TABLE,,map,table (reader indirect),,LOW,
0x16941C,TABLE,,map,table (reader indirect),,LOW,
0x16941C,TABLE,,map,table (reader indirect),,LOW,
0x16941C,TABLE,,map,table (reader indirect),,LOW,
0x16944C,TABLE,,map,table (reader indirect),,LOW,
0x16944C,TABLE,,map,table (reader indirect),,LOW,
0x16944C,TABLE,,map,table (reader indirect),,LOW,
0x16944C,TABLE,,map,table (reader indirect),,LOW,
0x16947C,TABLE,,map,table (reader indirect),,LOW,
0x16947C,TABLE,,map,table (reader indirect),,LOW,
0x16947C,TABLE,,map,table (reader indirect),,LOW,
0x16947C,TABLE,,map,table (reader indirect),,LOW,
0x169544,TABLE,,map,table (reader indirect),,LOW,
0x169550,TABLE,,map,table (reader indirect),,LOW,
0x1695A0,TABLE,,map,table (reader indirect),,LOW,
0x1695B0,TABLE,,map,table (reader indirect),,LOW,
0x1695D0,TABLE,,map,table (reader indirect),,LOW,
0x16960C,TABLE,,map,table (reader indirect),,LOW,
0x169648,TABLE,,map,table (reader indirect),,LOW,
0x169684,TABLE,,map,table (reader indirect),,LOW,
0x1696C0,TABLE,,map,table (reader indirect),,LOW,
0x1696D8,TABLE,,map,table (reader indirect),,LOW,
0x1696EC,TABLE,,map,table (reader indirect),,LOW,
0x169700,TABLE,,map,table (reader indirect),,LOW,
0x169740,TABLE,,map,table (reader indirect),,LOW,
0x169780,TABLE,,map,table (reader indirect),,LOW,
0x1697D8,TABLE,,map,table (reader indirect),,LOW,
0x169830,TABLE,,map,table (reader indirect),,LOW,
0x169888,TABLE,,map,table (reader indirect),,LOW,
0x1698E0,TABLE,,map,table (reader indirect),,LOW,
0x169938,TABLE,,map,table (reader indirect),,LOW,
0x169990,TABLE,,map,table (reader indirect),,LOW,
0x1699E8,TABLE,,map,table (reader indirect),,LOW,
0x169A40,TABLE,,map,table (reader indirect),,LOW,
0x169A98,TABLE,,map,table (reader indirect),,LOW,
0x169AF0,TABLE,,map,table (reader indirect),,LOW,
0x169B48,TABLE,,map,table (reader indirect),,LOW,
0x169BA0,TABLE,,map,table (reader indirect),,LOW,
0x169BF8,TABLE,,map,table (reader indirect),,LOW,
0x169C50,TABLE,,map,table (reader indirect),,LOW,
0x169CA8,TABLE,,map,table (reader indirect),,LOW,
0x169D00,TABLE,,map,table (reader indirect),,LOW,
0x169D58,TABLE,,map,table (reader indirect),,LOW,
0x169DB0,TABLE,,map,table (reader indirect),,LOW,
0x169E08,TABLE,,map,table (reader indirect),,LOW,
0x169E60,TABLE,,map,table (reader indirect),,LOW,
0x169EB8,TABLE,,map,table (reader indirect),,LOW,
0x169F10,TABLE,,map,table (reader indirect),,LOW,
0x169F68,TABLE,,map,table (reader indirect),,LOW,
0x169FC0,TABLE,,map,table (reader indirect),,LOW,
0x16A018,TABLE,,map,table (reader indirect),,LOW,
0x16A070,TABLE,,map,table (reader indirect),,LOW,
0x16A0C8,TABLE,,map,table (reader indirect),,LOW,
0x16A120,TABLE,,map,table (reader indirect),,LOW,
0x16A178,TABLE,,map,table (reader indirect),,LOW,
0x16A1D0,TABLE,,map,table (reader indirect),,LOW,
0x16A228,TABLE,,map,table (reader indirect),,LOW,
0x16A280,TABLE,,map,table (reader indirect),,LOW,
0x16A2D8,TABLE,,map,table (reader indirect),,LOW,
0x16A330,TABLE,,map,table (reader indirect),,LOW,
0x16A388,TABLE,,map,table (reader indirect),,LOW,
0x16A3E0,TABLE,,map,table (reader indirect),,LOW,
0x16A438,TABLE,,map,table (reader indirect),,LOW,
0x16A490,TABLE,,map,table (reader indirect),,LOW,
0x16A4E8,TABLE,,map,table (reader indirect),,LOW,
0x16A540,TABLE,,map,table (reader indirect),,LOW,
0x16A598,TABLE,,map,table (reader indirect),,LOW,
0x16A5F0,TABLE,,map,table (reader indirect),,LOW,
0x16A648,TABLE,,map,table (reader indirect),,LOW,
0x16A6A0,TABLE,,map,table (reader indirect),,LOW,
0x16A6F8,TABLE,,map,table (reader indirect),,LOW,
0x16A750,TABLE,,map,table (reader indirect),,LOW,
0x16A7A8,TABLE,,map,table (reader indirect),,LOW,
0x16A800,TABLE,,map,table (reader indirect),,LOW,
0x16A858,TABLE,,map,table (reader indirect),,LOW,
0x16A8B0,TABLE,,map,table (reader indirect),,LOW,
0x16A908,TABLE,,map,table (reader indirect),,LOW,
0x16A934,TABLE,,map,table (reader indirect),,LOW,
0x16A960,TABLE,,map,table (reader indirect),,LOW,
0x16A98C,TABLE,,map,table (reader indirect),,LOW,
0x16A9B8,TABLE,,map,table (reader indirect),,LOW,
0x16AA10,TABLE,,map,table (reader indirect),,LOW,
0x16AA68,TABLE,,map,table (reader indirect),,LOW,
0x16AAC0,TABLE,,map,table (reader indirect),,LOW,
0x16AB18,TABLE,,map,table (reader indirect),,LOW,
0x16AB70,TABLE,,map,table (reader indirect),,LOW,
0x16ABC8,TABLE,,map,table (reader indirect),,LOW,
0x16AC20,TABLE,,map,table (reader indirect),,LOW,
0x16AC78,TABLE,,map,table (reader indirect),,LOW,
0x16ACD0,TABLE,,map,table (reader indirect),,LOW,
0x16AD28,TABLE,,map,table (reader indirect),,LOW,
0x16AD80,TABLE,,map,table (reader indirect),,LOW,
0x16ADD8,TABLE,,map,table (reader indirect),,LOW,
0x16AE00,TABLE,,map,table (reader indirect),,LOW,
0x16AE28,TABLE,,map,table (reader indirect),,LOW,
0x16AE50,TABLE,,map,table (reader indirect),,LOW,
0x16AE78,TABLE,,map,table (reader indirect),,LOW,
0x16AEA0,TABLE,,map,table (reader indirect),,LOW,
0x16AEC8,TABLE,,map,table (reader indirect),,LOW,
0x16AEF0,TABLE,,map,table (reader indirect),,LOW,
0x16AF18,TABLE,,map,table (reader indirect),,LOW,
0x16AF40,TABLE,,map,table (reader indirect),,LOW,
0x16AF68,TABLE,,map,table (reader indirect),,LOW,
0x16AF90,TABLE,,map,table (reader indirect),,LOW,
0x16AFB0,TABLE,,map,table (reader indirect),,LOW,
0x16AFD0,TABLE,,map,table (reader indirect),,LOW,
0x16AFF0,TABLE,,map,table (reader indirect),,LOW,
0x16B010,TABLE,,map,table (reader indirect),,LOW,
0x16B030,TABLE,,map,table (reader indirect),,LOW,
0x16B050,TABLE,,map,table (reader indirect),,LOW,
0x16B078,TABLE,,map,table (reader indirect),,LOW,
0x16B0A0,TABLE,,map,table (reader indirect),,LOW,
0x16B0C8,TABLE,,map,table (reader indirect),,LOW,
0x16B0F0,TABLE,,map,table (reader indirect),,LOW,
0x16B118,TABLE,,map,table (reader indirect),,LOW,
0x16B140,TABLE,,map,table (reader indirect),,LOW,
0x16B168,TABLE,,map,table (reader indirect),,LOW,
0x16B190,TABLE,,map,table (reader indirect),,LOW,
0x16B1B8,TABLE,,map,table (reader indirect),,LOW,
0x16B1E0,TABLE,,map,table (reader indirect),,LOW,
0x16B208,TABLE,,map,table (reader indirect),,LOW,
0x16B230,TABLE,,map,table (reader indirect),,LOW,
0x16B258,TABLE,,map,table (reader indirect),,LOW,
0x16B280,TABLE,,map,table (reader indirect),,LOW,
0x16B2A8,TABLE,,map,table (reader indirect),,LOW,
0x16B2D0,TABLE,,map,table (reader indirect),,LOW,
0x16B2F8,TABLE,,map,table (reader indirect),,LOW,
0x16B320,TABLE,,map,table (reader indirect),,LOW,
0x16B348,TABLE,,map,table (reader indirect),,LOW,
0x16B370,TABLE,,map,table (reader indirect),,LOW,
0x16B398,TABLE,,map,table (reader indirect),,LOW,
0x16B3C0,TABLE,,map,table (reader indirect),,LOW,
0x16B3E8,TABLE,,map,table (reader indirect),,LOW,
0x16B410,TABLE,,map,table (reader indirect),,LOW,
0x16B438,TABLE,,map,table (reader indirect),,LOW,
0x16B460,TABLE,,map,table (reader indirect),,LOW,
0x16B488,TABLE,,map,table (reader indirect),,LOW,
0x16B4B0,TABLE,,map,table (reader indirect),,LOW,
0x16B4D8,TABLE,,map,table (reader indirect),,LOW,
0x16B500,TABLE,,map,table (reader indirect),,LOW,
0x16B528,TABLE,,map,table (reader indirect),,LOW,
0x16B550,TABLE,,map,table (reader indirect),,LOW,
0x16B578,TABLE,,map,table (reader indirect),,LOW,
0x16B58C,TABLE,,map,table (reader indirect),,LOW,
0x16B5A0,TABLE,,map,table (reader indirect),,LOW,
0x16B5B4,TABLE,,map,table (reader indirect),,LOW,
0x16B5EC,TABLE,,map,table (reader indirect),,LOW,
0x16B624,TABLE,,map,table (reader indirect),,LOW,
0x16B6F0,TABLE,,map,table (reader indirect),,LOW,
0x16FAC8,TABLE,,map,table (reader indirect),,LOW,
0x16FB68,TABLE,,map,table (reader indirect),,LOW,
0x170130,CONSTANT,,threshold,compared against a constant/value,0x056546,MED,FUN_0005649a(*(ushort *)(unaff_gp + -0x5c88) <= DAT_00170130 &&
0x170132,CONSTANT,,operand,read in an expression (role unresolved),0x0587F8,LOW,else if (DAT_00170132 <= *(ushort *)(unaff_gp + -0x5c38)) {
0x170134,CONSTANT,,threshold,compared against a constant/value,0x019748,MED,(*(ushort *)(unaff_gp + -0x5bda) < DAT_00170134)) &&
0x170136,CONSTANT,,operand,read in an expression (role unresolved),0x057D8A,LOW,else if (DAT_00170136 <= *(ushort *)(unaff_gp + -0x5c86)) {
0x170138,CONSTANT,,threshold,compared against a constant/value,0x057D8A,MED,if (*(ushort *)(unaff_gp + -0x5c86) < DAT_00170138) {
0x17013A,CONSTANT,,threshold,compared against state 0xFEF01182,0x057D8A,HIGH,if (DAT_0017013a <= _DAT_fef01182) {
0x17013C,CONSTANT,Ignition,threshold,compared against a constant/value,0x056F9E,MED,if (((((DAT_fef010f1 & 1) == 0) || (*(ushort *)(unaff_gp + -0x5c38) < DAT_0017013c)) ||
0x17013E,CONSTANT,Ignition,operand,read in an expression (role unresolved),0x056F9E,LOW,(DAT_0017013e < *(ushort *)(unaff_gp + -0x5c38))) ||
0x170140,CONSTANT,Ignition,threshold,compared against a constant/value,0x056F9E,MED,(((*(ushort *)(unaff_gp + -0x5c3e) < DAT_00170140 ||
0x170142,CONSTANT,Ignition,operand,read in an expression (role unresolved),0x056F9E,LOW,(DAT_00170142 < *(ushort *)(unaff_gp + -0x5c3e))) ||
0x170144,CONSTANT,,threshold,compared against a constant/value,0x057036,MED,if (*(ushort *)(unaff_gp + -0x5c38) < DAT_00170144) {
0x170146,CONSTANT,,threshold,compared against a constant/value,0x058D36,MED,((iVar3 == 0 && (*(ushort *)(unaff_gp + -0x5c3a) <= DAT_00170146)))) {
0x170148,CONSTANT,,threshold,compared against a constant/value,0x058FB0,MED,(uVar2 < DAT_00170148)) ||
0x17014A,CONSTANT,,threshold,compared against a constant/value,0x058FB0,MED,(((DAT_0017014a < uVar2 || ((*(byte *)(unaff_gp + -0x5e48) & 8) == 0)) ||
0x17014C,CONSTANT,,threshold,compared against a constant/value,0x058FB0,MED,if (DAT_0017014c <= uVar3) {
0x17014E,CONSTANT,,threshold,compared against state 0xFEF0118A,0x058DF4,HIGH,if (DAT_0017014e <= _DAT_fef0118a) {
0x170150,CONSTANT,,operand,read in an expression (role unresolved),0x058DF4,LOW,uVar2 = DAT_00170150;
0x170152,CONSTANT,,threshold,compared against a constant/value,0x058DF4,MED,if (uVar1 < DAT_00170152) {
0x170154,CONSTANT,,operand,read in an expression (role unresolved),0x058DF4,LOW,uVar3 = DAT_00170154;
0x170156,CONSTANT,,operand,read in an expression (role unresolved),0x058F2C,LOW,uVar3 = DAT_00170156;
0x170158,CONSTANT,,threshold,compared against state 0xFEF0118E,0x058F2C,HIGH,if (DAT_00170158 <= _DAT_fef0118e) {
0x17015A,CONSTANT,,operand,read in an expression (role unresolved),0x057EC4,LOW,if (((DAT_0017015a < *(ushort *)(unaff_gp + -0x5c88)) ||
0x17015C,CONSTANT,,operand,read in an expression (role unresolved),0x057F24,LOW,uVar3 = DAT_0017015c;
0x17015E,CONSTANT,Ignition :: Transient One-Shot Correction (Correction-22),operand,read in an expression (role unresolved),0x05803A,LOW,uVar3 = (uint)DAT_0017015e;
0x170160,CONSTANT,,operand,read in an expression (role unresolved),0x058226,LOW,uVar7 = DAT_00170160;
0x170162,CONSTANT,,operand,read in an expression (role unresolved),0x058226,LOW,uVar8 = DAT_00170162;
0x170164,CONSTANT,,threshold,compared against a constant/value,0x0582D2,MED,if (*(ushort *)(unaff_gp + -0x5c82) <= DAT_00170164) {
0x170166,CONSTANT,,operand,read in an expression (role unresolved),0x0582D2,LOW,uVar1 = DAT_00170166;
0x170168,CONSTANT,,threshold,compared against a constant/value,0x0582F8,MED,if (*(ushort *)(unaff_gp + -0x5c5e) <= DAT_00170168) {
0x17016A,CONSTANT,,operand,read in an expression (role unresolved),0x0582F8,LOW,uVar1 = DAT_0017016a;
0x17016C,CONSTANT,,operand,operand computing state 0xFEF010F4,0x057AB2,MED,_DAT_fef010f4 = DAT_0017016c;
0x17016E,CONSTANT,,operand,operand computing state 0xFEF010F6,0x057AB2,MED,_DAT_fef010f6 = DAT_0017016e;
0x170170,CONSTANT,,operand,operand computing state 0xFEF010F4,0x057AB2,MED,_DAT_fef010f4 = DAT_00170170;
0x170172,CONSTANT,,operand,operand computing state 0xFEF010F6,0x057AB2,MED,_DAT_fef010f6 = DAT_00170172;
0x170174,CONSTANT,,operand,operand computing state 0xFEF010F4,0x057AB2,MED,_DAT_fef010f4 = DAT_00170174;
0x170176,CONSTANT,,operand,operand computing state 0xFEF010F6,0x057AB2,MED,_DAT_fef010f6 = DAT_00170176;
0x170178,CONSTANT,,threshold,compared against a constant/value,0x0572B8,MED,if ((*(ushort *)(unaff_gp + -0x5c5e) < DAT_00170178) &&
0x17017A,CONSTANT,,operand,read in an expression (role unresolved),0x057BD2,LOW,uVar2 = DAT_0017017a;
0x17017C,CONSTANT,,threshold,compared against a constant/value,0x057324,MED,if (_DAT_fef010fe < DAT_0017017c) {
0x17017E,CONSTANT,,threshold,compared against a constant/value,0x057324,MED,if ((uVar3 == 1) && (DAT_0017017e <= uVar1)) {
0x170180,CONSTANT,,threshold,compared against a constant/value,0x0573AC,MED,if (_DAT_fef010fe < DAT_00170180) {
0x170182,CONSTANT,,operand,read in an expression (role unresolved),0x05753C,LOW,uVar6 = (uint)DAT_00170182;
0x170184,CONSTANT,,operand,read in an expression (role unresolved),0x05753C,LOW,uVar5 = (uint)DAT_00170184;
0x170186,CONSTANT,,operand,read in an expression (role unresolved),0x05753C,LOW,uVar4 = (uint)DAT_00170186;
0x170188,CONSTANT,,operand,read in an expression (role unresolved),0x05753C,LOW,uVar3 = (uint)DAT_00170188;
0x17018A,CONSTANT,,operand,read in an expression (role unresolved),0x057626,LOW,uVar6 = (uint)DAT_0017018a;
0x17018C,CONSTANT,,operand,read in an expression (role unresolved),0x057626,LOW,uVar5 = (uint)DAT_0017018c;
0x17018E,CONSTANT,,operand,read in an expression (role unresolved),0x057626,LOW,uVar4 = (uint)DAT_0017018e;
0x170190,CONSTANT,,operand,read in an expression (role unresolved),0x057626,LOW,uVar3 = (uint)DAT_00170190;
0x170192,CONSTANT,,threshold,compared against state 0xFEF01100,0x057996,HIGH,if (DAT_00170192 <= _DAT_fef01100) {
0x170194,CONSTANT,,threshold,compared against state 0xFEF01102,0x057884,HIGH,else if (DAT_00170194 < _DAT_fef01102) {
0x170196,CONSTANT,,threshold,compared against state 0xFEF01104,0x0572E8,HIGH,((DAT_00170196 < _DAT_fef01104 || ((DAT_fef01108 & 1) == 0)))) {
0x170198,CONSTANT,,threshold,compared against state 0xFEF01106,0x057996,HIGH,if (DAT_00170198 <= _DAT_fef01106) {
0x17019A,CONSTANT,Ignition,threshold,compared against a constant/value,0x056EC4,MED,if ((((*(ushort *)(unaff_gp + -0x5c3e) < DAT_0017019a) ||
0x17019C,CONSTANT,Ignition,threshold,compared against a constant/value,0x056EC4,MED,(*(ushort *)(unaff_gp + -0x5c86) < DAT_0017019c)) ||
0x17019E,CONSTANT,Ignition,operand,read in an expression (role unresolved),0x056EC4,LOW,(DAT_0017019e <= *(ushort *)(unaff_gp + -0x5c86))) ||
0x1701A0,CONSTANT,Ignition,operand,read in an expression (role unresolved),0x056EC4,LOW,((DAT_001701a0 < *(ushort *)(unaff_gp + -0x5c14) ||
0x1701A2,CONSTANT,,threshold,compared against a constant/value,0x055B26,MED,if (*(ushort *)(unaff_gp + -0x5c10) < DAT_001701a2) {
0x1701A4,CONSTANT,,threshold,compared against a constant/value,0x055B48,MED,if (*(ushort *)(unaff_gp + -0x5c86) < DAT_001701a4) {
0x1701A6,CONSTANT,,threshold,compared against a constant/value,0x055C44,MED,if (_DAT_fef01058 < DAT_001701a6) {
0x1701A8,CONSTANT,,threshold,compared against a constant/value,0x055CB0,MED,if (_DAT_fef0104e < DAT_001701a8) {
0x1701AA,CONSTANT,,threshold,compared against a constant/value,0x055CB0,MED,if (_DAT_fef0105a < DAT_001701aa) {
0x1701AC,CONSTANT,,threshold,compared against a constant/value,0x055CFA,MED,if (_DAT_fef01046 < DAT_001701ac) {
0x1701AE,CONSTANT,,threshold,compared against state 0xFEF01052,0x055D1C,HIGH,if ((_DAT_fef01052 < DAT_001701b0) || (DAT_001701ae < _DAT_fef01052)) {
0x1701B0,CONSTANT,,threshold,compared against a constant/value,0x055D1C,MED,if ((_DAT_fef01052 < DAT_001701b0) || (DAT_001701ae < _DAT_fef01052)) {
0x1701B2,CONSTANT,,threshold,compared against a constant/value,0x055D1C,MED,if (_DAT_fef0105c < DAT_001701b2) {
0x1701B4,CONSTANT,,threshold,compared against state 0xFEF0104E,0x055D72,HIGH,if (DAT_001701b4 < _DAT_fef0104e) {
0x1701B6,CONSTANT,,threshold,compared against a constant/value,0x055D72,MED,if (_DAT_fef0105e < DAT_001701b6) {
0x1701B8,CONSTANT,,threshold,compared against a constant/value,0x055DBC,MED,if (_DAT_fef01044 < DAT_001701b8) {
0x1701BA,CONSTANT,,threshold,compared against state 0xFEF01052,0x055DDE,HIGH,if ((DAT_001701ba < _DAT_fef01052) && (_DAT_fef01052 <= DAT_001701ae)) {
0x1701BC,CONSTANT,,threshold,compared against a constant/value,0x055DDE,MED,if (_DAT_fef01060 < DAT_001701bc) {
0x1701BE,CONSTANT,,threshold,compared against a constant/value,0x053CA2,MED,if (_DAT_fef00f3e < DAT_001701be) {
0x1701C0,CONSTANT,,operand,read in an expression (role unresolved),0x053BC8,LOW,if ((DAT_001701c0 <= *(ushort *)(unaff_gp + -0x5c86)) &&
0x1701C2,CONSTANT,,threshold,compared against a constant/value,0x053BC8,MED,(*(ushort *)(unaff_gp + -0x5c86) <= DAT_001701c2)) {
0x1701C4,CONSTANT,,threshold,compared against a constant/value,0x053BF0,MED,if (*(ushort *)(unaff_gp + -0x5c5e) < DAT_001701c4) {
0x1701C6,CONSTANT,,operand,read in an expression (role unresolved),0x053C7E,LOW,if ((DAT_001701c6 <= *(ushort *)(unaff_gp + -0x5c0e)) &&
0x1701C8,CONSTANT,,threshold,compared against a constant/value,0x054D80,MED,if ((DAT_001701cc <= _DAT_fef00f34) && (*(ushort *)(unaff_gp + -0x5c0e) <= DAT_001701c8)) {
0x1701CA,CONSTANT,,threshold,compared against a constant/value,0x054D80,MED,if (_DAT_fef00f32 < DAT_001701ca) goto LAB_00054dea;
0x1701CC,CONSTANT,,threshold,compared against state 0xFEF00F34,0x054D80,HIGH,if ((DAT_001701cc <= _DAT_fef00f34) && (*(ushort *)(unaff_gp + -0x5c0e) <= DAT_001701c8)) {
0x1701CE,CONSTANT,,operand,read in an expression (role unresolved),0x054E02,LOW,uVar3 = DAT_001701ce;
0x1701D0,CONSTANT,,operand,read in an expression (role unresolved),0x054E02,LOW,uVar4 = DAT_001701d0;
0x1701D2,CONSTANT,,operand,read in an expression (role unresolved),0x054E02,LOW,uVar5 = DAT_001701d2;
0x1701D4,CONSTANT,,operand,read in an expression (role unresolved),0x054E02,LOW,uVar6 = DAT_001701d4;
0x1701D6,CONSTANT,,operand,read in an expression (role unresolved),0x054E02,LOW,uVar7 = DAT_001701d6;
0x1701D8,CONSTANT,,operand,read in an expression (role unresolved),0x054E02,LOW,uVar8 = DAT_001701d8;
0x1701DA,CONSTANT,,operand,read in an expression (role unresolved),0x054E02,LOW,uVar9 = DAT_001701da;
0x1701DC,CONSTANT,,operand,read in an expression (role unresolved),0x054E02,LOW,uVar10 = DAT_001701dc;
0x1701DE,CONSTANT,,operand,read in an expression (role unresolved),0x054E02,LOW,sVar11 = DAT_001701de;
0x1701E0,CONSTANT,,operand,read in an expression (role unresolved),0x054E02,LOW,sVar12 = DAT_001701e0;
0x1701E2,CONSTANT,,operand,read in an expression (role unresolved),0x054E02,LOW,uVar13 = DAT_001701e2;
0x1701E4,CONSTANT,Traction Control,operand,read in an expression (role unresolved),0x055016,LOW,uVar4 = DAT_001701e4;
0x1701E6,CONSTANT,,threshold,compared against a constant/value,0x054098,MED,if (*(ushort *)(unaff_gp + -0x5efe) < DAT_001701e6) {
0x1701E8,CONSTANT,,threshold,compared against state 0xFEF00F42,0x054098,HIGH,if (DAT_001701e8 <= _DAT_fef00f42) {
0x1701EA,CONSTANT,,operand,read in an expression (role unresolved),0x05411E,LOW,uVar2 = DAT_001701ea;
0x1701EC,CONSTANT,Traction Control,operand,read in an expression (role unresolved),0x055016,LOW,uVar5 = DAT_001701ec;
0x1701EE,CONSTANT,Traction Control,operand,read in an expression (role unresolved),0x055016,LOW,uVar6 = DAT_001701ee;
0x1701F0,CONSTANT,Traction Control,operand,read in an expression (role unresolved),0x055016,LOW,uVar7 = DAT_001701f0;
0x1701F2,CONSTANT,Traction Control,operand,read in an expression (role unresolved),0x055016,LOW,uVar8 = DAT_001701f2;
0x1701F4,CONSTANT,Traction Control,operand,read in an expression (role unresolved),0x055016,LOW,uVar9 = DAT_001701f4;
0x1701F6,CONSTANT,Traction Control,operand,read in an expression (role unresolved),0x055016,LOW,uVar10 = DAT_001701f6;
0x1701F8,CONSTANT,Traction Control,operand,read in an expression (role unresolved),0x055016,LOW,uVar11 = DAT_001701f8;
0x1701FA,CONSTANT,Traction Control,operand,read in an expression (role unresolved),0x055016,LOW,uVar12 = DAT_001701fa;
0x1701FC,CONSTANT,Traction Control,operand,read in an expression (role unresolved),0x055016,LOW,uVar13 = DAT_001701fc;
0x1701FE,CONSTANT,Traction Control,operand,read in an expression (role unresolved),0x055016,LOW,uVar14 = DAT_001701fe;
0x170200,CONSTANT,Traction Control,operand,read in an expression (role unresolved),0x055016,LOW,uVar15 = DAT_00170200;
0x170202,CONSTANT,,threshold,compared against a constant/value,0x05534A,MED,if (DAT_00170202 != 0) {
0x170204,CONSTANT,Ignition :: Ride-Mode Retard vs ECT | Mode A (flat 0),operand,read in an expression (role unresolved),0x054792,LOW,uVar2 = DAT_00170204;
0x170206,CONSTANT,Ignition :: Ride-Mode Retard vs ECT | Mode A (flat 0),operand,read in an expression (role unresolved),0x054792,LOW,uVar3 = DAT_00170206;
0x170208,CONSTANT,,threshold,compared against state 0xFEF00F3C,0x0545B6,HIGH,if (DAT_00170208 <= _DAT_fef00f3c) {
0x17020A,CONSTANT,,threshold,compared against a constant/value,0x05460C,MED,if (*(ushort *)(unaff_gp + -0x5ee2) < DAT_0017020a) {
0x17020C,CONSTANT,,threshold,compared against a constant/value,0x05460C,MED,if (_DAT_fef00f38 < DAT_0017020c) {
0x17020E,CONSTANT,,threshold,compared against a constant/value,0x054656,MED,if (*(ushort *)(unaff_gp + -0x5ee2) < DAT_0017020e) {
0x170210,CONSTANT,,threshold,compared against a constant/value,0x054656,MED,if (_DAT_fef00f3a < DAT_00170210) {
0x170212,CONSTANT,,threshold,compared against a constant/value,0x0546A0,MED,if (*(ushort *)(unaff_gp + -0x5c5e) < DAT_00170212) {
0x170214,CONSTANT,,operand,read in an expression (role unresolved),0x0546EA,LOW,uVar3 = DAT_00170214;
0x170216,CONSTANT,Ignition,threshold,compared against a constant/value,0x05721A,MED,if (((DAT_00170216 < uVar1) && (uVar1 < DAT_00170218)) && (uVar2 <= DAT_0017021a)) {
0x170218,CONSTANT,Ignition,threshold,compared against a constant/value,0x05721A,MED,if (((DAT_00170216 < uVar1) && (uVar1 < DAT_00170218)) && (uVar2 <= DAT_0017021a)) {
0x17021A,CONSTANT,Ignition,threshold,compared against a constant/value,0x05721A,MED,if (((DAT_00170216 < uVar1) && (uVar1 < DAT_00170218)) && (uVar2 <= DAT_0017021a)) {
0x17021C,FLAG,,gain,multiplier in a calc,0x0564AC,MED,"uVar6 = FUN_000a1cc2((((uint)uVar3 - (uint)_DAT_fef010c4) + (uint)DAT_0017021c * -0x100) * iVar7,"
0x17021D,FLAG,,operand,read in an expression (role unresolved),0x0564AC,LOW,uVar5 = DAT_0017021d;
0x17021E,FLAG,,operand,read in an expression (role unresolved),0x0564AC,LOW,bVar1 = (uint)DAT_0017021e <= (uint)((int)(uint)*(ushort *)(unaff_gp + -0x5c86) >> 8);
0x17021F,FLAG,,gain,multiplier in a calc,0x0564AC,MED,iVar7 = (uint)DAT_00170220 * (uint)bVar1 + (uint)DAT_0017021f * (uint)!bVar1;
0x170220,FLAG,,gain,multiplier in a calc,0x0564AC,MED,iVar7 = (uint)DAT_00170220 * (uint)bVar1 + (uint)DAT_0017021f * (uint)!bVar1;
0x170221,FLAG,,operand,read in an expression (role unresolved),0x0564AC,LOW,uVar4 = DAT_00170221;
0x170222,FLAG,,gain,multiplier in a calc,0x0565D8,MED,"_DAT_febf615c = FUN_000a1c02((uint)_DAT_febf615a * (uint)DAT_00170222 >> 7,0xffff);"
0x170223,FLAG,Ignition,operand,read in an expression (role unresolved),0x05657E,LOW,if ((DAT_00170223 == -0x80) && (*(char *)(unaff_gp + -0x697e) == '\0')) {
0x170224,FLAG,,operand,read in an expression (role unresolved),0x057A42,LOW,if ((DAT_00170224 != -0x80) || (uVar1 != 1)) {
0x170225,CONSTANT,,operand,read in an expression (role unresolved),0x05636C,LOW,*(undefined1 *)(unaff_gp + -0x5ec4) = DAT_00170225;
0x170226,CONSTANT,,operand,read in an expression (role unresolved),0x05637A,LOW,bVar3 = DAT_00170226;
0x170227,CONSTANT,,operand,read in an expression (role unresolved),0x05637A,LOW,bVar4 = DAT_00170227;
0x170228,CONSTANT,,operand,read in an expression (role unresolved),0x05637A,LOW,bVar5 = DAT_00170228;
0x170229,CONSTANT,,operand,read in an expression (role unresolved),0x05637A,LOW,uVar10 = (uint)DAT_00170229;
0x17022A,CONSTANT,,operand,read in an expression (role unresolved),0x058A4C,LOW,uVar5 = DAT_0017022a;
0x17022B,CONSTANT,,operand,read in an expression (role unresolved),0x058A4C,LOW,uVar2 = DAT_0017022b;
0x17022C,FLAG,Ignition :: Ride-Mode Retard vs ECT | Mode A (flat 0),threshold,compared against a constant/value,0x0588F6,MED,else if (DAT_0017022c == '\x03') {
0x17022D,CONSTANT,,operand,read in an expression (role unresolved),0x058A4C,LOW,uVar4 = DAT_0017022d;
0x17022E,FLAG,,operand,read in an expression (role unresolved),0x0588F6,LOW,if (DAT_0017022e == -0x80) {
0x17022F,FLAG,,operand,read in an expression (role unresolved),0x05869E,LOW,cVar2 = DAT_0017022f;
0x170230,FLAG,Ignition,gain,multiplier in a calc,0x0585FE,MED,DAT_febf616b = DAT_00170230 * (param_1 == '\x03');
0x170231,CONSTANT,,operand,read in an expression (role unresolved),0x058784,LOW,"if (((*(byte *)(unaff_gp + -0x5e6a) & 2) == 0) && (uVar1 = (uint)DAT_00170231, bVar2 != 1)) {"
0x170232,CONSTANT,,gain,multiplier in a calc,0x058784,MED,uVar1 = (uint)DAT_00170233 * (uint)(bVar2 != 2) + (uint)DAT_00170232 * (uint)(bVar2 == 2);
0x170233,CONSTANT,,gain,multiplier in a calc,0x058784,MED,uVar1 = (uint)DAT_00170233 * (uint)(bVar2 != 2) + (uint)DAT_00170232 * (uint)(bVar2 == 2);
0x170234,CONSTANT,,operand,read in an expression (role unresolved),0x058784,LOW,uVar1 = (uint)DAT_00170234;
0x170235,CONSTANT,,operand,read in an expression (role unresolved),0x0585B6,LOW,uVar4 = (ushort)DAT_00170235;
0x170236,FLAG,,operand,read in an expression (role unresolved),0x056A36,LOW,cVar2 = DAT_00170236;
0x170237,CONSTANT,,gain,multiplier in a calc,0x056954,MED,if (uVar1 < (ushort)((ushort)DAT_00170237 * 0x100)) {
0x170238,CONSTANT,,gain,multiplier in a calc,0x056954,MED,(uint)(uVar1 <= (ushort)((ushort)DAT_00170238 * 0x100));
0x170239,CONSTANT,,gain,multiplier in a calc,0x056954,MED,cVar5 = (DAT_fef010c8 & 1) * ((ushort)((ushort)DAT_00170239 * 0x100) <= uVar1);
0x17023A,CONSTANT,,gain,multiplier in a calc,0x056954,MED,if ((ushort)((ushort)DAT_0017023a * 0x100) < uVar1) {
0x17023B,FLAG,,gain,multiplier in a calc,0x057DE0,MED,DAT_febf616d = DAT_0017023b * ((DAT_fef01184 & 1) != 0);
0x17023C,CONSTANT,,operand,read in an expression (role unresolved),0x056F60,LOW,if ((((DAT_0017023c <= *(byte *)(unaff_gp + -0x5bc0)) && (DAT_febf616e == '@')) &&
0x17023D,CONSTANT,Ignition,gain,multiplier in a calc,0x056F9E,MED,((*(ushort *)(unaff_gp + -0x5c86) < (ushort)((ushort)DAT_0017023d * 0x100) ||
0x17023E,CONSTANT,Ignition,gain,multiplier in a calc,0x056F9E,MED,((ushort)((ushort)DAT_0017023e * 0x100) < *(ushort *)(unaff_gp + -0x5c86))))))) {
0x17023F,CONSTANT,,threshold,compared against state 0xFEF010EF,0x057082,HIGH,if (DAT_0017023f <= DAT_fef010ef) {
0x170240,CONSTANT,,threshold,compared against state 0xFEF010F0,0x057082,HIGH,if (DAT_00170240 <= DAT_fef010f0) {
0x170241,CONSTANT,,operand,operand computing RAM 0xFEBF616E,0x057082,MED,"DAT_febf616e = FUN_000a1bf6(DAT_00170241 + uVar1,0x40);"
0x170242,CONSTANT,,operand,read in an expression (role unresolved),0x05716E,LOW,if ((param_1 == '\x01') && (DAT_00170242 <= *(byte *)(unaff_gp + -0x5e76))) {
0x170243,CONSTANT,,operand,read in an expression (role unresolved),0x05716E,LOW,uVar1 = DAT_00170243;
0x170244,CONSTANT,Ignition,threshold,compared against a constant/value,0x05920C,MED,if (DAT_fef01195 < DAT_00170244) goto LAB_0005927e;
0x170245,FLAG,Ignition,operand,read in an expression (role unresolved),0x05920C,LOW,uVar6 = (uint)DAT_00170245;
0x170246,FLAG,Ignition,operand,read in an expression (role unresolved),0x05920C,LOW,uVar5 = (uint)DAT_00170246;
0x170247,CONSTANT,,threshold,compared against state 0xFEF01199,0x0590B0,HIGH,if (DAT_00170247 <= DAT_fef01199) {
0x170248,CONSTANT,,operand,read in an expression (role unresolved),0x0590B0,LOW,"bVar3 = FUN_000a1bf6((uint)DAT_00170248 + (uint)bVar3,0x80);"
0x170249,CONSTANT,Ignition,threshold,compared against state 0xFEF01194,0x05903A,HIGH,if (DAT_00170249 <= DAT_fef01194) {
0x17024A,FLAG,Ignition,operand,read in an expression (role unresolved),0x05903A,LOW,uVar6 = (uint)DAT_0017024a;
0x17024B,FLAG,Ignition,operand,read in an expression (role unresolved),0x05903A,LOW,uVar5 = (uint)DAT_0017024b;
0x17024C,CONSTANT,,operand,read in an expression (role unresolved),0x0590B0,LOW,uVar5 = (uint)DAT_0017024c;
0x17024D,CONSTANT,,operand,read in an expression (role unresolved),0x0590B0,LOW,uVar4 = (uint)DAT_0017024d;
0x17024E,CONSTANT,,operand,read in an expression (role unresolved),0x059294,LOW,bVar2 = DAT_0017024e;
0x17024F,CONSTANT,,operand,read in an expression (role unresolved),0x059294,LOW,bVar3 = DAT_0017024f;
0x170250,CONSTANT,,operand,read in an expression (role unresolved),0x059294,LOW,uVar10 = (uint)DAT_00170250;
0x170251,CONSTANT,,threshold,compared against state 0xFEF01198,0x059344,HIGH,"if ((DAT_00170251 <= DAT_fef01198) && (DAT_fef01198 = 0, (*(byte *)(unaff_gp + -0x5e47) & 1) == 0)"
0x170252,CONSTANT,,offset,added/subtracted in a calc,0x059344,MED,"uVar1 = FUN_000a1b94((uint)*(byte *)(unaff_gp + -0x5e4e) - (uint)DAT_00170252,0);"
0x170253,CONSTANT,Ignition,operand,read in an expression (role unresolved),0x0593A6,LOW,bVar1 = DAT_00170253;
0x170254,CONSTANT,Ignition,operand,read in an expression (role unresolved),0x0593A6,LOW,uVar4 = (uint)DAT_00170254;
0x170255,FLAG,,operand,read in an expression (role unresolved),0x058D36,LOW,else if (((iVar2 == 0) && (DAT_00170255 == -0x80)) &&
0x170256,CONSTANT,,threshold,compared against a constant/value,0x058CF8,MED,", bVar1 < DAT_00170256)) {"
0x170257,CONSTANT,,threshold,compared against a constant/value,0x058CF8,MED,(cVar2 = (DAT_00170257 <= bVar1) + (*(byte *)(unaff_gp + -0x5e48) & 1) * (DAT_00170257 > bVar1)
0x170258,CONSTANT,,operand,read in an expression (role unresolved),0x058DD8,LOW,if ((DAT_00170258 & *(byte *)(unaff_gp + -0x5bbe)) == 0) {
0x170259,CONSTANT,,operand,operand computing RAM 0xFEBF6173,0x0594CA,MED,DAT_febf6173 = DAT_00170259;
0x17025A,CONSTANT,,operand,operand computing RAM 0xFEBF6173,0x0594CA,MED,"if ((((cVar1 != '\x02') && (DAT_febf6173 = DAT_0017025a, cVar1 != '\x04')) &&"
0x17025B,CONSTANT,,operand,operand computing RAM 0xFEBF6173,0x0594CA,MED,"(DAT_febf6173 = DAT_0017025b, cVar1 != '\b')) &&"
0x17025C,CONSTANT,,operand,operand computing RAM 0xFEBF6173,0x0594CA,MED,"((DAT_febf6173 = DAT_0017025c, cVar1 != '\x10' && (DAT_febf6173 = DAT_0017025d, cVar1 != ' ')))"
0x17025D,CONSTANT,,operand,operand computing RAM 0xFEBF6173,0x0594CA,MED,"((DAT_febf6173 = DAT_0017025c, cVar1 != '\x10' && (DAT_febf6173 = DAT_0017025d, cVar1 != ' ')))"
0x17025E,CONSTANT,,operand,operand computing RAM 0xFEBF6173,0x0594CA,MED,DAT_febf6173 = DAT_0017025e;
0x17025F,FLAG,Ignition,operand,read in an expression (role unresolved),0x059634,LOW,if ((cVar1 == '\x01') || ((iVar4 == 1 && (DAT_0017025f == -0x80)))) {
0x170260,CONSTANT,,operand,read in an expression (role unresolved),0x05952A,LOW,uVar2 = DAT_00170260;
0x170261,CONSTANT,,operand,read in an expression (role unresolved),0x05952A,LOW,"if ((((cVar1 != '\x02') && (uVar2 = DAT_00170261, cVar1 != '\x04')) &&"
0x170262,CONSTANT,,operand,read in an expression (role unresolved),0x05952A,LOW,"(uVar2 = DAT_00170262, cVar1 != '\b')) &&"
0x170263,CONSTANT,,operand,read in an expression (role unresolved),0x05952A,LOW,"((uVar2 = DAT_00170263, cVar1 != '\x10' && (uVar2 = DAT_00170264, cVar1 != ' ')))) {"
0x170264,CONSTANT,,operand,read in an expression (role unresolved),0x05952A,LOW,"((uVar2 = DAT_00170263, cVar1 != '\x10' && (uVar2 = DAT_00170264, cVar1 != ' ')))) {"
0x170265,CONSTANT,,operand,read in an expression (role unresolved),0x05952A,LOW,uVar2 = DAT_00170265;
0x170266,CONSTANT,,operand,read in an expression (role unresolved),0x059586,LOW,uVar2 = DAT_00170266;
0x170267,CONSTANT,,operand,read in an expression (role unresolved),0x059586,LOW,"if ((((cVar1 != '\x02') && (uVar2 = DAT_00170267, cVar1 != '\x04')) &&"
0x170268,CONSTANT,,operand,read in an expression (role unresolved),0x059586,LOW,"(uVar2 = DAT_00170268, cVar1 != '\b')) &&"
0x170269,CONSTANT,,operand,read in an expression (role unresolved),0x059586,LOW,"((uVar2 = DAT_00170269, cVar1 != '\x10' && (uVar2 = DAT_0017026a, cVar1 != ' ')))) {"
0x17026A,CONSTANT,,operand,read in an expression (role unresolved),0x059586,LOW,"((uVar2 = DAT_00170269, cVar1 != '\x10' && (uVar2 = DAT_0017026a, cVar1 != ' ')))) {"
0x17026B,CONSTANT,,operand,read in an expression (role unresolved),0x059586,LOW,uVar2 = DAT_0017026b;
0x17026C,CONSTANT,,operand,read in an expression (role unresolved),0x058226,LOW,bVar9 = DAT_0017026c;
0x17026D,CONSTANT,,threshold,compared against a constant/value,0x058200,MED,if (*(byte *)(unaff_gp + -0x5bc0) <= DAT_0017026d) {
0x17026E,CONSTANT,,operand,read in an expression (role unresolved),0x058200,LOW,bVar1 = DAT_0017026e;
0x17026F,CONSTANT,,operand,read in an expression (role unresolved),0x05831E,LOW,if ((iVar1 == 0) && ((DAT_0017026f & *(byte *)(unaff_gp + -0x5bbe)) != 0)) {
0x170270,FLAG,,operand,read in an expression (role unresolved),0x05836A,LOW,uVar16 = (uint)DAT_00170270;
0x170271,FLAG,,operand,read in an expression (role unresolved),0x05836A,LOW,uVar14 = (uint)DAT_00170271;
0x170272,FLAG,,operand,read in an expression (role unresolved),0x05836A,LOW,uVar13 = (uint)DAT_00170272;
0x170273,FLAG,,operand,read in an expression (role unresolved),0x05836A,LOW,uVar6 = DAT_00170273;
0x170274,FLAG,,operand,read in an expression (role unresolved),0x05836A,LOW,uVar9 = DAT_00170274;
0x170275,FLAG,,operand,read in an expression (role unresolved),0x05836A,LOW,uVar4 = DAT_00170275;
0x170276,FLAG,,operand,read in an expression (role unresolved),0x05836A,LOW,if (DAT_00170276 == -0x80) {
0x170277,CONSTANT,Ignition,operand,read in an expression (role unresolved),0x057744,LOW,cVar4 = DAT_00170277;
0x170278,CONSTANT,Ignition,operand,read in an expression (role unresolved),0x057744,LOW,bVar5 = DAT_00170278;
0x170279,CONSTANT,Ignition,operand,read in an expression (role unresolved),0x057744,LOW,cVar6 = DAT_00170279;
0x17027A,CONSTANT,Ignition,operand,read in an expression (role unresolved),0x057744,LOW,cVar7 = DAT_0017027a;
0x17027B,CONSTANT,Ignition,operand,read in an expression (role unresolved),0x057744,LOW,cVar8 = DAT_0017027b;
0x17027C,CONSTANT,,threshold,compared against a constant/value,0x057BD2,MED,iVar8 = (uint)(DAT_0017027c <= uVar4) + iVar8 * (uint)(DAT_0017027c > uVar4);
0x17027D,FLAG,,operand,operand computing state 0xFEF01113,0x057288,MED,DAT_fef01113 = DAT_0017027d;
0x17027E,CONSTANT,,threshold,compared against state 0xFEF0110B,0x057324,HIGH,bVar2 = DAT_fef0110b <= DAT_0017027e;
0x17027F,FLAG,,operand,read in an expression (role unresolved),0x05744C,LOW,cVar2 = DAT_0017027f;
0x170280,CONSTANT,,threshold,compared against state 0xFEF01114,0x05744C,HIGH,if (DAT_00170280 <= DAT_fef01114) {
0x170281,CONSTANT,,operand,read in an expression (role unresolved),0x05744C,LOW,uVar7 = (uint)DAT_00170281;
0x170282,FLAG,,operand,read in an expression (role unresolved),0x05753C,LOW,uVar7 = (uint)DAT_00170282;
0x170283,FLAG,,operand,read in an expression (role unresolved),0x057626,LOW,if (DAT_00170283 != -0x80) {
0x170284,CONSTANT,,operand,read in an expression (role unresolved),0x057CA2,LOW,uVar8 = (uint)DAT_00170284;
0x170285,FLAG,,operand,read in an expression (role unresolved),0x057626,LOW,uVar7 = (uint)DAT_00170285;
0x170286,CONSTANT,Ignition,operand,read in an expression (role unresolved),0x057710,LOW,if (DAT_00170286 == -0x80) {
0x170287,CONSTANT,,operand,read in an expression (role unresolved),0x057884,LOW,"uVar2 = FUN_000a1cd2(DAT_fef010c7,DAT_00170287);"
0x170288,CONSTANT,,operand,read in an expression (role unresolved),0x0578FC,LOW,"uVar2 = FUN_000a1ce4(DAT_fef010c7,DAT_00170288);"
0x170289,CONSTANT,,operand,read in an expression (role unresolved),0x056BAA,LOW,uVar5 = (ushort)DAT_00170289;
0x17028A,CONSTANT,,operand,read in an expression (role unresolved),0x056BAA,LOW,uVar4 = (ushort)DAT_0017028a;
0x17028B,CONSTANT,,operand,read in an expression (role unresolved),0x056BAA,LOW,uVar5 = (ushort)DAT_0017028b;
0x17028C,CONSTANT,,operand,read in an expression (role unresolved),0x056BAA,LOW,uVar4 = (ushort)DAT_0017028c;
0x17028D,CONSTANT,,operand,read in an expression (role unresolved),0x056BAA,LOW,uVar5 = (ushort)DAT_0017028d;
0x17028E,CONSTANT,,operand,read in an expression (role unresolved),0x056BAA,LOW,uVar4 = (ushort)DAT_0017028e;
0x17028F,CONSTANT,,operand,read in an expression (role unresolved),0x056BAA,LOW,uVar5 = (ushort)DAT_0017028f;
0x170290,CONSTANT,,operand,read in an expression (role unresolved),0x056BAA,LOW,uVar4 = (ushort)DAT_00170290;
0x170291,CONSTANT,,operand,read in an expression (role unresolved),0x056BAA,LOW,uVar5 = (ushort)DAT_00170291;
0x170292,CONSTANT,,operand,read in an expression (role unresolved),0x056BAA,LOW,uVar4 = (ushort)DAT_00170292;
0x170293,CONSTANT,,operand,read in an expression (role unresolved),0x056BAA,LOW,uVar5 = (ushort)DAT_00170293;
0x170294,CONSTANT,,operand,read in an expression (role unresolved),0x056BAA,LOW,uVar4 = (ushort)DAT_00170294;
0x170295,CONSTANT,,operand,read in an expression (role unresolved),0x056BAA,LOW,uVar5 = (ushort)DAT_00170295;
0x170296,CONSTANT,,operand,read in an expression (role unresolved),0x056BAA,LOW,uVar4 = (ushort)DAT_00170296;
0x170297,CONSTANT,,operand,read in an expression (role unresolved),0x056BAA,LOW,uVar5 = (ushort)DAT_00170297;
0x170298,CONSTANT,,operand,read in an expression (role unresolved),0x056BAA,LOW,uVar4 = (ushort)DAT_00170298;
0x170299,CONSTANT,,operand,read in an expression (role unresolved),0x056BAA,LOW,uVar5 = (ushort)DAT_00170299;
0x17029A,CONSTANT,,operand,read in an expression (role unresolved),0x056BAA,LOW,uVar4 = (ushort)DAT_0017029a;
0x17029B,CONSTANT,,operand,read in an expression (role unresolved),0x056BAA,LOW,uVar5 = (ushort)DAT_0017029b;
0x17029C,CONSTANT,,operand,read in an expression (role unresolved),0x056BAA,LOW,uVar4 = (ushort)DAT_0017029c;
0x17029D,CONSTANT,,operand,read in an expression (role unresolved),0x056BAA,LOW,uVar5 = (ushort)DAT_0017029d;
0x17029E,CONSTANT,,operand,read in an expression (role unresolved),0x056BAA,LOW,uVar4 = (ushort)DAT_0017029e;
0x17029F,CONSTANT,,operand,read in an expression (role unresolved),0x056BAA,LOW,uVar5 = (ushort)DAT_0017029f;
0x1702A0,CONSTANT,,operand,read in an expression (role unresolved),0x056BAA,LOW,uVar4 = (ushort)DAT_001702a0;
0x1702A9,FLAG,,operand,read in an expression (role unresolved),0x056D70,LOW,((iVar10 == 1 || ((DAT_001702a9 == -0x80 && (*(char *)(unaff_gp + -0x5e77) == '\x01')))))) {
0x1702AA,CONSTANT,Ignition,threshold,compared against a constant/value,0x056EC4,MED,(*(byte *)(unaff_gp + -0x5bc0) < DAT_001702aa)))) {
0x1702AB,FLAG,,operand,read in an expression (role unresolved),0x055E6A,LOW,if (((((DAT_001702ab == -0x80) && ((DAT_fef01063 & 1) != 0)) && ((DAT_fef01063 & 2) != 0)) &&
0x1702AC,CONSTANT,,operand,read in an expression (role unresolved),0x055B04,LOW,if ((DAT_001702ac & *(byte *)(unaff_gp + -0x5bbe)) == 0) {
0x1702AD,CONSTANT,,operand,read in an expression (role unresolved),0x05595C,LOW,"uVar4 = FUN_000a1c5a(DAT_001702ad,0x14,1);"
0x1702AE,CONSTANT,,operand,read in an expression (role unresolved),0x055A7A,LOW,"uVar4 = FUN_000a1c5a(DAT_001702ae,0x14,1);"
0x1702AF,CONSTANT,Ignition,threshold,compared against state 0xFEF0106D,0x056264,HIGH,if (DAT_001702af <= DAT_fef0106d) {
0x1702B0,CONSTANT,Ignition,offset,added/subtracted in a calc,0x056264,MED,"bVar2 = FUN_000a1b94(uVar5 - DAT_001702b0,0);"
0x1702B1,CONSTANT,,operand,operand computing state 0xFEF01065,0x05614E,MED,DAT_fef01065 = DAT_001702b1;
0x1702B2,CONSTANT,,operand,operand computing state 0xFEF01065,0x05614E,MED,"if ((((cVar1 != '\x02') && (DAT_fef01065 = DAT_001702b2, cVar1 != '\x04')) &&"
0x1702B3,CONSTANT,,operand,operand computing state 0xFEF01065,0x05614E,MED,"(DAT_fef01065 = DAT_001702b3, cVar1 != '\b')) &&"
0x1702B4,CONSTANT,,operand,operand computing state 0xFEF01065,0x05614E,MED,"((DAT_fef01065 = DAT_001702b4, cVar1 != '\x10' && (DAT_fef01065 = DAT_001702b5, cVar1 != ' ')))"
0x1702B5,CONSTANT,,operand,operand computing state 0xFEF01065,0x05614E,MED,"((DAT_fef01065 = DAT_001702b4, cVar1 != '\x10' && (DAT_fef01065 = DAT_001702b5, cVar1 != ' ')))"
0x1702B6,CONSTANT,,operand,operand computing state 0xFEF01065,0x05614E,MED,DAT_fef01065 = DAT_001702b6;
0x1702B7,CONSTANT,Ignition,threshold,compared against state 0xFEF0106E,0x056264,HIGH,if (DAT_001702b7 <= DAT_fef0106e) {
0x1702B8,CONSTANT,Ignition,offset,added/subtracted in a calc,0x056264,MED,bVar2 = FUN_000a1b94(uVar5 - DAT_001702b8);
0x1702B9,CONSTANT,Ignition,operand,read in an expression (role unresolved),0x0561D6,LOW,uVar2 = (uint)DAT_001702b9;
0x1702BA,CONSTANT,Ignition,operand,read in an expression (role unresolved),0x0561D6,LOW,uVar2 = (uint)DAT_001702ba;
0x1702BB,CONSTANT,Ignition,operand,read in an expression (role unresolved),0x0561D6,LOW,uVar2 = (uint)DAT_001702bb;
0x1702BC,CONSTANT,Ignition,operand,read in an expression (role unresolved),0x0561D6,LOW,uVar2 = (uint)DAT_001702bc;
0x1702BD,CONSTANT,Ignition,operand,read in an expression (role unresolved),0x0561D6,LOW,uVar2 = (uint)DAT_001702bd;
0x1702BE,CONSTANT,Ignition,operand,read in an expression (role unresolved),0x0561D6,LOW,uVar2 = (uint)DAT_001702be;
0x1702BF,CONSTANT,,operand,read in an expression (role unresolved),0x053C4C,LOW,bVar2 = DAT_001702bf;
0x1702C0,CONSTANT,,operand,read in an expression (role unresolved),0x053DC6,LOW,cVar3 = DAT_001702c0;
0x1702C1,CONSTANT,,threshold,compared against a constant/value,0x053C0C,MED,if (DAT_fef00f4c < DAT_001702c1) {
0x1702C2,FLAG,,operand,read in an expression (role unresolved),0x054E02,LOW,cVar14 = DAT_001702c2;
0x1702C3,FLAG,,operand,read in an expression (role unresolved),0x054E02,LOW,uVar17 = (uint)DAT_001702c3;
0x1702C4,FLAG,Traction Control,operand,read in an expression (role unresolved),0x055016,LOW,cVar16 = DAT_001702c4;
0x1702C5,CONSTANT,,threshold,compared against a constant/value,0x05400E,MED,bVar1 = 0x31 < DAT_001702c5 - 1;
0x1702C6,CONSTANT,,threshold,compared against a constant/value,0x054488,MED,bVar1 = 0x31 < DAT_001702c6 - 1;
0x1702C7,FLAG,,operand,read in an expression (role unresolved),0x0545B6,LOW,if ((DAT_001702c7 == -0x80) && ((*(byte *)(unaff_gp + -0x5ed5) & 8) == 0)) {
0x1702C8,CONSTANT,,operand,read in an expression (role unresolved),0x0546EA,LOW,cVar4 = DAT_001702c8;
0x1702C9,CONSTANT,,threshold,compared against a constant/value,0x0546A0,MED,if (DAT_fef00f4a < DAT_001702c9) {
0x1702CA,CONSTANT,Ignition :: Ride-Mode Retard vs ECT | Mode A (flat 0),operand,read in an expression (role unresolved),0x054792,LOW,bVar9 = DAT_001702ca;
0x1702CB,CONSTANT,,threshold,compared against a constant/value,0x0543CC,MED,if (DAT_001702cb == '\x01') {
0x1702D4,TABLE,,map,table (reader indirect),,LOW,
0x1702F4,TABLE,,map,table (reader indirect),,LOW,
0x170304,TABLE,,map,table (reader indirect),,LOW,
0x170334,TABLE,,map,table (reader indirect),,LOW,
0x170334,TABLE,,map,table (reader indirect),,LOW,
0x170334,TABLE,,map,table (reader indirect),,LOW,
0x170334,TABLE,,map,table (reader indirect),,LOW,
0x170334,TABLE,,map,table (reader indirect),,LOW,
0x170334,TABLE,,map,table (reader indirect),,LOW,
0x170334,TABLE,,map,table (reader indirect),,LOW,
0x170334,TABLE,,map,table (reader indirect),,LOW,
0x170334,TABLE,,map,table (reader indirect),,LOW,
0x170334,TABLE,,map,table (reader indirect),,LOW,
0x170334,TABLE,,map,table (reader indirect),,LOW,
0x170334,TABLE,,map,table (reader indirect),,LOW,
0x170334,TABLE,,map,table (reader indirect),,LOW,
0x170334,TABLE,,map,table (reader indirect),,LOW,
0x170334,TABLE,,map,table (reader indirect),,LOW,
0x170334,TABLE,,map,table (reader indirect),,LOW,
0x170334,TABLE,,map,table (reader indirect),,LOW,
0x170334,TABLE,,map,table (reader indirect),,LOW,
0x170334,TABLE,,map,table (reader indirect),,LOW,
0x170334,TABLE,,map,table (reader indirect),,LOW,
0x1705EC,TABLE,,map,table (reader indirect),,LOW,
0x170658,TABLE,,map,table (reader indirect),,LOW,
0x1706C4,TABLE,,map,table (reader indirect),,LOW,
0x1709F0,TABLE,,map,table (reader indirect),,LOW,
0x170A38,TABLE,,map,table (reader indirect),,LOW,
0x170A80,TABLE,,map,table (reader indirect),,LOW,
0x170AC8,TABLE,,map,table (reader indirect),,LOW,
0x170AD8,TABLE,,map,table (reader indirect),,LOW,
0x170B60,TABLE,,map,table (reader indirect),,LOW,
0x170B78,TABLE,,map,table (reader indirect),,LOW,
0x170BE4,TABLE,,map,table (reader indirect),,LOW,
0x170BF0,TABLE,,map,table (reader indirect),,LOW,
0x1710A0,CONSTANT,Idle Control (decoded),operand,read in an expression (role unresolved),0x05A07A,LOW,((uint)DAT_001710a0 + (uint)_DAT_fef01200 <= (uint)*(ushort *)(unaff_gp + -0x5c80))) {
0x1710A2,CONSTANT,,operand,read in an expression (role unresolved),0x05A13C,LOW,uVar5 = (uint)DAT_001710a2;
0x1710A4,CONSTANT,,operand,read in an expression (role unresolved),0x05A13C,LOW,uVar6 = (uint)DAT_001710a4;
0x1710A6,CONSTANT,,threshold,compared against a constant/value,0x059FEC,MED,if (((uint)(uVar1 < DAT_001710a6) +
0x1710A8,CONSTANT,,threshold,compared against a constant/value,0x059FEC,MED,(uint)(uVar1 < DAT_001710a8) != 1) {
0x1710AA,CONSTANT,,threshold,compared against a constant/value,0x05A982,MED,((-1 < (int)(uVar29 << 0x1e) && (DAT_001710aa <= uVar2)))))))))) &&
0x1710AC,CONSTANT,Idle Control (decoded),operand,read in an expression (role unresolved),0x05AD08,LOW,iVar9 = DAT_001710ac - 0x8000;
0x1710AE,CONSTANT,Idle Control (decoded),operand,read in an expression (role unresolved),0x05AD08,LOW,iVar8 = DAT_001710ae - 0x8000;
0x1710B0,CONSTANT,Idle Control (decoded),operand,read in an expression (role unresolved),0x05AC34,LOW,uVar9 = (uint)DAT_001710b0;
0x1710B2,CONSTANT,Idle Control (decoded),operand,read in an expression (role unresolved),0x05AC34,LOW,uVar10 = (uint)DAT_001710b2;
0x1710B4,CONSTANT,,offset,added/subtracted in a calc,0x05A3C4,MED,(uint)*(ushort *)(unaff_gp + -0x5e46) - (uint)DAT_001710b4);
0x1710B6,CONSTANT,,operand,read in an expression (role unresolved),0x05A3C4,LOW,uVar7 = DAT_001710b6;
0x1710B8,CONSTANT,,operand,read in an expression (role unresolved),0x05A620,LOW,uVar12 = (uint)DAT_001710b8;
0x1710BA,CONSTANT,,operand,operand computing state 0xFEF011BC,0x05A35C,MED,_DAT_fef011bc = DAT_001710ba;
0x1710BC,CONSTANT,,threshold,compared against state 0xFEF01CF8,0x05A35C,HIGH,if ((((DAT_001710ff == -0x80) && (DAT_fef01e5e != '\0')) && (DAT_001710bc <= _DAT_fef01cf8)) &&
0x1710BE,CONSTANT,,threshold,compared against a constant/value,0x05A35C,MED,(_DAT_fef01cf8 <= DAT_001710be)) {
0x1710C0,CONSTANT,,operand,read in an expression (role unresolved),0x05A3C4,LOW,uVar8 = DAT_001710c0;
0x1710C2,CONSTANT,,operand,read in an expression (role unresolved),0x05A3C4,LOW,uVar9 = DAT_001710c2;
0x1710C4,CONSTANT,,operand,read in an expression (role unresolved),0x05A620,LOW,uVar11 = (uint)DAT_001710c4;
0x1710C6,CONSTANT,,operand,read in an expression (role unresolved),0x05A620,LOW,uVar10 = (uint)DAT_001710c6;
0x1710C8,CONSTANT,,operand,read in an expression (role unresolved),0x05A620,LOW,uVar4 = DAT_001710c8;
0x1710CA,CONSTANT,,operand,read in an expression (role unresolved),0x05A620,LOW,uVar2 = DAT_001710ca;
0x1710CC,CONSTANT,,operand,read in an expression (role unresolved),0x05A3C4,LOW,uVar10 = DAT_001710cc;
0x1710CE,CONSTANT,,threshold,compared against a constant/value,0x05A982,MED,((uVar1 <= DAT_001710ce && ((sVar4 == 0 && (iVar28 == 0)))))) {
0x1710D0,CONSTANT,,operand,read in an expression (role unresolved),0x05B1FA,LOW,if ((DAT_001710d0 < *(ushort *)(unaff_gp + -0x5c0e)) && (_DAT_fef01212 == 0)) {
0x1710D2,CONSTANT,,threshold,compared against a constant/value,0x05B1FA,MED,if (_DAT_fef011ea < DAT_001710d2) {
0x1710D4,CONSTANT,,operand,read in an expression (role unresolved),0x05B252,LOW,if (DAT_001710d4 <= *(ushort *)(unaff_gp + -0x5c50)) {
0x1710D6,CONSTANT,,operand,read in an expression (role unresolved),0x05B494,LOW,if (DAT_001710d6 <= *(ushort *)(unaff_gp + -0x5c4e)) {
0x1710D8,CONSTANT,,offset,added/subtracted in a calc,0x05B382,MED,if ((uint)*(ushort *)(unaff_gp + -0x5c7c) < (uint)DAT_001710da + (uint)DAT_001710d8) {
0x1710DA,CONSTANT,,operand,read in an expression (role unresolved),0x05B382,LOW,if ((uint)*(ushort *)(unaff_gp + -0x5c7c) < (uint)DAT_001710da + (uint)DAT_001710d8) {
0x1710DC,CONSTANT,,threshold,compared against state 0xFEF011E6,0x05B382,HIGH,if (DAT_001710dc <= _DAT_fef011e6) {
0x1710DE,CONSTANT,,threshold,compared against state 0xFEF011E8,0x05B382,HIGH,if (DAT_001710de <= _DAT_fef011e8) {
0x1710E0,CONSTANT,,operand,read in an expression (role unresolved),0x05B382,LOW,"uVar2 = FUN_000a1d0a(uVar2,DAT_001710e0);"
0x1710E2,CONSTANT,Idle Control (decoded),threshold,compared against a constant/value,0x05A2EA,MED,if (param_1 < DAT_001710e2) {
0x1710E4,CONSTANT,,operand,read in an expression (role unresolved),0x059D34,LOW,*(undefined2 *)(unaff_gp + -0x5e44) = DAT_001710e4;
0x1710E6,CONSTANT,,operand,read in an expression (role unresolved),0x059D34,LOW,*(undefined2 *)(unaff_gp + -0x5e44) = DAT_001710e6;
0x1710E8,CONSTANT,,offset,added/subtracted in a calc,0x059C0E,MED,"FUN_000a1c02((uint)_DAT_fef0120c + (uint)_DAT_fef01212 + (uint)DAT_001710e8,0xffff);"
0x1710EA,CONSTANT,,operand,read in an expression (role unresolved),0x059C7E,LOW,"uVar2 = FUN_000a1d0a(uVar3,DAT_001710ea);"
0x1710EC,CONSTANT,,operand,read in an expression (role unresolved),0x05B016,LOW,uVar2 = DAT_001710ec;
0x1710EE,CONSTANT,Idle Control (decoded),operand,read in an expression (role unresolved),0x05B0C8,LOW,"uVar3 = FUN_000a1cf6(_DAT_fef011e0,DAT_001710ee);"
0x1710F0,CONSTANT,Idle Control (decoded),operand,read in an expression (role unresolved),0x05B0C8,LOW,"uVar3 = FUN_000a1d0a(_DAT_fef011e0,DAT_001710f0);"
0x1710F2,CONSTANT,,operand,read in an expression (role unresolved),0x05AFE8,LOW,else if (DAT_001710f2 <= *(ushort *)(unaff_gp + -0x5c52)) {
0x1710F4,CONSTANT,,threshold,compared against a constant/value,0x05AFE8,MED,if (*(ushort *)(unaff_gp + -0x5c52) < DAT_001710f4) {
0x1710F6,CONSTANT,,threshold,compared against state 0xFEF011BA,0x05A178,HIGH,iVar4 = (uint)(DAT_001710f6 <= DAT_fef011ba) + iVar4 * (uint)(DAT_001710f6 > DAT_fef011ba);
0x1710F7,CONSTANT,,operand,read in an expression (role unresolved),0x05A178,LOW,bVar1 = DAT_001710f7;
0x1710F8,CONSTANT,,operand,read in an expression (role unresolved),0x05A22C,LOW,uVar5 = (uint)DAT_001710f8;
0x1710F9,CONSTANT,,threshold,compared against a constant/value,0x05A908,MED,if (DAT_fef011d8 < DAT_001710f9) {
0x1710FA,FLAG,,threshold,compared against a constant/value,0x05A908,MED,cVar1 = (DAT_fef011d4 & 1) * (DAT_fef011d7 < DAT_001710fa);
0x1710FB,CONSTANT,Idle Control (decoded),threshold,compared against a constant/value,0x05AD08,MED,if (DAT_fef011db < DAT_001710fb) {
0x1710FC,FLAG,Idle Control (decoded),operand,read in an expression (role unresolved),0x05AD08,LOW,cVar4 = DAT_001710fc;
0x1710FD,CONSTANT,Idle Control (decoded),operand,read in an expression (role unresolved),0x05AC34,LOW,bVar2 = DAT_001710fd;
0x1710FE,FLAG,Idle Control (decoded),operand,read in an expression (role unresolved),0x05AC34,LOW,cVar3 = DAT_001710fe;
0x1710FF,FLAG,,operand,read in an expression (role unresolved),0x05A35C,LOW,if ((((DAT_001710ff == -0x80) && (DAT_fef01e5e != '\0')) && (DAT_001710bc <= _DAT_fef01cf8)) &&
0x171100,CONSTANT,,operand,read in an expression (role unresolved),0x05A3C4,LOW,bVar11 = DAT_00171100;
0x171101,CONSTANT,,operand,read in an expression (role unresolved),0x05A3C4,LOW,bVar12 = DAT_00171101;
0x171102,CONSTANT,,operand,read in an expression (role unresolved),0x05A3C4,LOW,bVar13 = DAT_00171102;
0x171103,CONSTANT,,operand,read in an expression (role unresolved),0x05A3C4,LOW,bVar14 = DAT_00171103;
0x171104,CONSTANT,,threshold,compared against state 0xFEF011DC,0x05AB6E,HIGH,bVar2 = DAT_00171104 <= DAT_fef011dc;
0x171105,CONSTANT,Idle Control :: IAT Factor (flat),threshold,compared against a constant/value,0x05B2A2,MED,if (DAT_00171105 == '\x02') goto LAB_0005b352;
0x171106,CONSTANT,Idle Control :: IAT Factor (flat),threshold,compared against a constant/value,0x05B2A2,MED,if (DAT_00171106 == '\x02') goto LAB_0005b352;
0x171107,CONSTANT,Idle Control :: IAT Factor (flat),threshold,compared against a constant/value,0x05B2A2,MED,if (DAT_00171107 == '\x02') goto LAB_0005b352;
0x171108,CONSTANT,Idle Control :: IAT Factor (flat),threshold,compared against a constant/value,0x05B2A2,MED,if (DAT_00171108 == '\x02') goto LAB_0005b352;
0x171109,CONSTANT,Idle Control :: IAT Factor (flat),threshold,compared against a constant/value,0x05B2A2,MED,if (DAT_00171109 != '\x02') {
0x17110A,CONSTANT,Idle Control :: IAT Factor (flat),threshold,compared against a constant/value,0x05B2A2,MED,if (DAT_0017110a == '\x02') goto LAB_0005b352;
0x17110B,CONSTANT,,threshold,compared against a constant/value,0x059D34,MED,if (DAT_0017110b == '\0') {
0x17110C,CONSTANT,,threshold,compared against state 0xFEF011AA,0x059C7E,HIGH,if (DAT_0017110c <= DAT_fef011aa) {
0x17110D,FLAG,,operand,read in an expression (role unresolved),0x05AEDA,LOW,cVar2 = DAT_0017110d;
0x17110E,CONSTANT,Idle Control (decoded),threshold,compared against a constant/value,0x05AF24,MED,if (DAT_0017110e == '\x03') goto LAB_0005afa8;
0x17110F,CONSTANT,Idle Control (decoded),threshold,compared against a constant/value,0x05AF24,MED,if (DAT_0017110f == '\x03') goto LAB_0005afa8;
0x171110,CONSTANT,Idle Control (decoded),threshold,compared against a constant/value,0x05AF24,MED,if (DAT_00171110 == '\x03') goto LAB_0005afa8;
0x171111,CONSTANT,Idle Control (decoded),threshold,compared against a constant/value,0x05AF24,MED,if (DAT_00171111 == '\x03') goto LAB_0005afa8;
0x171112,CONSTANT,Idle Control (decoded),threshold,compared against a constant/value,0x05AF24,MED,if (DAT_00171112 == '\x03') {
0x171113,CONSTANT,Idle Control (decoded),threshold,compared against a constant/value,0x05AF24,MED,if (DAT_00171113 == '\x03') goto LAB_0005afa8;
0x171114,CONSTANT,Idle Control (decoded),operand,read in an expression (role unresolved),0x0599D8,LOW,bVar1 = DAT_00171114;
0x171115,CONSTANT,Idle Control (decoded),operand,read in an expression (role unresolved),0x0599D8,LOW,bVar2 = DAT_00171115;
0x171116,CONSTANT,,unref,not read by code (data-only),0x06406A,LOW,
0x171118,CONSTANT,,operand,read in an expression (role unresolved),0x05DF94,LOW,uVar3 = DAT_00171118;
0x17111A,CONSTANT,,threshold,compared against a constant/value,0x05DCC0,MED,if (DAT_0017111a < uVar2) {
0x17111C,CONSTANT,,operand,read in an expression (role unresolved),0x05DCC0,LOW,uVar3 = DAT_0017111c;
0x17111E,CONSTANT,,operand,read in an expression (role unresolved),0x05BA0C,LOW,uVar1 = DAT_0017111e;
0x171120,CONSTANT,,operand,read in an expression (role unresolved),0x05BA0C,LOW,uVar2 = DAT_00171120;
0x171122,CONSTANT,,operand,read in an expression (role unresolved),0x05B96E,LOW,uVar1 = DAT_00171122;
0x171124,CONSTANT,,operand,read in an expression (role unresolved),0x05B96E,LOW,uVar2 = DAT_00171124;
0x171126,CONSTANT,,operand,read in an expression (role unresolved),0x05BB60,LOW,FUN_0005bba4(DAT_00171126 <= *(ushort *)(unaff_gp + -0x5c6c));
0x171128,CONSTANT,,operand,read in an expression (role unresolved),0x05BB10,LOW,FUN_0005bb48(DAT_00171128 <= *(ushort *)(unaff_gp + -0x5c86));
0x17112A,CONSTANT,,threshold,compared against state 0xFEF025F0,0x05BD7C,HIGH,FUN_0005bdd2(DAT_0017112a <= _DAT_fef025f0 && _DAT_fef025f0 < DAT_0017112c);
0x17112C,CONSTANT,,threshold,compared against state 0xFEF025F0,0x05BD7C,HIGH,FUN_0005bdd2(DAT_0017112a <= _DAT_fef025f0 && _DAT_fef025f0 < DAT_0017112c);
0x17112E,CONSTANT,,operand,read in an expression (role unresolved),0x0BB4F8,LOW,uVar3 = DAT_0017112e;
0x171130,CONSTANT,,operand,read in an expression (role unresolved),0x0BBB9E,LOW,uVar3 = DAT_00171130;
0x171132,CONSTANT,,operand,read in an expression (role unresolved),0x0BBB9E,LOW,uVar4 = DAT_00171132;
0x171134,CONSTANT,,operand,read in an expression (role unresolved),0x0BBDC2,LOW,uVar4 = DAT_00171134;
0x171136,CONSTANT,,operand,read in an expression (role unresolved),0x0BBDC2,LOW,uVar5 = DAT_00171136;
0x171138,CONSTANT,,operand,read in an expression (role unresolved),0x0BBDC2,LOW,uVar6 = DAT_00171138;
0x17113A,CONSTANT,,threshold,compared against a constant/value,0x0BC5CA,MED,if ((((DAT_00174486 != -0x80) || (*(ushort *)(unaff_gp + -0x5c10) < DAT_0017113a)) &&
0x17113C,CONSTANT,,threshold,compared against state 0xFEF025F0,0x05DD74,HIGH,((int)((uint)DAT_fef01806 << 0x1d) < 0)) && (DAT_0017113c <= _DAT_fef025f0)) {
0x17113E,CONSTANT,,operand,read in an expression (role unresolved),0x0BB4F8,LOW,uVar4 = DAT_0017113e;
0x171140,CONSTANT,,operand,read in an expression (role unresolved),0x05E05E,LOW,uVar1 = DAT_00171140;
0x171143,FLAG,,operand,read in an expression (role unresolved),0x05DF94,LOW,if ((((iVar7 == 1) && (uVar3 < uVar2)) && (DAT_00171143 == -0x80)) && (iVar9 == 0)) {
0x171144,CONSTANT,,threshold,compared against state 0xFEF01803,0x05DF94,HIGH,if (DAT_00171144 <= DAT_fef01803) {
0x171145,CONSTANT,,operand,read in an expression (role unresolved),0x05DF94,LOW,bVar4 = DAT_00171145;
0x171146,CONSTANT,,gain,multiplier in a calc,0x05DD74,MED,if ((((_DAT_fef017fc <= (ushort)((ushort)DAT_00171146 * 0x14)) && ((DAT_fef01806 & 1) == 1)) &&
0x171147,CONSTANT,,gain,multiplier in a calc,0x05DCC0,MED,bVar1 = (ushort)((ushort)DAT_00171147 * 0x14) <= _DAT_fef017fa;
0x171148,CONSTANT,,operand,read in an expression (role unresolved),0x05DCC0,LOW,uVar5 = (ushort)DAT_00171148;
0x171149,CONSTANT,,gain,multiplier in a calc,0x05DDD2,MED,uVar11 = (ushort)DAT_00171149 * 0x14;
0x17114A,CONSTANT,,operand,read in an expression (role unresolved),0x05DDD2,LOW,bVar2 = DAT_0017114a;
0x17114B,CONSTANT,,operand,read in an expression (role unresolved),0x05DDD2,LOW,bVar3 = DAT_0017114b;
0x17114C,CONSTANT,,operand,read in an expression (role unresolved),0x05DDD2,LOW,bVar4 = DAT_0017114c;
0x17114D,FLAG,,operand,read in an expression (role unresolved),0x05DDD2,LOW,cVar5 = DAT_0017114d;
0x17114E,FLAG,,operand,read in an expression (role unresolved),0x05BA0C,LOW,cVar3 = DAT_0017114e;
0x17114F,FLAG,,operand,read in an expression (role unresolved),0x05B96E,LOW,cVar3 = DAT_0017114f;
0x171150,CONSTANT,,operand,read in an expression (role unresolved),0x05BCA8,LOW,FUN_0005bcfa(DAT_00171150 <= *(byte *)(unaff_gp + -0x5bc0) &&
0x171151,CONSTANT,,threshold,compared against a constant/value,0x05BCA8,MED,*(byte *)(unaff_gp + -0x5bc0) < DAT_00171151);
0x171152,CONSTANT,,operand,read in an expression (role unresolved),0x05BD12,LOW,FUN_0005bd64(DAT_00171152 <= *(byte *)(unaff_gp + -0x5bc0) &&
0x171153,CONSTANT,,threshold,compared against a constant/value,0x05BD12,MED,*(byte *)(unaff_gp + -0x5bc0) < DAT_00171153);
0x171154,FLAG,,threshold,compared against a constant/value,0x05BC1C,MED,if (((*(byte *)(unaff_gp + -0x5bbd) < DAT_00171154) ||
0x171155,CONSTANT,,operand,read in an expression (role unresolved),0x05BC1C,LOW,(DAT_00171155 <= *(byte *)(unaff_gp + -0x5bbd))) || (DAT_fef02678 < DAT_00171156)) {
0x171156,FLAG,,threshold,compared against a constant/value,0x05BC1C,MED,(DAT_00171155 <= *(byte *)(unaff_gp + -0x5bbd))) || (DAT_fef02678 < DAT_00171156)) {
0x171157,CONSTANT,,threshold,compared against state 0xFEF02678,0x05BC1C,HIGH,bVar1 = DAT_fef02678 < DAT_00171157;
0x171158,CONSTANT,Meter Fuel Consumption :: RPM Factor,threshold,compared against a constant/value,0x05C5E0,MED,if (DAT_00171158 == '\x01') {
0x171159,CONSTANT,,operand,operand computing state 0xFEF0164C,0x05CC00,MED,DAT_fef0164c = FUN_000a1cac((int)(short)((ushort)DAT_00171159 +
0x17115A,FLAG,,operand,operand computing state 0xFEF0166F,0x05C2BC,MED,DAT_fef0166f = DAT_0017115a;
0x17115B,CONSTANT,,operand,read in an expression (role unresolved),0x05DAFA,LOW,return DAT_0017115b;
0x17115C,CONSTANT,,operand,read in an expression (role unresolved),0x05DB56,LOW,*param_1 = DAT_0017115c;
0x17115D,CONSTANT,,operand,read in an expression (role unresolved),0x0BBB9E,LOW,bVar5 = DAT_0017115d;
0x17115E,CONSTANT,,threshold,compared against a constant/value,0x0BBE3C,MED,if ((param_2[2] < DAT_0017115e) || (DAT_0017115f < param_2[2])) {
0x17115F,CONSTANT,,threshold,compared against a constant/value,0x0BBE3C,MED,if ((param_2[2] < DAT_0017115e) || (DAT_0017115f < param_2[2])) {
0x171160,CONSTANT,,operand,read in an expression (role unresolved),0x0BBFA0,LOW,bVar4 = DAT_00171160;
0x171161,FLAG,,operand,read in an expression (role unresolved),0x05D06C,LOW,cVar2 = DAT_00171161;
0x171162,FLAG,,operand,read in an expression (role unresolved),0x05D12C,LOW,if (DAT_00171162 == -0x80) {
0x171163,FLAG,,operand,read in an expression (role unresolved),0x05D19C,LOW,if (DAT_00171163 == -0x80) {
0x171164,FLAG,,operand,read in an expression (role unresolved),0x05D1CE,LOW,if (DAT_00171164 == -0x80) {
0x171165,FLAG,,operand,read in an expression (role unresolved),0x05D23C,LOW,if (DAT_00171165 == -0x80) {
0x171166,FLAG,,operand,read in an expression (role unresolved),0x05D37A,LOW,if (DAT_00171166 == -0x80) {
0x171167,FLAG,,operand,read in an expression (role unresolved),0x05D3B8,LOW,if (DAT_00171167 == -0x80) {
0x171168,FLAG,,operand,read in an expression (role unresolved),0x05D0C0,LOW,if (DAT_00171168 == -0x80) {
0x171169,FLAG,,operand,read in an expression (role unresolved),0x05CBA0,LOW,if (DAT_00171169 == -0x80) {
0x17116A,FLAG,,operand,read in an expression (role unresolved),0x05CBD2,LOW,if (DAT_0017116a == -0x80) {
0x17116B,FLAG,,threshold,compared against a constant/value,0x02FF50,MED,if ((((iVar7 == 0) && ((&DAT_00155bbc)[param_1] == -0x80)) && (DAT_0017116b != '\0')) &&
0x17116C,FLAG,,operand,read in an expression (role unresolved),0x05E05E,LOW,cVar2 = DAT_0017116c;
0x17116D,FLAG,,operand,read in an expression (role unresolved),0x05E0E0,LOW,cVar2 = DAT_0017116d;
0x171170,TABLE,,map,table (reader indirect),,LOW,
0x171190,TABLE,,map,table (reader indirect),,LOW,
0x1711B0,TABLE,,map,table (reader indirect),,LOW,
0x1711D0,TABLE,,map,table (reader indirect),,LOW,
0x17127C,TABLE,,map,table (reader indirect),,LOW,
0x1712AC,TABLE,,map,table (reader indirect),,LOW,
0x1712C4,TABLE,,map,table (reader indirect),,LOW,
0x1712E4,TABLE,,map,table (reader indirect),,LOW,
0x1712EC,TABLE,,map,table (reader indirect),,LOW,
0x1712F4,TABLE,,map,table (reader indirect),,LOW,
0x171304,TABLE,,map,table (reader indirect),,LOW,
0x171324,TABLE,,map,table (reader indirect),,LOW,
0x171364,TABLE,,map,table (reader indirect),,LOW,
0x1713A4,TABLE,,map,table (reader indirect),,LOW,
0x1713E4,TABLE,,map,table (reader indirect),,LOW,
0x171488,TABLE,,map,table (reader indirect),,LOW,
0x171508,TABLE,,map,table (reader indirect),,LOW,
0x171568,TABLE,,map,table (reader indirect),,LOW,
0x1715C8,TABLE,,map,table (reader indirect),,LOW,
0x171614,TABLE,,map,table (reader indirect),,LOW,
0x171660,TABLE,,map,table (reader indirect),,LOW,
0x171774,TABLE,,map,table (reader indirect),,LOW,
0x1717A4,TABLE,,map,table (reader indirect),,LOW,
0x1717F0,TABLE,,map,table (reader indirect),,LOW,
0x17183C,TABLE,,map,table (reader indirect),,LOW,
0x171864,TABLE,,map,table (reader indirect),,LOW,
0x17188C,TABLE,,map,table (reader indirect),,LOW,
0x1718B4,TABLE,,map,table (reader indirect),,LOW,
0x1718DC,TABLE,,map,table (reader indirect),,LOW,
0x171904,TABLE,,map,table (reader indirect),,LOW,
0x17192C,TABLE,,map,table (reader indirect),,LOW,
0x171954,TABLE,,map,table (reader indirect),,LOW,
0x17197C,TABLE,,map,table (reader indirect),,LOW,
0x1719A4,TABLE,,map,table (reader indirect),,LOW,
0x1719CC,CONSTANT,Ride Mode Presets,operand,read in an expression (role unresolved),0x078942,LOW,"iVar1 = FUN_000a201e((&PTR_PTR_DAT_001719cc)[iVar1],*(undefined2 *)(unaff_gp + -0x5c3c),"
0x1719D0,CONSTANT,Ride Mode Presets,unref,not read by code (data-only),0x078942,LOW,
0x1719D4,CONSTANT,Ride Mode Presets,unref,not read by code (data-only),0x078942,LOW,
0x1719D8,CONSTANT,Ride Mode Presets,unref,not read by code (data-only),0x078942,LOW,
0x1719DC,CONSTANT,Ride Mode Presets,unref,not read by code (data-only),0x078942,LOW,
0x1719E0,CONSTANT,Ride Mode Presets,unref,not read by code (data-only),0x078942,LOW,
0x1719E4,CONSTANT,Ride Mode Presets,unref,not read by code (data-only),0x078942,LOW,
0x1719E8,TABLE,,map,table (reader indirect),,LOW,
0x171A18,TABLE,,map,table (reader indirect),,LOW,
0x171A58,TABLE,,map,table (reader indirect),,LOW,
0x171A98,TABLE,,map,table (reader indirect),,LOW,
0x171AE0,TABLE,,map,table (reader indirect),,LOW,
0x171AF0,TABLE,,map,table (reader indirect),,LOW,
0x171B30,TABLE,,map,table (reader indirect),,LOW,
0x171B70,TABLE,,map,table (reader indirect),,LOW,
0x171BB0,TABLE,,map,table (reader indirect),,LOW,
0x171C50,TABLE,,map,table (reader indirect),,LOW,
0x172310,TABLE,,map,table (reader indirect),,LOW,
0x1723A8,TABLE,,map,table (reader indirect),,LOW,
0x172440,TABLE,,map,table (reader indirect),,LOW,
0x172D40,CONSTANT,,operand,read in an expression (role unresolved),0x0653B6,LOW,puVar1 = PTR_DAT_00172d40;
0x172D44,CONSTANT,,operand,read in an expression (role unresolved),0x0653B6,LOW,puVar2 = PTR_DAT_00172d44;
0x172D48,CONSTANT,,threshold,compared against a constant/value,0x0772C6,MED,DAT_fef01fa8 = (DAT_00172d48 == 0) + DAT_fef01fa8 * (DAT_00172d48 != 0);
0x172D4A,CONSTANT,,operand,read in an expression (role unresolved),0x077192,LOW,uVar1 = DAT_00172d4a;
0x172D4C,CONSTANT,,operand,read in an expression (role unresolved),0x076FDA,LOW,uVar5 = DAT_00172d4c;
0x172D4E,CONSTANT,,operand,read in an expression (role unresolved),0x076FDA,LOW,uVar6 = DAT_00172d4e;
0x172D50,CONSTANT,,operand,read in an expression (role unresolved),0x076FDA,LOW,uVar7 = DAT_00172d50;
0x172D52,CONSTANT,,operand,read in an expression (role unresolved),0x07708A,LOW,uVar2 = DAT_00172d52;
0x172D54,CONSTANT,,operand,read in an expression (role unresolved),0x068204,LOW,uVar1 = DAT_00172d54;
0x172D56,CONSTANT,,operand,read in an expression (role unresolved),0x06836A,LOW,uVar1 = DAT_00172d56;
0x172D58,CONSTANT,,threshold,compared against a constant/value,0x068252,MED,if (DAT_00172d58 < uVar2) {
0x172D5A,CONSTANT,,threshold,compared against a constant/value,0x068252,MED,if (DAT_00172d5a < uVar2) {
0x172D5C,CONSTANT,,threshold,compared against a constant/value,0x068252,MED,if (DAT_00172d5c < uVar2) {
0x172D5E,CONSTANT,,threshold,compared against a constant/value,0x068252,MED,uVar4 = (uint)DAT_00172d68 * (uint)(DAT_00172d5e < uVar2) +
0x172D60,CONSTANT,,operand,read in an expression (role unresolved),0x068252,LOW,uVar4 = (uint)DAT_00172d60;
0x172D62,CONSTANT,,operand,read in an expression (role unresolved),0x068252,LOW,uVar4 = (uint)DAT_00172d62;
0x172D64,CONSTANT,,operand,read in an expression (role unresolved),0x068252,LOW,uVar4 = (uint)DAT_00172d64;
0x172D66,CONSTANT,,gain,multiplier in a calc,0x068252,MED,(uint)DAT_00172d66 * (uint)(uVar2 <= DAT_00172d5e);
0x172D68,CONSTANT,,gain,multiplier in a calc,0x068252,MED,uVar4 = (uint)DAT_00172d68 * (uint)(DAT_00172d5e < uVar2) +
0x172D6A,CONSTANT,,operand,read in an expression (role unresolved),0x077732,LOW,uVar5 = DAT_00172d6a;
0x172D6C,CONSTANT,,operand,read in an expression (role unresolved),0x0777A8,LOW,uVar7 = (uint)DAT_00172d6c;
0x172D6E,CONSTANT,,operand,read in an expression (role unresolved),0x0777A8,LOW,"uVar3 = FUN_000a1cf6(uVar7,DAT_00172d6e);"
0x172D70,CONSTANT,,operand,read in an expression (role unresolved),0x07770C,LOW,uVar2 = DAT_00172d70;
0x172D72,CONSTANT,,operand,read in an expression (role unresolved),0x0777A8,LOW,uVar6 = (uint)DAT_00172d72;
0x172D74,CONSTANT,,operand,read in an expression (role unresolved),0x0777A8,LOW,uVar1 = DAT_00172d74;
0x172D76,CONSTANT,,operand,read in an expression (role unresolved),0x06E02C,LOW,uVar2 = DAT_00172d76;
0x172D78,CONSTANT,,operand,read in an expression (role unresolved),0x06DC64,LOW,bVar1 = (&DAT_00172d78)[uVar6];
0x172D80,CONSTANT,,operand,operand computing state 0xFEF073B2,0x06A55C,MED,_DAT_fef073b2 = DAT_00172d80;
0x172D82,CONSTANT,,operand,operand computing state 0xFEF073B4,0x06A55C,MED,_DAT_fef073b4 = DAT_00172d82;
0x172D84,CONSTANT,,operand,operand computing state 0xFEF073BA,0x06E150,MED,_DAT_fef073ba = DAT_00172d84;
0x172D86,CONSTANT,,operand,operand computing state 0xFEF073BC,0x06E150,MED,_DAT_fef073bc = DAT_00172d86;
0x172D88,CONSTANT,,operand,operand computing state 0xFEF073BE,0x06E150,MED,_DAT_fef073be = DAT_00172d88;
0x172D8A,CONSTANT,,operand,operand computing state 0xFEF073C0,0x06E150,MED,_DAT_fef073c0 = DAT_00172d8a;
0x172D8C,CONSTANT,,operand,operand computing state 0xFEF073C2,0x06E150,MED,_DAT_fef073c2 = DAT_00172d8c;
0x172D8E,CONSTANT,,operand,operand computing state 0xFEF073C4,0x06E150,MED,_DAT_fef073c4 = DAT_00172d8e;
0x172D90,CONSTANT,,operand,operand computing state 0xFEF073C6,0x06E150,MED,_DAT_fef073c6 = DAT_00172d90;
0x172D92,CONSTANT,,operand,read in an expression (role unresolved),0x06E02C,LOW,uVar3 = DAT_00172d92;
0x172D94,CONSTANT,,operand,read in an expression (role unresolved),0x06E02C,LOW,uVar4 = DAT_00172d94;
0x172D96,CONSTANT,,operand,read in an expression (role unresolved),0x06D850,LOW,"uVar3 = FUN_000a1c70(_DAT_febf6532,DAT_00172d98,DAT_00172d96);"
0x172D98,CONSTANT,,operand,read in an expression (role unresolved),0x06D850,LOW,"uVar3 = FUN_000a1c70(_DAT_febf6532,DAT_00172d98,DAT_00172d96);"
0x172D9A,CONSTANT,,operand,read in an expression (role unresolved),0x06D850,LOW,uVar4 = DAT_00172d9a;
0x172D9C,CONSTANT,,operand,read in an expression (role unresolved),0x06D850,LOW,uVar1 = DAT_00172d9c;
0x172D9E,CONSTANT,,operand,read in an expression (role unresolved),0x06E2DE,LOW,"DAT_00172d9e,0);"
0x172DA0,CONSTANT,,operand,read in an expression (role unresolved),0x067FFC,LOW,uVar3 = DAT_00172da0;
0x172DA2,CONSTANT,,threshold,compared against a constant/value,0x067D6A,MED,bVar1 = *(ushort *)(unaff_gp + -0x5c10) <= DAT_00172da2;
0x172DA4,CONSTANT,,threshold,compared against a constant/value,0x067F72,MED,iVar2 = ((uint)(DAT_00172da4 <= uVar1) +
0x172DA6,CONSTANT,,threshold,compared against a constant/value,0x067F72,MED,cVar4 = (uVar1 <= DAT_00172da6) +
0x172DA8,CONSTANT,,threshold,compared against a constant/value,0x067F72,MED,(DAT_fef020b8 & 1) * (uVar1 < DAT_00172da8) * (DAT_00172da6 < uVar1);
0x172DAA,CONSTANT,,threshold,compared against state 0xFEF0262A,0x067B38,HIGH,if (((uint)(DAT_00172daa <= _DAT_fef0262a) +
0x172DAC,CONSTANT,,threshold,compared against state 0xFEF0262A,0x067B38,HIGH,(uint)(DAT_00172dac <= _DAT_fef0262a) != 1) {
0x172DAE,CONSTANT,,operand,read in an expression (role unresolved),0x067BC0,LOW,uVar14 = (uint)DAT_00172dae;
0x172DB0,CONSTANT,,operand,read in an expression (role unresolved),0x067BC0,LOW,uVar4 = DAT_00172db0;
0x172DB2,CONSTANT,,operand,read in an expression (role unresolved),0x067BC0,LOW,uVar5 = DAT_00172db2;
0x172DB4,CONSTANT,,operand,read in an expression (role unresolved),0x067BC0,LOW,uVar13 = (uint)DAT_00172db4;
0x172DB6,CONSTANT,,operand,read in an expression (role unresolved),0x067CF4,LOW,uVar7 = (uint)DAT_00172db6;
0x172DB8,CONSTANT,,threshold,compared against a constant/value,0x0679F8,MED,if (*(ushort *)(unaff_gp + -0x5c38) < DAT_00172db8) {
0x172DBA,CONSTANT,,operand,read in an expression (role unresolved),0x067A60,LOW,if (DAT_00172dba < *(ushort *)(unaff_gp + -0x5c38)) {
0x172DBC,CONSTANT,,operand,read in an expression (role unresolved),0x076D7E,LOW,uVar1 = DAT_00172dbc;
0x172DBE,CONSTANT,,operand,read in an expression (role unresolved),0x076D7E,LOW,uVar2 = DAT_00172dbe;
0x172DC0,CONSTANT,,operand,read in an expression (role unresolved),0x076D7E,LOW,uVar3 = DAT_00172dc0;
0x172DC2,CONSTANT,,operand,read in an expression (role unresolved),0x076D7E,LOW,uVar4 = DAT_00172dc2;
0x172DC4,CONSTANT,,operand,read in an expression (role unresolved),0x076E5A,LOW,uVar2 = DAT_00172dc4;
0x172DC6,CONSTANT,,operand,read in an expression (role unresolved),0x076E5A,LOW,uVar3 = DAT_00172dc6;
0x172DC8,CONSTANT,,operand,read in an expression (role unresolved),0x076E5A,LOW,uVar4 = DAT_00172dc8;
0x172DCA,CONSTANT,,operand,read in an expression (role unresolved),0x076E5A,LOW,uVar5 = DAT_00172dca;
0x172DCC,CONSTANT,,operand,read in an expression (role unresolved),0x076D7E,LOW,uVar5 = DAT_00172dcc;
0x172DCE,CONSTANT,,operand,read in an expression (role unresolved),0x076D7E,LOW,uVar6 = DAT_00172dce;
0x172DD0,CONSTANT,,threshold,compared against a constant/value,0x076E5A,MED,if (DAT_00172dd0 < param_1) {
0x172DD2,CONSTANT,,threshold,compared against state 0xFEF021F0,0x076E5A,HIGH,if (DAT_00172dd2 <= _DAT_fef021f0) {
0x172DD4,CONSTANT,,threshold,compared against state 0xFEF019FC,0x065218,HIGH,if (DAT_00172dd4 <= _DAT_fef019fc) {
0x172DD6,CONSTANT,,threshold,compared against a constant/value,0x0287AA,MED,if (((DAT_00172dd6 < uVar1) && (DAT_00154e0f <= DAT_fef0031c)) &&
0x172DD8,CONSTANT,,threshold,compared against a constant/value,0x06516A,MED,if (param_1 < DAT_00172dd8) {
0x172DDA,CONSTANT,,operand,read in an expression (role unresolved),0x066868,LOW,uVar6 = DAT_00172dda;
0x172DDC,CONSTANT,,operand,read in an expression (role unresolved),0x066868,LOW,uVar7 = DAT_00172ddc;
0x172DDE,CONSTANT,,operand,read in an expression (role unresolved),0x066A84,LOW,uVar1 = DAT_00172dde;
0x172DE0,CONSTANT,,threshold,compared against a constant/value,0x06659A,MED,if (_DAT_fef01e42 < DAT_00172de0) {
0x172DE2,CONSTANT,,threshold,compared against state 0xFEF01E42,0x06659A,HIGH,"if (((DAT_00172de2 < _DAT_fef01e42) && (uVar2 = DAT_00172de2, (DAT_fef01ff3 & 0x40) == 0)) &&"
0x172DE4,CONSTANT,,threshold,compared against a constant/value,0x0656C0,MED,if (*(ushort *)(unaff_gp + -0x5c3c) <= DAT_00172de4) {
0x172DE6,CONSTANT,,operand,read in an expression (role unresolved),0x0656C0,LOW,if (DAT_00172de6 <= *(ushort *)(unaff_gp + -0x5c3c)) {
0x172DE8,CONSTANT,,threshold,compared against a constant/value,0x06574E,MED,if (*(ushort *)(unaff_gp + -0x5c86) <= DAT_00172de8) {
0x172DEA,CONSTANT,,operand,read in an expression (role unresolved),0x06574E,LOW,if (DAT_00172dea <= *(ushort *)(unaff_gp + -0x5c86)) {
0x172DEC,CONSTANT,,operand,read in an expression (role unresolved),0x06577A,LOW,uVar2 = DAT_00172dec;
0x172DEE,CONSTANT,,operand,read in an expression (role unresolved),0x06577A,LOW,uVar3 = DAT_00172dee;
0x172DF0,CONSTANT,,operand,read in an expression (role unresolved),0x06577A,LOW,uVar4 = DAT_00172df0;
0x172DF2,CONSTANT,,operand,read in an expression (role unresolved),0x06577A,LOW,uVar5 = DAT_00172df2;
0x172DF4,CONSTANT,,threshold,compared against a constant/value,0x06581A,MED,if (uVar1 <= DAT_00172df4) {
0x172DF6,CONSTANT,,threshold,compared against a constant/value,0x06581A,MED,if (DAT_00172df6 <= uVar1) {
0x172DF8,CONSTANT,,threshold,compared against a constant/value,0x06581A,MED,if (uVar1 <= DAT_00172df8) {
0x172DFA,CONSTANT,,threshold,compared against a constant/value,0x06581A,MED,if (DAT_00172dfa <= uVar1) {
0x172DFC,CONSTANT,,threshold,compared against a constant/value,0x065898,MED,if (*(ushort *)(unaff_gp + -0x5c3c) <= DAT_00172dfc) {
0x172DFE,CONSTANT,,operand,read in an expression (role unresolved),0x065898,LOW,if (DAT_00172dfe <= *(ushort *)(unaff_gp + -0x5c3c)) {
0x172E00,CONSTANT,,threshold,compared against a constant/value,0x065926,MED,if (*(ushort *)(unaff_gp + -0x5c86) <= DAT_00172e00) {
0x172E02,CONSTANT,,operand,read in an expression (role unresolved),0x065926,LOW,if (DAT_00172e02 <= *(ushort *)(unaff_gp + -0x5c86)) {
0x172E04,CONSTANT,,operand,read in an expression (role unresolved),0x065952,LOW,uVar2 = DAT_00172e04;
0x172E06,CONSTANT,,operand,read in an expression (role unresolved),0x065952,LOW,uVar3 = DAT_00172e06;
0x172E08,CONSTANT,,operand,read in an expression (role unresolved),0x065952,LOW,uVar4 = DAT_00172e08;
0x172E0A,CONSTANT,,operand,read in an expression (role unresolved),0x065952,LOW,uVar5 = DAT_00172e0a;
0x172E0C,CONSTANT,,threshold,compared against a constant/value,0x0659E2,MED,if (*(ushort *)(unaff_gp + -0x5c14) < DAT_00172e0c) {
0x172E0E,CONSTANT,,operand,read in an expression (role unresolved),0x0659E2,LOW,if (DAT_00172e0e <= *(ushort *)(unaff_gp + -0x5c14)) {
0x172E10,CONSTANT,,operand,read in an expression (role unresolved),0x066EEC,LOW,uVar3 = DAT_00172e10;
0x172E12,CONSTANT,,operand,read in an expression (role unresolved),0x066EEC,LOW,uVar4 = DAT_00172e12;
0x172E14,CONSTANT,,operand,read in an expression (role unresolved),0x066EEC,LOW,uVar5 = DAT_00172e14;
0x172E16,CONSTANT,,operand,read in an expression (role unresolved),0x067018,LOW,uVar2 = DAT_00172e16;
0x172E18,CONSTANT,,operand,read in an expression (role unresolved),0x0670DE,LOW,uVar3 = DAT_00172e18;
0x172E1A,CONSTANT,Speed Monitor :: Threshold vs Rear Wheel Speed,operand,read in an expression (role unresolved),0x07A96E,LOW,uVar6 = (uint)DAT_00172e1a;
0x172E1C,CONSTANT,Speed Monitor :: Threshold vs Rear Wheel Speed,operand,read in an expression (role unresolved),0x07AA60,LOW,uVar2 = DAT_00172e1c;
0x172E1E,CONSTANT,Speed Monitor :: Threshold vs Rear Wheel Speed,operand,read in an expression (role unresolved),0x07AA60,LOW,uVar3 = DAT_00172e1e;
0x172E20,CONSTANT,Speed Monitor :: Threshold vs Rear Wheel Speed,operand,read in an expression (role unresolved),0x07ABF8,LOW,uVar2 = DAT_00172e20;
0x172E22,CONSTANT,Speed Monitor :: Threshold vs Rear Wheel Speed,operand,read in an expression (role unresolved),0x07ABF8,LOW,uVar3 = DAT_00172e22;
0x172E24,CONSTANT,Speed Monitor :: Threshold vs Rear Wheel Speed,operand,read in an expression (role unresolved),0x07ABF8,LOW,uVar4 = DAT_00172e24;
0x172E26,CONSTANT,Speed Monitor :: Threshold vs Rear Wheel Speed,operand,read in an expression (role unresolved),0x07ABF8,LOW,uVar9 = DAT_00172e26;
0x172E28,CONSTANT,,threshold,compared against state 0xFEF022B4,0x07ABAE,HIGH,FUN_0007ad6c(DAT_00172e28 <= _DAT_fef022b4);
0x172E2A,CONSTANT,,threshold,compared against a constant/value,0x0663C2,MED,if ((_DAT_fef01a0a < DAT_00172e2a) && ((*(byte *)(unaff_gp + -0x5d70) & 8) == 0)) {
0x172E2C,CONSTANT,,operand,read in an expression (role unresolved),0x065CDE,LOW,if ((DAT_00172e2c & uVar1) != 0) {
0x172E2E,CONSTANT,,operand,read in an expression (role unresolved),0x0661AA,LOW,if (DAT_00172e2e <= *(ushort *)(unaff_gp + -0x5c86)) {
0x172E30,CONSTANT,,operand,read in an expression (role unresolved),0x0661AA,LOW,uVar1 = DAT_00172e30;
0x172E32,CONSTANT,,threshold,compared against state 0xFEF01A0C,0x066204,HIGH,if (DAT_00172e32 <= _DAT_fef01a0c) {
0x172E34,CONSTANT,,threshold,compared against a constant/value,0x066204,MED,if (_DAT_fef01a0c < DAT_00172e34) {
0x172E36,CONSTANT,,unref,not read by code (data-only),0x078058,LOW,
0x172E38,CONSTANT,,operand,read in an expression (role unresolved),0x077A8C,LOW,uVar5 = DAT_00172e38;
0x172E3A,CONSTANT,,threshold,compared against a constant/value,0x077A8C,MED,if (((int)((uint)bVar2 << 0x1d) < 0) && (uVar4 <= DAT_00172e3a)) {
0x172E3C,CONSTANT,,operand,read in an expression (role unresolved),0x077A8C,LOW,uVar11 = (uint)DAT_00172e3c;
0x172E3E,CONSTANT,,operand,read in an expression (role unresolved),0x078214,LOW,uVar1 = DAT_00172e3e;
0x172E40,CONSTANT,,operand,read in an expression (role unresolved),0x078214,LOW,uVar2 = DAT_00172e40;
0x172E42,CONSTANT,,gain,multiplier in a calc,0x078214,MED,"FUN_000a1cc2((int)((uVar6 - 0x8000) * (uint)DAT_00172e42) / 0x8000 + 0x8000,0xffff,0);"
0x172E44,CONSTANT,,operand,read in an expression (role unresolved),0x078214,LOW,uVar3 = DAT_00172e44;
0x172E46,CONSTANT,,operand,read in an expression (role unresolved),0x078214,LOW,uVar4 = DAT_00172e46;
0x172E48,CONSTANT,,operand,read in an expression (role unresolved),0x078214,LOW,uVar5 = (uint)DAT_00172e48;
0x172E4A,CONSTANT,,operand,read in an expression (role unresolved),0x078058,LOW,uVar6 = (uint)DAT_00172e4a;
0x172E4C,CONSTANT,,operand,read in an expression (role unresolved),0x07790A,LOW,if ((DAT_00172e4c & uVar1) != 0) {
0x172E4E,CONSTANT,,operand,read in an expression (role unresolved),0x078534,LOW,uVar3 = DAT_00172e4e;
0x172E50,CONSTANT,,operand,read in an expression (role unresolved),0x078534,LOW,uVar15 = (uint)DAT_00172e50;
0x172E52,CONSTANT,,operand,read in an expression (role unresolved),0x078534,LOW,sVar14 = DAT_00172e52;
0x172E54,CONSTANT,,operand,read in an expression (role unresolved),0x078534,LOW,sVar4 = DAT_00172e54;
0x172E56,CONSTANT,,operand,read in an expression (role unresolved),0x078534,LOW,uVar5 = DAT_00172e56;
0x172E58,CONSTANT,Steering Damper (ESD) (decoded),operand,read in an expression (role unresolved),0x078308,LOW,uVar2 = DAT_00172e58;
0x172E5A,CONSTANT,Steering Damper (ESD) (decoded),operand,read in an expression (role unresolved),0x078308,LOW,uVar3 = DAT_00172e5a;
0x172E5C,CONSTANT,Speed Monitor :: Threshold vs Rear Wheel Speed,threshold,compared against a constant/value,0x0782CC,MED,if (DAT_00172e5c != 0) {
0x172E5E,CONSTANT,,operand,operand computing state 0xFEF022DA,0x0779AE,MED,_DAT_fef022da = DAT_00172e5e;
0x172E60,CONSTANT,,operand,read in an expression (role unresolved),0x077CC0,LOW,DAT_00172e60);
0x172E62,CONSTANT,,operand,read in an expression (role unresolved),0x077CC0,LOW,"uVar5 = FUN_000a1c86((uint)*(ushort *)(unaff_gp + -0x5bde) + (uint)uVar5,DAT_00172e62,"
0x172E64,CONSTANT,,threshold,compared against state 0xFEF02228,0x077CC0,HIGH,if (DAT_00172e64 <= _DAT_fef02228) {
0x172E66,CONSTANT,,operand,read in an expression (role unresolved),0x077CC0,LOW,uVar1 = DAT_00172e66;
0x172E68,CONSTANT,Steering Damper (ESD) (decoded),threshold,compared against a constant/value,0x077DC2,MED,if (((uVar6 < DAT_00172e68) || (iVar13 != 0)) ||
0x172E6A,CONSTANT,Steering Damper (ESD) (decoded),threshold,compared against a constant/value,0x077DC2,MED,if (uVar9 < DAT_00172e6a) {
0x172E6C,CONSTANT,Steering Damper (ESD) (decoded),operand,read in an expression (role unresolved),0x077DC2,LOW,uVar4 = DAT_00172e6c;
0x172E6E,CONSTANT,Steering Damper (ESD) (decoded),operand,read in an expression (role unresolved),0x077DC2,LOW,uVar5 = DAT_00172e6e;
0x172E70,CONSTANT,,operand,read in an expression (role unresolved),0x078058,LOW,uVar8 = (uint)DAT_00172e70;
0x172E72,CONSTANT,,threshold,compared against state 0xFEF02238,0x077F14,HIGH,if (DAT_00172e72 <= _DAT_fef02238) {
0x172E74,CONSTANT,,operand,read in an expression (role unresolved),0x077F14,LOW,uVar2 = DAT_00172e74;
0x172E76,CONSTANT,,operand,read in an expression (role unresolved),0x077F14,LOW,"uVar2 = FUN_000a1d0a(_DAT_fef0221c,DAT_00172e76);"
0x172E78,CONSTANT,,unref,not read by code (data-only),0x078058,LOW,
0x172E7A,CONSTANT,,threshold,compared against RAM 0xFEBF5E86,0x077C18,HIGH,if (((DAT_fef02243 & 1) == 0) || (DAT_00172e7a < _DAT_febf5e86)) {
0x172E7C,CONSTANT,,operand,read in an expression (role unresolved),0x078058,LOW,uVar6 = FUN_000a1bf6(DAT_00172e7c);
0x172E7E,CONSTANT,,operand,read in an expression (role unresolved),0x0783EC,LOW,"uVar3 = FUN_000a1d0a(uVar3,DAT_00172e7e);"
0x172E80,CONSTANT,,operand,read in an expression (role unresolved),0x07843C,LOW,"uVar3 = FUN_000a1cf6(uVar3,DAT_00172e80);"
0x172E82,CONSTANT,,threshold,compared against state 0xFEF0222A,0x0783EC,HIGH,if (DAT_00172e82 <= _DAT_fef0222a) {
0x172E84,CONSTANT,,threshold,compared against state 0xFEF0222C,0x07843C,HIGH,if (DAT_00172e84 <= _DAT_fef0222c) {
0x172E86,CONSTANT,,operand,read in an expression (role unresolved),0x0779D6,LOW,uVar1 = DAT_00172e86;
0x172E88,CONSTANT,,operand,read in an expression (role unresolved),0x0779D6,LOW,uVar2 = DAT_00172e88;
0x172E8A,CONSTANT,,operand,read in an expression (role unresolved),0x0779D6,LOW,uVar6 = (uint)DAT_00172e8a;
0x172E8C,CONSTANT,,operand,read in an expression (role unresolved),0x077D50,LOW,uVar9 = (uint)DAT_00172e8c;
0x172E8E,CONSTANT,,operand,read in an expression (role unresolved),0x078058,LOW,uVar6 = (uint)DAT_00172e8e;
0x172E90,CONSTANT,,operand,read in an expression (role unresolved),0x079384,LOW,uVar2 = DAT_00172e90;
0x172E92,CONSTANT,,operand,read in an expression (role unresolved),0x078CB8,LOW,uVar3 = DAT_00172e92;
0x172E94,CONSTANT,,operand,read in an expression (role unresolved),0x078CB8,LOW,uVar4 = DAT_00172e94;
0x172E96,CONSTANT,,operand,read in an expression (role unresolved),0x078CB8,LOW,uVar5 = DAT_00172e96;
0x172E98,CONSTANT,,threshold,compared against a constant/value,0x0415D6,MED,FUN_00041748((DAT_fef00b22 & 4) != 0 && *(ushort *)(unaff_gp + -0x5d42) < DAT_00172e98);
0x172E9A,CONSTANT,,threshold,compared against a constant/value,0x07902E,MED,if ((*(ushort *)(unaff_gp + -0x5c74) < DAT_00172e9a) &&
0x172E9C,CONSTANT,,operand,read in an expression (role unresolved),0x07899C,LOW,uVar6 = (uint)DAT_00172e9c;
0x172E9E,CONSTANT,,operand,read in an expression (role unresolved),0x07899C,LOW,uVar2 = DAT_00172e9e;
0x172EA0,CONSTANT,,operand,read in an expression (role unresolved),0x07872E,LOW,if (DAT_00172ea0 < *(ushort *)(unaff_gp + -0x5c88)) {
0x172EA2,CONSTANT,,threshold,compared against a constant/value,0x079CBA,MED,if ((((DAT_00172f50 != '\0') && ((DAT_fef0229c & 1) != 0)) && (DAT_00172ea2 <= uVar1)) &&
0x172EA4,CONSTANT,,operand,read in an expression (role unresolved),0x079E38,LOW,uVar3 = (uint)DAT_00172ea4;
0x172EA6,CONSTANT,,operand,read in an expression (role unresolved),0x064506,LOW,uVar1 = DAT_00172ea6;
0x172EA8,CONSTANT,,operand,read in an expression (role unresolved),0x064506,LOW,uVar2 = DAT_00172ea8;
0x172EAA,CONSTANT,,operand,read in an expression (role unresolved),0x064506,LOW,uVar3 = DAT_00172eaa;
0x172EAC,CONSTANT,,threshold,compared against a constant/value,0x06463C,MED,if (_DAT_fef02622 < DAT_00172eac) {
0x172EAE,CONSTANT,,threshold,compared against state 0xFEF02622,0x06463C,HIGH,if (DAT_00172eae < _DAT_fef02622) {
0x172EB0,CONSTANT,,operand,read in an expression (role unresolved),0x06471E,LOW,uVar2 = DAT_00172eb0;
0x172EB2,CONSTANT,,operand,read in an expression (role unresolved),0x064B28,LOW,uVar1 = DAT_00172eb2;
0x172EB4,CONSTANT,,operand,read in an expression (role unresolved),0x064B28,LOW,uVar2 = DAT_00172eb4;
0x172EB6,CONSTANT,,operand,read in an expression (role unresolved),0x064B28,LOW,uVar3 = DAT_00172eb6;
0x172EB8,CONSTANT,,operand,read in an expression (role unresolved),0x064B28,LOW,uVar4 = DAT_00172eb8;
0x172EBA,CONSTANT,,operand,read in an expression (role unresolved),0x064B28,LOW,uVar5 = DAT_00172eba;
0x172EBC,CONSTANT,,operand,read in an expression (role unresolved),0x064B28,LOW,uVar31 = (uint)DAT_00172ebc;
0x172EBE,CONSTANT,,operand,read in an expression (role unresolved),0x064B28,LOW,uVar6 = DAT_00172ebe;
0x172EC0,CONSTANT,,operand,read in an expression (role unresolved),0x064B28,LOW,uVar7 = DAT_00172ec0;
0x172EC2,CONSTANT,,threshold,compared against a constant/value,0x064698,MED,(uint)(*(ushort *)(unaff_gp + -0x5c52) <= DAT_00172ec2) != 1) {
0x172EC4,CONSTANT,,operand,read in an expression (role unresolved),0x0648A6,LOW,uVar2 = DAT_00172ec4;
0x172EC6,CONSTANT,,operand,read in an expression (role unresolved),0x064B28,LOW,uVar8 = DAT_00172ec6;
0x172EC8,CONSTANT,,operand,read in an expression (role unresolved),0x077370,LOW,"uVar1 = FUN_000a1bf6((uint)DAT_00172ec8 << 2,0xff);"
0x172EC9,CONSTANT,,operand,read in an expression (role unresolved),0x077192,LOW,bVar2 = DAT_00172ec9;
0x172ECA,CONSTANT,,operand,read in an expression (role unresolved),0x077192,LOW,bVar3 = DAT_00172eca;
0x172ECB,CONSTANT,,threshold,compared against state 0xFEF02672,0x0681D4,HIGH,FUN_000681b4(DAT_00172ecb <= DAT_fef02672 && DAT_fef02672 < DAT_00172ecc);
0x172ECC,CONSTANT,,threshold,compared against state 0xFEF02672,0x0681D4,HIGH,FUN_000681b4(DAT_00172ecb <= DAT_fef02672 && DAT_fef02672 < DAT_00172ecc);
0x172ECD,FLAG,,operand,read in an expression (role unresolved),0x07766E,LOW,cVar1 = DAT_00172ecd;
0x172ECE,FLAG,,operand,read in an expression (role unresolved),0x07766E,LOW,uVar3 = (uint)DAT_00172ece;
0x172ECF,CONSTANT,,operand,read in an expression (role unresolved),0x06D4CC,LOW,uVar2 = (uint)DAT_00172ecf;
0x172ED0,CONSTANT,,operand,read in an expression (role unresolved),0x067FFC,LOW,bVar4 = DAT_00172ed0;
0x172ED1,CONSTANT,,operand,read in an expression (role unresolved),0x067FFC,LOW,uVar12 = (uint)DAT_00172ed1;
0x172ED2,CONSTANT,,operand,read in an expression (role unresolved),0x067FFC,LOW,bVar5 = DAT_00172ed2;
0x172ED3,CONSTANT,,threshold,compared against a constant/value,0x067DC4,MED,(uint)(DAT_00172ed3 < bVar1) != 1) {
0x172ED4,CONSTANT,,threshold,compared against a constant/value,0x067DC4,MED,if (((uint)(DAT_00172ed4 <= bVar1) +
0x172ED5,CONSTANT,,threshold,compared against state 0xFEF020AE,0x0680AE,HIGH,cVar2 = (DAT_00172ed5 <= DAT_fef020ae) + (DAT_fef02094 & 1) * (DAT_00172ed5 > DAT_fef020ae);
0x172ED6,CONSTANT,,threshold,compared against a constant/value,0x0680AE,MED,cVar2 = (DAT_fef02094 & 1) * (DAT_fef020af < DAT_00172ed6);
0x172ED7,FLAG,,operand,read in an expression (role unresolved),0x067D6A,LOW,else if (DAT_00172ed7 == -0x80) {
0x172ED8,FLAG,,flag-test,bit tested,0x067B7A,MED,if (((DAT_00172ed8 == -0x80) && ((DAT_fef020b6 & 0x20) != 0)) ||
0x172ED9,FLAG,,flag-test,bit tested,0x067B7A,MED,((DAT_00172ed9 == -0x80 && ((DAT_fef020b6 & 0x40) != 0)))) {
0x172EDA,CONSTANT,,operand,read in an expression (role unresolved),0x067BC0,LOW,bVar6 = DAT_00172eda;
0x172EDB,CONSTANT,,operand,operand computing state 0xFEF020AC,0x067BC0,MED,DAT_fef020ac = DAT_00172edb;
0x172EDC,CONSTANT,,operand,operand computing state 0xFEF020AD,0x067BC0,MED,DAT_fef020ad = DAT_00172edc;
0x172EDD,CONSTANT,,operand,read in an expression (role unresolved),0x067CF4,LOW,bVar1 = DAT_00172edd;
0x172EDE,CONSTANT,,operand,read in an expression (role unresolved),0x067CF4,LOW,bVar2 = DAT_00172ede;
0x172EDF,CONSTANT,,threshold,compared against state 0xFEF020B3,0x0679F8,HIGH,iVar1 = (uint)(DAT_00172edf <= DAT_fef020b3) + iVar1 * (uint)(DAT_00172edf > DAT_fef020b3);
0x172EE0,CONSTANT,,threshold,compared against state 0xFEF020B2,0x067A60,HIGH,iVar1 = (uint)(DAT_00172ee0 <= DAT_fef020b2) + iVar1 * (uint)(DAT_00172ee0 > DAT_fef020b2);
0x172EE1,CONSTANT,,operand,read in an expression (role unresolved),0x07864A,LOW,bVar1 = DAT_00172ee1;
0x172EE2,FLAG,,operand,read in an expression (role unresolved),0x076EE4,LOW,cVar2 = DAT_00172ee2;
0x172EE3,FLAG,,operand,read in an expression (role unresolved),0x076D7E,LOW,cVar7 = DAT_00172ee3;
0x172EE4,CONSTANT,,operand,read in an expression (role unresolved),0x067750,LOW,uVar6 = (uint)DAT_00172ee4;
0x172EE5,FLAG,,operand,read in an expression (role unresolved),0x067750,LOW,bVar2 = DAT_00172ee5;
0x172EE6,FLAG,,operand,read in an expression (role unresolved),0x067820,LOW,if (DAT_00172ee6 == -0x80) {
0x172EE7,CONSTANT,,bitmask,bit set/clear mask,0x067820,MED,"FUN_000a1a66(&uStack_a,(-(uint)DAT_00172ee7 & 0xff) << 8,_DAT_fef0208c);"
0x172EE8,CONSTANT,,threshold,compared against state 0xFEF01A00,0x065072,HIGH,if (DAT_00172ee8 <= DAT_fef01a00) {
0x172EE9,CONSTANT,,threshold,compared against state 0xFEF01A01,0x0650D0,HIGH,if (DAT_00172ee9 <= DAT_fef01a01) {
0x172EEA,CONSTANT,,threshold,compared against state 0xFEF01A02,0x065128,HIGH,if (DAT_00172eea <= DAT_fef01a02) {
0x172EEB,CONSTANT,,threshold,compared against state 0xFEF01A03,0x06516A,HIGH,if (DAT_00172eeb <= DAT_fef01a03) {
0x172EEC,FLAG,,operand,read in an expression (role unresolved),0x0651AC,LOW,cVar1 = DAT_00172eec;
0x172EED,CONSTANT,,operand,read in an expression (role unresolved),0x0653B6,LOW,bVar3 = DAT_00172eed;
0x172EEE,FLAG,,operand,read in an expression (role unresolved),0x05CE7C,LOW,if (DAT_00172eee == -0x80) {
0x172EEF,CONSTANT,EVAP Purge (decoded),operand,read in an expression (role unresolved),0x06660C,LOW,bVar9 = DAT_00172eef;
0x172EF0,CONSTANT,,threshold,compared against a constant/value,0x0665CE,MED,if ((byte)((bVar1 <= DAT_00172ef0) +
0x172EF1,CONSTANT,,threshold,compared against a constant/value,0x0665CE,MED,(DAT_fef01ff3 & 1) * (bVar1 < DAT_00172ef1) * (DAT_00172ef0 < bVar1)) != '\x01') {
0x172EF2,CONSTANT,EVAP Purge (decoded),operand,read in an expression (role unresolved),0x06660C,LOW,bVar10 = DAT_00172ef2;
0x172EF3,CONSTANT,,operand,read in an expression (role unresolved),0x066868,LOW,bVar8 = DAT_00172ef3;
0x172EF4,FLAG,,operand,read in an expression (role unresolved),0x066868,LOW,cVar9 = DAT_00172ef4;
0x172EF5,CONSTANT,,operand,read in an expression (role unresolved),0x066868,LOW,bVar10 = DAT_00172ef5;
0x172EF6,FLAG,,operand,read in an expression (role unresolved),0x066868,LOW,bVar11 = DAT_00172ef6;
0x172EF7,CONSTANT,,operand,read in an expression (role unresolved),0x066868,LOW,bVar12 = DAT_00172ef7;
0x172EF8,FLAG,,operand,read in an expression (role unresolved),0x066AEE,LOW,if (DAT_00172ef8 != -0x80) {
0x172EF9,FLAG,,operand,read in an expression (role unresolved),0x065C2E,LOW,if (DAT_00172ef9 == -0x80) {
0x172EFA,FLAG,,operand,read in an expression (role unresolved),0x065A6A,LOW,bVar1 = DAT_00172efa;
0x172EFB,FLAG,,threshold,compared against a constant/value,0x0656EC,MED,if (bVar1 <= DAT_00172efb) {
0x172EFC,CONSTANT,,threshold,compared against a constant/value,0x0656EC,MED,if (DAT_00172efc <= bVar1) {
0x172EFD,CONSTANT,,threshold,compared against a constant/value,0x0656EC,MED,if (bVar1 <= DAT_00172efd) {
0x172EFE,CONSTANT,,threshold,compared against a constant/value,0x0656EC,MED,if (DAT_00172efe <= bVar1) {
0x172EFF,CONSTANT,,operand,read in an expression (role unresolved),0x0657EA,LOW,if ((iVar2 == 1) || ((DAT_00172eff & bVar1) != 0)) {
0x172F00,FLAG,,flag-test,bit tested,0x06581A,MED,if ((((DAT_00172f00 == -0x80) || ((DAT_fef01a05 & 0x20) != 0)) && ((DAT_fef01a05 & 0x40) != 0)) ||
0x172F01,FLAG,,threshold,compared against a constant/value,0x065B08,MED,if (DAT_00172f01 <= bVar1) {
0x172F02,FLAG,,threshold,compared against a constant/value,0x0658C4,MED,if (bVar1 <= DAT_00172f02) {
0x172F03,CONSTANT,,threshold,compared against a constant/value,0x0658C4,MED,if (DAT_00172f03 <= bVar1) {
0x172F04,CONSTANT,,threshold,compared against a constant/value,0x0658C4,MED,if (bVar1 <= DAT_00172f04) {
0x172F05,CONSTANT,,threshold,compared against a constant/value,0x0658C4,MED,if (DAT_00172f05 <= bVar1) {
0x172F06,FLAG,,operand,read in an expression (role unresolved),0x031210,LOW,cVar1 = DAT_00172f06;
0x172F07,CONSTANT,,operand,read in an expression (role unresolved),0x066EEC,LOW,bVar6 = DAT_00172f07;
0x172F08,CONSTANT,,operand,read in an expression (role unresolved),0x066CF2,LOW,uVar5 = (uint)DAT_00172f08;
0x172F09,CONSTANT,,operand,read in an expression (role unresolved),0x066CF2,LOW,uVar4 = (uint)DAT_00172f09;
0x172F0A,FLAG,,operand,read in an expression (role unresolved),0x0670DE,LOW,if (((((DAT_00172f0a == -0x80) && (param_1 == '\x02')) && ((DAT_fef02001 & 8) == 0)) &&
0x172F0B,CONSTANT,,operand,read in an expression (role unresolved),0x066CF2,LOW,uVar3 = (uint)DAT_00172f0b;
0x172F0C,CONSTANT,,operand,read in an expression (role unresolved),0x066CF2,LOW,uVar2 = (uint)DAT_00172f0c;
0x172F0D,FLAG,Speed Monitor :: Threshold vs Rear Wheel Speed,operand,read in an expression (role unresolved),0x02FF50,LOW,cVar20 = DAT_00172f0d;
0x172F0E,CONSTANT,,threshold,compared against a constant/value,0x07AA22,MED,(uint)(DAT_00172f0e < bVar1) != 1) {
0x172F0F,CONSTANT,,threshold,compared against a constant/value,0x07AA22,MED,if (((uint)(DAT_00172f0f <= bVar1) +
0x172F10,FLAG,,operand,read in an expression (role unresolved),0x066452,LOW,if (((DAT_00172f10 != -0x80) || ((int)((uint)bVar1 << 0x1d) < 0)) || (iVar2 != 0)) {
0x172F11,FLAG,,threshold,compared against a constant/value,0x065E96,MED,((DAT_00172f11 == '\0' || ((*(byte *)(unaff_gp + -0x5b67) & 1) == 0)))) {
0x172F12,FLAG,,operand,read in an expression (role unresolved),0x0661D0,LOW,cVar1 = DAT_00172f12;
0x172F13,CONSTANT,,threshold,compared against state 0xFEF01A0E,0x065FEA,HIGH,"if ((bVar4 != 1) || (uVar3 = 1, DAT_fef01a0e < DAT_00172f13)) goto LAB_00066050;"
0x172F14,CONSTANT,,threshold,compared against state 0xFEF01A0F,0x0660A8,HIGH,if ((DAT_00172f14 <= DAT_fef01a0f) &&
0x172F15,FLAG,,operand,read in an expression (role unresolved),0x066394,LOW,cVar1 = DAT_00172f15;
0x172F16,FLAG,,operand,read in an expression (role unresolved),0x06613E,LOW,if ((((int)((uint)bVar1 << 0x1e) < 0) || (iVar2 == 1)) && (DAT_00172f16 == -0x80)) {
0x172F17,CONSTANT,,operand,read in an expression (role unresolved),0x065DD8,LOW,if (DAT_00172f17 <= *(byte *)(unaff_gp + -0x5bbd)) {
0x172F18,CONSTANT,,operand,read in an expression (role unresolved),0x065DD8,LOW,bVar1 = DAT_00172f18;
0x172F19,CONSTANT,,operand,read in an expression (role unresolved),0x065DFE,LOW,if (DAT_00172f19 <= *(byte *)(unaff_gp + -0x5bc0)) {
0x172F1A,CONSTANT,,operand,read in an expression (role unresolved),0x065DFE,LOW,bVar1 = DAT_00172f1a;
0x172F1B,CONSTANT,,operand,read in an expression (role unresolved),0x065E24,LOW,if (DAT_00172f1b <= *(byte *)(unaff_gp + -0x5bc0)) {
0x172F1C,CONSTANT,,operand,read in an expression (role unresolved),0x065E24,LOW,bVar1 = DAT_00172f1c;
0x172F1D,CONSTANT,,threshold,compared against state 0xFEF01A10,0x065E96,HIGH,"if ((bVar4 != 1) || (uVar3 = 1, DAT_fef01a10 < DAT_00172f1d)) goto LAB_00065efc;"
0x172F1E,CONSTANT,,threshold,compared against state 0xFEF01A11,0x065F54,HIGH,if ((DAT_00172f1e <= DAT_fef01a11) &&
0x172F1F,CONSTANT,,operand,read in an expression (role unresolved),0x065E4A,LOW,if (DAT_00172f1f <= *(byte *)(unaff_gp + -0x5bc0)) {
0x172F20,CONSTANT,,operand,read in an expression (role unresolved),0x065E4A,LOW,bVar1 = DAT_00172f20;
0x172F21,CONSTANT,,operand,read in an expression (role unresolved),0x065E70,LOW,if (DAT_00172f21 <= *(byte *)(unaff_gp + -0x5bc0)) {
0x172F22,CONSTANT,,operand,read in an expression (role unresolved),0x065E70,LOW,bVar1 = DAT_00172f22;
0x172F23,CONSTANT,,operand,read in an expression (role unresolved),0x066290,LOW,uVar4 = DAT_00172f23;
0x172F24,FLAG,,operand,read in an expression (role unresolved),0x07A684,LOW,if ((DAT_00172f24 == -0x80) && ((iVar2 == 1 || (iVar3 == 1)))) {
0x172F25,FLAG,,operand,read in an expression (role unresolved),0x07A684,LOW,if (DAT_00172f25 == -0x80) {
0x172F26,FLAG,,threshold,compared against a constant/value,0x078058,MED,if (DAT_00172f26 == '\0') {
0x172F27,CONSTANT,,unref,not read by code (data-only),0x078058,LOW,
0x172F28,CONSTANT,,threshold,compared against a constant/value,0x039F22,MED,((-1 < (int)((uint)bVar1 << 0x1d) && (DAT_00172f28 != '\0')))) {
0x172F29,CONSTANT,,operand,read in an expression (role unresolved),0x078534,LOW,bVar7 = DAT_00172f29;
0x172F2A,FLAG,,operand,read in an expression (role unresolved),0x06D3C4,LOW,cVar3 = DAT_00172f2a;
0x172F2B,FLAG,,operand,read in an expression (role unresolved),0x06D3C4,LOW,if (((DAT_00172f2b != -0x80) || (uVar1 < 0x3e1)) || (0x14 < uVar2)) {
0x172F2C,FLAG,,unref,not read by code (data-only),0x06A55C,LOW,
0x172F2D,FLAG,Steering Damper (ESD) (decoded),operand,read in an expression (role unresolved),0x078308,LOW,cVar4 = DAT_00172f2d;
0x172F2E,FLAG,,threshold,compared against a constant/value,0x0782CC,MED,if (DAT_00172f2e != 0) {
0x172F2F,FLAG,Steering Damper (ESD) (decoded),threshold,compared against a constant/value,0x077DC2,MED,((((cVar2 != '\x01' || (DAT_00172f2f != '\x01')) &&
0x172F30,FLAG,Steering Damper (ESD) (decoded),threshold,compared against a constant/value,0x077DC2,MED,((cVar2 != '\x02' || (DAT_00172f30 != '\x01')))) &&
0x172F31,FLAG,Steering Damper (ESD) (decoded),threshold,compared against a constant/value,0x077DC2,MED,((cVar2 != '\x03' || (DAT_00172f31 != '\x01')))))) {
0x172F32,FLAG,,operand,read in an expression (role unresolved),0x04C92E,LOW,cVar5 = DAT_00172f32;
0x172F33,CONSTANT,,threshold,compared against state 0xFEF0224C,0x04CA04,HIGH,bVar1 = DAT_00172f33 <= DAT_fef0224c;
0x172F34,CONSTANT,,operand,read in an expression (role unresolved),0x079384,LOW,uVar8 = (uint)DAT_00172f34;
0x172F35,CONSTANT,,operand,read in an expression (role unresolved),0x079384,LOW,bVar3 = DAT_00172f35;
0x172F36,CONSTANT,,operand,read in an expression (role unresolved),0x079384,LOW,uVar7 = (uint)DAT_00172f36;
0x172F37,CONSTANT,,operand,read in an expression (role unresolved),0x078CB8,LOW,uVar9 = (uint)DAT_00172f37;
0x172F38,CONSTANT,,operand,read in an expression (role unresolved),0x078AE0,LOW,bVar4 = DAT_00172f38;
0x172F39,CONSTANT,,operand,read in an expression (role unresolved),0x078AE0,LOW,bVar2 = DAT_00172f39;
0x172F3A,CONSTANT,,operand,read in an expression (role unresolved),0x07902E,LOW,uVar4 = (uint)DAT_00172f3a;
0x172F3B,CONSTANT,,operand,read in an expression (role unresolved),0x078E9A,LOW,"uVar3 = FUN_000a1ce4(uVar5,DAT_00172f3b);"
0x172F3C,CONSTANT,,operand,read in an expression (role unresolved),0x078E9A,LOW,"uVar3 = FUN_000a1cd2(uVar5,DAT_00172f3c);"
0x172F3D,CONSTANT,,operand,read in an expression (role unresolved),0x078E9A,LOW,cVar2 = DAT_00172f3d;
0x172F3E,CONSTANT,,operand,read in an expression (role unresolved),0x078E9A,LOW,uVar1 = DAT_00172f3e;
0x172F3F,CONSTANT,,operand,read in an expression (role unresolved),0x078A26,LOW,"uVar1 = FUN_000a1bf6((ushort)DAT_00172f3f + (ushort)DAT_fef0225b * (ushort)DAT_00172f41,0xff);"
0x172F40,CONSTANT,,operand,read in an expression (role unresolved),0x078A26,LOW,uVar2 = (uint)DAT_00172f40;
0x172F41,CONSTANT,,gain,multiplier in a calc,0x078A26,MED,"uVar1 = FUN_000a1bf6((ushort)DAT_00172f3f + (ushort)DAT_fef0225b * (ushort)DAT_00172f41,0xff);"
0x172F42,CONSTANT,,operand,read in an expression (role unresolved),0x078A26,LOW,uVar3 = (uint)DAT_00172f42;
0x172F43,CONSTANT,Ride Mode Presets,operand,read in an expression (role unresolved),0x07919A,LOW,"(cVar8 = DAT_00172f43, (*(byte *)(unaff_gp + -0x5d11) & 1) == 0)) {"
0x172F44,CONSTANT,Ride Mode Presets,operand,read in an expression (role unresolved),0x07919A,LOW,uVar10 = (uint)DAT_00172f44;
0x172F45,FLAG,Ride Mode Presets,operand,read in an expression (role unresolved),0x07919A,LOW,if (DAT_00172f45 == -0x80) {
0x172F46,CONSTANT,,operand,read in an expression (role unresolved),0x079124,LOW,cVar1 = DAT_00172f46;
0x172F47,CONSTANT,Speed Monitor :: Threshold vs Rear Wheel Speed,operand,read in an expression (role unresolved),0x079124,LOW,uVar2 = (uint)DAT_00172f47;
0x172F48,CONSTANT,,operand,read in an expression (role unresolved),0x078DD4,LOW,uVar5 = DAT_00172f48;
0x172F49,CONSTANT,,threshold,compared against state 0xFEF02255,0x078AE0,HIGH,if (DAT_00172f49 <= DAT_fef02255) {
0x172F4A,CONSTANT,,operand,read in an expression (role unresolved),0x078AE0,LOW,bVar6 = DAT_00172f4a;
0x172F4B,FLAG,,threshold,compared against a constant/value,0x05CFFC,MED,if (DAT_00172f4b != '\0') {
0x172F4C,CONSTANT,,gain,multiplier in a calc,0x078744,MED,((ushort)((ushort)DAT_00172f4c * 0x100) <= *(ushort *)(unaff_gp + -0x5bda))) {
0x172F4D,CONSTANT,,operand,read in an expression (role unresolved),0x0787C2,LOW,bVar1 = DAT_00172f4d;
0x172F4E,CONSTANT,,gain,multiplier in a calc,0x078776,MED,((ushort)((ushort)DAT_00172f4e * 0x100) <= *(ushort *)(unaff_gp + -0x5bda))) {
0x172F4F,CONSTANT,,threshold,compared against a constant/value,0x078858,MED,if (DAT_fef02249 < DAT_00172f4f) {
0x172F50,FLAG,,threshold,compared against a constant/value,0x07A3C8,MED,if ((((DAT_00172f50 != '\0') && ((DAT_fef0229c & 1) != 0)) && (DAT_00172ea2 <= uVar1)) &&
0x172F51,CONSTANT,,threshold,compared against a constant/value,0x079CBA,MED,"if (((DAT_00172f51 != '\0') && (iVar3 = FUN_0007a612(), iVar3 == 1)) && (uVar2 <= uVar1)) {"
0x172F52,CONSTANT,,operand,read in an expression (role unresolved),0x079DFE,LOW,uVar2 = (uint)DAT_00172f52;
0x172F53,CONSTANT,,operand,read in an expression (role unresolved),0x07A2C0,LOW,uVar5 = (uint)DAT_00172f53;
0x172F54,CONSTANT,,threshold,compared against state 0xFEF02298,0x079CBA,HIGH,if (DAT_00172f54 <= DAT_fef02298) {
0x172F55,CONSTANT,,operand,read in an expression (role unresolved),0x07A2C0,LOW,uVar4 = (uint)DAT_00172f55;
0x172F56,CONSTANT,,operand,read in an expression (role unresolved),0x079E38,LOW,bVar1 = DAT_00172f56;
0x172F57,CONSTANT,,operand,read in an expression (role unresolved),0x07A2C0,LOW,uVar3 = (uint)DAT_00172f57;
0x172F59,CONSTANT,,threshold,compared against a constant/value,0x064EC4,MED,bVar1 = bVar3 < DAT_00172f59;
0x172F5A,FLAG,,operand,read in an expression (role unresolved),0x064F82,LOW,cVar3 = DAT_00172f5a;
0x172F5B,CONSTANT,,operand,read in an expression (role unresolved),0x064B28,LOW,cVar9 = DAT_00172f5b;
0x172F5C,CONSTANT,,operand,read in an expression (role unresolved),0x064B28,LOW,cVar10 = DAT_00172f5c;
0x172F5D,CONSTANT,,operand,read in an expression (role unresolved),0x064B28,LOW,bVar11 = DAT_00172f5d;
0x172F5E,CONSTANT,,operand,read in an expression (role unresolved),0x064B28,LOW,cVar12 = DAT_00172f5e;
0x172F5F,CONSTANT,,operand,read in an expression (role unresolved),0x064B28,LOW,cVar13 = DAT_00172f5f;
0x172F60,CONSTANT,,operand,read in an expression (role unresolved),0x064B28,LOW,cVar14 = DAT_00172f60;
0x172F61,CONSTANT,,operand,read in an expression (role unresolved),0x064B28,LOW,cVar15 = DAT_00172f61;
0x172F62,CONSTANT,,operand,read in an expression (role unresolved),0x064B28,LOW,bVar16 = DAT_00172f62;
0x172F63,CONSTANT,,operand,read in an expression (role unresolved),0x064B28,LOW,cVar17 = DAT_00172f63;
0x172F64,CONSTANT,,unref,not read by code (data-only),0x0648F2,LOW,
0x172F65,FLAG,,threshold,compared against a constant/value,0x0646C8,MED,cVar2 = DAT_fef01fdb * (*(char *)(unaff_gp + -0x5d30) == DAT_00172f65);
0x172F66,FLAG,,operand,read in an expression (role unresolved),0x064B28,LOW,bVar18 = DAT_00172f66;
0x172F68,CONSTANT,,operand,read in an expression (role unresolved),0x066266,LOW,if (param_1 <= (byte)(&DAT_00172f68)[uVar1]) {
0x172F84,FLAG,,operand,operand computing state 0xFEF01A13,0x066290,MED,DAT_fef01a13 = (&DAT_00172f84)[uVar7];
0x172FCC,TABLE,,map,table (reader indirect),,LOW,
0x173058,TABLE,,map,table (reader indirect),,LOW,
0x173120,TABLE,,map,table (reader indirect),,LOW,
0x1731EC,TABLE,,map,table (reader indirect),,LOW,
0x17322C,TABLE,,map,table (reader indirect),,LOW,
0x173288,TABLE,,map,table (reader indirect),,LOW,
0x1732C4,TABLE,,map,table (reader indirect),,LOW,
0x17333C,TABLE,,map,table (reader indirect),,LOW,
0x1733D4,TABLE,,map,table (reader indirect),,LOW,
0x1733F4,TABLE,,map,table (reader indirect),,LOW,
0x173414,TABLE,,map,table (reader indirect),,LOW,
0x17343C,TABLE,,map,table (reader indirect),,LOW,
0x173464,TABLE,,map,table (reader indirect),,LOW,
0x17348C,TABLE,,map,table (reader indirect),,LOW,
0x1734AC,TABLE,,map,table (reader indirect),,LOW,
0x173554,TABLE,,map,table (reader indirect),,LOW,
0x1735EC,TABLE,,map,table (reader indirect),,LOW,
0x173684,TABLE,,map,table (reader indirect),,LOW,
0x17371C,TABLE,,map,table (reader indirect),,LOW,
0x1737B4,TABLE,,map,table (reader indirect),,LOW,
0x1742B0,CONSTANT,,operand,read in an expression (role unresolved),0x087292,LOW,puVar1 = PTR_DAT_001742b0;
0x1742B4,CONSTANT,,operand,read in an expression (role unresolved),0x01B6B4,LOW,(*(uint *)(unaff_gp + -0x6a70) <= (uint)DAT_001742b4)) {
0x1742BC,CONSTANT,,operand,read in an expression (role unresolved),0x082CBA,LOW,uVar1 = DAT_001742bc;
0x1742BE,CONSTANT,,operand,read in an expression (role unresolved),0x082F5A,LOW,uVar4 = (uint)DAT_001742be;
0x1742C0,CONSTANT,,operand,read in an expression (role unresolved),0x0853A8,LOW,uVar7 = DAT_001742c0;
0x1742C2,CONSTANT,,operand,read in an expression (role unresolved),0x0853A8,LOW,uVar8 = DAT_001742c2;
0x1742C4,CONSTANT,,operand,read in an expression (role unresolved),0x0853A8,LOW,uVar9 = DAT_001742c4;
0x1742C6,CONSTANT,,operand,read in an expression (role unresolved),0x0853A8,LOW,uVar10 = DAT_001742c6;
0x1742C8,CONSTANT,,operand,read in an expression (role unresolved),0x0853A8,LOW,uVar11 = DAT_001742c8;
0x1742CA,CONSTANT,,operand,read in an expression (role unresolved),0x0853A8,LOW,uVar12 = DAT_001742ca;
0x1742CC,CONSTANT,,operand,read in an expression (role unresolved),0x0853A8,LOW,uVar13 = DAT_001742cc;
0x1742CE,CONSTANT,,operand,read in an expression (role unresolved),0x0853A8,LOW,uVar14 = DAT_001742ce;
0x1742D0,CONSTANT,,operand,read in an expression (role unresolved),0x085576,LOW,uVar7 = DAT_001742d0;
0x1742D2,CONSTANT,,offset,added/subtracted in a calc,0x03C6AC,MED,uVar3 = (uint)DAT_00155c49 + (uint)DAT_001742d2;
0x1742D4,CONSTANT,,operand,read in an expression (role unresolved),0x08525C,LOW,uVar1 = DAT_001742d4;
0x1742D6,CONSTANT,,operand,read in an expression (role unresolved),0x08591A,LOW,uVar7 = DAT_001742d6;
0x1742D8,CONSTANT,,operand,read in an expression (role unresolved),0x08591A,LOW,uVar8 = DAT_001742d8;
0x1742DA,CONSTANT,,operand,read in an expression (role unresolved),0x08591A,LOW,uVar9 = DAT_001742da;
0x1742DC,CONSTANT,,operand,read in an expression (role unresolved),0x08591A,LOW,uVar10 = DAT_001742dc;
0x1742DE,CONSTANT,,operand,read in an expression (role unresolved),0x08591A,LOW,uVar11 = DAT_001742de;
0x1742E0,CONSTANT,,operand,read in an expression (role unresolved),0x08591A,LOW,uVar12 = DAT_001742e0;
0x1742E2,CONSTANT,,operand,read in an expression (role unresolved),0x08591A,LOW,uVar13 = DAT_001742e2;
0x1742E4,CONSTANT,,operand,read in an expression (role unresolved),0x08591A,LOW,uVar14 = DAT_001742e4;
0x1742E6,CONSTANT,,operand,read in an expression (role unresolved),0x085840,LOW,uVar4 = (uint)DAT_001742e6;
0x1742E8,CONSTANT,,offset,added/subtracted in a calc,0x085840,MED,iVar6 = uVar4 - DAT_001742e8;
0x1742EA,CONSTANT,,operand,read in an expression (role unresolved),0x083CD6,LOW,uVar2 = DAT_001742ea;
0x1742EC,CONSTANT,,operand,read in an expression (role unresolved),0x0871B0,LOW,uVar1 = DAT_001742ec;
0x1742EE,CONSTANT,,operand,read in an expression (role unresolved),0x0871B0,LOW,uVar2 = DAT_001742ee;
0x1742F0,CONSTANT,,operand,read in an expression (role unresolved),0x0870C8,LOW,uVar1 = DAT_001742f0;
0x1742F2,CONSTANT,,gain,multiplier in a calc,0x083982,MED,"(int)((uint)_DAT_fef025d6 * (uint)DAT_001742f2 * 0x20) / 0x555a + -0x614a,"
0x1742F4,CONSTANT,,operand,read in an expression (role unresolved),0x083982,LOW,uVar2 = FUN_000a1cc2((uint)DAT_001742f4 +
0x1742F6,CONSTANT,,operand,operand computing state 0xFEF011D0,0x05A7A8,MED,_DAT_fef011d0 = DAT_001742f6;
0x1742F8,CONSTANT,,gain,multiplier in a calc,0x0836C6,MED,uVar4 = FUN_000a1cc2((uint)DAT_001742fa + (((uint)uVar1 * (uint)DAT_001742f8) / 0x32 << 5) / 0x1b5
0x1742FA,CONSTANT,,operand,read in an expression (role unresolved),0x0836C6,LOW,uVar4 = FUN_000a1cc2((uint)DAT_001742fa + (((uint)uVar1 * (uint)DAT_001742f8) / 0x32 << 5) / 0x1b5
0x1742FC,CONSTANT,,operand,read in an expression (role unresolved),0x08377C,LOW,uVar10 = (uint)DAT_001742fc;
0x1742FE,CONSTANT,,operand,read in an expression (role unresolved),0x08377C,LOW,uVar11 = (uint)DAT_001742fe;
0x174300,CONSTANT,,operand,read in an expression (role unresolved),0x0831E8,LOW,uVar2 = DAT_00174300;
0x174302,CONSTANT,,operand,read in an expression (role unresolved),0x0831E8,LOW,uVar3 = DAT_00174302;
0x174304,CONSTANT,,operand,read in an expression (role unresolved),0x083140,LOW,uVar3 = (uint)DAT_00174304;
0x174306,CONSTANT,,operand,read in an expression (role unresolved),0x082622,LOW,uVar3 = (uint)DAT_00174306;
0x174308,CONSTANT,,operand,read in an expression (role unresolved),0x082722,LOW,uVar3 = (uint)DAT_00174308;
0x17430A,CONSTANT,,offset,added/subtracted in a calc,0x082622,MED,"uVar8 = FUN_000a1c02((uVar4 << 0xf) / ((uint)DAT_0017430e - (uint)DAT_0017430a),0xffff);"
0x17430C,CONSTANT,,operand,read in an expression (role unresolved),0x082722,LOW,"uVar2 = FUN_000a1d0a(DAT_00174310,DAT_0017430c);"
0x17430E,CONSTANT,,operand,operand computing state 0xFEF073B6,0x06A55C,MED,_DAT_fef073b6 = DAT_0017430e;
0x174310,CONSTANT,,operand,operand computing state 0xFEF073B8,0x06A55C,MED,_DAT_fef073b8 = DAT_00174310;
0x174312,CONSTANT,,operand,read in an expression (role unresolved),0x082966,LOW,uVar4 = (uint)DAT_00174312;
0x174314,CONSTANT,,operand,read in an expression (role unresolved),0x082966,LOW,uVar1 = DAT_00174314;
0x174316,CONSTANT,,operand,read in an expression (role unresolved),0x082966,LOW,uVar3 = (uint)DAT_00174316;
0x174318,CONSTANT,,operand,read in an expression (role unresolved),0x082A04,LOW,"iVar6 = FUN_000a1d0a(DAT_00174318,*(undefined2 *)(unaff_gp + -0x5c44));"
0x17431A,CONSTANT,,operand,read in an expression (role unresolved),0x082A04,LOW,uVar2 = DAT_0017431a;
0x17431C,CONSTANT,,operand,read in an expression (role unresolved),0x084C06,LOW,bVar1 = DAT_0017431c <= *(ushort *)(unaff_gp + -0x5c86);
0x17431E,CONSTANT,,operand,read in an expression (role unresolved),0x084CD0,LOW,"uVar4 = FUN_000a1b74(DAT_0017431e,2);"
0x174320,CONSTANT,,operand,read in an expression (role unresolved),0x084CD0,LOW,"uVar5 = FUN_000a1b74(DAT_00174320,2);"
0x174322,CONSTANT,,operand,read in an expression (role unresolved),0x084CD0,LOW,uVar7 = (uint)DAT_00174322;
0x174324,CONSTANT,Sensor :: ECT Conversion (ADC -&gt; deg C) | Main,gain,multiplier in a calc,0x084DC0,MED,uVar14 = (uint)DAT_00174324 * (uint)bVar1 + (uint)DAT_00174326 * (uint)!bVar1;
0x174326,CONSTANT,Sensor :: ECT Conversion (ADC -&gt; deg C) | Main,gain,multiplier in a calc,0x084DC0,MED,uVar14 = (uint)DAT_00174324 * (uint)bVar1 + (uint)DAT_00174326 * (uint)!bVar1;
0x174328,CONSTANT,Sensor :: ECT Conversion (ADC -&gt; deg C) | Main,operand,read in an expression (role unresolved),0x06E150,LOW,"uVar8 = FUN_000a1c70(uVar8,DAT_0017432a,DAT_00174328);"
0x17432A,CONSTANT,Sensor :: ECT Conversion (ADC -&gt; deg C) | Main,operand,read in an expression (role unresolved),0x06E150,LOW,"uVar8 = FUN_000a1c70(uVar8,DAT_0017432a,DAT_00174328);"
0x17432C,CONSTANT,Sensor :: ECT Conversion (ADC -&gt; deg C) | Main,operand,read in an expression (role unresolved),0x06E150,LOW,uVar9 = DAT_0017432c;
0x17432E,CONSTANT,Sensor :: ECT Conversion (ADC -&gt; deg C) | Main,operand,read in an expression (role unresolved),0x06E150,LOW,uVar10 = DAT_0017432e;
0x174330,CONSTANT,Sensor :: ECT Conversion (ADC -&gt; deg C) | Main,operand,read in an expression (role unresolved),0x06E150,LOW,uVar11 = DAT_00174330;
0x174332,CONSTANT,Sensor :: ECT Conversion (ADC -&gt; deg C) | Main,operand,read in an expression (role unresolved),0x06E150,LOW,uVar12 = DAT_00174332;
0x174334,CONSTANT,Sensor :: ECT Conversion (ADC -&gt; deg C) | Main,operand,read in an expression (role unresolved),0x06E150,LOW,uVar13 = DAT_00174334;
0x174336,CONSTANT,Sensor :: ECT Conversion (ADC -&gt; deg C) | Main,operand,read in an expression (role unresolved),0x06E150,LOW,uVar1 = DAT_00174336;
0x174338,CONSTANT,Sensor :: ECT Conversion (ADC -&gt; deg C) | Main,operand,read in an expression (role unresolved),0x06E150,LOW,uVar2 = DAT_00174338;
0x17433A,CONSTANT,Sensor :: ECT Conversion (ADC -&gt; deg C) | Main,operand,read in an expression (role unresolved),0x06E150,LOW,uVar3 = DAT_0017433a;
0x17433C,CONSTANT,Sensor :: ECT Conversion (ADC -&gt; deg C) | Main,operand,read in an expression (role unresolved),0x06E150,LOW,uVar4 = DAT_0017433c;
0x17433E,CONSTANT,Sensor :: ECT Conversion (ADC -&gt; deg C) | Main,operand,read in an expression (role unresolved),0x06E150,LOW,uVar5 = DAT_0017433e;
0x174340,CONSTANT,Sensor :: ECT Conversion (ADC -&gt; deg C) | Main,operand,read in an expression (role unresolved),0x06E150,LOW,uVar6 = DAT_00174340;
0x174342,CONSTANT,Sensor :: ECT Conversion (ADC -&gt; deg C) | Main,operand,read in an expression (role unresolved),0x06E150,LOW,uVar7 = DAT_00174342;
0x174344,CONSTANT,,operand,read in an expression (role unresolved),0x085F40,LOW,"uVar1 = FUN_000a1c02(((uint)DAT_00174344 << 0xf) / ((uint)DAT_00174348 - (uint)DAT_0017434c),"
0x174346,CONSTANT,,operand,read in an expression (role unresolved),0x085FDE,LOW,"uVar1 = FUN_000a1c02(((uint)DAT_00174346 << 0xf) / ((uint)DAT_0017434a - (uint)DAT_0017434e),"
0x174348,CONSTANT,,operand,read in an expression (role unresolved),0x085F40,LOW,if ((uint)DAT_00174348 != (uint)DAT_0017434c) {
0x17434A,CONSTANT,,operand,read in an expression (role unresolved),0x085FDE,LOW,if ((uint)DAT_0017434a != (uint)DAT_0017434e) {
0x17434C,CONSTANT,,offset,added/subtracted in a calc,0x085F40,MED,"uVar1 = FUN_000a1c02(((uint)DAT_00174344 << 0xf) / ((uint)DAT_00174348 - (uint)DAT_0017434c),"
0x17434E,CONSTANT,,offset,added/subtracted in a calc,0x085FDE,MED,"uVar1 = FUN_000a1c02(((uint)DAT_00174346 << 0xf) / ((uint)DAT_0017434a - (uint)DAT_0017434e),"
0x174350,CONSTANT,,operand,read in an expression (role unresolved),0x06D7DA,LOW,"uVar2 = FUN_000a1c70(uVar2,DAT_00174354,DAT_00174350);"
0x174352,CONSTANT,,operand,read in an expression (role unresolved),0x06D7DA,LOW,uVar3 = DAT_00174352;
0x174354,CONSTANT,,operand,read in an expression (role unresolved),0x06D7DA,LOW,"uVar2 = FUN_000a1c70(uVar2,DAT_00174354,DAT_00174350);"
0x174356,CONSTANT,,operand,read in an expression (role unresolved),0x06D7DA,LOW,uVar1 = DAT_00174356;
0x174358,CONSTANT,,threshold,compared against a constant/value,0x0863AA,MED,if (DAT_00174358 < uVar15) {
0x17435A,CONSTANT,,threshold,compared against a constant/value,0x08651C,MED,if (DAT_0017435a < uVar15) {
0x17435C,CONSTANT,,operand,read in an expression (role unresolved),0x0863AA,LOW,uVar5 = DAT_0017435c;
0x17435E,CONSTANT,,operand,read in an expression (role unresolved),0x08651C,LOW,uVar5 = DAT_0017435e;
0x174360,CONSTANT,,operand,read in an expression (role unresolved),0x0863AA,LOW,uVar6 = DAT_00174360;
0x174362,CONSTANT,,operand,read in an expression (role unresolved),0x08651C,LOW,uVar6 = DAT_00174362;
0x174364,CONSTANT,,operand,read in an expression (role unresolved),0x0863AA,LOW,uVar7 = DAT_00174364;
0x174366,CONSTANT,,operand,read in an expression (role unresolved),0x08651C,LOW,uVar7 = DAT_00174366;
0x174368,CONSTANT,,operand,read in an expression (role unresolved),0x08617C,LOW,uVar6 = (uint)DAT_00174368;
0x17436A,CONSTANT,,operand,read in an expression (role unresolved),0x08617C,LOW,uVar1 = DAT_0017436a;
0x17436C,CONSTANT,,operand,read in an expression (role unresolved),0x08617C,LOW,uVar3 = (uint)DAT_0017436c;
0x17436E,CONSTANT,,operand,read in an expression (role unresolved),0x08621A,LOW,"iVar6 = FUN_000a1d0a(*(undefined2 *)(unaff_gp + -0x5c56),DAT_0017436e);"
0x174370,CONSTANT,,operand,read in an expression (role unresolved),0x08621A,LOW,uVar2 = DAT_00174370;
0x174372,CONSTANT,Traction Control,operand,read in an expression (role unresolved),0x086872,LOW,uVar1 = DAT_00174372;
0x174374,CONSTANT,Traction Control,operand,read in an expression (role unresolved),0x086928,LOW,uVar1 = DAT_00174374;
0x174376,CONSTANT,,threshold,compared against a constant/value,0x05D880,MED,if (((_DAT_fef02714 == 0) || (DAT_001744a9 == 0)) || (DAT_00174376 == 0)) {
0x174378,CONSTANT,Sensor :: ECT Conversion (ADC -&gt; deg C) | Main,operand,read in an expression (role unresolved),0x0869C8,LOW,"FUN_00018024(param_1,DAT_00174378);"
0x17437A,CONSTANT,,operand,read in an expression (role unresolved),0x0869C8,LOW,uVar1 = DAT_0017437a;
0x17437C,CONSTANT,Traction Control,gain,multiplier in a calc,0x086CF0,MED,uVar1 = (((uint)*(ushort *)(unaff_gp + -0x5c10) * (uint)DAT_0017437c >> 10) * (uint)DAT_0017437e
0x17437E,CONSTANT,Traction Control,gain,multiplier in a calc,0x086CF0,MED,uVar1 = (((uint)*(ushort *)(unaff_gp + -0x5c10) * (uint)DAT_0017437c >> 10) * (uint)DAT_0017437e
0x174380,CONSTANT,,operand,read in an expression (role unresolved),0x086796,LOW,bVar1 = DAT_00174380 < *(ushort *)(unaff_gp + -0x5c70);
0x174382,CONSTANT,,threshold,compared against state 0xFEF0272C,0x086796,HIGH,iVar2 = (uint)(DAT_00174382 <= _DAT_fef0272c) +
0x174384,CONSTANT,Traction Control,operand,read in an expression (role unresolved),0x086872,LOW,uVar2 = DAT_00174384;
0x174386,CONSTANT,,operand,read in an expression (role unresolved),0x086F14,LOW,uVar3 = DAT_00174386;
0x174388,CONSTANT,,operand,read in an expression (role unresolved),0x086F14,LOW,uVar4 = DAT_00174388;
0x17438A,CONSTANT,Sensor :: ECT Conversion (ADC -&gt; deg C) | Main,operand,read in an expression (role unresolved),0x086FFA,LOW,uVar1 = DAT_0017438a;
0x17438C,CONSTANT,,operand,read in an expression (role unresolved),0x087A94,LOW,uVar1 = DAT_0017438c;
0x17438E,CONSTANT,,operand,read in an expression (role unresolved),0x087A94,LOW,uVar2 = DAT_0017438e;
0x174390,CONSTANT,,operand,read in an expression (role unresolved),0x0883FC,LOW,if ((DAT_00174390 < *(ushort *)(unaff_gp + -0x5bf6)) ||
0x174392,CONSTANT,,operand,read in an expression (role unresolved),0x0883FC,LOW,uVar1 = DAT_00174392;
0x174394,CONSTANT,,operand,read in an expression (role unresolved),0x0883FC,LOW,(DAT_00174394 < *(ushort *)(unaff_gp + -0x5bf4))) {
0x174396,CONSTANT,,operand,read in an expression (role unresolved),0x0883FC,LOW,uVar2 = DAT_00174396;
0x174398,CONSTANT,,threshold,compared against state 0xFEF02818,0x0883FC,HIGH,if (DAT_00174398 <= _DAT_fef02818) {
0x17439A,CONSTANT,,operand,read in an expression (role unresolved),0x0884AA,LOW,uVar1 = DAT_0017439a;
0x17439C,CONSTANT,,operand,read in an expression (role unresolved),0x0884AA,LOW,uVar2 = DAT_0017439c;
0x17439E,CONSTANT,,operand,read in an expression (role unresolved),0x0884AA,LOW,uVar3 = DAT_0017439e;
0x1743A0,CONSTANT,,operand,read in an expression (role unresolved),0x0884AA,LOW,uVar4 = DAT_001743a0;
0x1743A2,CONSTANT,,operand,read in an expression (role unresolved),0x0884AA,LOW,uVar5 = DAT_001743a2;
0x1743A4,CONSTANT,,gain,multiplier in a calc,0x08865C,MED,FUN_00087574((uint)DAT_001743a4 * 8 <= _DAT_fef027e4);
0x1743A6,CONSTANT,,gain,multiplier in a calc,0x0886A2,MED,FUN_0008759a((uint)DAT_001743a6 * 8 <= _DAT_fef027e8);
0x1743A8,CONSTANT,,operand,read in an expression (role unresolved),0x0886FA,LOW,uVar2 = (uint)DAT_001743a8;
0x1743AA,CONSTANT,,operand,read in an expression (role unresolved),0x087C7A,LOW,uVar3 = DAT_001743aa;
0x1743AC,CONSTANT,,operand,read in an expression (role unresolved),0x087C7A,LOW,uVar4 = DAT_001743ac;
0x1743AE,CONSTANT,,operand,read in an expression (role unresolved),0x0847DC,LOW,uVar22 = (uint)DAT_001743ae;
0x1743B0,CONSTANT,,operand,read in an expression (role unresolved),0x0847DC,LOW,uVar21 = (uint)DAT_001743b0;
0x1743B2,CONSTANT,,operand,read in an expression (role unresolved),0x02BF72,LOW,uVar2 = DAT_001743b2;
0x1743B4,CONSTANT,,operand,read in an expression (role unresolved),0x02BF72,LOW,uVar3 = DAT_001743b4;
0x1743B6,CONSTANT,,operand,read in an expression (role unresolved),0x02BF72,LOW,uVar4 = DAT_001743b6;
0x1743B8,CONSTANT,,operand,read in an expression (role unresolved),0x02BF72,LOW,uVar5 = DAT_001743b8;
0x1743BA,CONSTANT,,operand,read in an expression (role unresolved),0x02BF72,LOW,uVar6 = DAT_001743ba;
0x1743BC,CONSTANT,,operand,read in an expression (role unresolved),0x02BF72,LOW,uVar7 = DAT_001743bc;
0x1743BE,CONSTANT,,operand,read in an expression (role unresolved),0x02BF72,LOW,uVar8 = DAT_001743be;
0x1743C0,CONSTANT,,operand,read in an expression (role unresolved),0x02BF72,LOW,uVar9 = DAT_001743c0;
0x1743C2,CONSTANT,,operand,read in an expression (role unresolved),0x02BF72,LOW,uVar10 = DAT_001743c2;
0x1743C4,CONSTANT,,operand,read in an expression (role unresolved),0x02BF72,LOW,uVar11 = DAT_001743c4;
0x1743C6,CONSTANT,,operand,read in an expression (role unresolved),0x02BF72,LOW,uVar12 = DAT_001743c6;
0x1743C8,CONSTANT,,operand,read in an expression (role unresolved),0x02BF72,LOW,uVar13 = DAT_001743c8;
0x1743CA,CONSTANT,,operand,read in an expression (role unresolved),0x084A6C,LOW,uVar13 = DAT_001743ca;
0x1743CC,CONSTANT,,gain,multiplier in a calc,0x07DE8A,MED,"uVar1 = FUN_000a1c02(((uint)_DAT_fef025e6 * (uint)DAT_001743cc >> 3) * 5 >> 8,0xffff);"
0x1743CE,CONSTANT,,threshold,compared against a constant/value,0x081854,MED,if ((((_DAT_fef02464 < DAT_001743ce) || (iVar2 != 1)) || (*(char *)(unaff_gp + -0x5ce2) != '\0'))
0x1743D0,CONSTANT,,threshold,compared against state 0xFEF02462,0x081854,HIGH,if (DAT_001743d0 <= _DAT_fef02462) {
0x1743D2,CONSTANT,,operand,read in an expression (role unresolved),0x0802CE,LOW,sVar1 = DAT_001743d2;
0x1743D4,CONSTANT,,operand,read in an expression (role unresolved),0x0802CE,LOW,sVar2 = DAT_001743d4;
0x1743D6,CONSTANT,,threshold,compared against a constant/value,0x08155E,MED,if (((iVar6 == 1) && (DAT_001743d6 < uVar3)) && ((bVar1 & 1) == 1)) {
0x1743D8,CONSTANT,,threshold,compared against a constant/value,0x08155E,MED,bVar2 = *(ushort *)(unaff_gp + -0x5ce4) < DAT_001743d8;
0x1743DA,CONSTANT,,operand,read in an expression (role unresolved),0x0815C8,LOW,uVar6 = DAT_001743da;
0x1743DC,CONSTANT,,threshold,compared against state 0xFEF02466,0x081B1C,HIGH,(((iVar8 < 0 && (DAT_001743dc <= _DAT_fef02466)) ||
0x1743DE,CONSTANT,,threshold,compared against state 0xFEF0247A,0x081BD8,HIGH,(((iVar8 < 0 && (DAT_001743de <= _DAT_fef0247a)) ||
0x1743E0,CONSTANT,,threshold,compared against state 0xFEF0246A,0x081C94,HIGH,((((bVar12 == 1 && (DAT_001743e0 <= _DAT_fef0246a)) ||
0x1743E2,CONSTANT,,threshold,compared against state 0xFEF0247E,0x081D7A,HIGH,if (((bVar2 == 1) && (iVar3 < 0)) && (DAT_001743e2 <= _DAT_fef0247e)) {
0x1743E4,CONSTANT,,threshold,compared against state 0xFEF02470,0x081E0E,HIGH,(((iVar8 < 0 && (DAT_001743e4 <= _DAT_fef02470)) ||
0x1743E6,CONSTANT,,threshold,compared against state 0xFEF02480,0x081ECC,HIGH,(((iVar8 < 0 && (DAT_001743e6 <= _DAT_fef02480)) ||
0x1743E8,CONSTANT,,threshold,compared against state 0xFEF02474,0x081F8A,HIGH,((((iVar12 < 0 && (DAT_001743e8 <= _DAT_fef02474)) ||
0x1743EA,CONSTANT,,threshold,compared against state 0xFEF02484,0x082072,HIGH,(((iVar8 < 0 && (DAT_001743ea <= _DAT_fef02484)) ||
0x1743EC,CONSTANT,,threshold,compared against state 0xFEF02848,0x088F6A,HIGH,if (DAT_001743ec <= _DAT_fef02848) {
0x1743EE,CONSTANT,,operand,read in an expression (role unresolved),0x088F6A,LOW,uVar3 = DAT_001743ee;
0x1743F2,CONSTANT,,threshold,compared against a constant/value,0x088F6A,MED,if ((uVar2 < DAT_001743f2) || (uVar1 < DAT_001743f4)) {
0x1743F4,CONSTANT,,threshold,compared against a constant/value,0x088F6A,MED,if ((uVar2 < DAT_001743f2) || (uVar1 < DAT_001743f4)) {
0x1743F6,CONSTANT,,operand,read in an expression (role unresolved),0x088F6A,LOW,uVar4 = DAT_001743f6;
0x1743F8,CONSTANT,,operand,read in an expression (role unresolved),0x088F6A,LOW,uVar5 = DAT_001743f8;
0x1743FA,CONSTANT,,operand,read in an expression (role unresolved),0x07BBCA,LOW,uVar1 = DAT_001743fa;
0x1743FC,CONSTANT,,operand,read in an expression (role unresolved),0x07BBCA,LOW,uVar2 = DAT_001743fc;
0x1743FE,CONSTANT,,operand,read in an expression (role unresolved),0x07BC2E,LOW,uVar1 = DAT_001743fe;
0x174400,CONSTANT,,operand,read in an expression (role unresolved),0x07BC2E,LOW,uVar2 = DAT_00174400;
0x174402,CONSTANT,,threshold,compared against a constant/value,0x07BC84,MED,if (((_DAT_fef02622 < DAT_00174402) && (*(ushort *)(unaff_gp + -0x5c10) < DAT_00174402)) &&
0x174404,CONSTANT,,threshold,compared against a constant/value,0x07BC84,MED,(*(ushort *)(unaff_gp + -0x5c52) < DAT_00174404)) {
0x174406,CONSTANT,,threshold,compared against a constant/value,0x07BCC2,MED,if (((_DAT_fef02622 < DAT_00174406) && (*(ushort *)(unaff_gp + -0x5c10) < DAT_00174406)) &&
0x174408,CONSTANT,,threshold,compared against a constant/value,0x07BCC2,MED,(*(ushort *)(unaff_gp + -0x5c52) < DAT_00174408)) {
0x17440A,CONSTANT,,operand,read in an expression (role unresolved),0x07BD00,LOW,uVar1 = DAT_0017440a;
0x17440C,CONSTANT,,operand,read in an expression (role unresolved),0x07BD00,LOW,uVar2 = DAT_0017440c;
0x17440E,CONSTANT,,threshold,compared against a constant/value,0x07BD4C,MED,if (((_DAT_fef02622 < DAT_0017440e) && (*(ushort *)(unaff_gp + -0x5c10) < DAT_0017440e)) &&
0x174410,CONSTANT,,threshold,compared against a constant/value,0x07BD4C,MED,(*(ushort *)(unaff_gp + -0x5c52) < DAT_00174410)) {
0x174412,CONSTANT,,operand,read in an expression (role unresolved),0x07D5BA,LOW,uVar3 = DAT_00174412;
0x174414,CONSTANT,,operand,read in an expression (role unresolved),0x07D5BA,LOW,uVar4 = DAT_00174414;
0x174416,CONSTANT,,operand,read in an expression (role unresolved),0x07D64C,LOW,uVar1 = DAT_00174416;
0x174418,CONSTANT,,threshold,compared against a constant/value,0x07BD8A,MED,if (((_DAT_fef02622 < DAT_00174418) && (*(ushort *)(unaff_gp + -0x5c10) < DAT_00174418)) &&
0x17441A,CONSTANT,,threshold,compared against a constant/value,0x07BD8A,MED,(*(ushort *)(unaff_gp + -0x5c52) < DAT_0017441a)) {
0x17441C,CONSTANT,,operand,read in an expression (role unresolved),0x07D38C,LOW,uVar4 = DAT_0017441c;
0x17441E,CONSTANT,,operand,read in an expression (role unresolved),0x07D38C,LOW,uVar5 = DAT_0017441e;
0x174420,CONSTANT,,operand,read in an expression (role unresolved),0x07C04A,LOW,uVar2 = DAT_00174420;
0x174422,CONSTANT,,operand,read in an expression (role unresolved),0x07C2F0,LOW,uVar3 = DAT_00174422;
0x174424,CONSTANT,,operand,read in an expression (role unresolved),0x07C2F0,LOW,uVar4 = DAT_00174424;
0x174426,CONSTANT,,operand,read in an expression (role unresolved),0x089540,LOW,uVar4 = (uint)DAT_00174426;
0x174428,CONSTANT,,operand,read in an expression (role unresolved),0x089540,LOW,uVar3 = (uint)DAT_00174428;
0x17442A,CONSTANT,,operand,read in an expression (role unresolved),0x0898B2,LOW,uVar1 = DAT_0017442a;
0x17442C,CONSTANT,,operand,read in an expression (role unresolved),0x0898B2,LOW,uVar2 = DAT_0017442c;
0x17442E,CONSTANT,,operand,read in an expression (role unresolved),0x089F88,LOW,"(uint)DAT_0017442e) / 0x32) * 5 + 500) / 1000 + (uint)_DAT_fef02644,"
0x174430,CONSTANT,Sensor :: ECT Conversion (ADC -&gt; deg C) | Main,threshold,compared against state 0xFEF02888,0x08A118,HIGH,if (((DAT_00174430 <= _DAT_fef02888) && (iVar3 == 0)) && (iVar4 == 0)) {
0x174432,CONSTANT,Anti-Lift Control,threshold,compared against a constant/value,0x0280A4,MED,if ((_DAT_fef02622 < DAT_00174432) && (*(ushort *)(unaff_gp + -0x5c10) < DAT_00174432)) {
0x174434,CONSTANT,,gain,multiplier in a calc,0x08A240,MED,"FUN_000a1c02((uint)DAT_00174436 + ((uint)_DAT_fef025e8 * (uint)DAT_00174434 * 5 >> 0xb),"
0x174436,CONSTANT,,operand,read in an expression (role unresolved),0x08A240,LOW,"FUN_000a1c02((uint)DAT_00174436 + ((uint)_DAT_fef025e8 * (uint)DAT_00174434 * 5 >> 0xb),"
0x174438,CONSTANT,,threshold,compared against a constant/value,0x08A2E2,MED,if ((_DAT_fef02628 < DAT_00174438) || (DAT_0017443a < _DAT_fef02628)) {
0x17443A,CONSTANT,,threshold,compared against state 0xFEF02628,0x08A2E2,HIGH,if ((_DAT_fef02628 < DAT_00174438) || (DAT_0017443a < _DAT_fef02628)) {
0x17443C,CONSTANT,,threshold,compared against state 0xFEF02628,0x08A2E2,HIGH,if ((DAT_0017443c <= _DAT_fef02628) && (_DAT_fef02628 <= DAT_0017443e)) {
0x17443E,CONSTANT,,threshold,compared against a constant/value,0x08A2E2,MED,if ((DAT_0017443c <= _DAT_fef02628) && (_DAT_fef02628 <= DAT_0017443e)) {
0x174440,CONSTANT,,threshold,compared against state 0xFEF02628,0x08A2E2,HIGH,if ((DAT_00174440 <= _DAT_fef02628) && (_DAT_fef02628 <= DAT_00174442)) {
0x174442,CONSTANT,,threshold,compared against a constant/value,0x08A2E2,MED,if ((DAT_00174440 <= _DAT_fef02628) && (_DAT_fef02628 <= DAT_00174442)) {
0x174444,CONSTANT,,threshold,compared against a constant/value,0x08A2E2,MED,if ((_DAT_fef02628 < DAT_00174444) || (DAT_00174446 < _DAT_fef02628)) {
0x174446,CONSTANT,,threshold,compared against state 0xFEF02628,0x08A2E2,HIGH,if ((_DAT_fef02628 < DAT_00174444) || (DAT_00174446 < _DAT_fef02628)) {
0x174448,CONSTANT,,threshold,compared against a constant/value,0x08A2E2,MED,if ((_DAT_fef02628 < DAT_00174448) || (DAT_0017444a < _DAT_fef02628)) {
0x17444A,CONSTANT,,threshold,compared against state 0xFEF02628,0x08A2E2,HIGH,if ((_DAT_fef02628 < DAT_00174448) || (DAT_0017444a < _DAT_fef02628)) {
0x17444C,CONSTANT,,threshold,compared against a constant/value,0x08A2E2,MED,if ((_DAT_fef02628 < DAT_0017444c) || (DAT_0017444e < _DAT_fef02628)) {
0x17444E,CONSTANT,,threshold,compared against state 0xFEF02628,0x08A2E2,HIGH,if ((_DAT_fef02628 < DAT_0017444c) || (DAT_0017444e < _DAT_fef02628)) {
0x174450,CONSTANT,,threshold,compared against a constant/value,0x08A2E2,MED,bVar1 = DAT_00174450 <= uVar2;
0x174452,CONSTANT,,operand,read in an expression (role unresolved),0x0845D0,LOW,if (DAT_00174452 < *(ushort *)(unaff_gp + -0x5c70)) {
0x174454,CONSTANT,,operand,operand computing state 0xFEF02668,0x08A400,MED,"_DAT_fef02668 = FUN_000a1d0a(*(undefined2 *)(unaff_gp + -0x5c70),DAT_00174454);"
0x174456,CONSTANT,,operand,read in an expression (role unresolved),0x0836C6,LOW,uVar3 = DAT_00174456;
0x174458,CONSTANT,,gain,multiplier in a calc,0x07ADF0,MED,FUN_000a1cc2((uint)DAT_0017445a + (((uint)uVar1 * (uint)DAT_00174458 >> 5) * 0x19 >> 0xc) +
0x17445A,CONSTANT,,operand,read in an expression (role unresolved),0x07ADF0,LOW,FUN_000a1cc2((uint)DAT_0017445a + (((uint)uVar1 * (uint)DAT_00174458 >> 5) * 0x19 >> 0xc) +
0x17445C,CONSTANT,,operand,read in an expression (role unresolved),0x07ADF0,LOW,uVar3 = DAT_0017445c;
0x17445E,CONSTANT,,threshold,compared against a constant/value,0x086796,MED,(*(ushort *)(unaff_gp + -0x5c5c) < DAT_0017445e)) {
0x174460,CONSTANT,,operand,operand computing state 0xFEF02670,0x07ADC4,MED,_DAT_fef02670 = DAT_00174460;
0x174462,CONSTANT,,gain,multiplier in a calc,0x01B6B4,MED,if (((uint)DAT_00174462 * 4 <= *(uint *)(unaff_gp + -0x6a70)) &&
0x174463,CONSTANT,,gain,multiplier in a calc,0x01B6B4,MED,(uint)DAT_00174463 * 4 < uVar1)) && (uVar1 < (uint)DAT_00174464 * 4)) {
0x174464,CONSTANT,,gain,multiplier in a calc,0x01B6B4,MED,(uint)DAT_00174463 * 4 < uVar1)) && (uVar1 < (uint)DAT_00174464 * 4)) {
0x17446F,CONSTANT,,operand,read in an expression (role unresolved),0x01B582,LOW,uVar7 = (uint)DAT_0017446f;
0x174470,FLAG,,operand,read in an expression (role unresolved),0x01B582,LOW,uVar9 = (uint)DAT_00174470;
0x174471,CONSTANT,,operand,read in an expression (role unresolved),0x01B582,LOW,uVar8 = (uint)DAT_00174471;
0x174472,CONSTANT,,threshold,compared against a constant/value,0x085BCE,MED,(*(byte *)(unaff_gp + -0x5b66) < DAT_00174472)) {
0x174473,CONSTANT,,bitmask,bit set/clear mask,0x082D40,MED,"FUN_000a1a66(&uStack_e,(-(uint)DAT_00174473 & 0xff) << 8,uVar1);"
0x174474,CONSTANT,,bitmask,bit set/clear mask,0x085E60,MED,"FUN_000a1a66(&uStack_e,(-(uint)DAT_00174474 & 0xff) << 8,uVar1);"
0x174475,FLAG,Sensor Scaling,operand,read in an expression (role unresolved),0x082DBE,LOW,if (DAT_00174475 == -0x80) {
0x174476,CONSTANT,Sensor :: ECT Conversion (ADC -&gt; deg C) | Main,operand,operand computing state 0xFEF011D9,0x053224,MED,DAT_fef011d9 = DAT_00174476;
0x174477,CONSTANT,Sensor Scaling,operand,read in an expression (role unresolved),0x082E1C,LOW,uVar10 = (uint)DAT_00174477;
0x174478,CONSTANT,,operand,read in an expression (role unresolved),0x085356,LOW,bVar2 = DAT_00174478;
0x174479,CONSTANT,,operand,read in an expression (role unresolved),0x085356,LOW,bVar3 = DAT_00174479;
0x17447A,CONSTANT,,operand,read in an expression (role unresolved),0x0858C8,LOW,bVar2 = DAT_0017447a;
0x17447B,CONSTANT,,operand,read in an expression (role unresolved),0x0858C8,LOW,bVar3 = DAT_0017447b;
0x17447C,FLAG,Fuel :: Afterstart Enrichment vs ECT | Stage 1,threshold,compared against a constant/value,0x030330,MED,if (DAT_0017447c == '\0') {
0x17447D,FLAG,,operand,read in an expression (role unresolved),0x04DE90,LOW,cVar3 = DAT_0017447d;
0x17447E,FLAG,,gain,multiplier in a calc,0x083C4E,MED,"FUN_000a1a66(&local_6,(ushort)DAT_0017447e * -0x100,*(undefined2 *)(unaff_gp + -0x5c88));"
0x17447F,CONSTANT,,gain,multiplier in a calc,0x083C98,MED,"FUN_000a1a66(&local_6,(ushort)DAT_0017447f * -0x100,*(undefined2 *)(unaff_gp + -0x5c88));"
0x174480,CONSTANT,,gain,multiplier in a calc,0x083D42,MED,"FUN_000a1a66(&local_6,(ushort)DAT_00174480 * -0x100,*(undefined2 *)(unaff_gp + -0x5c88));"
0x174481,FLAG,,operand,read in an expression (role unresolved),0x083CD6,LOW,uVar5 = (ushort)DAT_00174481;
0x174482,FLAG,,operand,read in an expression (role unresolved),0x083C1C,LOW,if (DAT_00174482 == -0x80) {
0x174483,CONSTANT,,threshold,compared against state 0xFEF00E86,0x04EB34,HIGH,((DAT_00174483 <= DAT_fef00e86 && (iVar3 == 0)))) {
0x174484,CONSTANT,,operand,read in an expression (role unresolved),0x08725A,LOW,uVar2 = (uint)DAT_00174484;
0x174485,CONSTANT,,operand,read in an expression (role unresolved),0x0871B0,LOW,"uVar6 = FUN_000a1c5a(DAT_00174485,5,1);"
0x174486,FLAG,,operand,read in an expression (role unresolved),0x057CA2,LOW,cVar3 = DAT_00174486;
0x174487,FLAG,Speed Monitor :: Threshold vs Rear Wheel Speed,operand,read in an expression (role unresolved),0x02BF72,LOW,cVar14 = DAT_00174487;
0x174488,CONSTANT,,bitmask,bit set/clear mask,0x083982,MED,"FUN_000a1a66(unaff_gp + -0x5c18,(-(uint)DAT_00174488 & 0xff) << 8,"
0x174489,CONSTANT,,bitmask,bit set/clear mask,0x0838CC,MED,"FUN_000a1a66(&uStack_6,(-(uint)DAT_00174489 & 0xff) << 8,*(undefined2 *)(unaff_gp + -0x5c6e));"
0x17448A,CONSTANT,,operand,read in an expression (role unresolved),0x0838FE,LOW,uVar2 = (uint)DAT_0017448a;
0x17448B,CONSTANT,,operand,read in an expression (role unresolved),0x08377C,LOW,bVar3 = DAT_0017448b;
0x17448C,CONSTANT,,operand,read in an expression (role unresolved),0x08377C,LOW,bVar4 = DAT_0017448c;
0x17448D,FLAG,,operand,read in an expression (role unresolved),0x0831B8,LOW,*(short *)(unaff_gp + -0x5c88) * (ushort)(DAT_0017448d != -0x80) +
0x17448E,FLAG,Speed Monitor :: Threshold vs Rear Wheel Speed,operand,read in an expression (role unresolved),0x049E92,LOW,cVar6 = DAT_0017448e;
0x17448F,FLAG,,operand,read in an expression (role unresolved),0x083094,LOW,if (DAT_0017448f == -0x80) {
0x174490,CONSTANT,Sensor Scaling,operand,read in an expression (role unresolved),0x083014,LOW,uVar5 = (uint)DAT_00174490;
0x174491,CONSTANT,Sensor Scaling,operand,read in an expression (role unresolved),0x083014,LOW,uVar6 = (uint)DAT_00174491;
0x174492,FLAG,,operand,read in an expression (role unresolved),0x0651AC,LOW,cVar3 = DAT_00174492;
0x174493,FLAG,,operand,read in an expression (role unresolved),0x07864A,LOW,cVar2 = DAT_00174493;
0x174494,FLAG,,operand,read in an expression (role unresolved),0x0651AC,LOW,cVar4 = DAT_00174494;
0x174495,FLAG,,threshold,compared against a constant/value,0x088848,MED,if (DAT_00174495 == '\0') {
0x174496,CONSTANT,,bitmask,bit set/clear mask,0x082AAC,MED,"FUN_000a1a66(&uStack_6,(-(uint)DAT_00174496 & 0xff) << 8,*(undefined2 *)(unaff_gp + -0x5c44));"
0x174497,CONSTANT,,bitmask,bit set/clear mask,0x082ADE,MED,"FUN_000a1a66(&uStack_6,(-(uint)DAT_00174497 & 0xff) << 8,*(undefined2 *)(unaff_gp + -0x5c42));"
0x174498,CONSTANT,,bitmask,bit set/clear mask,0x082B54,MED,"FUN_000a1a66(&uStack_6,(-(uint)DAT_00174498 & 0xff) << 8,*(undefined2 *)(unaff_gp + -0x5c40));"
0x174499,CONSTANT,,bitmask,bit set/clear mask,0x082B86,MED,"FUN_000a1a66(&uStack_6,(-(uint)DAT_00174499 & 0xff) << 8,*(undefined2 *)(unaff_gp + -0x5c40));"
0x17449A,CONSTANT,,operand,read in an expression (role unresolved),0x082860,LOW,"iVar4 = FUN_000a1c70(DAT_0017449a,4,1);"
0x17449B,CONSTANT,,operand,operand computing state 0xFEF024FB,0x0828B0,MED,DAT_fef024fb = DAT_0017449b;
0x17449C,FLAG,,operand,read in an expression (role unresolved),0x084C06,LOW,bVar2 = DAT_0017449c == -0x80;
0x17449D,FLAG,,operand,read in an expression (role unresolved),0x084C06,LOW,if ((((bVar2) && (DAT_0017449d == -0x80)) && (bVar1)) && (iVar4 == 1)) {
0x17449E,FLAG,,threshold,compared against a constant/value,0x086306,MED,if (DAT_0017449e != 0) {
0x17449F,FLAG,,threshold,compared against a constant/value,0x086344,MED,if (DAT_0017449f != 0) {
0x1744A0,CONSTANT,,operand,read in an expression (role unresolved),0x0863AA,LOW,bVar8 = DAT_001744a0;
0x1744A1,CONSTANT,,operand,read in an expression (role unresolved),0x08651C,LOW,bVar8 = DAT_001744a1;
0x1744A2,CONSTANT,,operand,read in an expression (role unresolved),0x0863AA,LOW,bVar1 = (DAT_001744a2 & *(byte *)(unaff_gp + -0x5bbe)) != 0;
0x1744A3,CONSTANT,,operand,read in an expression (role unresolved),0x08651C,LOW,bVar1 = (DAT_001744a3 & *(byte *)(unaff_gp + -0x5bbe)) != 0;
0x1744A4,CONSTANT,,operand,read in an expression (role unresolved),0x0863AA,LOW,uVar13 = (uint)DAT_001744a4;
0x1744A5,CONSTANT,,operand,read in an expression (role unresolved),0x08651C,LOW,uVar14 = (uint)DAT_001744a5;
0x1744A6,CONSTANT,,bitmask,bit set/clear mask,0x08605A,MED,"FUN_000a1a66(&uStack_2e,(-(uint)DAT_001744a6 & 0xff) << 8,uVar16);"
0x1744A7,FLAG,Traction Control,operand,read in an expression (role unresolved),0x086872,LOW,cVar3 = DAT_001744a7;
0x1744A8,CONSTANT,Sensor :: ECT Conversion (ADC -&gt; deg C) | Main,threshold,compared against a constant/value,0x0869C8,MED,if ((_DAT_fef02710 == 0) || (DAT_001744a8 == 0)) {
0x1744A9,CONSTANT,,threshold,compared against a constant/value,0x05D880,MED,if (((_DAT_fef02714 == 0) || (DAT_001744a9 == 0)) || (DAT_00174376 == 0)) {
0x1744AA,CONSTANT,,threshold,compared against a constant/value,0x08680C,MED,if (DAT_fef02731 < DAT_001744aa) {
0x1744AB,CONSTANT,,operand,read in an expression (role unresolved),0x08680C,LOW,bVar1 = DAT_001744ab;
0x1744AC,CONSTANT,,threshold,compared against a constant/value,0x086AAC,MED,bVar1 = 0x13 < DAT_001744ac - 1;
0x1744AD,CONSTANT,,threshold,compared against a constant/value,0x086C52,MED,bVar1 = 0x13 < DAT_001744ad - 1;
0x1744AE,CONSTANT,,threshold,compared against a constant/value,0x053F3E,MED,bVar1 = 0x13 < DAT_001744ae - 1;
0x1744AF,CONSTANT,,operand,read in an expression (role unresolved),0x086F14,LOW,bVar5 = DAT_001744af;
0x1744B0,FLAG,,operand,read in an expression (role unresolved),0x087C7A,LOW,cVar5 = DAT_001744b0;
0x1744B1,FLAG,,threshold,compared against a constant/value,0x087BC8,MED,if (DAT_001744b1 == '\x01') {
0x1744B2,FLAG,,threshold,compared against a constant/value,0x02D258,MED,((DAT_fef008e4 == '\x01' || (DAT_001744b2 == '\x01')))) {
0x1744B3,CONSTANT,,operand,read in an expression (role unresolved),0x0847DC,LOW,bVar8 = DAT_001744b3;
0x1744B4,CONSTANT,,operand,read in an expression (role unresolved),0x0847DC,LOW,bVar9 = DAT_001744b4;
0x1744B5,CONSTANT,,operand,read in an expression (role unresolved),0x0847DC,LOW,bVar10 = DAT_001744b5;
0x1744B6,CONSTANT,,operand,read in an expression (role unresolved),0x0847DC,LOW,bVar11 = DAT_001744b6;
0x1744B7,CONSTANT,,operand,read in an expression (role unresolved),0x0847DC,LOW,bVar12 = DAT_001744b7;
0x1744B8,CONSTANT,,operand,read in an expression (role unresolved),0x0847DC,LOW,bVar13 = DAT_001744b8;
0x1744B9,CONSTANT,,operand,read in an expression (role unresolved),0x0847DC,LOW,bVar14 = DAT_001744b9;
0x1744BA,CONSTANT,,operand,read in an expression (role unresolved),0x0847B0,LOW,cVar1 = DAT_001744ba;
0x1744BB,CONSTANT,,operand,read in an expression (role unresolved),0x084A6C,LOW,cVar14 = DAT_001744bb;
0x1744BC,CONSTANT,,bitmask,bit set/clear mask,0x07DF04,MED,"FUN_000a1a66(unaff_gp + -0x5bde,(-(uint)DAT_001744bc & 0xff) << 8,_DAT_fef02632);"
0x1744BD,FLAG,,operand,read in an expression (role unresolved),0x081854,LOW,uVar3 = (ushort)DAT_001744bd;
0x1744BE,CONSTANT,,threshold,compared against a constant/value,0x081854,MED,|| (((uVar4 < uVar3 || (DAT_001744be <= uVar4)) || (bVar1 != 0)))) {
0x1744BF,CONSTANT,,threshold,compared against a constant/value,0x080198,MED,if (DAT_001744bf == '\x01') {
0x1744C0,FLAG,,operand,read in an expression (role unresolved),0x0822FA,LOW,cVar2 = DAT_001744c0;
0x1744C1,FLAG,,operand,read in an expression (role unresolved),0x082182,LOW,cVar1 = DAT_001744c1;
0x1744C2,FLAG,,operand,read in an expression (role unresolved),0x081A58,LOW,cVar1 = DAT_001744c2;
0x1744C3,FLAG,,operand,read in an expression (role unresolved),0x081940,LOW,cVar1 = DAT_001744c3;
0x1744C4,FLAG,,operand,read in an expression (role unresolved),0x0819DC,LOW,cVar1 = DAT_001744c4;
0x1744C5,FLAG,,operand,read in an expression (role unresolved),0x081C94,LOW,if (DAT_001744c5 == -0x80) {
0x1744C6,FLAG,,operand,read in an expression (role unresolved),0x081AE4,LOW,cVar1 = DAT_001744c6;
0x1744C7,FLAG,,operand,read in an expression (role unresolved),0x048184,LOW,if (DAT_001744c7 == -0x80) {
0x1744C8,CONSTANT,,operand,read in an expression (role unresolved),0x07C3B8,LOW,uVar10 = (uint)DAT_001744c8;
0x1744C9,CONSTANT,,operand,read in an expression (role unresolved),0x07C3B8,LOW,bVar1 = DAT_001744c9;
0x1744CA,CONSTANT,,threshold,compared against a constant/value,0x07C606,MED,bVar1 = DAT_001744ca == '\x01';
0x1744CB,CONSTANT,,operand,read in an expression (role unresolved),0x07C606,LOW,bVar8 = DAT_001744cb;
0x1744CC,CONSTANT,,unref,not read by code (data-only),0x07C606,LOW,
0x1744CD,CONSTANT,,operand,read in an expression (role unresolved),0x07CA0C,LOW,bVar1 = DAT_001744cd;
0x1744CE,CONSTANT,,operand,read in an expression (role unresolved),0x07CA0C,LOW,bVar2 = DAT_001744ce;
0x1744CF,FLAG,,operand,read in an expression (role unresolved),0x07CBFC,LOW,bVar1 = DAT_001744cf;
0x1744D0,CONSTANT,,operand,read in an expression (role unresolved),0x07CBFC,LOW,bVar2 = DAT_001744d0;
0x1744D1,CONSTANT,,operand,read in an expression (role unresolved),0x07CDD4,LOW,bVar1 = DAT_001744d1;
0x1744D2,CONSTANT,,operand,read in an expression (role unresolved),0x07CDD4,LOW,bVar2 = DAT_001744d2;
0x1744D3,CONSTANT,,operand,read in an expression (role unresolved),0x07CFC4,LOW,bVar1 = DAT_001744d3;
0x1744D4,CONSTANT,,operand,read in an expression (role unresolved),0x07CFC4,LOW,bVar2 = DAT_001744d4;
0x1744D5,CONSTANT,,operand,read in an expression (role unresolved),0x07D4C0,LOW,bVar2 = DAT_001744d5;
0x1744D6,CONSTANT,,operand,operand computing state 0xFEF073FC,0x06E36C,MED,_DAT_fef073fc = (ushort)DAT_001744d6;
0x1744D7,CONSTANT,,operand,read in an expression (role unresolved),0x07D4C0,LOW,bVar3 = DAT_001744d7;
0x1744D8,FLAG,,operand,operand computing state 0xFEF073FA,0x06E36C,MED,_DAT_fef073fa = (ushort)DAT_001744d8;
0x1744D9,CONSTANT,,operand,operand computing state 0xFEF01E5F,0x06E36C,MED,DAT_fef01e5f = DAT_001744d9;
0x1744DA,CONSTANT,,operand,operand computing state 0xFEF01E62,0x06E36C,MED,DAT_fef01e62 = DAT_001744da;
0x1744DB,CONSTANT,,operand,operand computing state 0xFEF01E65,0x06E36C,MED,DAT_fef01e65 = DAT_001744db;
0x1744DC,FLAG,,operand,operand computing state 0xFEF01E68,0x06E36C,MED,DAT_fef01e68 = DAT_001744dc;
0x1744DD,CONSTANT,,operand,operand computing state 0xFEF01E6B,0x06E36C,MED,DAT_fef01e6b = DAT_001744dd;
0x1744DE,CONSTANT,,operand,operand computing state 0xFEF01E6E,0x06E36C,MED,DAT_fef01e6e = DAT_001744de;
0x1744DF,CONSTANT,,operand,operand computing state 0xFEF01E71,0x06E36C,MED,DAT_fef01e71 = DAT_001744df;
0x1744E0,FLAG,,operand,operand computing state 0xFEF01FDC,0x06E36C,MED,DAT_fef01fdc = DAT_001744e0;
0x1744E1,CONSTANT,,operand,operand computing state 0xFEF01E60,0x06E36C,MED,DAT_fef01e60 = DAT_001744e1;
0x1744E2,CONSTANT,,operand,operand computing state 0xFEF01E63,0x06E36C,MED,DAT_fef01e63 = DAT_001744e2;
0x1744E3,CONSTANT,,operand,operand computing state 0xFEF01E66,0x06E36C,MED,DAT_fef01e66 = DAT_001744e3;
0x1744E4,FLAG,,operand,operand computing state 0xFEF01E69,0x06E36C,MED,DAT_fef01e69 = DAT_001744e4;
0x1744E5,CONSTANT,,operand,operand computing state 0xFEF01E6C,0x06E36C,MED,DAT_fef01e6c = DAT_001744e5;
0x1744E6,CONSTANT,,operand,operand computing state 0xFEF01E6F,0x06E36C,MED,DAT_fef01e6f = DAT_001744e6;
0x1744E7,CONSTANT,,operand,operand computing state 0xFEF01E72,0x06E36C,MED,DAT_fef01e72 = DAT_001744e7;
0x1744E8,FLAG,,operand,operand computing state 0xFEF01FDD,0x06E36C,MED,DAT_fef01fdd = DAT_001744e8;
0x1744E9,CONSTANT,,operand,operand computing state 0xFEF01E61,0x06E36C,MED,DAT_fef01e61 = DAT_001744e9;
0x1744EA,CONSTANT,,operand,operand computing state 0xFEF01E64,0x06E36C,MED,DAT_fef01e64 = DAT_001744ea;
0x1744EB,CONSTANT,,operand,operand computing state 0xFEF01E67,0x06E36C,MED,DAT_fef01e67 = DAT_001744eb;
0x1744EC,FLAG,,operand,operand computing state 0xFEF01E6A,0x06E36C,MED,DAT_fef01e6a = DAT_001744ec;
0x1744ED,CONSTANT,,operand,operand computing state 0xFEF01E6D,0x06E36C,MED,DAT_fef01e6d = DAT_001744ed;
0x1744EE,CONSTANT,,operand,operand computing state 0xFEF01E70,0x06E36C,MED,DAT_fef01e70 = DAT_001744ee;
0x1744EF,CONSTANT,,operand,operand computing state 0xFEF01E73,0x06E36C,MED,DAT_fef01e73 = DAT_001744ef;
0x1744F0,FLAG,,operand,operand computing state 0xFEF01FDE,0x06E36C,MED,DAT_fef01fde = DAT_001744f0;
0x1744F1,CONSTANT,,gain,multiplier in a calc,0x02ECDC,MED,(DAT_001744f1 * bVar1 + DAT_febf5e8f * !bVar1) * (cVar2 != '\0');
0x1744F2,CONSTANT,,operand,read in an expression (role unresolved),0x07D1C6,LOW,uVar11 = (uint)DAT_001744f2;
0x1744F3,CONSTANT,,operand,read in an expression (role unresolved),0x07D1C6,LOW,bVar1 = DAT_001744f3;
0x1744F4,FLAG,,operand,read in an expression (role unresolved),0x07C3B8,LOW,cVar2 = DAT_001744f4;
0x1744F5,CONSTANT,,threshold,compared against a constant/value,0x07B8CE,MED,if ((DAT_001744f5 != '\x01') && (iVar1 == 1)) {
0x1744F6,FLAG,,operand,read in an expression (role unresolved),0x07C04A,LOW,uVar4 = DAT_001744f6;
0x1744F7,CONSTANT,,operand,read in an expression (role unresolved),0x07C04A,LOW,uVar5 = DAT_001744f7;
0x1744F8,CONSTANT,,operand,read in an expression (role unresolved),0x07C57E,LOW,"if ((((iVar2 == 1) && (DAT_fef02681 != 0)) && (bVar1 = DAT_001744f8, DAT_fef02681 != 1)) &&"
0x1744F9,CONSTANT,,operand,read in an expression (role unresolved),0x07C57E,LOW,"((bVar1 = DAT_001744f9, 2 < DAT_fef02681 && (bVar1 = DAT_fef0267b, DAT_fef02681 < 4)))) {"
0x1744FA,CONSTANT,,operand,read in an expression (role unresolved),0x07C57E,LOW,bVar1 = DAT_001744fa;
0x1744FB,FLAG,,operand,read in an expression (role unresolved),0x07C914,LOW,cVar2 = DAT_001744fb;
0x1744FC,CONSTANT,,operand,read in an expression (role unresolved),0x07C914,LOW,cVar2 = DAT_001744fc;
0x1744FD,CONSTANT,,operand,read in an expression (role unresolved),0x07C914,LOW,cVar2 = DAT_001744fd;
0x1744FE,CONSTANT,,operand,read in an expression (role unresolved),0x07C914,LOW,cVar2 = DAT_001744fe;
0x1744FF,CONSTANT,,operand,read in an expression (role unresolved),0x07C914,LOW,cVar2 = DAT_001744ff;
0x174500,CONSTANT,,operand,read in an expression (role unresolved),0x07C914,LOW,cVar2 = DAT_00174500;
0x174501,CONSTANT,,operand,read in an expression (role unresolved),0x07C914,LOW,cVar2 = DAT_00174501;
0x174502,CONSTANT,,operand,read in an expression (role unresolved),0x07C914,LOW,cVar2 = DAT_00174502;
0x174503,FLAG,,operand,read in an expression (role unresolved),0x07D0E0,LOW,cVar4 = DAT_00174503;
0x174504,FLAG,,operand,read in an expression (role unresolved),0x07DC22,LOW,cVar5 = DAT_00174504;
0x174505,CONSTANT,,operand,read in an expression (role unresolved),0x07DC22,LOW,cVar4 = DAT_00174505;
0x174506,CONSTANT,,operand,read in an expression (role unresolved),0x07DC22,LOW,cVar3 = DAT_00174506;
0x174507,CONSTANT,,operand,read in an expression (role unresolved),0x07DC22,LOW,cVar2 = DAT_00174507;
0x174508,FLAG,,operand,read in an expression (role unresolved),0x07DC22,LOW,"(cVar2 = DAT_0017450b, cVar3 = DAT_0017450a, cVar5 = DAT_00174508, cVar4 = DAT_00174509,"
0x174509,CONSTANT,,operand,read in an expression (role unresolved),0x07DC22,LOW,"(cVar2 = DAT_0017450b, cVar3 = DAT_0017450a, cVar5 = DAT_00174508, cVar4 = DAT_00174509,"
0x17450A,CONSTANT,,operand,read in an expression (role unresolved),0x07DC22,LOW,"(cVar2 = DAT_0017450b, cVar3 = DAT_0017450a, cVar5 = DAT_00174508, cVar4 = DAT_00174509,"
0x17450B,CONSTANT,,operand,read in an expression (role unresolved),0x07DC22,LOW,"(cVar2 = DAT_0017450b, cVar3 = DAT_0017450a, cVar5 = DAT_00174508, cVar4 = DAT_00174509,"
0x17450C,FLAG,,operand,read in an expression (role unresolved),0x07DC22,LOW,"(cVar2 = DAT_0017450f, cVar3 = DAT_0017450e, cVar5 = DAT_0017450c, cVar4 = DAT_0017450d,"
0x17450D,CONSTANT,,operand,read in an expression (role unresolved),0x07DC22,LOW,"(cVar2 = DAT_0017450f, cVar3 = DAT_0017450e, cVar5 = DAT_0017450c, cVar4 = DAT_0017450d,"
0x17450E,CONSTANT,,operand,read in an expression (role unresolved),0x07DC22,LOW,"(cVar2 = DAT_0017450f, cVar3 = DAT_0017450e, cVar5 = DAT_0017450c, cVar4 = DAT_0017450d,"
0x17450F,CONSTANT,,operand,read in an expression (role unresolved),0x07DC22,LOW,"(cVar2 = DAT_0017450f, cVar3 = DAT_0017450e, cVar5 = DAT_0017450c, cVar4 = DAT_0017450d,"
0x174510,FLAG,,gain,multiplier in a calc,0x07DC22,MED,cVar5 = DAT_00174511 * (DAT_fef0267b != '\x01') + DAT_00174510 * (DAT_fef0267b == '\x01');
0x174511,CONSTANT,,gain,multiplier in a calc,0x07DC22,MED,cVar5 = DAT_00174511 * (DAT_fef0267b != '\x01') + DAT_00174510 * (DAT_fef0267b == '\x01');
0x174512,CONSTANT,,operand,read in an expression (role unresolved),0x07DC22,LOW,cVar3 = DAT_00174512;
0x174513,CONSTANT,,operand,read in an expression (role unresolved),0x07DC22,LOW,cVar2 = DAT_00174513;
0x174514,FLAG,,gain,multiplier in a calc,0x07DC22,MED,cVar5 = DAT_00174515 * (DAT_fef0267b != '\x01') + DAT_00174514 * (DAT_fef0267b == '\x01');
0x174515,CONSTANT,,gain,multiplier in a calc,0x07DC22,MED,cVar5 = DAT_00174515 * (DAT_fef0267b != '\x01') + DAT_00174514 * (DAT_fef0267b == '\x01');
0x174516,CONSTANT,,operand,read in an expression (role unresolved),0x07DC22,LOW,cVar3 = DAT_00174516;
0x174517,CONSTANT,,operand,read in an expression (role unresolved),0x07DC22,LOW,cVar2 = DAT_00174517;
0x174518,FLAG,,gain,multiplier in a calc,0x07DC22,MED,cVar5 = DAT_00174519 * (DAT_fef0267b != '\x01') + DAT_00174518 * (DAT_fef0267b == '\x01');
0x174519,CONSTANT,,gain,multiplier in a calc,0x07DC22,MED,cVar5 = DAT_00174519 * (DAT_fef0267b != '\x01') + DAT_00174518 * (DAT_fef0267b == '\x01');
0x17451A,CONSTANT,,operand,read in an expression (role unresolved),0x07DC22,LOW,cVar3 = DAT_0017451a;
0x17451B,CONSTANT,,operand,read in an expression (role unresolved),0x07DC22,LOW,cVar2 = DAT_0017451b;
0x17451C,FLAG,,operand,read in an expression (role unresolved),0x07DC22,LOW,cVar5 = DAT_0017451c;
0x17451D,CONSTANT,,operand,read in an expression (role unresolved),0x07DC22,LOW,cVar4 = DAT_0017451d;
0x17451E,CONSTANT,,operand,read in an expression (role unresolved),0x07DC22,LOW,cVar3 = DAT_0017451e;
0x17451F,CONSTANT,,operand,read in an expression (role unresolved),0x07DC22,LOW,cVar2 = DAT_0017451f;
0x174520,FLAG,,operand,operand computing state 0xFEF01FDF,0x06E36C,MED,DAT_fef01fdf = DAT_00174520;
0x174521,FLAG,,operand,operand computing state 0xFEF01FE0,0x06E36C,MED,DAT_fef01fe0 = DAT_00174521;
0x174522,FLAG,,operand,operand computing state 0xFEF01FE1,0x06E36C,MED,DAT_fef01fe1 = DAT_00174522;
0x174523,FLAG,,operand,operand computing state 0xFEF01FE2,0x06E36C,MED,DAT_fef01fe2 = DAT_00174523;
0x174524,FLAG,,operand,operand computing state 0xFEF01FE3,0x06E36C,MED,DAT_fef01fe3 = DAT_00174524;
0x174525,FLAG,,threshold,compared against a constant/value,0x06E36C,MED,_DAT_fef08224 = (ushort)(DAT_00174525 != 0) + (ushort)DAT_00174525 * (ushort)(DAT_00174525 == 0);
0x174526,FLAG,,operand,operand computing state 0xFEF08226,0x06E36C,MED,_DAT_fef08226 = (ushort)DAT_00174526;
0x174527,FLAG,,operand,operand computing state 0xFEF08228,0x06E36C,MED,_DAT_fef08228 = (ushort)DAT_00174527;
0x174528,FLAG,,operand,operand computing state 0xFEF0822A,0x06E36C,MED,_DAT_fef0822a = (ushort)DAT_00174528;
0x174529,FLAG,,threshold,compared against a constant/value,0x06E36C,MED,_DAT_fef0822c = (ushort)(DAT_00174529 != 0) + (ushort)DAT_00174529 * (ushort)(DAT_00174529 == 0);
0x17452A,FLAG,,threshold,compared against a constant/value,0x07B378,MED,((DAT_0017452a == '\x01' &&
0x17452B,CONSTANT,,operand,read in an expression (role unresolved),0x07D6DE,LOW,uVar1 = DAT_0017452b;
0x17452C,CONSTANT,,operand,read in an expression (role unresolved),0x07D72A,LOW,cVar9 = DAT_0017452c;
0x17452D,CONSTANT,,gain,multiplier in a calc,0x07D7F0,MED,cVar2 = cVar1 * (iVar4 != 1) + DAT_0017452d * (iVar4 == 1);
0x17452E,CONSTANT,,operand,read in an expression (role unresolved),0x07D87C,LOW,uVar4 = DAT_0017452e;
0x17452F,FLAG,,operand,read in an expression (role unresolved),0x07BBCA,LOW,cVar3 = DAT_0017452f;
0x174530,FLAG,,operand,read in an expression (role unresolved),0x07BDC8,LOW,bVar1 = DAT_00174530 == -0x80;
0x174531,FLAG,,offset,added/subtracted in a calc,0x089338,MED,"(DAT_00174532 - 1) * iVar21 + (DAT_00174531 - 1) * iVar20 + 0x8000,0xffff,0);"
0x174532,CONSTANT,,operand,read in an expression (role unresolved),0x089338,LOW,"(DAT_00174532 - 1) * iVar21 + (DAT_00174531 - 1) * iVar20 + 0x8000,0xffff,0);"
0x174533,CONSTANT,,operand,read in an expression (role unresolved),0x089338,LOW,FUN_000a1cc2((DAT_00174533 - 1) * iVar19 +
0x174534,CONSTANT,,operand,read in an expression (role unresolved),0x089338,LOW,uVar18 = (uint)DAT_00174534;
0x174535,FLAG,,operand,read in an expression (role unresolved),0x089338,LOW,uVar17 = (uint)DAT_00174535;
0x174536,CONSTANT,,operand,read in an expression (role unresolved),0x089338,LOW,uVar16 = (uint)DAT_00174536;
0x174537,CONSTANT,,operand,read in an expression (role unresolved),0x089338,LOW,bVar4 = DAT_00174537;
0x174538,CONSTANT,,operand,read in an expression (role unresolved),0x089338,LOW,bVar5 = DAT_00174538;
0x174539,FLAG,,operand,read in an expression (role unresolved),0x089338,LOW,bVar6 = DAT_00174539;
0x17453A,FLAG,,operand,read in an expression (role unresolved),0x089338,LOW,bVar7 = DAT_0017453a;
0x17453B,CONSTANT,,operand,read in an expression (role unresolved),0x089338,LOW,bVar8 = DAT_0017453b;
0x17453C,CONSTANT,,operand,read in an expression (role unresolved),0x089338,LOW,bVar9 = DAT_0017453c;
0x17453D,CONSTANT,,operand,read in an expression (role unresolved),0x089338,LOW,bVar10 = DAT_0017453d;
0x17453E,CONSTANT,,operand,read in an expression (role unresolved),0x089338,LOW,bVar11 = DAT_0017453e;
0x17453F,CONSTANT,,operand,read in an expression (role unresolved),0x089338,LOW,bVar12 = DAT_0017453f;
0x174540,CONSTANT,,operand,read in an expression (role unresolved),0x089338,LOW,bVar13 = DAT_00174540;
0x174541,CONSTANT,,operand,read in an expression (role unresolved),0x089338,LOW,bVar14 = DAT_00174541;
0x174542,FLAG,,operand,read in an expression (role unresolved),0x089338,LOW,bVar15 = DAT_00174542;
0x174543,CONSTANT,,operand,read in an expression (role unresolved),0x089540,LOW,uVar11 = (uint)DAT_00174543;
0x174544,CONSTANT,,operand,read in an expression (role unresolved),0x089540,LOW,uVar10 = (uint)DAT_00174544;
0x174545,CONSTANT,,operand,read in an expression (role unresolved),0x089540,LOW,uVar9 = (uint)DAT_00174545;
0x174546,CONSTANT,,operand,read in an expression (role unresolved),0x089540,LOW,uVar8 = (uint)DAT_00174546;
0x174547,CONSTANT,,operand,read in an expression (role unresolved),0x089540,LOW,uVar7 = (uint)DAT_00174547;
0x174548,CONSTANT,,operand,read in an expression (role unresolved),0x089540,LOW,uVar6 = (uint)DAT_00174548;
0x174549,CONSTANT,,operand,read in an expression (role unresolved),0x089540,LOW,uVar5 = (uint)DAT_00174549;
0x17454A,CONSTANT,,gain,multiplier in a calc,0x089540,MED,"uVar1 = FUN_000a1cc2(0x8000 - (int)((uVar5 - 0x8000) * (uint)DAT_0017454a) / 0x10,0xffff,0);"
0x17454B,CONSTANT,,operand,read in an expression (role unresolved),0x089B54,LOW,uVar4 = (uint)DAT_0017454b;
0x17454C,CONSTANT,,operand,read in an expression (role unresolved),0x089B54,LOW,uVar3 = (uint)DAT_0017454c;
0x17454D,CONSTANT,,operand,read in an expression (role unresolved),0x089B54,LOW,uVar2 = (uint)DAT_0017454d;
0x17454E,CONSTANT,,bitmask,bit set/clear mask,0x089C86,MED,"FUN_000a1a66(&local_2c,(-(uint)DAT_0017454e & 0xff) << 8,_DAT_fef0286a);"
0x17454F,CONSTANT,,operand,read in an expression (role unresolved),0x089C86,LOW,uVar5 = (uint)DAT_0017454f;
0x174550,CONSTANT,,operand,read in an expression (role unresolved),0x089C86,LOW,uVar4 = (uint)DAT_00174550;
0x174551,CONSTANT,,operand,read in an expression (role unresolved),0x089C86,LOW,uVar3 = (uint)DAT_00174551;
0x174552,CONSTANT,,operand,read in an expression (role unresolved),0x089C86,LOW,uVar2 = (uint)DAT_00174552;
0x174553,CONSTANT,,operand,read in an expression (role unresolved),0x089C86,LOW,uVar1 = (uint)DAT_00174553;
0x174554,CONSTANT,,bitmask,bit set/clear mask,0x0896DC,MED,iVar2 = (-(uint)DAT_00174554 & 0xff) << 8;
0x174555,CONSTANT,,operand,read in an expression (role unresolved),0x0896DC,LOW,uVar1 = (uint)DAT_00174555;
0x174556,CONSTANT,,operand,read in an expression (role unresolved),0x0897E4,LOW,uVar10 = (uint)DAT_00174556;
0x174557,CONSTANT,,operand,read in an expression (role unresolved),0x0898B2,LOW,uVar10 = (ushort)DAT_00174557;
0x174558,CONSTANT,,gain,multiplier in a calc,0x089F1C,MED,"FUN_000a1a66(&uStack_a,(ushort)DAT_00174558 * -0x100);"
0x174559,CONSTANT,,bitmask,bit set/clear mask,0x08A08A,MED,"FUN_000a1a66(&uStack_e,(-(uint)DAT_00174559 & 0xff) << 8,_DAT_fef02644);"
0x17455A,CONSTANT,,operand,read in an expression (role unresolved),0x08A08A,LOW,uVar4 = (uint)DAT_0017455a;
0x17455B,FLAG,,operand,read in an expression (role unresolved),0x03A612,LOW,((((((iVar4 != 1 || (DAT_0017455b != -0x80)) && ((iVar5 != 1 || (DAT_0017455c != -0x80)))) &&
0x17455C,FLAG,,operand,read in an expression (role unresolved),0x03A612,LOW,((((((iVar4 != 1 || (DAT_0017455b != -0x80)) && ((iVar5 != 1 || (DAT_0017455c != -0x80)))) &&
0x17455D,FLAG,,operand,read in an expression (role unresolved),0x03A612,LOW,((iVar6 != 1 || (DAT_0017455d != -0x80)))) && ((iVar7 != 1 || (DAT_0017455e != -0x80)))) &&
0x17455E,FLAG,,operand,read in an expression (role unresolved),0x03A612,LOW,((iVar6 != 1 || (DAT_0017455d != -0x80)))) && ((iVar7 != 1 || (DAT_0017455e != -0x80)))) &&
0x17455F,FLAG,,operand,read in an expression (role unresolved),0x03A612,LOW,((((iVar8 != 1 || (DAT_0017455f != -0x80)) && ((iVar9 != 1 || (DAT_00174560 != -0x80)))) &&
0x174560,FLAG,,operand,read in an expression (role unresolved),0x03A612,LOW,((((iVar8 != 1 || (DAT_0017455f != -0x80)) && ((iVar9 != 1 || (DAT_00174560 != -0x80)))) &&
0x174561,CONSTANT,,threshold,compared against a constant/value,0x07B020,MED,if ((((cVar1 == DAT_00174561) || (cVar1 == DAT_00174562)) || (cVar1 == DAT_00174563)) ||
0x174562,CONSTANT,,threshold,compared against a constant/value,0x07B020,MED,if ((((cVar1 == DAT_00174561) || (cVar1 == DAT_00174562)) || (cVar1 == DAT_00174563)) ||
0x174563,CONSTANT,,threshold,compared against a constant/value,0x07B020,MED,if ((((cVar1 == DAT_00174561) || (cVar1 == DAT_00174562)) || (cVar1 == DAT_00174563)) ||
0x174564,CONSTANT,,threshold,compared against a constant/value,0x07B020,MED,(cVar1 == DAT_00174564)) {
0x174565,FLAG,,operand,read in an expression (role unresolved),0x07AFB4,LOW,if (DAT_00174565 == -0x80) {
0x174566,CONSTANT,Sensor Scaling,operand,operand computing state 0xFEF02676,0x07AF2C,MED,DAT_fef02676 = DAT_00174566;
0x174567,CONSTANT,Sensor Scaling,operand,read in an expression (role unresolved),0x07AF2C,LOW,uVar5 = (uint)DAT_00174567;
0x174568,CONSTANT,,bitmask,bit set/clear mask,0x08A298,MED,"FUN_000a1a66(&DAT_fef02666,(-(uint)DAT_00174568 & 0xff) << 8,_DAT_fef0290e);"
0x174569,CONSTANT,,bitmask,bit set/clear mask,0x08A420,MED,"FUN_000a1a66(&uStack_6,(-(uint)DAT_00174569 & 0xff) << 8,_DAT_fef02668);"
0x17456A,CONSTANT,,bitmask,bit set/clear mask,0x07AE92,MED,"FUN_000a1a66(&uStack_a,(-(uint)DAT_0017456a & 0xff) << 8,_DAT_fef0266a);"
0x17456B,FLAG,,threshold,compared against a constant/value,0x07F034,MED,if (DAT_0017456b != '\0') {
0x17456C,CONSTANT,,operand,read in an expression (role unresolved),0x07E75C,LOW,uVar7 = (uint)DAT_0017456c;
0x174570,TABLE,,map,table (reader indirect),,LOW,
0x174578,TABLE,,map,table (reader indirect),,LOW,
0x174CE8,TABLE,,map,table (reader indirect),,LOW,
0x174D34,TABLE,,map,table (reader indirect),,LOW,
0x174D80,TABLE,,map,table (reader indirect),,LOW,
0x174DCC,TABLE,,map,table (reader indirect),,LOW,
0x174E18,TABLE,,map,table (reader indirect),,LOW,
0x174E64,TABLE,,map,table (reader indirect),,LOW,
0x174EB0,TABLE,,map,table (reader indirect),,LOW,
0x174EFC,TABLE,,map,table (reader indirect),,LOW,
0x174F48,TABLE,,map,table (reader indirect),,LOW,
0x175100,CONSTANT,ETV :: QS RPM Scaling vs Ride Mode,operand,operand computing state 0xFEF02DFC,0x08BECE,MED,_DAT_fef02dfc = *(undefined4 *)(&DAT_00175100 + (uint)DAT_fef02e51 * 4);
0x17511C,CONSTANT,ETV :: QS RPM Scaling vs Ride Mode,operand,operand computing state 0xFEF02E00,0x08BF00,MED,_DAT_fef02e00 = *(undefined4 *)(&DAT_0017511c + (uint)DAT_fef02e51 * 4);
0x175138,CONSTANT,ETV :: QS RPM Scaling vs Ride Mode,operand,operand computing state 0xFEF02E08,0x08C214,MED,_DAT_fef02e08 = (&PTR_DAT_00175138)[DAT_fef02e51];
0x175154,CONSTANT,ETV :: QS RPM Scaling vs Ride Mode,operand,operand computing state 0xFEF02E3A,0x08C4D4,MED,"_DAT_fef02e3a = FUN_000a201e((&PTR_PTR_LAB_00175154)[DAT_fef02e51],_DAT_fef02e44,_DAT_fef02e46);"
0x175180,TABLE,,map,table (reader indirect),,LOW,
0x1751B0,TABLE,,map,table (reader indirect),,LOW,
0x1751C8,TABLE,,map,table (reader indirect),,LOW,
0x1751E0,TABLE,,map,table (reader indirect),,LOW,
0x175210,TABLE,,map,table (reader indirect),,LOW,
0x175240,TABLE,,map,table (reader indirect),,LOW,
0x175270,TABLE,,map,table (reader indirect),,LOW,
0x1752A0,TABLE,,map,table (reader indirect),,LOW,
0x1752D0,TABLE,,map,table (reader indirect),,LOW,
0x175300,TABLE,,map,table (reader indirect),,LOW,
0x175330,TABLE,,map,table (reader indirect),,LOW,
0x175360,TABLE,,map,table (reader indirect),,LOW,
0x175390,TABLE,,map,table (reader indirect),,LOW,
0x1753C0,TABLE,,map,table (reader indirect),,LOW,
0x1753F0,TABLE,,map,table (reader indirect),,LOW,
0x175420,TABLE,,map,table (reader indirect),,LOW,
0x175450,TABLE,,map,table (reader indirect),,LOW,
0x175480,TABLE,,map,table (reader indirect),,LOW,
0x1754B0,TABLE,,map,table (reader indirect),,LOW,
0x1754E0,TABLE,,map,table (reader indirect),,LOW,
0x175510,TABLE,,map,table (reader indirect),,LOW,
0x175540,TABLE,,map,table (reader indirect),,LOW,
0x175570,TABLE,,map,table (reader indirect),,LOW,
0x1755A0,TABLE,,map,table (reader indirect),,LOW,
0x1755D0,TABLE,,map,table (reader indirect),,LOW,
0x175600,TABLE,,map,table (reader indirect),,LOW,
0x175630,TABLE,,map,table (reader indirect),,LOW,
0x175660,TABLE,,map,table (reader indirect),,LOW,
0x175690,TABLE,,map,table (reader indirect),,LOW,
0x1756C0,TABLE,,map,table (reader indirect),,LOW,
0x1756F0,TABLE,,map,table (reader indirect),,LOW,
0x175720,TABLE,,map,table (reader indirect),,LOW,
0x175750,TABLE,,map,table (reader indirect),,LOW,
0x175780,TABLE,,map,table (reader indirect),,LOW,
0x1757B0,TABLE,,map,table (reader indirect),,LOW,
0x1757E0,TABLE,,map,table (reader indirect),,LOW,
0x175810,TABLE,,map,table (reader indirect),,LOW,
0x175840,TABLE,,map,table (reader indirect),,LOW,
0x175870,TABLE,,map,table (reader indirect),,LOW,
0x1758A0,TABLE,,map,table (reader indirect),,LOW,
0x1758D0,TABLE,,map,table (reader indirect),,LOW,
0x175900,TABLE,,map,table (reader indirect),,LOW,
0x175930,TABLE,,map,table (reader indirect),,LOW,
0x175960,TABLE,,map,table (reader indirect),,LOW,
0x175990,TABLE,,map,table (reader indirect),,LOW,
0x1759C0,TABLE,,map,table (reader indirect),,LOW,
0x1759F0,TABLE,,map,table (reader indirect),,LOW,
0x175A20,TABLE,,map,table (reader indirect),,LOW,
0x175A50,TABLE,,map,table (reader indirect),,LOW,
0x175A80,TABLE,,map,table (reader indirect),,LOW,
0x175AB0,TABLE,,map,table (reader indirect),,LOW,
0x175AE0,TABLE,,map,table (reader indirect),,LOW,
0x175B10,TABLE,,map,table (reader indirect),,LOW,
0x175B40,TABLE,,map,table (reader indirect),,LOW,
0x175B70,TABLE,,map,table (reader indirect),,LOW,
0x175BA0,TABLE,,map,table (reader indirect),,LOW,
0x175BD0,TABLE,,map,table (reader indirect),,LOW,
0x175C00,TABLE,,map,table (reader indirect),,LOW,
0x175C30,TABLE,,map,table (reader indirect),,LOW,
0x175C60,TABLE,,map,table (reader indirect),,LOW,
0x175C90,TABLE,,map,table (reader indirect),,LOW,
0x175CC0,TABLE,,map,table (reader indirect),,LOW,
0x175CF0,TABLE,,map,table (reader indirect),,LOW,
0x175D20,TABLE,,map,table (reader indirect),,LOW,
0x175D50,TABLE,,map,table (reader indirect),,LOW,
0x175D80,TABLE,,map,table (reader indirect),,LOW,
0x175DB0,TABLE,,map,table (reader indirect),,LOW,
0x175DE0,TABLE,,map,table (reader indirect),,LOW,
0x175E60,TABLE,,map,table (reader indirect),,LOW,
0x175F00,TABLE,,map,table (reader indirect),,LOW,
0x175F50,TABLE,,map,table (reader indirect),,LOW,
0x192BA8,CONSTANT,,operand,operand computing state 0xFEF02E0C,0x08BE2C,MED,_DAT_fef02e0c = (&PTR_DAT_00192ba8)[(uint)DAT_fef02e51 * 6 + (uint)DAT_fef0267c];
0x192C50,CONSTANT,,operand,read in an expression (role unresolved),0x08C6FA,LOW,uVar8 = DAT_00192c50;
0x192C52,CONSTANT,,operand,read in an expression (role unresolved),0x08C6FA,LOW,uVar1 = DAT_00192c52;
0x192C54,CONSTANT,ETV :: QS RPM Scaling vs Ride Mode,operand,read in an expression (role unresolved),0x08C58E,LOW,uVar7 = DAT_00192c54;
0x192C56,CONSTANT,ETV :: QS RPM Scaling vs Ride Mode,operand,read in an expression (role unresolved),0x08C58E,LOW,uVar8 = DAT_00192c56;
0x192C58,CONSTANT,,operand,read in an expression (role unresolved),0x08C58E,LOW,uVar13 = DAT_00192c58;
0x192C5A,CONSTANT,,operand,read in an expression (role unresolved),0x08C58E,LOW,uVar9 = DAT_00192c5a;
0x192C5C,CONSTANT,,operand,read in an expression (role unresolved),0x08C7B0,LOW,if (((uint)_DAT_fef02e3e < (uint)DAT_00192c5c) &&
0x192C5E,CONSTANT,,operand,read in an expression (role unresolved),0x08C7B0,LOW,uVar2 = (uint)DAT_00192c5e;
0x192C60,CONSTANT,,operand,operand computing state 0xFEF02E24,0x08C2D6,MED,_DAT_fef02e24 = DAT_00192c60;
0x192C62,CONSTANT,,operand,operand computing state 0xFEF02E24,0x08C2D6,MED,_DAT_fef02e24 = DAT_00192c62;
0x192C64,CONSTANT,,operand,operand computing state 0xFEF02E24,0x08C2D6,MED,_DAT_fef02e24 = DAT_00192c64;
0x192C66,CONSTANT,,operand,operand computing state 0xFEF02E24,0x08C2D6,MED,_DAT_fef02e24 = DAT_00192c66;
0x192C68,CONSTANT,,operand,operand computing state 0xFEF02E24,0x08C2D6,MED,_DAT_fef02e24 = DAT_00192c68;
0x192C6A,CONSTANT,,operand,operand computing state 0xFEF02E24,0x08C2D6,MED,_DAT_fef02e24 = DAT_00192c6a;
0x192C6C,CONSTANT,,gain,multiplier in a calc,0x08C0DE,MED,_DAT_fef02e36 = DAT_00192c6c * (ushort)bVar1 + _DAT_fef02e36 * (ushort)!bVar1;
0x192C6E,CONSTANT,,operand,read in an expression (role unresolved),0x08C12C,LOW,sVar2 = DAT_00192c6e;
0x192C70,CONSTANT,Throttle By Wire,operand,read in an expression (role unresolved),0x08C86E,LOW,uVar4 = DAT_00192c70;
0x192C72,CONSTANT,Throttle By Wire,operand,read in an expression (role unresolved),0x08C7FA,LOW,uVar6 = (uint)DAT_00192c72;
0x192C74,CONSTANT,Throttle By Wire,operand,read in an expression (role unresolved),0x08C7FA,LOW,uVar1 = DAT_00192c74;
0x192C76,CONSTANT,,operand,read in an expression (role unresolved),0x08B4DC,LOW,if ((DAT_00192c76 < *(ushort *)(unaff_gp + -0x5c86)) && (DAT_febf653c - 4 < 4)) {
0x192C78,CONSTANT,,threshold,compared against state 0xFEF02DD0,0x08B4DC,HIGH,if (DAT_00192c78 <= _DAT_fef02dd0) {
0x192C7A,CONSTANT,,operand,read in an expression (role unresolved),0x08BA66,LOW,uVar1 = DAT_00192c7a;
0x192C7C,CONSTANT,,threshold,compared against a constant/value,0x08B388,MED,((*(ushort *)(unaff_gp + -0x5c46) < DAT_00192c7c || ((*(byte *)(unaff_gp + -0x5ac1) & 1) != 0)
0x192C7E,CONSTANT,,operand,read in an expression (role unresolved),0x08B5D8,LOW,uVar5 = (uint)DAT_00192c7e;
0x192C80,CONSTANT,,operand,read in an expression (role unresolved),0x08B5D8,LOW,uVar3 = DAT_00192c80;
0x192C82,CONSTANT,,operand,read in an expression (role unresolved),0x08B5D8,LOW,uVar4 = (uint)DAT_00192c82;
0x192C84,CONSTANT,,operand,read in an expression (role unresolved),0x08B5D8,LOW,uVar1 = DAT_00192c84;
0x192C86,CONSTANT,,threshold,compared against state 0xFEF02DDA,0x08B5D8,HIGH,if (DAT_00192c86 <= _DAT_fef02dda) {
0x192C88,CONSTANT,,operand,read in an expression (role unresolved),0x08B6F4,LOW,uVar3 = DAT_00192c88;
0x192C8A,CONSTANT,,operand,read in an expression (role unresolved),0x08B6F4,LOW,uVar8 = (uint)DAT_00192c8a;
0x192C8C,CONSTANT,,operand,read in an expression (role unresolved),0x08B6F4,LOW,uVar7 = (uint)DAT_00192c8c;
0x192C8E,CONSTANT,,operand,read in an expression (role unresolved),0x08B81A,LOW,uVar1 = DAT_00192c8e;
0x192C90,CONSTANT,,operand,read in an expression (role unresolved),0x08B8B6,LOW,uVar1 = DAT_00192c90;
0x192C92,CONSTANT,,operand,read in an expression (role unresolved),0x08B8B6,LOW,uVar2 = DAT_00192c92;
0x192C94,CONSTANT,,operand,read in an expression (role unresolved),0x08B8B6,LOW,uVar3 = DAT_00192c94;
0x192C96,CONSTANT,,operand,read in an expression (role unresolved),0x08B98A,LOW,uVar1 = DAT_00192c96;
0x192C98,CONSTANT,,operand,read in an expression (role unresolved),0x08B98A,LOW,uVar2 = DAT_00192c98;
0x192C9A,CONSTANT,,operand,read in an expression (role unresolved),0x08B98A,LOW,uVar3 = DAT_00192c9a;
0x192C9C,CONSTANT,,operand,read in an expression (role unresolved),0x08BA66,LOW,uVar2 = DAT_00192c9c;
0x192C9E,CONSTANT,,operand,read in an expression (role unresolved),0x08BA66,LOW,uVar3 = DAT_00192c9e;
0x192CA0,CONSTANT,,operand,read in an expression (role unresolved),0x08BA66,LOW,uVar4 = DAT_00192ca0;
0x192CA2,CONSTANT,,operand,read in an expression (role unresolved),0x08BA66,LOW,uVar5 = DAT_00192ca2;
0x192CA4,CONSTANT,,operand,read in an expression (role unresolved),0x08BB74,LOW,uVar2 = DAT_00192ca4;
0x192CA6,CONSTANT,,operand,read in an expression (role unresolved),0x08BB74,LOW,uVar3 = DAT_00192ca6;
0x192CA8,CONSTANT,,operand,read in an expression (role unresolved),0x08BB74,LOW,uVar4 = DAT_00192ca8;
0x192CAA,CONSTANT,Throttle By Wire,operand,read in an expression (role unresolved),0x08AFE0,LOW,uVar5 = DAT_00192caa;
0x192CAC,CONSTANT,,operand,operand computing state 0xFEF02D8C,0x08AF64,MED,"_DAT_fef02d8c = FUN_000a1cc2(_DAT_fef02d80,DAT_00192cae,DAT_00192cac);"
0x192CAE,CONSTANT,,operand,operand computing state 0xFEF02D8C,0x08AF64,MED,"_DAT_fef02d8c = FUN_000a1cc2(_DAT_fef02d80,DAT_00192cae,DAT_00192cac);"
0x192CB0,CONSTANT,,operand,operand computing state 0xFEF02D84,0x08A71A,MED,"_DAT_fef02d84 = FUN_000a1cc2(_DAT_febf6536,DAT_00192cb0,DAT_00192cb6);"
0x192CB2,CONSTANT,,operand,read in an expression (role unresolved),0x08A7BA,LOW,"FUN_000a1cc2((int)((uVar1 - 0x8000) * uVar2) / 0x20 + 0x8000,DAT_00192cb4,DAT_00192cb2);"
0x192CB4,CONSTANT,,operand,read in an expression (role unresolved),0x08A7BA,LOW,"FUN_000a1cc2((int)((uVar1 - 0x8000) * uVar2) / 0x20 + 0x8000,DAT_00192cb4,DAT_00192cb2);"
0x192CB6,CONSTANT,,operand,operand computing state 0xFEF02D84,0x08A71A,MED,"_DAT_fef02d84 = FUN_000a1cc2(_DAT_febf6536,DAT_00192cb0,DAT_00192cb6);"
0x192CB8,CONSTANT,,threshold,compared against a constant/value,0x08A7BA,MED,"if ((DAT_00192cb8 <= uVar1) && (uVar2 = (uint)DAT_00192d01, DAT_00192cba <= uVar1)) {"
0x192CBA,CONSTANT,,threshold,compared against a constant/value,0x08A7BA,MED,"if ((DAT_00192cb8 <= uVar1) && (uVar2 = (uint)DAT_00192d01, DAT_00192cba <= uVar1)) {"
0x192CBC,CONSTANT,,threshold,compared against a constant/value,0x08A7BA,MED,uVar2 = (uint)DAT_00192d03 * (uint)(DAT_00192cbc < uVar1) +
0x192CBE,CONSTANT,,gain,multiplier in a calc,0x08A854,MED,DAT_00192cbe * (ushort)(_DAT_febf6536 >= 0x8000);
0x192CC0,CONSTANT,,gain,multiplier in a calc,0x08A854,MED,DAT_00192cc0 * (ushort)(_DAT_febf6536 < 0x8000) +
0x192CC2,CONSTANT,,operand,read in an expression (role unresolved),0x08AA9E,LOW,"DAT_00192cc4,DAT_00192cc2);"
0x192CC4,CONSTANT,,operand,read in an expression (role unresolved),0x08AA9E,LOW,"DAT_00192cc4,DAT_00192cc2);"
0x192CC6,CONSTANT,,operand,read in an expression (role unresolved),0x08A87E,LOW,uVar1 = DAT_00192cc6;
0x192CC8,CONSTANT,,operand,read in an expression (role unresolved),0x08A87E,LOW,uVar2 = DAT_00192cc8;
0x192CCA,CONSTANT,,operand,read in an expression (role unresolved),0x08A87E,LOW,uVar3 = DAT_00192cca;
0x192CCC,CONSTANT,,operand,read in an expression (role unresolved),0x08A87E,LOW,uVar4 = DAT_00192ccc;
0x192CCE,CONSTANT,Throttle By Wire,operand,read in an expression (role unresolved),0x08A91C,LOW,uVar12 = (uint)DAT_00192cce;
0x192CD0,CONSTANT,Throttle By Wire,operand,read in an expression (role unresolved),0x08A91C,LOW,uVar4 = DAT_00192cd0;
0x192CD2,CONSTANT,Throttle By Wire,operand,read in an expression (role unresolved),0x08A91C,LOW,uVar5 = DAT_00192cd2;
0x192CD4,CONSTANT,,operand,read in an expression (role unresolved),0x08AB46,LOW,"(int)((uVar2 - uVar4) * iVar3) / 4 + 0x8000,DAT_00192cd6,DAT_00192cd4);"
0x192CD6,CONSTANT,,operand,read in an expression (role unresolved),0x08AB46,LOW,"(int)((uVar2 - uVar4) * iVar3) / 4 + 0x8000,DAT_00192cd6,DAT_00192cd4);"
0x192CD8,CONSTANT,,operand,read in an expression (role unresolved),0x08ABBE,LOW,uVar5 = DAT_00192cd8;
0x192CDA,CONSTANT,,operand,read in an expression (role unresolved),0x08ABBE,LOW,uVar6 = DAT_00192cda;
0x192CDC,CONSTANT,,operand,read in an expression (role unresolved),0x08ABBE,LOW,uVar12 = (uint)DAT_00192cdc;
0x192CDE,CONSTANT,,operand,read in an expression (role unresolved),0x08ABBE,LOW,uVar11 = (uint)DAT_00192cde;
0x192CE0,CONSTANT,,operand,read in an expression (role unresolved),0x08A606,LOW,uVar1 = DAT_00192ce0;
0x192CE2,CONSTANT,,operand,read in an expression (role unresolved),0x08ABBE,LOW,uVar7 = DAT_00192ce2;
0x192CE4,CONSTANT,,operand,read in an expression (role unresolved),0x08ABBE,LOW,uVar8 = DAT_00192ce4;
0x192CE6,CONSTANT,,operand,read in an expression (role unresolved),0x08ABBE,LOW,uVar4 = DAT_00192ce6;
0x192CE8,CONSTANT,,operand,read in an expression (role unresolved),0x08ABBE,LOW,uVar3 = DAT_00192ce8;
0x192CEA,CONSTANT,Throttle By Wire,operand,read in an expression (role unresolved),0x08AE3E,LOW,uVar1 = DAT_00192cea;
0x192CEC,CONSTANT,Throttle By Wire,operand,read in an expression (role unresolved),0x08AE3E,LOW,uVar2 = DAT_00192cec;
0x192CEE,CONSTANT,,operand,read in an expression (role unresolved),0x08AEF2,LOW,uVar4 = (uint)DAT_00192cee;
0x192CF0,CONSTANT,,operand,read in an expression (role unresolved),0x08AEF2,LOW,uVar5 = (uint)DAT_00192cf0;
0x192CF2,CONSTANT,,threshold,compared against a constant/value,0x08C6FA,MED,if (DAT_fef02e52 < DAT_00192cf2) {
0x192CF3,CONSTANT,,operand,read in an expression (role unresolved),0x08C6FA,LOW,bVar2 = DAT_00192cf3;
0x192CF4,FLAG,,operand,read in an expression (role unresolved),0x08C58E,LOW,if (DAT_00192cf4 == -0x80) {
0x192CF5,CONSTANT,,operand,operand computing state 0xFEF02E4D,0x08C2D6,MED,DAT_fef02e4d = DAT_00192cf5;
0x192CF6,CONSTANT,,operand,operand computing state 0xFEF02E4D,0x08C2D6,MED,DAT_fef02e4d = DAT_00192cf6;
0x192CF7,CONSTANT,,operand,operand computing state 0xFEF02E4D,0x08C2D6,MED,DAT_fef02e4d = DAT_00192cf7;
0x192CF8,CONSTANT,,operand,operand computing state 0xFEF02E4D,0x08C2D6,MED,DAT_fef02e4d = DAT_00192cf8;
0x192CF9,CONSTANT,,operand,operand computing state 0xFEF02E4D,0x08C2D6,MED,DAT_fef02e4d = DAT_00192cf9;
0x192CFA,CONSTANT,,operand,operand computing state 0xFEF02E4D,0x08C2D6,MED,DAT_fef02e4d = DAT_00192cfa;
0x192CFB,CONSTANT,Throttle By Wire,operand,read in an expression (role unresolved),0x08C86E,LOW,uVar16 = (uint)DAT_00192cfb;
0x192CFC,FLAG,,operand,read in an expression (role unresolved),0x08C520,LOW,cVar2 = DAT_00192cfc;
0x192CFD,CONSTANT,,operand,read in an expression (role unresolved),0x08B6F4,LOW,uVar9 = (uint)DAT_00192cfd;
0x192CFE,CONSTANT,,operand,read in an expression (role unresolved),0x08B6F4,LOW,bVar4 = DAT_00192cfe;
0x192CFF,CONSTANT,,operand,read in an expression (role unresolved),0x08AEF2,LOW,cVar1 = DAT_00192cff;
0x192D00,CONSTANT,,operand,read in an expression (role unresolved),0x08A7BA,LOW,uVar2 = (uint)DAT_00192d00;
0x192D01,CONSTANT,,operand,read in an expression (role unresolved),0x08A7BA,LOW,"if ((DAT_00192cb8 <= uVar1) && (uVar2 = (uint)DAT_00192d01, DAT_00192cba <= uVar1)) {"
0x192D02,CONSTANT,,gain,multiplier in a calc,0x08A7BA,MED,(uint)DAT_00192d02 * (uint)(uVar1 <= DAT_00192cbc);
0x192D03,CONSTANT,,gain,multiplier in a calc,0x08A7BA,MED,uVar2 = (uint)DAT_00192d03 * (uint)(DAT_00192cbc < uVar1) +
0x192D04,CONSTANT,,operand,read in an expression (role unresolved),0x08A87E,LOW,cVar9 = DAT_00192d04;
0x192D05,CONSTANT,,operand,read in an expression (role unresolved),0x08A87E,LOW,cVar5 = DAT_00192d05;
0x192D06,CONSTANT,,operand,read in an expression (role unresolved),0x08A87E,LOW,cVar6 = DAT_00192d06;
0x192D07,CONSTANT,,operand,read in an expression (role unresolved),0x08A87E,LOW,cVar7 = DAT_00192d07;
0x192D08,FLAG,,gain,multiplier in a calc,0x08AAE8,MED,"((uint)*(ushort *)(unaff_gp + -0x5c40) * (uint)DAT_00192d08) / 0x200) + -0x8000,"
0x192D09,FLAG,,gain,multiplier in a calc,0x08AB46,MED,FUN_000a1cc2((int)((_DAT_fef02d84 - 0x8000) * (uint)DAT_00192d09) / 0x100 +
0x192D0A,CONSTANT,,gain,multiplier in a calc,0x08AB46,MED,iVar3 = (uint)DAT_00192d0b * (uint)(uVar4 < uVar2) + (uint)DAT_00192d0a * (uint)(uVar4 >= uVar2);
0x192D0B,CONSTANT,,gain,multiplier in a calc,0x08AB46,MED,iVar3 = (uint)DAT_00192d0b * (uint)(uVar4 < uVar2) + (uint)DAT_00192d0a * (uint)(uVar4 >= uVar2);
0x192D0C,CONSTANT,,operand,read in an expression (role unresolved),0x08ABBE,LOW,uVar21 = (uint)DAT_00192d0c;
0x192D0D,CONSTANT,,operand,read in an expression (role unresolved),0x08ABBE,LOW,uVar20 = (uint)DAT_00192d0d;
0x192D0E,CONSTANT,,operand,read in an expression (role unresolved),0x08ABBE,LOW,uVar19 = (uint)DAT_00192d0e;
0x192D0F,CONSTANT,,operand,read in an expression (role unresolved),0x08ABBE,LOW,uVar18 = (uint)DAT_00192d0f;
0x192D10,CONSTANT,,operand,read in an expression (role unresolved),0x08ABBE,LOW,uVar17 = (uint)DAT_00192d10;
0x192D11,FLAG,,operand,read in an expression (role unresolved),0x08ABBE,LOW,uVar16 = (uint)DAT_00192d11;
0x192D12,FLAG,,operand,read in an expression (role unresolved),0x08ABBE,LOW,uVar15 = (uint)DAT_00192d12;
0x192D13,FLAG,,operand,read in an expression (role unresolved),0x08ABBE,LOW,uVar14 = (uint)DAT_00192d13;
0x192D14,FLAG,,operand,read in an expression (role unresolved),0x08ABBE,LOW,uVar13 = (uint)DAT_00192d14;
0x192D15,CONSTANT,,operand,read in an expression (role unresolved),0x08ABBE,LOW,uVar31 = (uint)DAT_00192d15;
0x192D16,CONSTANT,,operand,read in an expression (role unresolved),0x08ABBE,LOW,uVar30 = (uint)DAT_00192d16;
0x192D17,CONSTANT,,operand,read in an expression (role unresolved),0x08ABBE,LOW,uVar29 = (uint)DAT_00192d17;
0x192D18,CONSTANT,,operand,read in an expression (role unresolved),0x08ABBE,LOW,uVar28 = (uint)DAT_00192d18;
0x192D19,CONSTANT,,operand,read in an expression (role unresolved),0x08ABBE,LOW,uVar27 = (uint)DAT_00192d19;
0x192D1A,FLAG,,operand,read in an expression (role unresolved),0x08ABBE,LOW,uVar26 = (uint)DAT_00192d1a;
0x192D1B,FLAG,,operand,read in an expression (role unresolved),0x08ABBE,LOW,uVar25 = (uint)DAT_00192d1b;
0x192D1C,FLAG,,operand,read in an expression (role unresolved),0x08ABBE,LOW,uVar24 = (uint)DAT_00192d1c;
0x192D1D,FLAG,,operand,read in an expression (role unresolved),0x08ABBE,LOW,bVar9 = DAT_00192d1d;
0x192D20,TABLE,,map,table (reader indirect),,LOW,
0x192D50,TABLE,,map,table (reader indirect),,LOW,
0x192DE4,TABLE,,map,table (reader indirect),,LOW,
0x192E6C,TABLE,,map,table (reader indirect),,LOW,
0x192E9C,TABLE,,map,table (reader indirect),,LOW,
0x192ECC,TABLE,,map,table (reader indirect),,LOW,
0x192EFC,TABLE,,map,table (reader indirect),,LOW,
0x192F2C,TABLE,,map,table (reader indirect),,LOW,
0x192F5C,TABLE,,map,table (reader indirect),,LOW,
0x192F8C,TABLE,,map,table (reader indirect),,LOW,
0x192FBC,TABLE,,map,table (reader indirect),,LOW,
0x192FEC,TABLE,,map,table (reader indirect),,LOW,
0x19301C,TABLE,,map,table (reader indirect),,LOW,
0x19304C,TABLE,,map,table (reader indirect),,LOW,
0x19307C,TABLE,,map,table (reader indirect),,LOW,
0x1930AC,TABLE,,map,table (reader indirect),,LOW,
0x1930DC,TABLE,,map,table (reader indirect),,LOW,
0x19310C,TABLE,,map,table (reader indirect),,LOW,
0x19313C,TABLE,,map,table (reader indirect),,LOW,
0x19316C,TABLE,,map,table (reader indirect),,LOW,
0x19319C,TABLE,,map,table (reader indirect),,LOW,
0x1931CC,TABLE,,map,table (reader indirect),,LOW,
0x1931FC,TABLE,,map,table (reader indirect),,LOW,
0x19322C,TABLE,,map,table (reader indirect),,LOW,
0x19325C,TABLE,,map,table (reader indirect),,LOW,
0x19328C,TABLE,,map,table (reader indirect),,LOW,
0x1932BC,TABLE,,map,table (reader indirect),,LOW,
0x1932EC,TABLE,,map,table (reader indirect),,LOW,
0x19331C,TABLE,,map,table (reader indirect),,LOW,
0x19334C,TABLE,,map,table (reader indirect),,LOW,
0x19337C,TABLE,,map,table (reader indirect),,LOW,
0x1933AC,TABLE,,map,table (reader indirect),,LOW,
0x1933DC,TABLE,,map,table (reader indirect),,LOW,
0x19340C,TABLE,,map,table (reader indirect),,LOW,
0x19343C,TABLE,,map,table (reader indirect),,LOW,
0x19346C,TABLE,,map,table (reader indirect),,LOW,
0x19349C,TABLE,,map,table (reader indirect),,LOW,
0x1934CC,TABLE,,map,table (reader indirect),,LOW,
0x1934FC,TABLE,,map,table (reader indirect),,LOW,
0x19352C,TABLE,,map,table (reader indirect),,LOW,
0x19355C,TABLE,,map,table (reader indirect),,LOW,
0x19358C,TABLE,,map,table (reader indirect),,LOW,
0x1935BC,TABLE,,map,table (reader indirect),,LOW,
0x1935EC,TABLE,,map,table (reader indirect),,LOW,
0x19361C,TABLE,,map,table (reader indirect),,LOW,
0x19364C,TABLE,,map,table (reader indirect),,LOW,
0x19367C,TABLE,,map,table (reader indirect),,LOW,
0x1936AC,TABLE,,map,table (reader indirect),,LOW,
0x1936DC,TABLE,,map,table (reader indirect),,LOW,
0x19370C,TABLE,,map,table (reader indirect),,LOW,
0x19373C,TABLE,,map,table (reader indirect),,LOW,
0x19376C,TABLE,,map,table (reader indirect),,LOW,
0x19379C,TABLE,,map,table (reader indirect),,LOW,
0x1937CC,TABLE,,map,table (reader indirect),,LOW,
0x1937FC,TABLE,,map,table (reader indirect),,LOW,
0x19382C,TABLE,,map,table (reader indirect),,LOW,
0x19385C,TABLE,,map,table (reader indirect),,LOW,
0x19388C,TABLE,,map,table (reader indirect),,LOW,
0x1938BC,TABLE,,map,table (reader indirect),,LOW,
0x1938EC,TABLE,,map,table (reader indirect),,LOW,
0x19391C,TABLE,,map,table (reader indirect),,LOW,
0x19394C,TABLE,,map,table (reader indirect),,LOW,
0x19397C,TABLE,,map,table (reader indirect),,LOW,
0x1939AC,TABLE,,map,table (reader indirect),,LOW,
0x1939DC,TABLE,,map,table (reader indirect),,LOW,
0x193A0C,TABLE,,map,table (reader indirect),,LOW,
0x193A3C,TABLE,,map,table (reader indirect),,LOW,
0x193A6C,TABLE,,map,table (reader indirect),,LOW,
0x193A9C,TABLE,,map,table (reader indirect),,LOW,
0x193ACC,TABLE,,map,table (reader indirect),,LOW,
0x193AFC,TABLE,,map,table (reader indirect),,LOW,
0x193B2C,TABLE,,map,table (reader indirect),,LOW,
0x193B5C,TABLE,,map,table (reader indirect),,LOW,
0x193B8C,TABLE,,map,table (reader indirect),,LOW,
0x193BBC,TABLE,,map,table (reader indirect),,LOW,
0x193BEC,TABLE,,map,table (reader indirect),,LOW,
0x193C1C,TABLE,,map,table (reader indirect),,LOW,
0x193C4C,TABLE,,map,table (reader indirect),,LOW,
0x193C7C,TABLE,,map,table (reader indirect),,LOW,
0x193CAC,TABLE,,map,table (reader indirect),,LOW,
0x193CDC,TABLE,,map,table (reader indirect),,LOW,
0x193D0C,TABLE,,map,table (reader indirect),,LOW,
0x193D3C,TABLE,,map,table (reader indirect),,LOW,
0x193D80,TABLE,,map,table (reader indirect),,LOW,
0x193DB0,TABLE,,map,table (reader indirect),,LOW,
0x193DE0,TABLE,,map,table (reader indirect),,LOW,
0x193E10,TABLE,,map,table (reader indirect),,LOW,
0x193E40,TABLE,,map,table (reader indirect),,LOW,
0x193E70,TABLE,,map,table (reader indirect),,LOW,
0x193EA0,TABLE,,map,table (reader indirect),,LOW,
0x193ED0,TABLE,,map,table (reader indirect),,LOW,
0x193F00,TABLE,,map,table (reader indirect),,LOW,
0x193F30,TABLE,,map,table (reader indirect),,LOW,
0x193F60,TABLE,,map,table (reader indirect),,LOW,
0x193F90,TABLE,,map,table (reader indirect),,LOW,
0x193FC0,TABLE,,map,table (reader indirect),,LOW,
0x193FF0,TABLE,,map,table (reader indirect),,LOW,
0x194020,TABLE,,map,table (reader indirect),,LOW,
0x194078,TABLE,,map,table (reader indirect),,LOW,
0x1940D0,TABLE,,map,table (reader indirect),,LOW,
0x194100,TABLE,,map,table (reader indirect),,LOW,
0x194164,TABLE,,map,table (reader indirect),,LOW,
0x1941BC,TABLE,,map,table (reader indirect),,LOW,
0x194214,TABLE,,map,table (reader indirect),,LOW,
0x19502C,TABLE,,map,table (reader indirect),,LOW,
0x19EB7A,CONSTANT,,operand,read in an expression (role unresolved),0x091370,LOW,uVar3 = DAT_0019eb7a;
0x19EB7C,CONSTANT,ETV Monitor :: Limit vs RPM | Set A,operand,read in an expression (role unresolved),0x08E7AC,LOW,if (DAT_0019eb7c < *(ushort *)(unaff_gp + -0x5854)) {
0x19EB7E,CONSTANT,ETV Monitor :: Limit vs RPM | Set A,operand,read in an expression (role unresolved),0x08E7AC,LOW,if (DAT_0019eb7e <= *(ushort *)(unaff_gp + -0x5c82)) {
0x19EB80,CONSTANT,,threshold,compared against a constant/value,0x08E82E,MED,DAT_0019eb82 * (ushort)(*(ushort *)(unaff_gp + -0x5854) <= DAT_0019eb80);
0x19EB82,CONSTANT,,gain,multiplier in a calc,0x08E82E,MED,DAT_0019eb82 * (ushort)(*(ushort *)(unaff_gp + -0x5854) <= DAT_0019eb80);
0x19EB84,CONSTANT,,gain,multiplier in a calc,0x08E82E,MED,DAT_0019eb84 * (ushort)(DAT_0019eb80 < *(ushort *)(unaff_gp + -0x5854)) +
0x19EB86,CONSTANT,,threshold,compared against a constant/value,0x08EBD4,MED,if (((DAT_0019eb86 <= uVar1) && (uVar1 <= DAT_0019eb88)) ||
0x19EB88,CONSTANT,,threshold,compared against a constant/value,0x08EBD4,MED,if (((DAT_0019eb86 <= uVar1) && (uVar1 <= DAT_0019eb88)) ||
0x19EB8A,CONSTANT,,threshold,compared against a constant/value,0x08EBD4,MED,((DAT_0019eb8a <= uVar1 && (uVar1 <= DAT_0019eb8c)))) {
0x19EB8C,CONSTANT,,threshold,compared against a constant/value,0x08EBD4,MED,((DAT_0019eb8a <= uVar1 && (uVar1 <= DAT_0019eb8c)))) {
0x19EB8E,CONSTANT,,operand,read in an expression (role unresolved),0x08EC5E,LOW,if (DAT_0019eb8e <= *(ushort *)(unaff_gp + -0x57f8)) {
0x19EB90,CONSTANT,,operand,read in an expression (role unresolved),0x08E86E,LOW,uVar2 = (uint)DAT_0019eb90;
0x19EB92,CONSTANT,,threshold,compared against a constant/value,0x08E90A,MED,if (((*(ushort *)(unaff_gp + -0x5c5c) < DAT_0019eb92) &&
0x19EB94,CONSTANT,,threshold,compared against a constant/value,0x08EC0E,MED,if (_DAT_fef03196 < DAT_0019eb94) {
0x19EB96,CONSTANT,,threshold,compared against RAM 0xFEBF601A,0x08EC0E,HIGH,if (DAT_0019eb96 < _DAT_febf601a) {
0x19EB98,CONSTANT,,operand,read in an expression (role unresolved),0x08E8CC,LOW,uVar3 = (uint)DAT_0019eb98;
0x19EB9A,CONSTANT,,operand,read in an expression (role unresolved),0x08E95E,LOW,uVar2 = DAT_0019eb9a;
0x19EB9C,CONSTANT,,operand,read in an expression (role unresolved),0x08CF78,LOW,uVar4 = (uint)DAT_0019eb9c;
0x19EB9E,CONSTANT,,operand,read in an expression (role unresolved),0x08E95E,LOW,uVar4 = DAT_0019eb9e;
0x19EBA0,CONSTANT,,operand,read in an expression (role unresolved),0x08CF78,LOW,uVar5 = (uint)DAT_0019eba0;
0x19EBA2,CONSTANT,,operand,read in an expression (role unresolved),0x08E6E0,LOW,uVar2 = DAT_0019eba2;
0x19EBA4,CONSTANT,,operand,read in an expression (role unresolved),0x08E6E0,LOW,uVar3 = DAT_0019eba4;
0x19EBA6,CONSTANT,,operand,read in an expression (role unresolved),0x08EAAC,LOW,uVar1 = DAT_0019eba6;
0x19EBA8,CONSTANT,,operand,read in an expression (role unresolved),0x08EAF6,LOW,uVar2 = DAT_0019eba8;
0x19EBAA,CONSTANT,,operand,read in an expression (role unresolved),0x08EAF6,LOW,uVar3 = DAT_0019ebaa;
0x19EBAC,CONSTANT,ETV Monitor :: Limit vs RPM | Set A,threshold,compared against a constant/value,0x08EDF6,MED,sVar1 = *(ushort *)(unaff_gp + -0x5a24) * (ushort)(*(ushort *)(unaff_gp + -0x5a24) < DAT_0019ebac)
0x19EBAE,CONSTANT,ETV Monitor :: Limit vs RPM | Set A,threshold,compared against a constant/value,0x08EE28,MED,sVar1 = *(ushort *)(unaff_gp + -0x5a22) * (ushort)(*(ushort *)(unaff_gp + -0x5a22) < DAT_0019ebae)
0x19EBB0,CONSTANT,,operand,read in an expression (role unresolved),0x08F092,LOW,uVar6 = DAT_0019ebb0;
0x19EBB2,CONSTANT,,operand,read in an expression (role unresolved),0x08F176,LOW,*(undefined2 *)(unaff_gp + -0x5a0e) = DAT_0019ebb2;
0x19EBB4,CONSTANT,,threshold,compared against a constant/value,0x08DF54,MED,if ((iVar6 == 1) && (uVar1 < DAT_0019ebb4)) {
0x19EBB6,CONSTANT,,threshold,compared against a constant/value,0x08DF54,MED,bVar4 = uVar2 <= DAT_0019ebb6;
0x19EBB8,CONSTANT,,operand,read in an expression (role unresolved),0x08E040,LOW,(DAT_0019ebb8 <= *(ushort *)(unaff_gp + -0x5854))) {
0x19EBBA,CONSTANT,,operand,read in an expression (role unresolved),0x08E514,LOW,if ((((iVar1 == 1) || (DAT_0019ebba <= *(ushort *)(unaff_gp + -0x5c82))) ||
0x19EBBC,CONSTANT,,threshold,compared against a constant/value,0x08E514,MED,(*(ushort *)(unaff_gp + -0x5c10) < DAT_0019ebbc)) || ((DAT_fef03190 & 4) != 0)) {
0x19EBBE,CONSTANT,,operand,read in an expression (role unresolved),0x08E4BE,LOW,uVar3 = (uint)DAT_0019ebbe;
0x19EBC0,CONSTANT,,threshold,compared against a constant/value,0x08CA7C,MED,if (*(ushort *)(unaff_gp + -0x5c82) < DAT_0019ebc0) {
0x19EBC2,CONSTANT,,threshold,compared against a constant/value,0x08D48C,MED,if ((*(ushort *)(unaff_gp + -0x5854) < DAT_0019ebc2) &&
0x19EBC4,CONSTANT,,operand,read in an expression (role unresolved),0x08D48C,LOW,(DAT_0019ebc4 <= *(ushort *)(unaff_gp + -0x5aa8))) {
0x19EBC6,CONSTANT,,unref,not read by code (data-only),0x08D5EA,LOW,
0x19EBC8,CONSTANT,,threshold,compared against a constant/value,0x08D70A,MED,if ((*(ushort *)(unaff_gp + -0x5854) < DAT_0019ebc8) &&
0x19EBCA,CONSTANT,,operand,read in an expression (role unresolved),0x08D70A,LOW,(DAT_0019ebca <= *(ushort *)(unaff_gp + -0x5aa6))) {
0x19EBCC,CONSTANT,,operand,read in an expression (role unresolved),0x08CF78,LOW,if (uVar3 < (uint)DAT_0019ebcc + iVar2) {
0x19EBCE,CONSTANT,,operand,read in an expression (role unresolved),0x08CF78,LOW,bVar1 = (uint)DAT_0019ebce + iVar2 <= uVar3;
0x19EBD0,CONSTANT,,operand,read in an expression (role unresolved),0x08E7EA,LOW,uVar2 = (uint)DAT_0019ebd0;
0x19EBD1,CONSTANT,,operand,read in an expression (role unresolved),0x08EC8E,LOW,uVar4 = (uint)DAT_0019ebd1;
0x19EBD2,FLAG,,operand,read in an expression (role unresolved),0x08E90A,LOW,((*(byte *)(unaff_gp + -0x57cf) & 4) == 0)) && (DAT_0019ebd2 == -0x80)) {
0x19EBD3,FLAG,,operand,read in an expression (role unresolved),0x08E9B0,LOW,iVar13 = (uint)(DAT_0019ebd3 != -0x80) + iVar13 * (uint)(DAT_0019ebd3 == -0x80);
0x19EBD4,CONSTANT,,threshold,compared against a constant/value,0x08ED0A,MED,if (uVar3 < DAT_0019ebd4) {
0x19EBD5,CONSTANT,,offset,added/subtracted in a calc,0x08ED0A,MED,iVar2 = (uint)DAT_0019ebd4 - (uint)DAT_0019ebd5;
0x19EBD6,CONSTANT,,threshold,compared against a constant/value,0x08ED34,MED,if (uVar3 < DAT_0019ebd6) {
0x19EBD7,CONSTANT,,threshold,compared against a constant/value,0x08ED5E,MED,if (uVar3 < DAT_0019ebd7) {
0x19EBD8,FLAG,,operand,read in an expression (role unresolved),0x05C28C,LOW,bVar1 = DAT_0019ebd8 == -0x80;
0x19EBD9,CONSTANT,,operand,read in an expression (role unresolved),0x08ED9C,LOW,uVar5 = (uint)DAT_0019ebd9;
0x19EBDA,CONSTANT,,operand,read in an expression (role unresolved),0x08EB78,LOW,"iVar4 = FUN_000a1c70(DAT_0019ebda,4,1);"
0x19EBDB,CONSTANT,,gain,multiplier in a calc,0x08F194,MED,uVar6 = FUN_000a1c02(((uint)uVar1 * (uint)DAT_0019ebdb) / 100);
0x19EBDC,CONSTANT,,operand,read in an expression (role unresolved),0x08F194,LOW,uVar11 = (uint)DAT_0019ebdc;
0x19EBDD,CONSTANT,,operand,read in an expression (role unresolved),0x08F520,LOW,bVar11 = DAT_0019ebdd;
0x19EBDE,FLAG,,operand,read in an expression (role unresolved),0x08F82A,LOW,cVar1 = DAT_0019ebde;
0x19EBDF,CONSTANT,,operand,read in an expression (role unresolved),0x08F5A0,LOW,uVar7 = (uint)DAT_0019ebdf;
0x19EBE0,CONSTANT,,operand,read in an expression (role unresolved),0x08F5A0,LOW,bVar2 = DAT_0019ebe0;
0x19EBE1,FLAG,,operand,operand computing state 0xFEF031AD,0x091ED6,MED,DAT_fef031ad = DAT_0019ebe1;
0x19EBE2,FLAG,,operand,operand computing state 0xFEF031AE,0x091ED6,MED,DAT_fef031ae = DAT_0019ebe2;
0x19EBE3,FLAG,,operand,operand computing state 0xFEF031B1,0x091ED6,MED,DAT_fef031b1 = DAT_0019ebe3;
0x19EBE4,FLAG,,operand,operand computing state 0xFEF031AF,0x091ED6,MED,DAT_fef031af = DAT_0019ebe4;
0x19EBE5,FLAG,,operand,operand computing state 0xFEF031B0,0x091ED6,MED,DAT_fef031b0 = DAT_0019ebe5;
0x19EBE6,FLAG,,operand,operand computing state 0xFEF031B2,0x091ED6,MED,DAT_fef031b2 = DAT_0019ebe6;
0x19EBE7,FLAG,,operand,operand computing state 0xFEF031B3,0x091ED6,MED,DAT_fef031b3 = DAT_0019ebe7;
0x19EBE8,FLAG,,operand,read in an expression (role unresolved),0x0926B4,LOW,if (DAT_0019ebe8 == -0x80) {
0x19EBE9,CONSTANT,,operand,read in an expression (role unresolved),0x08CA7C,LOW,uVar3 = DAT_0019ebe9;
0x19EBEA,CONSTANT,,operand,read in an expression (role unresolved),0x08CA7C,LOW,uVar2 = DAT_0019ebea;
0x19EBEB,CONSTANT,,operand,read in an expression (role unresolved),0x08CA7C,LOW,uVar4 = DAT_0019ebeb;
0x19EBEC,CONSTANT,,operand,read in an expression (role unresolved),0x08CA7C,LOW,uVar1 = DAT_0019ebec;
0x19EBEE,CONSTANT,,unref,not read by code (data-only),0x09A316,LOW,
0x19EBF0,CONSTANT,,unref,not read by code (data-only),0x09A316,LOW,
0x19EBF2,CONSTANT,,threshold,compared against state 0xFEF03278,0x099F3A,HIGH,(-1 < (int)((uint)*(byte *)(unaff_gp + -0x60fd) << 0x1e))) && (DAT_0019ebf2 <= _DAT_fef03278)
0x19EBF4,CONSTANT,,threshold,compared against state 0xFEF03270,0x09990C,HIGH,(DAT_0019ebf4 <= _DAT_fef03270)) {
0x19EBF6,CONSTANT,,threshold,compared against state 0xFEF031F8,0x09553E,HIGH,(DAT_0019ebf6 <= _DAT_fef031f8)) {
0x19EBF8,CONSTANT,,threshold,compared against state 0xFEF03238,0x096DDC,HIGH,(DAT_0019ebf8 <= _DAT_fef03238)) {
0x19EBFA,CONSTANT,,threshold,compared against state 0xFEF03250,0x0982BE,HIGH,bVar1 = (DAT_0019ebfa <= _DAT_fef03250) + bVar1 * (DAT_0019ebfa > _DAT_fef03250);
0x19EBFC,CONSTANT,,threshold,compared against state 0xFEF0324A,0x097EC4,HIGH,bVar1 = (DAT_0019ebfc <= _DAT_fef0324a) + bVar1 * (DAT_0019ebfc > _DAT_fef0324a);
0x19EBFE,CONSTANT,,threshold,compared against state 0xFEF034E2,0x0963BE,HIGH,bVar1 = (DAT_0019ebfe <= _DAT_fef034e2) + bVar1 * (DAT_0019ebfe > _DAT_fef034e2);
0x19EC00,CONSTANT,,threshold,compared against state 0xFEF03500,0x096046,HIGH,bVar1 = (DAT_0019ec00 <= _DAT_fef03500) + bVar1 * (DAT_0019ec00 > _DAT_fef03500);
0x19EC02,CONSTANT,,threshold,compared against state 0xFEF0351E,0x0948F4,HIGH,if (((iVar1 == 0) && (bVar2 == 1)) && (DAT_0019ec02 < _DAT_fef0351e)) {
0x19EC04,CONSTANT,,operand,read in an expression (role unresolved),0x09A828,LOW,uVar4 = DAT_0019ec04;
0x19EC06,CONSTANT,,threshold,compared against state 0xFEF0355C,0x094596,HIGH,if (((iVar1 == 0) && (bVar2 == 1)) && (DAT_0019ec06 < _DAT_fef0355c)) {
0x19EC08,CONSTANT,,operand,read in an expression (role unresolved),0x09886A,LOW,uVar1 = DAT_0019ec08;
0x19EC0A,CONSTANT,,operand,read in an expression (role unresolved),0x0985C4,LOW,uVar2 = DAT_0019ec0a;
0x19EC0C,CONSTANT,,threshold,compared against a constant/value,0x09C5C0,MED,((DAT_0019ec0c <= uVar2 && ((-1 < (int)(uVar6 << 0x1e) && (iVar5 == 1)))))) {
0x19EC0E,CONSTANT,,operand,read in an expression (role unresolved),0x09C2B2,LOW,uVar1 = DAT_0019ec0e;
0x19EC10,CONSTANT,,threshold,compared against a constant/value,0x09C2B2,MED,((_DAT_fef03556 < DAT_0019ec10 || (_DAT_fef03554 < DAT_0019ec12)))) {
0x19EC12,CONSTANT,,threshold,compared against a constant/value,0x09C2B2,MED,((_DAT_fef03556 < DAT_0019ec10 || (_DAT_fef03554 < DAT_0019ec12)))) {
0x19EC14,CONSTANT,,operand,read in an expression (role unresolved),0x08CA2C,LOW,bVar1 = (&DAT_0019ec14)[uVar2] + param_1;
0x19EC15,CONSTANT,,unref,not read by code (data-only),0x08CA2C,LOW,
0x19EC18,CONSTANT,,operand,read in an expression (role unresolved),0x092A86,LOW,uVar2 = DAT_0019ec18 + _DAT_fef031bc;
0x19EC1C,CONSTANT,,operand,read in an expression (role unresolved),0x092D24,LOW,puVar2 = &DAT_0019ec1c;
0x19EC20,CONSTANT,,unref,not read by code (data-only),0x092D24,LOW,
0x19EC24,CONSTANT,,unref,not read by code (data-only),0x092D24,LOW,
0x19EC28,CONSTANT,,operand,read in an expression (role unresolved),0x092D24,LOW,puVar2 = &DAT_0019ec28;
0x19EC2C,CONSTANT,,unref,not read by code (data-only),0x092D24,LOW,
0x19EC30,CONSTANT,,unref,not read by code (data-only),0x092D24,LOW,
0x19F418,CONSTANT,,unref,not read by code (data-only),0x0B47B4,LOW,
0x19F41C,CONSTANT,,unref,not read by code (data-only),0x0B47B4,LOW,
0x1A11F4,CONSTANT,,operand,read in an expression (role unresolved),0x09D09A,LOW,for (bVar1 = 0; bVar1 < (byte)(&DAT_001a11f4)[uVar2]; bVar1 = bVar1 + 1) {
0x1A11F7,CONSTANT,,operand,read in an expression (role unresolved),0x09E5C4,LOW,cVar2 = cVar2 * (DAT_fef051e4 != (&DAT_001a11f7)[uVar1]);
0x1A11F8,CONSTANT,,unref,not read by code (data-only),0x09E5C4,LOW,
0x1A1230,CONSTANT,,unref,not read by code (data-only),0x09E5F0,LOW,
0x1A1238,CONSTANT,,unref,not read by code (data-only),0x09E5F0,LOW,
0x1A12A0,CONSTANT,,unref,not read by code (data-only),0x09E5F0,LOW,
0x1A12A8,FLAG,,unref,not read by code (data-only),0x09E5F0,LOW,
0x1A12B4,CONSTANT,,operand,read in an expression (role unresolved),0x0A04A0,LOW,if ((DAT_fef051e5 < 0x10) && ((&DAT_001a12b4)[DAT_fef051e5] == '\x01')) {
0x1A12C4,FLAG,,operand,read in an expression (role unresolved),0x0A0D62,LOW,if (((&DAT_001a12c4)[DAT_fef051e5] == '\x01') && (DAT_fef051e5 < 0x11)) {
0x1A12D8,CONSTANT,,gain,multiplier in a calc,0x0A128E,MED,uVar1 = *DAT_001a12d8;
0x1A12DC,CONSTANT,,operand,operand computing state 0xFEF052A4,0x0A128E,MED,DAT_fef052a4 = ((ushort)PTR_DAT_001a12dc & uVar1) != 0;
0x1A12E8,CONSTANT,,threshold,compared against a constant/value,0x09F5EA,MED,if ((byte)PTR_DAT_001a12e8 < 0x80) {
0x1A12F4,CONSTANT,,operand,read in an expression (role unresolved),0x09D480,LOW,"(iVar1 = DAT_001a12f4, iVar2 = DAT_001a12f8, 2 < param_1)) &&"
0x1A12F8,CONSTANT,,operand,read in an expression (role unresolved),0x09D480,LOW,"(iVar1 = DAT_001a12f4, iVar2 = DAT_001a12f8, 2 < param_1)) &&"
0x1A12FC,CONSTANT,,operand,read in an expression (role unresolved),0x09D480,LOW,"((((iVar1 = DAT_001a12fc, iVar2 = DAT_001a1300, param_1 != 1 &&"
0x1A1300,CONSTANT,,operand,read in an expression (role unresolved),0x09D480,LOW,"((((iVar1 = DAT_001a12fc, iVar2 = DAT_001a1300, param_1 != 1 &&"
0x1A1304,CONSTANT,,operand,read in an expression (role unresolved),0x09D480,LOW,"(iVar1 = DAT_001a1304, iVar2 = DAT_001a1308, 3 < param_1)) || ((iVar1 == 0 || (iVar2 == 0))))"
0x1A1308,CONSTANT,,operand,read in an expression (role unresolved),0x09D480,LOW,"(iVar1 = DAT_001a1304, iVar2 = DAT_001a1308, 3 < param_1)) || ((iVar1 == 0 || (iVar2 == 0))))"
0x1A130C,CONSTANT,,operand,read in an expression (role unresolved),0x09D702,LOW,for (pbVar2 = DAT_001a130c; pbVar2 < puVar1; pbVar2 = pbVar2 + 4) {
0x1A1310,CONSTANT,,operand,read in an expression (role unresolved),0x09D702,LOW,puVar1 = PTR_DAT_001a1310;
0x1A1314,CONSTANT,,threshold,compared against a constant/value,0x09D758,MED,if (_DAT_fef05134 == DAT_001a1314) {
0x1A1318,CONSTANT,,operand,operand computing state 0xFEF05140,0x09D896,MED,_DAT_fef05140 = DAT_001a1318;
0x1A131C,CONSTANT,,operand,operand computing state 0xFEF05144,0x09D896,MED,_DAT_fef05144 = DAT_001a131c;
0x1A1321,CONSTANT,,threshold,compared against a constant/value,0x09D03C,MED,if (DAT_001a1321 == '\x05') {
0x1A1324,CONSTANT,,operand,read in an expression (role unresolved),0x09E4E8,LOW,FUN_0009d9cc(PTR_DAT_001a1324);
0x1A1328,CONSTANT,,operand,read in an expression (role unresolved),0x09E4E8,LOW,FUN_0009d9cc(PTR_DAT_001a1328);
0x1A132C,CONSTANT,,operand,read in an expression (role unresolved),0x09E422,LOW,sVar2 = DAT_001a132c;
0x1A132E,CONSTANT,,operand,read in an expression (role unresolved),0x09E422,LOW,bVar3 = DAT_001a132e;
0x1A1330,CONSTANT,,gain,multiplier in a calc,0x09E710,MED,FUN_0009d9cc((uint)DAT_001a1330 * 4000);
0x1A1388,CONSTANT,,flag-test,bit tested,0x09FA14,MED,if (((uint)PTR_DAT_001a1388 & 0x200) != 0) {
0x1A13BC,CONSTANT,,operand,read in an expression (role unresolved),0x0A004A,LOW,uVar2 = DAT_001a13bc;
0x1A13C0,CONSTANT,,operand,read in an expression (role unresolved),0x0A004A,LOW,uVar1 = FUN_0009da20(DAT_001a13c0);
0x1A13C4,CONSTANT,,operand,read in an expression (role unresolved),0x0A0126,LOW,uVar1 = DAT_001a13c4;
0x1A13C8,CONSTANT,,operand,read in an expression (role unresolved),0x0A0126,LOW,uVar2 = FUN_0009da20(DAT_001a13c8);
0x1A13CC,CONSTANT,,operand,read in an expression (role unresolved),0x0A004A,LOW,uVar2 = DAT_001a13cc;
0x1A13D0,CONSTANT,,operand,read in an expression (role unresolved),0x0A004A,LOW,uVar1 = FUN_0009da20(PTR_DAT_001a13d0);
0x1A13D4,CONSTANT,,operand,read in an expression (role unresolved),0x0A0126,LOW,uVar1 = DAT_001a13d4;
0x1A13D8,CONSTANT,,operand,read in an expression (role unresolved),0x0A0126,LOW,uVar2 = FUN_0009da20(DAT_001a13d8);
0x1A13DC,CONSTANT,,operand,read in an expression (role unresolved),0x0A004A,LOW,uVar2 = DAT_001a13dc;
0x1A13E0,CONSTANT,,operand,read in an expression (role unresolved),0x0A004A,LOW,uVar1 = FUN_0009da20(DAT_001a13e0);
0x1A13E4,CONSTANT,,operand,read in an expression (role unresolved),0x0A0126,LOW,uVar1 = DAT_001a13e4;
0x1A13E8,CONSTANT,,operand,read in an expression (role unresolved),0x0A0126,LOW,uVar2 = FUN_0009da20(DAT_001a13e8);
0x1A13EC,CONSTANT,,operand,read in an expression (role unresolved),0x0A004A,LOW,uVar2 = DAT_001a13ec;
0x1A13F0,CONSTANT,,operand,read in an expression (role unresolved),0x0A004A,LOW,uVar1 = FUN_0009da20(DAT_001a13f0);
0x1A13F4,CONSTANT,,operand,read in an expression (role unresolved),0x0A0126,LOW,uVar1 = DAT_001a13f4;
0x1A13F8,CONSTANT,,operand,read in an expression (role unresolved),0x0A0126,LOW,uVar2 = FUN_0009da20(DAT_001a13f8);
0x1A13FC,CONSTANT,,operand,read in an expression (role unresolved),0x0A004A,LOW,uVar2 = DAT_001a13fc;
0x1A1400,CONSTANT,,operand,read in an expression (role unresolved),0x0A004A,LOW,uVar1 = FUN_0009da20(DAT_001a1400);
0x1A1404,CONSTANT,,operand,read in an expression (role unresolved),0x0A0126,LOW,uVar1 = DAT_001a1404;
0x1A1408,CONSTANT,,operand,read in an expression (role unresolved),0x0A0126,LOW,uVar2 = FUN_0009da20(DAT_001a1408);
0x1A140C,CONSTANT,,operand,read in an expression (role unresolved),0x0A004A,LOW,uVar2 = DAT_001a140c;
0x1A1410,CONSTANT,,operand,read in an expression (role unresolved),0x0A004A,LOW,uVar1 = FUN_0009da20(DAT_001a1410);
0x1A1414,CONSTANT,,operand,read in an expression (role unresolved),0x0A0126,LOW,uVar1 = DAT_001a1414;
0x1A1418,CONSTANT,,operand,read in an expression (role unresolved),0x0A0126,LOW,uVar2 = FUN_0009da20(DAT_001a1418);
0x1A141C,CONSTANT,,operand,read in an expression (role unresolved),0x0A004A,LOW,uVar2 = DAT_001a141c;
0x1A1420,CONSTANT,,operand,read in an expression (role unresolved),0x0A004A,LOW,uVar1 = FUN_0009da20(DAT_001a1420);
0x1A1424,CONSTANT,,operand,read in an expression (role unresolved),0x0A0126,LOW,uVar1 = DAT_001a1424;
0x1A1428,CONSTANT,,operand,read in an expression (role unresolved),0x0A0126,LOW,uVar2 = FUN_0009da20(DAT_001a1428);
0x1A142C,CONSTANT,,operand,read in an expression (role unresolved),0x0A004A,LOW,uVar2 = DAT_001a142c;
0x1A1430,CONSTANT,,operand,read in an expression (role unresolved),0x0A004A,LOW,uVar1 = FUN_0009da20(DAT_001a1430);
0x1A1434,CONSTANT,,operand,read in an expression (role unresolved),0x0A0126,LOW,uVar1 = DAT_001a1434;
0x1A1438,CONSTANT,,operand,read in an expression (role unresolved),0x0A0126,LOW,uVar2 = FUN_0009da20(DAT_001a1438);
0x1A1604,CONSTANT,,operand,read in an expression (role unresolved),0x0A0588,LOW,"FUN_000a0346(DAT_001a1604,uVar1,param_2);"
0x1A1608,CONSTANT,,operand,read in an expression (role unresolved),0x0A0588,LOW,uVar1 = FUN_0009da20(DAT_001a1608);
0x1A160C,CONSTANT,,operand,read in an expression (role unresolved),0x0A05E4,LOW,"FUN_000a0346(DAT_001a160c,uVar1,param_2);"
0x1A1610,CONSTANT,,operand,read in an expression (role unresolved),0x0A05E4,LOW,uVar1 = FUN_0009da20(DAT_001a1610);
0x1A1614,CONSTANT,,operand,read in an expression (role unresolved),0x0A05B6,LOW,"uVar1 = FUN_000a035e(DAT_001a1614,uVar1);"
0x1A1618,CONSTANT,,operand,read in an expression (role unresolved),0x0A05B6,LOW,uVar1 = FUN_0009da20(DAT_001a1618);
0x1A161C,CONSTANT,,operand,read in an expression (role unresolved),0x0A0E06,LOW,"FUN_000a0346(DAT_001a161c,uVar1,param_1);"
0x1A1620,CONSTANT,,operand,read in an expression (role unresolved),0x0A0E06,LOW,uVar1 = FUN_0009da20(DAT_001a1620);
0x1A1624,CONSTANT,,operand,read in an expression (role unresolved),0x0A0E44,LOW,"FUN_000a035e(DAT_001a1624,uVar1);"
0x1A1628,CONSTANT,,operand,read in an expression (role unresolved),0x0A0E44,LOW,uVar1 = FUN_0009da20(PTR_DAT_001a1628);
0x1A162C,CONSTANT,,operand,read in an expression (role unresolved),0x0A0E66,LOW,"FUN_000a0346(DAT_001a162c,uVar1,param_1);"
0x1A1630,CONSTANT,,operand,read in an expression (role unresolved),0x0A0E66,LOW,uVar1 = FUN_0009da20(DAT_001a1630);
0x1A1634,CONSTANT,,operand,read in an expression (role unresolved),0x0A0FAC,LOW,"FUN_000a0346(DAT_001a1634,uVar1,param_1);"
0x1A1638,CONSTANT,,operand,read in an expression (role unresolved),0x0A0FAC,LOW,uVar1 = FUN_0009da20(DAT_001a1638);
0x1A163C,CONSTANT,,operand,read in an expression (role unresolved),0x0A1000,LOW,"FUN_000a035e(DAT_001a163c,uVar1);"
0x1A1640,CONSTANT,,operand,read in an expression (role unresolved),0x0A1000,LOW,uVar1 = FUN_0009da20(DAT_001a1640);
0x1A1644,CONSTANT,,operand,read in an expression (role unresolved),0x0A1022,LOW,"FUN_000a0346(DAT_001a1644,uVar1,param_1);"
0x1A1648,CONSTANT,,operand,read in an expression (role unresolved),0x0A1022,LOW,uVar1 = FUN_0009da20(DAT_001a1648);
0x1A164C,CONSTANT,,operand,read in an expression (role unresolved),0x0A104A,LOW,"FUN_000a035e(DAT_001a164c,uVar1);"
0x1A1650,CONSTANT,,operand,read in an expression (role unresolved),0x0A104A,LOW,uVar1 = FUN_0009da20(PTR_DAT_001a1650);
0x1A1654,CONSTANT,,operand,read in an expression (role unresolved),0x09E7D6,LOW,uVar1 = DAT_001a1654;
0x1A1658,CONSTANT,,operand,read in an expression (role unresolved),0x09E7D6,LOW,uVar3 = DAT_001a1658;
0x1A165C,CONSTANT,,operand,read in an expression (role unresolved),0x09E904,LOW,"FUN_000a0346(DAT_001a165c,uVar1,0);"
0x1A1660,CONSTANT,,operand,read in an expression (role unresolved),0x09E904,LOW,uVar1 = FUN_0009da20(DAT_001a1660);
0x1A1664,CONSTANT,,operand,operand computing state 0xFEF051F8,0x09E7D6,MED,"DAT_fef051f8 = FUN_000a035e(DAT_001a1664,uVar2);"
0x1A1668,CONSTANT,,operand,read in an expression (role unresolved),0x09E7D6,LOW,uVar2 = FUN_0009da20(DAT_001a1668);
0x1A166C,CONSTANT,,operand,read in an expression (role unresolved),0x09E904,LOW,"FUN_000a0346(DAT_001a166c,uVar1,0);"
0x1A1670,CONSTANT,,operand,read in an expression (role unresolved),0x09E904,LOW,uVar1 = FUN_0009da20(DAT_001a1670);
0x1A1674,CONSTANT,,unref,not read by code (data-only),0x09FA14,LOW,
0x1A1676,CONSTANT,,unref,not read by code (data-only),0x09FA14,LOW,
0x1A1678,CONSTANT,,unref,not read by code (data-only),0x09FA14,LOW,
0x1A167A,CONSTANT,,unref,not read by code (data-only),0x09FA14,LOW,
0x1A167C,CONSTANT,,unref,not read by code (data-only),0x09FA14,LOW,
0x1A167E,CONSTANT,,unref,not read by code (data-only),0x09FA14,LOW,
0x1A1686,CONSTANT,,unref,not read by code (data-only),0x09FA14,LOW,
0x1A168A,CONSTANT,,unref,not read by code (data-only),0x09FA14,LOW,
0x1A169C,CONSTANT,,threshold,compared against a constant/value,0x09F862,MED,for (bVar1 = 1; bVar1 <= DAT_001a169c; bVar1 = bVar1 + 1) {
0x1A16A1,CONSTANT,,threshold,compared against a constant/value,0x09F5EA,MED,while (DAT_fef0524c <= DAT_001a16a1) {
0x1A16A2,FLAG,,threshold,compared against a constant/value,0x09F302,MED,if (DAT_fef0524e == DAT_001a16a2) {
0x1A16A3,CONSTANT,,threshold,compared against a constant/value,0x09F302,MED,else if (DAT_fef0524e == DAT_001a16a3) {
0x1A16A4,CONSTANT,,threshold,compared against a constant/value,0x09F302,MED,if (DAT_fef0524e == DAT_001a16a4) {
0x1A16A5,CONSTANT,,threshold,compared against a constant/value,0x09F302,MED,else if (DAT_fef0524e == DAT_001a16a5) {
0x1A16A6,CONSTANT,,threshold,compared against a constant/value,0x09F302,MED,if (DAT_fef0524e == DAT_001a16a6) {
0x1A16A7,CONSTANT,,threshold,compared against a constant/value,0x09F302,MED,else if (DAT_fef0524e == DAT_001a16a7) {
0x1A16A8,CONSTANT,,threshold,compared against a constant/value,0x09F302,MED,if (DAT_fef0524e == DAT_001a16a8) {
0x1A16A9,CONSTANT,,threshold,compared against a constant/value,0x09F302,MED,else if (DAT_fef0524e == DAT_001a16a9) {
0x1A16AA,CONSTANT,,threshold,compared against a constant/value,0x09F302,MED,if (DAT_fef0524e == DAT_001a16aa) {
0x1A16AB,CONSTANT,,threshold,compared against a constant/value,0x09F302,MED,else if (DAT_fef0524e == DAT_001a16ab) {
0x1A16AC,CONSTANT,,threshold,compared against a constant/value,0x09F302,MED,if (DAT_fef0524e == DAT_001a16ac) {
0x1A16AD,CONSTANT,,threshold,compared against a constant/value,0x09F302,MED,else if (DAT_fef0524e == DAT_001a16ad) {
0x1A16AE,CONSTANT,,threshold,compared against a constant/value,0x09F302,MED,if (DAT_fef0524e == DAT_001a16ae) {
0x1A16AF,FLAG,,threshold,compared against a constant/value,0x09F302,MED,else if (DAT_fef0524e == DAT_001a16af) {
0x1A16B0,CONSTANT,,threshold,compared against a constant/value,0x09F302,MED,if (DAT_fef0524e == DAT_001a16b0) {
0x1A16B1,CONSTANT,,threshold,compared against a constant/value,0x09F302,MED,else if (DAT_fef0524e == DAT_001a16b1) {
0x1A16B2,FLAG,,threshold,compared against a constant/value,0x09F302,MED,if (DAT_fef0524e == DAT_001a16b2) {
0x1A16B3,CONSTANT,,threshold,compared against a constant/value,0x09F302,MED,else if (DAT_fef0524e == DAT_001a16b3) {
0x1A16B4,CONSTANT,,threshold,compared against a constant/value,0x09F302,MED,if (DAT_fef0524e == DAT_001a16b4) {
0x1A16B5,CONSTANT,,threshold,compared against a constant/value,0x09F302,MED,else if (DAT_fef0524e == DAT_001a16b5) {
0x1A16B6,CONSTANT,,threshold,compared against a constant/value,0x09F302,MED,if (DAT_fef0524e == DAT_001a16b6) {
0x1A16B7,CONSTANT,,threshold,compared against a constant/value,0x09F302,MED,else if (DAT_fef0524e == DAT_001a16b7) {
0x1A16B8,CONSTANT,,threshold,compared against a constant/value,0x09F302,MED,if (DAT_fef0524e == DAT_001a16b8) {
0x1A16B9,CONSTANT,,threshold,compared against a constant/value,0x09F302,MED,if (DAT_fef0524e != DAT_001a16b9) goto LAB_0009f5b4;
0x1A16BA,CONSTANT,,threshold,compared against a constant/value,0x09F302,MED,if (DAT_fef0524e == DAT_001a16ba) {
0x1A16BB,FLAG,,threshold,compared against a constant/value,0x09F302,MED,if (DAT_fef0524e != DAT_001a16bb) {
0x1A16BC,CONSTANT,,threshold,compared against a constant/value,0x09F302,MED,"if ((DAT_fef0524e == DAT_001a16bc) || (cVar1 = DAT_001a16bf, DAT_fef0524e == DAT_001a16bd)) {"
0x1A16BD,CONSTANT,,threshold,compared against state 0xFEF0524E,0x09F302,HIGH,"if ((DAT_fef0524e == DAT_001a16bc) || (cVar1 = DAT_001a16bf, DAT_fef0524e == DAT_001a16bd)) {"
0x1A16BE,CONSTANT,,operand,read in an expression (role unresolved),0x09F302,LOW,cVar1 = DAT_001a16be;
0x1A16BF,FLAG,,operand,read in an expression (role unresolved),0x09F302,LOW,"if ((DAT_fef0524e == DAT_001a16bc) || (cVar1 = DAT_001a16bf, DAT_fef0524e == DAT_001a16bd)) {"
0x1A16C2,CONSTANT,,operand,read in an expression (role unresolved),0x0A039C,LOW,uVar1 = DAT_001a16c2;
0x1A16C3,CONSTANT,,operand,read in an expression (role unresolved),0x0A039C,LOW,uVar1 = DAT_001a16c3;
0x1A16C4,CONSTANT,,operand,read in an expression (role unresolved),0x0A039C,LOW,uVar1 = DAT_001a16c4;
0x1A16C5,CONSTANT,,operand,read in an expression (role unresolved),0x0A039C,LOW,uVar1 = DAT_001a16c5;
0x1A16C6,CONSTANT,,operand,read in an expression (role unresolved),0x0A039C,LOW,uVar1 = DAT_001a16c6;
0x1A16C7,CONSTANT,,operand,read in an expression (role unresolved),0x0A039C,LOW,uVar1 = DAT_001a16c7;
0x1A16C8,CONSTANT,,operand,read in an expression (role unresolved),0x0A039C,LOW,uVar1 = DAT_001a16c8;
0x1A16C9,CONSTANT,,operand,read in an expression (role unresolved),0x0A039C,LOW,uVar1 = DAT_001a16c9;
0x1A16CA,CONSTANT,,operand,read in an expression (role unresolved),0x0A039C,LOW,uVar1 = DAT_001a16ca;
0x1A16CB,CONSTANT,,operand,read in an expression (role unresolved),0x0A039C,LOW,uVar1 = DAT_001a16cb;
0x1A16CC,CONSTANT,,operand,read in an expression (role unresolved),0x0A039C,LOW,uVar1 = DAT_001a16cc;
0x1A16CD,CONSTANT,,operand,read in an expression (role unresolved),0x0A039C,LOW,uVar1 = DAT_001a16cd;
0x1A16CE,CONSTANT,,operand,read in an expression (role unresolved),0x0A039C,LOW,uVar1 = DAT_001a16ce;
0x1A16CF,CONSTANT,,operand,read in an expression (role unresolved),0x0A039C,LOW,uVar1 = DAT_001a16cf;
0x1A16D0,CONSTANT,,operand,read in an expression (role unresolved),0x0A039C,LOW,uVar1 = DAT_001a16d0;
0x1A16D1,CONSTANT,,operand,read in an expression (role unresolved),0x0A039C,LOW,uVar1 = DAT_001a16d1;
0x1A16D2,CONSTANT,,operand,read in an expression (role unresolved),0x0A0E2E,LOW,iVar1 = FUN_0009dab6(DAT_001a16d2);
0x1A16D3,CONSTANT,,operand,read in an expression (role unresolved),0x0A0FD4,LOW,iVar1 = FUN_0009dab6(DAT_001a16d3);
0x1A16D4,CONSTANT,,operand,read in an expression (role unresolved),0x0A0FEA,LOW,iVar1 = FUN_0009dab6(DAT_001a16d4);
0x1A16D5,CONSTANT,,operand,read in an expression (role unresolved),0x09E97E,LOW,uVar4 = DAT_001a16d5;
0x1A16D6,CONSTANT,,operand,read in an expression (role unresolved),0x09EC64,LOW,if ((uint)DAT_001a16d6 <= (uint)(iVar1 >> 8)) {
0x1A16D7,CONSTANT,,operand,read in an expression (role unresolved),0x09EC64,LOW,else if ((DAT_fef0521d == '\x02') && ((uint)(iVar1 >> 8) <= (uint)DAT_001a16d7)) {
0x1A16D8,CONSTANT,,operand,read in an expression (role unresolved),0x09EC64,LOW,iVar1 = FUN_0009dab6(DAT_001a16d8);
0x1A16D9,CONSTANT,,operand,read in an expression (role unresolved),0x09EC64,LOW,iVar1 = FUN_0009dab6(DAT_001a16d9);
0x1A16DA,CONSTANT,,threshold,compared against a constant/value,0x0A6412,MED,if ((((DAT_001a16da <= uVar2) && (DAT_001a16e4 <= bVar1)) &&
0x1A16DC,CONSTANT,,threshold,compared against a constant/value,0x0A6504,MED,if (((DAT_001a16e2 < uVar1) || (DAT_001a16dc < uVar2)) || (iVar5 != 0)) {
0x1A16DE,CONSTANT,,threshold,compared against a constant/value,0x0A63EA,MED,if ((*(ushort *)(unaff_gp + -0x5c86) < DAT_001a16de) ||
0x1A16E0,CONSTANT,,threshold,compared against a constant/value,0x0A6488,MED,if ((((DAT_001a16da <= uVar2) && (DAT_001a16e4 <= bVar1)) && (DAT_001a16e0 <= uVar3)) &&
0x1A16E2,CONSTANT,,threshold,compared against a constant/value,0x0A6504,MED,if (((DAT_001a16e2 < uVar1) || (DAT_001a16dc < uVar2)) || (iVar5 != 0)) {
0x1A16E4,CONSTANT,,threshold,compared against a constant/value,0x0A6412,MED,if ((((DAT_001a16da <= uVar2) && (DAT_001a16e4 <= bVar1)) &&
0x1A16E5,CONSTANT,,operand,read in an expression (role unresolved),0x0A26E4,LOW,return DAT_001a16e5;
0x1A16E6,CONSTANT,,operand,read in an expression (role unresolved),0x0A26DA,LOW,return DAT_001a16e6;
0x1A16E7,CONSTANT,,unref,not read by code (data-only),,LOW,
0x1A16E8,FLAG,,threshold,compared against a constant/value,0x0AC046,MED,((DAT_001a16e8 == '\0' && ((*(byte *)((int)param_1 + 0x2f) & 8) != 0)))))) {
0x1A16E9,CONSTANT,,unref,not read by code (data-only),,LOW,
0x1A16EA,CONSTANT,,threshold,compared against a constant/value,0x0AC800,MED,if ((cStack_9 != '\x03') && (*(byte *)(param_1 + 0x95) < DAT_001a16ea)) {
0x1A16EB,CONSTANT,,operand,read in an expression (role unresolved),0x0ACE8E,LOW,*(undefined1 *)((int)param_3 + 0x25) = DAT_001a16eb;
0x1A16EC,CONSTANT,,operand,read in an expression (role unresolved),0x0180BA,LOW,for (uVar4 = 0; (int)(uVar4 - (*(ushort *)(&DAT_001a16ec + param_1 * 2) >> 2)) < 0;
0x1A16F2,CONSTANT,,operand,read in an expression (role unresolved),0x018758,LOW,for (uVar3 = 0; uVar3 < *(ushort *)(&DAT_001a16f2 + param_1 * 2); uVar3 = uVar3 + 1) {
0x1A16F8,CONSTANT,,operand,read in an expression (role unresolved),0x0182F2,LOW,for (uVar5 = 0; uVar5 < *(ushort *)(&DAT_001a16f8 + param_1 * 2); uVar5 = uVar5 + 2 & 0xffff) {
0x1A16FE,CONSTANT,,operand,read in an expression (role unresolved),0x01857A,LOW,if (uVar2 < *(ushort *)(&DAT_001a16fe + param_1 * 2)) {
0x1A1704,CONSTANT,,operand,read in an expression (role unresolved),0x018180,LOW,puVar1 = (undefined2 *)((uint)(*(ushort *)(&DAT_001a1704 + iVar5) >> 1) * 2 + iVar4);
0x1A170A,CONSTANT,,operand,read in an expression (role unresolved),0x018180,LOW,puVar1 = (undefined2 *)((uint)(*(ushort *)(&DAT_001a170a + iVar5) >> 1) * 2 + iVar4);
0x1A1710,CONSTANT,,operand,read in an expression (role unresolved),0x018180,LOW,puVar7 = (undefined2 *)((uint)(*(ushort *)(&DAT_001a1710 + iVar5) >> 1) * 2 + iVar4);
0x1A1716,CONSTANT,,operand,read in an expression (role unresolved),0x0183B8,LOW,sVar2 = *(short *)(&DAT_001a1716 + iVar8);
0x1A171C,CONSTANT,,operand,read in an expression (role unresolved),0x0186C0,LOW,sVar1 = *(short *)(&DAT_001a171c + iVar3);
0x1A1722,CONSTANT,,operand,read in an expression (role unresolved),0x0186C0,LOW,sVar1 = *(short *)(&DAT_001a1722 + iVar3);
0x1A1728,CONSTANT,,operand,read in an expression (role unresolved),0x0183B8,LOW,sVar2 = *(short *)(&DAT_001a1728 + iVar8);
0x1A172E,CONSTANT,,operand,read in an expression (role unresolved),0x018758,LOW,uVar1 = *(undefined2 *)(&DAT_001a172e + param_1 * 2);
0x1A1734,CONSTANT,,operand,read in an expression (role unresolved),0x0180BA,LOW,psVar7 = (short *)((uint)*(ushort *)(&DAT_001a1734 + param_1 * 2) * 2 + (int)puVar5);
0x1A173A,CONSTANT,,operand,read in an expression (role unresolved),0x018D60,LOW,while ((uVar7 < *(ushort *)(&DAT_001a173a + param_1 * 2) && (!bVar1))) {
0x1A1740,CONSTANT,,operand,read in an expression (role unresolved),0x0180BA,LOW,for (bVar6 = 0; bVar6 < (byte)(&DAT_001a1740)[param_1]; bVar6 = bVar6 + 1) {
0x1A1743,FLAG,,operand,read in an expression (role unresolved),0x018B8C,LOW,else if ((&DAT_001a1743)[param_1] == '\x01') {
0x1A1748,CONSTANT,,operand,read in an expression (role unresolved),0x0180BA,LOW,puVar5 = *(uint **)(&DAT_001a1748 + param_1 * 4);
0x1A1785,CONSTANT,,threshold,compared against state 0xFEF05C12,0x0ADEB2,HIGH,if (DAT_001a1785 < DAT_fef05c12) {
0x1A17BC,CONSTANT,,unref,not read by code (data-only),0x0B146E,LOW,
0x1A17C0,CONSTANT,,unref,not read by code (data-only),0x0B16C4,LOW,
0x1A17C4,CONSTANT,,unref,not read by code (data-only),0x0B1750,LOW,
0x1A17C8,CONSTANT,,unref,not read by code (data-only),0x0B183A,LOW,
0x1A17CC,CONSTANT,,unref,not read by code (data-only),0x0B185E,LOW,
0x1A17DC,CONSTANT,,operand,read in an expression (role unresolved),0x0A3B96,LOW,puVar1 = DAT_001a17dc;
0x1A17E0,CONSTANT,,operand,read in an expression (role unresolved),0x0A3B96,LOW,puVar1 = PTR_DAT_001a17e0;
0x1A17E4,CONSTANT,,operand,read in an expression (role unresolved),0x0A3B96,LOW,puVar1 = DAT_001a17e4;
0x1A17E8,CONSTANT,,operand,read in an expression (role unresolved),0x0A3B96,LOW,puVar1 = DAT_001a17e8;
0x1A17EC,CONSTANT,,operand,read in an expression (role unresolved),0x0A3B96,LOW,puVar1 = DAT_001a17ec;
0x1A1810,CONSTANT,,unref,not read by code (data-only),0x0B1882,LOW,
0x1A18BF,CONSTANT,,operand,read in an expression (role unresolved),0x0A4634,LOW,return (bStack_5 & DAT_001a18bf) != 0;
0x1A18C0,CONSTANT,,operand,read in an expression (role unresolved),0x0A36BE,LOW,if ((&DAT_001a18c0)[uVar3] == param_1) break;
0x1A18C2,CONSTANT,,unref,not read by code (data-only),0x0A36BE,LOW,
0x1A18E0,CONSTANT,,operand,read in an expression (role unresolved),0x0A40E2,LOW,if ((&DAT_001a18e0)[iVar2] == '\0') {
0x1A18E1,CONSTANT,,unref,not read by code (data-only),0x0A40E2,LOW,
0x1A18F4,CONSTANT,,operand,read in an expression (role unresolved),0x0A3608,LOW,return *(undefined4 *)(&DAT_001a18f4 + (param_1 & 0xffff) * 0x18);
0x1A18F8,CONSTANT,,flag-test,bit tested,0x010F34,MED,return *(&PTR_DAT_001a18f8)[(param_1 & 0xffff) * 6] == -0x80;
0x1A18FC,FLAG,,operand,read in an expression (role unresolved),0x0A3B02,LOW,cVar1 = (&DAT_001a18fc)[iVar4];
0x1A1900,CONSTANT,,operand,read in an expression (role unresolved),0x0A365E,LOW,return **(undefined1 **)(&DAT_001a1900 + (param_1 & 0xffff) * 0x18);
0x1A1904,CONSTANT,,operand,read in an expression (role unresolved),0x0A3B02,LOW,cVar1 = (&DAT_001a1904)[iVar4];
0x1A1908,CONSTANT,,operand,read in an expression (role unresolved),0x0A3B02,LOW,uVar2 = (uint)**(byte **)(&LAB_001a1908 + iVar4);
0x1A26FC,CONSTANT,,operand,read in an expression (role unresolved),0x0AFA86,LOW,*param_1 = (&DAT_001a26fc)[(uint)DAT_fef06674 * 2];
0x1A26FE,FLAG,,operand,operand computing state 0xFEF0666E,0x0AFCA8,MED,DAT_fef0666e = (&DAT_001a26fe)[(param_1 & 0xff) * 4];
0x1A26FF,FLAG,,operand,read in an expression (role unresolved),0x0B0090,LOW,return (byte)(&DAT_001a2884)[(uint)(byte)(&DAT_001a26ff)[(param_1 & 0xff) * 4] * 0xc] <
0x1A2700,CONSTANT,,unref,not read by code (data-only),0x0AFB5A,LOW,
0x1A27B0,CONSTANT,,unref,not read by code (data-only),0x0AC32A,LOW,
0x1A27B4,CONSTANT,,flag-test,bit tested,0x0AC50A,MED,if ((uint)(byte)(&DAT_001a27b4)[iVar3 * 2] == (param_3 & 0xff)) {
0x1A27B6,FLAG,,operand,read in an expression (role unresolved),0x0AC3CC,LOW,bVar1 = (&DAT_001a27b6)[uVar8 * 4];
0x1A27B8,CONSTANT,,operand,read in an expression (role unresolved),0x0A80A6,LOW,"FUN_000265d8(*(undefined1 *)((int)&DAT_001a27b8 + iVar2),param_3,"
0x1A27B9,FLAG,,unref,not read by code (data-only),0x0A835E,LOW,
0x1A27BA,FLAG,,unref,not read by code (data-only),0x0AC3CC,LOW,
0x1A27F0,CONSTANT,,operand,read in an expression (role unresolved),0x0A962C,LOW,"local_20 = CONCAT11(DAT_001a27f1,DAT_001a27f0);"
0x1A27F1,CONSTANT,,operand,read in an expression (role unresolved),0x0A962C,LOW,"local_20 = CONCAT11(DAT_001a27f1,DAT_001a27f0);"
0x1A27F2,CONSTANT,,operand,read in an expression (role unresolved),0x0A962C,LOW,"FUN_000a94f6(param_2,param_3,CONCAT11(DAT_001a27f3,DAT_001a27f2),uVar1,param_1,0,2);"
0x1A27F3,CONSTANT,,operand,read in an expression (role unresolved),0x0A962C,LOW,"FUN_000a94f6(param_2,param_3,CONCAT11(DAT_001a27f3,DAT_001a27f2),uVar1,param_1,0,2);"
0x1A27F4,CONSTANT,,operand,read in an expression (role unresolved),0x0A962C,LOW,"FUN_000a95c6(param_2,param_3,CONCAT11(DAT_001a27f5,DAT_001a27f4),param_1);"
0x1A27F5,CONSTANT,,operand,read in an expression (role unresolved),0x0A962C,LOW,"FUN_000a95c6(param_2,param_3,CONCAT11(DAT_001a27f5,DAT_001a27f4),param_1);"
0x1A27F6,CONSTANT,,unref,not read by code (data-only),0x0AC272,LOW,
0x1A27F8,CONSTANT,,unref,not read by code (data-only),0x0AC32A,LOW,
0x1A27FA,CONSTANT,,unref,not read by code (data-only),0x0AC32A,LOW,
0x1A27FC,CONSTANT,,operand,read in an expression (role unresolved),0x0AD544,LOW,if (((DAT_001a27fc & param_4) != 0) &&
0x1A27FD,CONSTANT,,threshold,compared against a constant/value,0x0AD544,MED,"(((DAT_001a27fd != '\x01' || (param_6 == '\x01')) && (iVar4 = 0, param_5 == '\0')))) {"
0x1A27FE,CONSTANT,,operand,read in an expression (role unresolved),0x0ACE8E,LOW,*(undefined1 *)((int)param_3 + 7) = DAT_001a27fe;
0x1A27FF,CONSTANT,,threshold,compared against a constant/value,0x0ACF6C,MED,if (DAT_001a27ff == '\x01') {
0x1A2800,CONSTANT,,flag-test,bit tested,0x0A9DF6,MED,if ((DAT_001a2800 & 0xf8) != 0) {
0x1A280B,CONSTANT,,offset,added/subtracted in a calc,0x0AA83E,MED,if ((int)(iVar3 - (uint)DAT_001a280b) < 0 ==
0x1A280C,CONSTANT,,threshold,compared against a constant/value,0x0A962C,MED,if (DAT_001a280c == '\x01') {
0x1A280D,FLAG,,unref,not read by code (data-only),0x0AC32A,LOW,
0x1A2814,CONSTANT,,flag-test,bit tested,0x0A8316,MED,if ((param_1 & 0xffff) <= (uint)*(ushort *)(&DAT_001a2814 + iVar3)) {
0x1A2816,CONSTANT,,operand,read in an expression (role unresolved),0x0A88CE,LOW,if ((((&DAT_001a2816)[iVar5] == '\x01') && ((uint)bVar1 * 7 + (uint)!bVar1 * 8 <= uVar3)) &&
0x1A2817,CONSTANT,,operand,read in an expression (role unresolved),0x0A80A6,LOW,((ushort)((&DAT_001a2817)[uVar3 * 0x18] == '\x04') * 6 +
0x1A2818,FLAG,,operand,read in an expression (role unresolved),0x0A8316,LOW,if (bVar1 == (&DAT_001a2818)[iVar3]) {
0x1A2819,CONSTANT,,operand,read in an expression (role unresolved),0x0A8CE6,LOW,if ((uVar1 < 2) && (((&DAT_001a2819)[uVar1 * 0x18] == '\0' || (uVar3 == 8)))) {
0x1A281A,FLAG,,operand,read in an expression (role unresolved),0x0A7FF2,LOW,uVar1 = (&DAT_001a281a)[iVar6];
0x1A281B,FLAG,,flag-test,bit tested,0x0A835E,MED,if ((byte)(&DAT_001a281b)[(param_2 & 0xff) * 0x18] < DAT_001a2848) {
0x1A281C,FLAG,,operand,read in an expression (role unresolved),0x0A7FF2,LOW,bVar2 = (&DAT_001a281c)[iVar6];
0x1A281D,FLAG,,operand,read in an expression (role unresolved),0x0A7FF2,LOW,auStack_18[uVar3 + 1] = (&DAT_001a281d)[iVar6];
0x1A281E,FLAG,,operand,read in an expression (role unresolved),0x0A7FF2,LOW,uVar5 = (&DAT_001a281e)[iVar6];
0x1A2820,CONSTANT,,operand,read in an expression (role unresolved),0x0A7FF2,LOW,"FUN_000a7fb4(uVar1,0,*(undefined2 *)(&DAT_001a2820 + iVar6));"
0x1A2822,CONSTANT,,operand,read in an expression (role unresolved),0x0A8674,LOW,if (*(short *)(&DAT_001a2822 + iVar4) == 0) {
0x1A2824,CONSTANT,,operand,read in an expression (role unresolved),0x0A87C4,LOW,if (*(short *)(&DAT_001a2824 + iVar6) == 0) {
0x1A2826,CONSTANT,,operand,read in an expression (role unresolved),0x0A8984,LOW,uVar2 = *(undefined2 *)(&DAT_001a2826 + iVar6);
0x1A2828,FLAG,,operand,read in an expression (role unresolved),0x0A85A4,LOW,if (DAT_fef05a09 < (byte)(&DAT_001a2828)[iVar9]) {
0x1A282A,CONSTANT,,operand,read in an expression (role unresolved),0x0A80A6,LOW,"FUN_000b23da(*(undefined2 *)(&PTR_DAT_001a282a + (param_1 & 0xff) * 6),1);"
0x1A2842,CONSTANT,,unref,not read by code (data-only),0x0A9362,LOW,
0x1A2844,CONSTANT,,threshold,compared against a constant/value,0x0A7FF2,MED,uVar4 = (uint)(DAT_001a2844 == '\x04') * 6 + (uint)(DAT_001a2844 != '\x04') * 7;
0x1A2845,FLAG,,operand,read in an expression (role unresolved),0x0A7FF2,LOW,auStack_18[0] = (&DAT_001a2845)[iVar7];
0x1A2846,FLAG,,operand,read in an expression (role unresolved),0x0A7FF2,LOW,uVar5 = (&DAT_001a2846)[iVar7];
0x1A2847,FLAG,,operand,read in an expression (role unresolved),0x0A8152,LOW,uVar1 = (&DAT_001a2847)[iVar4];
0x1A2848,FLAG,,threshold,compared against a constant/value,0x0A83FA,MED,if ((byte)(&DAT_001a281b)[(param_2 & 0xff) * 0x18] < DAT_001a2848) {
0x1A2849,CONSTANT,,flag-test,bit tested,0x0A8C28,MED,if ((param_1 & 0xff) != (uint)DAT_001a2849) {
0x1A284A,CONSTANT,,operand,read in an expression (role unresolved),0x0A8152,LOW,"FUN_000a7fb4(uVar1,0,*(undefined2 *)(&DAT_001a284a + iVar4));"
0x1A284C,CONSTANT,,operand,read in an expression (role unresolved),0x0A8C28,LOW,"FUN_000a7fb4(uVar6,0,DAT_001a284c);"
0x1A284E,CONSTANT,,operand,read in an expression (role unresolved),0x0A8B42,LOW,if (*(short *)(&DAT_001a284e + iVar5) == 0) goto LAB_000a8bf8;
0x1A2850,CONSTANT,,operand,read in an expression (role unresolved),0x0A8C08,LOW,"FUN_000a8b42(param_1,DAT_fef05a04,DAT_001a2850);"
0x1A2852,CONSTANT,,threshold,compared against a constant/value,0x0A8FB4,MED,if ((DAT_001a2852 == param_1) &&
0x1A2854,CONSTANT,,operand,read in an expression (role unresolved),0x0B03D8,LOW,local_1c = (uint)(byte)(&DAT_001a2854)[uVar3 * 0xc];
0x1A2855,CONSTANT,,operand,read in an expression (role unresolved),0x0B3E38,LOW,"FUN_000b21fc((&DAT_001a2855)[iVar3 * 0xc],(&DAT_001a2856)[iVar3 * 0xc],&cStack_e,&cStack_d);"
0x1A2856,FLAG,,operand,read in an expression (role unresolved),0x0B3E38,LOW,"FUN_000b21fc((&DAT_001a2855)[iVar3 * 0xc],(&DAT_001a2856)[iVar3 * 0xc],&cStack_e,&cStack_d);"
0x1A2858,CONSTANT,,operand,read in an expression (role unresolved),0x0AFDEE,LOW,sVar1 = *(short *)(&DAT_001a2858 + (uint)DAT_fef06a79 * 0xc);
0x1A285C,CONSTANT,,operand,read in an expression (role unresolved),0x0AFDEE,LOW,sVar1 = *(short *)(&DAT_001a285c + (uint)DAT_fef06a79 * 0xc);
0x1A285E,CONSTANT,,operand,operand computing state 0xFEF06658,0x0AFE42,MED,DAT_fef06658 = (&DAT_001a285e)[(uint)DAT_fef06a79 * 0xc];
0x1A2860,CONSTANT,,unref,not read by code (data-only),0x0B3E38,LOW,
0x1A286C,CONSTANT,,operand,read in an expression (role unresolved),0x0AFCE2,LOW,iVar6 = DAT_001a286c;
0x1A2870,CONSTANT,,operand,read in an expression (role unresolved),0x0AFCE2,LOW,*param_3 = &DAT_001a2870;
0x1A2875,CONSTANT,,operand,read in an expression (role unresolved),0x0AFCE2,LOW,puVar3 = &DAT_001a2875;
0x1A287A,CONSTANT,,operand,read in an expression (role unresolved),0x0AFCE2,LOW,puVar3 = &DAT_001a287a;
0x1A287F,CONSTANT,,operand,read in an expression (role unresolved),0x0AFCE2,LOW,*param_3 = &DAT_001a287f;
0x1A2884,FLAG,,operand,read in an expression (role unresolved),0x0AF9C0,LOW,return (byte)(&DAT_001a2884)[(uint)(byte)(&DAT_001a26ff)[(param_1 & 0xff) * 4] * 0xc] <
0x1A2888,CONSTANT,,operand,read in an expression (role unresolved),0x0AFCE2,LOW,if ((*(uint *)(&PTR_LAB_001a2888)[(uint)(byte)(&DAT_001a26ff)[(uint)DAT_fef06674 * 4] * 3] >>
0x1A288C,CONSTANT,,operand,read in an expression (role unresolved),0x0B0090,LOW,*(short *)(&DAT_001a288c + (uint)(byte)(&DAT_001a26ff)[(uint)DAT_fef06674 * 4] * 0xc)) {
0x1A288E,CONSTANT,,operand,read in an expression (role unresolved),0x0AFA86,LOW,(&DAT_001a288e + (uint)(byte)(&DAT_001a26ff)[(uint)DAT_fef06674 * 4] * 0xc));
0x1A28A0,CONSTANT,,gain,multiplier in a calc,0x0B146E,MED,uVar1 = *(undefined4 *)PTR_DAT_001a28a0;
0x1A28A8,CONSTANT,,gain,multiplier in a calc,0x0B16C4,MED,uVar1 = *(undefined4 *)PTR_DAT_001a28a8;
0x1A28B0,CONSTANT,,gain,multiplier in a calc,0x0B1750,MED,uVar1 = *(undefined4 *)PTR_DAT_001a28b0;
0x1A28B8,CONSTANT,,gain,multiplier in a calc,0x0B183A,MED,uVar1 = *(undefined4 *)PTR_DAT_001a28b8;
0x1A28C0,CONSTANT,,gain,multiplier in a calc,0x0B185E,MED,uVar1 = *(undefined4 *)PTR_DAT_001a28c0;
0x1A28E0,CONSTANT,,operand,read in an expression (role unresolved),0x0B1368,LOW,"FUN_000b21de(*(undefined4 *)(&PTR_DAT_001a28e0)[((int)uVar3 >> 5) * 2],param_2,auStack_16);"
0x1A2920,CONSTANT,,gain,multiplier in a calc,0x0B1882,MED,uVar1 = *(undefined4 *)PTR_DAT_001a2920;
0x1A295C,CONSTANT,,threshold,compared against a constant/value,0x0A7A6E,MED,if (((param_2 & 0xff) != (uint)DAT_001a295c) && ((param_2 & 0xff) != DAT_001a295c + 1)) {
0x1A295D,CONSTANT,,flag-test,bit tested,0x0A7A6E,MED,uVar2 = ((uint)(byte)(&DAT_001a295d)[(uint)*param_3 * 3] & 1 << (DAT_fef06a79 & 0x1f)) == 0;
0x1A295E,CONSTANT,,operand,read in an expression (role unresolved),0x0A7A6E,LOW,bVar1 = *(short *)(param_1 + 4) == (ushort)((byte)(&DAT_001a295e)[(uint)*param_3 * 3] + 1);
0x1A2960,CONSTANT,,operand,read in an expression (role unresolved),0x0A7C44,LOW,sVar1 = *(short *)(&DAT_001a2960 + iVar2);
0x1A2962,CONSTANT,,operand,read in an expression (role unresolved),0x0A7C44,LOW,"FUN_000265d8((&DAT_001a2962)[iVar2],*(short *)(&DAT_001a2960 + iVar2),0,0);"
0x1A2963,CONSTANT,,operand,read in an expression (role unresolved),0x0A7C80,LOW,if ((byte)(&DAT_001a2963)[param_2 * 4] <= (byte)(&DAT_fef059fc)[param_2 * 3]) {
0x1A2964,CONSTANT,,operand,read in an expression (role unresolved),0x0A7B9E,LOW,if (PTR_LAB_001a2964 != (undefined *)0x0) {
0x1A2966,CONSTANT,,unref,not read by code (data-only),,LOW,
0x1A2968,CONSTANT,,operand,read in an expression (role unresolved),0x0A7AD6,LOW,puVar2 = &DAT_001a2968;
0x1A296B,CONSTANT,,operand,read in an expression (role unresolved),0x0A7AD6,LOW,"(puVar2 = &DAT_001a296b, iVar3 != 0xf)) {"
0x1A296E,CONSTANT,,operand,read in an expression (role unresolved),0x0A7AD6,LOW,puVar2 = &DAT_001a296e;
0x1A2971,CONSTANT,,operand,read in an expression (role unresolved),0x0A7AD6,LOW,"if (((iVar3 != 0x13) && (puVar2 = &DAT_001a2971, iVar3 != 0x14)) &&"
0x1A2977,CONSTANT,,operand,read in an expression (role unresolved),0x0A7CBC,LOW,ppuVar1 = (undefined **)&DAT_001a2977;
0x1A297A,CONSTANT,,operand,read in an expression (role unresolved),0x0A7CBC,LOW,ppuVar1 = (undefined **)&DAT_001a297a;
0x1A297D,CONSTANT,,operand,read in an expression (role unresolved),0x0A7CBC,LOW,*param_5 = &DAT_001a297d;
0x1A2980,CONSTANT,,operand,read in an expression (role unresolved),0x0A7B9E,LOW,ppuVar1 = (undefined **)&DAT_001a2980;
0x1A2983,CONSTANT,,operand,read in an expression (role unresolved),0x0A7C80,LOW,*param_3 = &DAT_001a2983;
0x1A2986,CONSTANT,,operand,read in an expression (role unresolved),0x0A7B9E,LOW,ppuVar1 = &PTR_DAT_001a2986;
0x1A29A4,CONSTANT,,operand,read in an expression (role unresolved),0x0AA9AA,LOW,if (param_1 == (&DAT_001a29a4)[iVar3 * 8]) break;
0x1A29A5,CONSTANT,,operand,read in an expression (role unresolved),0x0AA9AA,LOW,(int)(iVar2 - (uint)(byte)(&DAT_001a29a5)[iVar3 * 8]) < 0 !=
0x1A29A8,CONSTANT,,operand,read in an expression (role unresolved),0x0AA9AA,LOW,if ((*(byte *)((uint)*(ushort *)((&PTR_DAT_001a29a8)[iVar3 * 2] + iVar2 * 4 + 2) * 0x10 +
0x1A29D4,CONSTANT,,operand,read in an expression (role unresolved),0x0A9BBE,LOW,for (uVar9 = (uint)*(ushort *)(&DAT_001a29d4 + iVar10); uVar9 < uVar4;
0x1A29D6,CONSTANT,,operand,read in an expression (role unresolved),0x0A9BBE,LOW,uVar4 = *(ushort *)(&LAB_001a29d6 + iVar10);
0x1A2BBC,CONSTANT,,threshold,compared against a constant/value,0x0AC272,MED,if (*(ushort *)PTR_DAT_001a2bbc <= uVar1) {
0x1A2BC4,CONSTANT,,threshold,compared against a constant/value,0x0AC32A,MED,if (*PTR_PTR_DAT_001a2bc4 == '\x01') {
0x1A2BC8,CONSTANT,,gain,multiplier in a calc,0x0AC32A,MED,uVar5 = (uint)(ushort)(*(short *)PTR_DAT_001a2bc8 - 1);
0x1A2BCC,CONSTANT,,threshold,compared against a constant/value,0x0AC32A,MED,if ((*(short *)PTR_DAT_001a2bc8 != 0) && (*(ushort *)PTR_DAT_001a2bcc <= uVar1)) {
0x1A2BD0,CONSTANT,,flag-test,bit tested,0x0AC32A,MED,if ((0x80000000U >> (uVar3 & 0x1f) & *(uint *)(PTR_DAT_001a2bd0 + uVar4 * 4)) != 0) {
0x1A2BE2,CONSTANT,,unref,not read by code (data-only),0x0AA9AA,LOW,
0x1A32A4,FLAG,,operand,read in an expression (role unresolved),0x0A475C,LOW,if ((&DAT_001a32a4)[iVar3] == '\x02' || (&DAT_001a32a4)[iVar3] == '\x03') {
0x1A32B4,CONSTANT,,operand,read in an expression (role unresolved),0x0AD544,LOW,bVar1 = (&DAT_001a32b4)[iVar3];
0x1A32C4,FLAG,,operand,read in an expression (role unresolved),0x0A36DE,LOW,cVar3 = (&DAT_001a32c4)[iVar4];
0x1A32D4,CONSTANT,,operand,read in an expression (role unresolved),0x0ABC00,LOW,cVar3 = (&DAT_001a32d4)[iVar6];
0x1A32E4,CONSTANT,,operand,read in an expression (role unresolved),0x0ACE8E,LOW,*(undefined *)((int)param_3 + 9) = (&DAT_001a32e4)[iVar3];
0x1A32F4,CONSTANT,,operand,read in an expression (role unresolved),0x0ACE8E,LOW,*(undefined *)(param_3 + 5) = (&DAT_001a32f4)[iVar3];
0x1A3304,CONSTANT,,operand,read in an expression (role unresolved),0x0ACE8E,LOW,*(undefined *)((int)param_3 + 0xb) = (&DAT_001a3304)[iVar3];
0x1A3354,CONSTANT,,operand,read in an expression (role unresolved),0x0B0988,LOW,local_10 = &DAT_001a3354;
0x1A3357,CONSTANT,,operand,read in an expression (role unresolved),0x0B0988,LOW,local_10 = &DAT_001a3357;
0x1A335A,CONSTANT,,operand,read in an expression (role unresolved),0x0B0892,LOW,puVar8 = &DAT_001a335a;
0x1A3360,CONSTANT,,operand,read in an expression (role unresolved),0x0B0892,LOW,puVar8 = &DAT_001a3360;
0x1A3363,CONSTANT,,operand,read in an expression (role unresolved),0x0B0892,LOW,puVar8 = &DAT_001a3363;
0x1A3366,CONSTANT,,operand,read in an expression (role unresolved),0x0B0892,LOW,ppuVar4 = (undefined **)&DAT_001a3366;
0x1A3369,CONSTANT,,operand,read in an expression (role unresolved),0x0B0892,LOW,ppuVar4 = (undefined **)&DAT_001a3369;
0x1A336C,CONSTANT,,operand,read in an expression (role unresolved),0x0B0892,LOW,ppuVar4 = &PTR_DAT_001a336c;
0x1A3370,FLAG,,flag-test,bit tested,0x0A957E,MED,if (((&DAT_001a2db0)[(byte)(&DAT_001a3370)[param_1 & 0xffff]] & 1) != 0) {
0x1A3408,FLAG,,operand,read in an expression (role unresolved),0x0A962C,LOW,uVar1 = (&LAB_001a3408)[param_1];
0x1A34A0,CONSTANT,,operand,read in an expression (role unresolved),0x0ACE8E,LOW,uVar1 = (&DAT_001a34a0)[param_1];
0x1A3538,CONSTANT,,operand,read in an expression (role unresolved),0x0AD2A6,LOW,if (((*param_6 == '\x01') && ((&DAT_001a3538)[param_1[1]] == '\x01')) &&
0x1A35D0,CONSTANT,,flag-test,bit tested,0x0A70BA,MED,if (((DAT_fef055f7 & 4) == 0) && (*(short *)(&DAT_001a35d0 + (param_1 & 0xffff) * 2) != -1)) {
0x1A36FC,FLAG,,operand,read in an expression (role unresolved),0x0AF758,LOW,if ((&DAT_001a36fc)[uVar1 * 8] == *param_1) {
0x1A36FD,FLAG,,operand,read in an expression (role unresolved),0x0AF758,LOW,"FUN_00026ff4((uint)(byte)(&DAT_001a36fd)[uVar1 * 8] * 8 + 0x1a4814,param_1);"
0x1A3700,CONSTANT,,unref,not read by code (data-only),0x0AF7A6,LOW,
0x1A3704,CONSTANT,,unref,not read by code (data-only),0x0AF758,LOW,
0x1A375C,CONSTANT,,operand,read in an expression (role unresolved),0x0B0EF6,LOW,FUN_000af854(DAT_001a375c);
0x1A3760,CONSTANT,,unref,not read by code (data-only),0x0B2376,LOW,
0x1A3764,CONSTANT,,operand,read in an expression (role unresolved),0x0B0A4E,LOW,FUN_000af854(DAT_001a3764);
0x1A37CC,CONSTANT,,operand,operand computing state 0xFEF0665D,0x0AFE78,MED,DAT_fef0665d = (&DAT_001a37cc)[(uint)DAT_fef06659 * 0x18];
0x1A37CD,CONSTANT,,flag-test,bit tested,0x0AFCE2,MED,if (((uint)(byte)(&DAT_001a37cd)[iVar6] & 1 << (uVar5 & 0x1f)) == 0) {
0x1A37CE,FLAG,,operand,read in an expression (role unresolved),0x0AFCE2,LOW,if ((&DAT_001a37ce)[iVar6] != '\0') {
0x1A37D0,CONSTANT,,operand,read in an expression (role unresolved),0x0AF8DC,LOW,if ((&DAT_001a37d0)[uVar1 * 6] != 0) {
0x1A37D4,CONSTANT,,operand,read in an expression (role unresolved),0x0AF91C,LOW,if ((&DAT_001a37d4)[uVar1 * 6] != 0) {
0x1A37D8,CONSTANT,,operand,read in an expression (role unresolved),0x0AF95C,LOW,if ((&DAT_001a37d8)[uVar1 * 6] != 0) {
0x1A37DC,CONSTANT,,unref,not read by code (data-only),0x0B0550,LOW,
0x1A37E0,CONSTANT,,operand,read in an expression (role unresolved),0x0AFE78,LOW,else if (*(int *)(&DAT_001a37e0 + uVar5 * 0x18) != 0) {
0x1A37E4,CONSTANT,,unref,not read by code (data-only),0x0AFCE2,LOW,
0x1A37E8,CONSTANT,,unref,not read by code (data-only),0x0AF8DC,LOW,
0x1A37EC,CONSTANT,,unref,not read by code (data-only),0x0AF91C,LOW,
0x1A37F0,CONSTANT,,unref,not read by code (data-only),0x0AF95C,LOW,
0x1A39F6,CONSTANT,,operand,read in an expression (role unresolved),0x0B1EE6,LOW,else if (*(ushort *)(&DAT_001a39f6 + (uint)local_20 * 6) <= *param_3) {
0x1A3CAC,CONSTANT,,operand,read in an expression (role unresolved),0x0B1FE8,LOW,if (*(int *)(&DAT_001a3cac + (uint)local_1e * 0xc) != 0) {
0x1A3CB0,CONSTANT,,unref,not read by code (data-only),0x0B1EE6,LOW,
0x1A42E4,CONSTANT,,operand,read in an expression (role unresolved),0x0A9B3E,LOW,"if (((param_1 < 0x23) && (iVar4 = FUN_000ae42c((&DAT_001a42e4)[param_1],&cStack_19), iVar4 == 0))"
0x1A42E6,CONSTANT,,unref,not read by code (data-only),0x0AA040,LOW,
0x1A432C,CONSTANT,,operand,read in an expression (role unresolved),0x0A94F6,LOW,puVar1 = (&PTR_LAB_001a432c)[param_6 + (param_4 & 0xff)];
0x1A44B4,CONSTANT,,flag-test,bit tested,0x0ACA9A,MED,for (uVar3 = 0; (&DAT_001a44b4)[uVar3 * 2] != -1; uVar3 = uVar3 + 1 & 0xff) {
0x1A44B6,CONSTANT,,operand,read in an expression (role unresolved),0x0A25CA,LOW,bVar1 = (&DAT_001a44b6)[uVar4 * 4];
0x1A44B8,CONSTANT,,unref,not read by code (data-only),0x0A25CA,LOW,
0x1A44BA,CONSTANT,,unref,not read by code (data-only),0x0A25CA,LOW,
0x1A451C,FLAG,,operand,operand computing state 0xFEF05B85,0x0AA176,MED,DAT_fef05b85 = (&DAT_001a451c)[iVar2 * (uint)(iVar2 == 1) + iVar4 * 2];
0x1A4550,CONSTANT,,unref,not read by code (data-only),0x0AACA2,LOW,
0x1A4578,CONSTANT,,unref,not read by code (data-only),,LOW,
0x1A45B8,CONSTANT,,operand,read in an expression (role unresolved),0x0ABF66,LOW,uVar2 = FUN_000ab094(*(undefined2 *)(&DAT_001a45b8 + (uint)*(byte *)(param_1 + 4) * 2));
0x1A45D8,CONSTANT,,unref,not read by code (data-only),0x0AC50A,LOW,
0x1A45F8,CONSTANT,,unref,not read by code (data-only),0x0ACDD8,LOW,
0x1A466C,FLAG,,operand,read in an expression (role unresolved),0x0ACF6C,LOW,uVar1 = (&DAT_001a466c)[(byte)(&DAT_001a32a4)[iVar2]];
0x1A47B4,CONSTANT,,unref,not read by code (data-only),0x0ADEB2,LOW,
0x1A47C8,CONSTANT,,operand,read in an expression (role unresolved),0x0A46CE,LOW,if (param_1 == (&DAT_001a47c8)[uVar1]) {
0x1A47CC,CONSTANT,,unref,not read by code (data-only),0x0A46CE,LOW,
0x1A47FC,FLAG,,bitmask,bit set/clear mask,0x0AB746,MED,*(byte *)(uVar3 + 0xfef064fc) & 0xc0 | DAT_001a47fc & 3 | DAT_001a47fc & 0xc |
0x1A483C,CONSTANT,,operand,read in an expression (role unresolved),0x0AF7EC,LOW,puVar1 = *(undefined2 **)(&DAT_001a483c + param_1 * 8);
0x1A4840,CONSTANT,,unref,not read by code (data-only),0x0AF82C,LOW,
0x1A4864,CONSTANT,,operand,read in an expression (role unresolved),0x0AF854,LOW,"FUN_000265d8((&DAT_001a4864)[param_1],*(undefined2 *)(&DAT_001a4866 + param_1),"
0x1A4866,CONSTANT,,operand,read in an expression (role unresolved),0x0AF854,LOW,"FUN_000265d8((&DAT_001a4864)[param_1],*(undefined2 *)(&DAT_001a4866 + param_1),"
0x1A4868,CONSTANT,,operand,read in an expression (role unresolved),0x0AF854,LOW,"**(undefined2 **)(&DAT_001a4868 + param_1),0);"
0x1A488C,CONSTANT,,unref,not read by code (data-only),0x0AF87A,LOW,
0x1A48A0,CONSTANT,,threshold,compared against a constant/value,0x0B1E80,MED,if (DAT_001a48a0 == 0) {
0x1A4970,CONSTANT,,operand,read in an expression (role unresolved),0x0B306E,LOW,if (cVar3 == (&DAT_001a4970)[iVar6]) {
0x1A4971,FLAG,,unref,not read by code (data-only),0x0B306E,LOW,
0x1A498C,CONSTANT,,operand,read in an expression (role unresolved),0x0B39DA,LOW,"uVar4 = FUN_000b3f36((&DAT_001a498c)[iVar8],(&DAT_001a498d)[iVar8],local_52 + 3);"
0x1A498D,FLAG,,operand,read in an expression (role unresolved),0x0B39DA,LOW,"uVar4 = FUN_000b3f36((&DAT_001a498c)[iVar8],(&DAT_001a498d)[iVar8],local_52 + 3);"
0x1A498E,FLAG,,operand,read in an expression (role unresolved),0x0B39DA,LOW,uVar6 = (uint)*(byte *)((int)&PTR_DAT_001a498e + iVar8);
0x1A49BC,FLAG,,unref,not read by code (data-only),0x0B35F6,LOW,
0x1A49BD,FLAG,,unref,not read by code (data-only),0x0B35F6,LOW,
0x1A49CA,CONSTANT,,operand,read in an expression (role unresolved),0x0B2670,LOW,"iVar1 = FUN_000b2a3a(param_1,&DAT_001a4aa0,DAT_001a49ca,&LAB_001a4ce0);"
0x1A49CC,CONSTANT,,operand,read in an expression (role unresolved),0x0B35F6,LOW,"iVar4 = FUN_000b2a3a(bVar1,&DAT_001a4a58,DAT_001a49cc,&DAT_001a4d9c);"
0x1A49CE,CONSTANT,,operand,read in an expression (role unresolved),0x0B25E2,LOW,"FUN_000b2a3a(param_1,&DAT_001a4ab0,DAT_001a49ce,&DAT_001a4b78);"
0x1A49D0,CONSTANT,,unref,not read by code (data-only),0x0B39DA,LOW,
0x1A49D2,CONSTANT,,operand,read in an expression (role unresolved),0x0B2A7A,LOW,"FUN_000265d8(DAT_001a49d2,param_1,0,0);"
0x1A49D3,CONSTANT,,operand,read in an expression (role unresolved),0x0B3B02,LOW,if ((int)(iVar1 - (uint)(byte)PTR_DAT_001a49d3) < 0 ==
0x1A49D8,CONSTANT,,unref,not read by code (data-only),0x0B2B5C,LOW,
0x1A4A08,CONSTANT,,operand,read in an expression (role unresolved),0x0B3124,LOW,"FUN_000b2a7a(DAT_001a4a08,FUN_000b310a);"
0x1A4A20,CONSTANT,,operand,read in an expression (role unresolved),0x0B3244,LOW,"FUN_000b2a7a(DAT_001a4a20,FUN_000b322a);"
0x1A4A68,CONSTANT,,offset,added/subtracted in a calc,0x0B35F6,MED,(int)(iVar4 - (uint)DAT_001a4a68) < 0 !=
0x1A4A6C,CONSTANT,,threshold,compared against a constant/value,0x0B35F6,MED,if (*(char *)(param_1 + 2) == PTR_DAT_001a4a6c[iVar4 * 2]) {
0x1A4A70,CONSTANT,,operand,read in an expression (role unresolved),0x0B35F6,LOW,puVar3 = &DAT_001a4a70;
0x1A4A73,CONSTANT,,operand,read in an expression (role unresolved),0x0B35F6,LOW,puVar3 = &DAT_001a4a73;
0x1A4A76,CONSTANT,,operand,read in an expression (role unresolved),0x0B35F6,LOW,puVar3 = &DAT_001a4a76;
0x1A4A7C,CONSTANT,,operand,read in an expression (role unresolved),0x0B35F6,LOW,puVar3 = &DAT_001a4a7c;
0x1A4AF8,CONSTANT,,unref,not read by code (data-only),0x0B3988,LOW,
0x1A4AFC,CONSTANT,,unref,not read by code (data-only),0x0B3988,LOW,
0x1A4B00,CONSTANT,,operand,read in an expression (role unresolved),0x0B39DA,LOW,if (*(short *)(PTR_DAT_001a4b00 + uVar2 * 2) == -1) break;
0x1A4B08,CONSTANT,,operand,read in an expression (role unresolved),0x0B3540,LOW,puStack_14 = &DAT_001a4b08;
0x1A4B28,CONSTANT,,unref,not read by code (data-only),0x0B3870,LOW,
0x1A4B58,CONSTANT,,threshold,compared against a constant/value,0x0B2700,MED,if (DAT_001a4b58 <= uVar6) break;
0x1A4B60,CONSTANT,,operand,read in an expression (role unresolved),0x0B2700,LOW,uVar8 = DAT_001a4b60 + param_2;
0x1A4B8C,FLAG,,flag-test,bit tested,0x0B3206,MED,"for (uVar2 = 0; cVar1 = (&DAT_001a4b8c)[uVar2], cVar1 != -1; uVar2 = uVar2 + 1 & 0xff) {"
0x1A4B8D,CONSTANT,,unref,not read by code (data-only),0x0B3206,LOW,
0x1A4BA0,CONSTANT,,operand,read in an expression (role unresolved),0x0B3BB0,LOW,if (param_1 == (&DAT_001a4ba0)[iVar1 * 0x20]) break;
0x1A4BA8,CONSTANT,,operand,read in an expression (role unresolved),0x0B3B02,LOW,if ((&DAT_001a4ba8)[iVar1 * 8] != 0) break;
0x1A4BAC,CONSTANT,,operand,read in an expression (role unresolved),0x0B3B32,LOW,if ((&DAT_001a4bac)[iVar1 * 8] != 0) break;
0x1A4E12,FLAG,,operand,read in an expression (role unresolved),0x0B3B98,LOW,return (&DAT_001a4e12)[(uint)DAT_fef06a79 * 3];
0x1A4E18,CONSTANT,,operand,read in an expression (role unresolved),0x0B4428,LOW,if ((&PTR_LAB_001a4e18)[param_1] == &LAB_000b445e) {
0x1A4E48,FLAG,,operand,read in an expression (role unresolved),0x0B4466,LOW,*param_3 = (ushort)*(byte *)((int)&PTR_DAT_001a4e48 + param_1);
0x1A4E54,FLAG,,flag-test,bit tested,0x0B4428,MED,if (param_2 < *(byte *)((int)&PTR_DAT_001a4e54 + (param_1 & 0xffff))) {
0x1A4E60,CONSTANT,,operand,read in an expression (role unresolved),0x0B44AA,LOW,*(undefined1 *)(iVar3 + param_2) = (&DAT_001a4e60)[iVar3];
0x1A4E61,CONSTANT,,unref,not read by code (data-only),0x0B44AA,LOW,
0x1A4E71,CONSTANT,,operand,read in an expression (role unresolved),0x0B451C,LOW,if ((&DAT_001a4e71)[(int)(uint)(byte)(param_1 - 2) >> 1] == -1) {
0x1A4E7C,CONSTANT,,operand,read in an expression (role unresolved),0x0B4690,LOW,"FUN_000b4596(param_1,param_2,param_3,&PTR_DAT_001a4eb0,DAT_001a4e7c,&DAT_fef06b58);"
0x1A4F0C,CONSTANT,,operand,read in an expression (role unresolved),0x0B48E6,LOW,pbVar5 = &DAT_001a4f0c;
0x1A4F10,CONSTANT,,unref,not read by code (data-only),0x0B48E6,LOW,
0x1A4F14,CONSTANT,,unref,not read by code (data-only),0x0B48E6,LOW,
0x1A4F18,CONSTANT,,unref,not read by code (data-only),0x0B48E6,LOW,
0x1A4FD0,CONSTANT,,operand,read in an expression (role unresolved),0x0B4968,LOW,if (param_1 == (&DAT_001a4fd0)[uVar1 * 4]) {
0x1A4FD2,CONSTANT,,operand,read in an expression (role unresolved),0x0B4910,LOW,uVar3 = (&DAT_001a4fd2)[(uint)DAT_fef06b6e * 4];
0x1A4FD4,CONSTANT,,operand,read in an expression (role unresolved),0x0B4910,LOW,puVar2 = (&PTR_DAT_001a4fd4)[(uint)DAT_fef06b6e * 2];
0x1A4FD8,CONSTANT,,unref,not read by code (data-only),0x0B4968,LOW,
0x1A5060,FLAG,,operand,read in an expression (role unresolved),0x0B4702,LOW,while ((byte)(&DAT_001a5060)[uVar3 * 0xc] != 0xff) {
0x1A5064,CONSTANT,,unref,not read by code (data-only),0x0B4880,LOW,
0x1A5068,CONSTANT,,unref,not read by code (data-only),0x0B4702,LOW,
0x1A506C,CONSTANT,,unref,not read by code (data-only),0x0B4702,LOW,
0x1A5264,CONSTANT,,operand,read in an expression (role unresolved),0x0B4702,LOW,iVar6 = *(int *)(&DAT_001a5264 + (uint)DAT_fef06b6b * 0x10);
0x1A5268,CONSTANT,,unref,not read by code (data-only),0x0B46D8,LOW,
0x1A5270,CONSTANT,,operand,read in an expression (role unresolved),0x0B47B4,LOW,while ((char *)(&DAT_001a5270)[uVar2 * 4] != (char *)0x0) {
0x1A5274,CONSTANT,,operand,read in an expression (role unresolved),0x0B47B4,LOW,if (*(int *)((&PTR_DAT_001a5274)[uVar2 * 4] + uVar3 * 4) == 0) goto LAB_000b4868;
0x1A527C,FLAG,,operand,read in an expression (role unresolved),0x0B47B4,LOW,if (((&DAT_001a527c)[uVar2 * 0x10] == '\x01') &&
0x1A5280,CONSTANT,,unref,not read by code (data-only),0x0B47B4,LOW,
0x1A528C,CONSTANT,,unref,not read by code (data-only),0x0B47B4,LOW,
0x1A55F8,FLAG,,operand,read in an expression (role unresolved),0x0BB23C,LOW,if ((byte)(&DAT_001a55f8)[uVar1 * 0x14] == 0xff) {
0x1A55FC,CONSTANT,,unref,not read by code (data-only),0x0BB23C,LOW,
0x1A5600,CONSTANT,,unref,not read by code (data-only),0x0BB30C,LOW,
0x1A5604,CONSTANT,,unref,not read by code (data-only),0x0BB384,LOW,
0x1A5608,CONSTANT,,unref,not read by code (data-only),0x0BB40E,LOW,
0x1A560C,CONSTANT,,unref,not read by code (data-only),0x0BB23C,LOW,
0x1A5724,CONSTANT,,operand,read in an expression (role unresolved),0x0BC79A,LOW,if ((&DAT_001a5724)[uVar5] == 0x95) {
0x1A5726,CONSTANT,,unref,not read by code (data-only),0x0BC79A,LOW,
0x1A5780,FLAG,,operand,read in an expression (role unresolved),0x0C8C64,LOW,uVar1 = (&DAT_001a5780)[param_1 & 0xff];
