confidence,title,dims,z_size,data_addr,descriptor_addr,axes,values_48L00
HIGH,Accel Enrichment :: IAT Factor,25,8-bit,0x158AD0,0x156368,X: 25 pts -15..165 deg C,115 to 205 raw.
HIGH,Accel Enrichment :: RPM Factor,13,8-bit,0x158AA4,0x156354,X: 13 pts 1200..6000 RPM,64 to 80 raw.
HIGH,Anti-Lift :: Pitch-Rate Gain Curve (vs fef0094E),37,16-bit,0x173768,0x1731A8,X: 37 pts 32768..65535 raw,22769 to 42768 raw.
HIGH,Catalyst/HO2 Monitor :: Threshold vs fef026BE (flat 6000),22,16-bit,0x154FB0,0x154FDC,X: 22 pts 11..235 raw,6000 to 6000 raw - every cell the same.
HIGH,Cranking Fuel :: Base Quantity vs ECT,22,8-bit,0x157FAC,0x156390,X: 22 pts -19.69..139.69 deg C,0 to 255 raw.
HIGH,Cruise Control :: Accel Rate Gain vs Throttle Step (down),7,16-bit,0x151650,0x150DC0,X: 7 pts 1..64 raw,3597 to 7066 raw.
HIGH,Cruise Control :: Accel Rate Gain vs Throttle Step (up),7,16-bit,0x151640,0x150DAC,X: 7 pts 1..64 raw,14669 to 26842 raw.
HIGH,Cruise Control :: Cancel-Switch 2 Plausibility High Limit vs Speed (flat 65535),36,16-bit,0x151D54,0x150D98,X: 36 pts 0..350 km/h,65535 to 65535 raw - every cell the same
HIGH,Cruise Control :: Cancel-Switch 2 Plausibility Low Limit vs Speed (flat),36,16-bit,0x151CC4,0x150D84,X: 36 pts 0..350 km/h,33268 to 33268 raw - every cell the same
HIGH,Cruise Control :: Cancel-Switch Plausibility High Limit vs Speed (flat),36,16-bit,0x151BA4,0x150D5C,X: 36 pts 0..350 km/h,32268 to 32268 raw - every cell the same
HIGH,Cruise Control :: Cancel-Switch Plausibility Low Limit vs Speed (flat 0),36,16-bit,0x151B14,0x150D48,X: 36 pts 0..350 km/h,0 to 0 raw - every cell the same.
HIGH,Cruise Control :: Cancel-Switch Stuck Time Limit vs Speed (flat 65535),36,16-bit,0x151C34,0x150D70,X: 36 pts 0..350 km/h,65535 to 65535 raw - every cell the same
HIGH,Cruise Control :: Max Set Speed vs Gear (flat),7,16-bit,0x151660,0x150DD4,X: 7 pts 1..64 gear bit,25600 to 25600 raw - every cell the same
HIGH,Cruise Control :: Min Set Speed vs Gear (flat),7,16-bit,0x151670,0x150DE8,X: 7 pts 1..64 gear bit,5120 to 5120 raw - every cell the same.
HIGH,Cruise Control :: Set Speed Limit (unit B) vs Gear (flat),7,16-bit,0x151690,0x150E10,X: 7 pts 1..64 gear bit,3200 to 3200 raw - every cell the same.
HIGH,Cruise Control :: Set-Speed Default vs Gear (flat),7,16-bit,0x151680,0x150DFC,X: 7 pts 1..64 gear bit,16000 to 16000 raw - every cell the same
HIGH,Cruise Control :: Speed Correction (per mille) vs Set Speed,14,16-bit,0x150E40,0x150E5C,X: 14 pts 30..240 km/h,36 to 74 raw.
HIGH,Cruise Control :: Speed-Limit Gain vs Speed Error (flat),16,16-bit,0x150924,0x151438,X: 16 pts 31488..34048 raw,30147 to 65535 raw.
HIGH,Cruise Control :: Speedometer Correction (per mille) vs Vehicle Speed,14,16-bit,0x1513F4,0x151410,X: 14 pts 30..240 km/h,36 to 74 raw.
HIGH,Cruise Control :: Throttle Correction vs Speed Error (A),16,16-bit,0x1507A4,0x15134C,X: 16 pts 31488..34048 raw,30147 to 33423 raw.
HIGH,Cruise Control :: Throttle Correction vs Speed Error (B),16,16-bit,0x1507E4,0x151360,X: 16 pts 31488..34048 raw,30147 to 33423 raw.
HIGH,Cruise Control :: Throttle Correction vs Speed Error (C),16,16-bit,0x150824,0x151374,X: 16 pts 31488..34048 raw,30147 to 33423 raw.
HIGH,Cruise Control :: Throttle Correction vs Speed Error (D),16,16-bit,0x150864,0x151388,X: 16 pts 31488..34048 raw,30147 to 33423 raw.
HIGH,"Cruise Control :: Throttle Correction vs Speed Error (E, corrected target)",16,16-bit,0x1508A4,0x15139C,X: 16 pts 31488..35328 raw,26214 to 35389 raw.
HIGH,Cruise Control :: Throttle Correction vs Vehicle Speed (flat 0),16,16-bit,0x1508E4,0x151424,X: 16 pts 30..180 km/h,0 to 0 raw - every cell the same.
HIGH,Cruise Control :: Throttle Feed-Forward vs Target Angle,36,16-bit,0x154B00,0x1512FC,X: 36 pts 0..44800 raw,32848 to 42563 raw.
HIGH,Decel Fuel Cut :: Grip Angle Limit vs RPM (flat),39,16-bit,0x158D14,0x156600,X: 39 pts 800..16000 RPM,126 to 126 raw - every cell the same.
HIGH,Decel Fuel Cut :: Per-Cylinder Cut Delay vs RPM,10,16-bit,0x1565D8,0x1565EC,X: 10 pts 1600..8800 RPM,1 to 1 raw - every cell the same.
HIGH,Decel Fuel Cut :: Recovery ECT Factor | Set A,14,8-bit,0x158114,0x156574,X: 14 pts -19.69..109.69 deg C,32 to 55 raw.
HIGH,Decel Fuel Cut :: Recovery ECT Factor | Set B,14,8-bit,0x158134,0x156588,X: 14 pts -19.69..109.69 deg C,76 to 255 raw.
HIGH,Decel Fuel Cut :: Recovery Fuel Map vs TP x RPM | Set B,6x17,8-bit,0x1593E4,0x156AC0,X: 6 pts 0..112.61 deg (abs. TP angle); Y: 17 pts 1200..11600 RPM,22 to 37 raw.
HIGH,Decel Fuel Cut :: Recovery RPM vs RPM (flat),39,16-bit,0x158DB4,0x156614,X: 39 pts 800..16000 RPM,194 to 194 raw - every cell the same.
HIGH,Decel Fuel Cut :: Recovery Rate vs RPM | Set A,17,8-bit,0x158B58,0x15659C,X: 17 pts 1200..11600 RPM,20 to 20 raw - every cell the same.
HIGH,Decel Fuel Cut :: Recovery Rate vs RPM | Set B,17,8-bit,0x158B6C,0x1565B0,X: 17 pts 1200..11600 RPM,19 to 19 raw - every cell the same.
HIGH,Decel Fuel Cut :: Vacuum Threshold vs RPM,17,16-bit,0x1580E0,0x156560,X: 17 pts 1200..11600 RPM,17078 to 33975 raw.
HIGH,ETV - PWR 1 | Gear 1,23x39,16-bit,0x176744,0x174754,X: 23 pts 0..106.78 deg (abs. accel angle); Y: 39 pts 800..16000 RPM,0 to 119.38 target throttle angle (deg).
HIGH,ETV - PWR 1 | Gear 2,23x39,16-bit,0x176E98,0x174770,X: 23 pts 0..106.78 deg (abs. accel angle); Y: 39 pts 800..16000 RPM,0 to 119.38 target throttle angle (deg).
HIGH,ETV - PWR 1 | Gear 3,23x39,16-bit,0x1775EC,0x17478C,X: 23 pts 0..106.78 deg (abs. accel angle); Y: 39 pts 800..16000 RPM,0 to 119.38 target throttle angle (deg).
HIGH,ETV - PWR 1 | Gear 4,23x39,16-bit,0x177D40,0x1747A8,X: 23 pts 0..106.78 deg (abs. accel angle); Y: 39 pts 800..16000 RPM,0 to 119.38 target throttle angle (deg).
HIGH,ETV - PWR 1 | Gear 5,23x39,16-bit,0x178494,0x1747C4,X: 23 pts 0..106.78 deg (abs. accel angle); Y: 39 pts 800..16000 RPM,0 to 119.38 target throttle angle (deg).
HIGH,ETV - PWR 1 | Gear 6,23x39,16-bit,0x178BE8,0x1747E0,X: 23 pts 0..106.78 deg (abs. accel angle); Y: 39 pts 800..16000 RPM,0 to 119.38 target throttle angle (deg).
HIGH,ETV - PWR 1 | Neutral,23x39,16-bit,0x175FF0,0x174738,X: 23 pts 0..106.78 deg (abs. accel angle); Y: 39 pts 400..15600 RPM,0 to 119.38 target throttle angle (deg).
HIGH,ETV - PWR 2 | Gear 1,23x39,16-bit,0x179A90,0x174818,X: 23 pts 0..106.78 deg (abs. accel angle); Y: 39 pts 800..16000 RPM,0 to 119.38 target throttle angle (deg).
HIGH,ETV - PWR 2 | Gear 2,23x39,16-bit,0x17A1E4,0x174834,X: 23 pts 0..106.78 deg (abs. accel angle); Y: 39 pts 800..16000 RPM,0 to 119.38 target throttle angle (deg).
HIGH,ETV - PWR 2 | Gear 3,23x39,16-bit,0x17A938,0x174850,X: 23 pts 0..106.78 deg (abs. accel angle); Y: 39 pts 800..16000 RPM,0 to 119.38 target throttle angle (deg).
HIGH,ETV - PWR 2 | Gear 4,23x39,16-bit,0x17B08C,0x17486C,X: 23 pts 0..106.78 deg (abs. accel angle); Y: 39 pts 800..16000 RPM,0 to 119.38 target throttle angle (deg).
HIGH,ETV - PWR 2 | Gear 5,23x39,16-bit,0x17B7E0,0x174888,X: 23 pts 0..106.78 deg (abs. accel angle); Y: 39 pts 800..16000 RPM,0 to 119.38 target throttle angle (deg).
HIGH,ETV - PWR 2 | Gear 6,23x39,16-bit,0x17BF34,0x1748A4,X: 23 pts 0..106.78 deg (abs. accel angle); Y: 39 pts 800..16000 RPM,0 to 119.38 target throttle angle (deg).
HIGH,ETV - PWR 2 | Neutral,23x39,16-bit,0x17933C,0x1747FC,X: 23 pts 0..106.78 deg (abs. accel angle); Y: 39 pts 400..15600 RPM,0 to 119.38 target throttle angle (deg).
HIGH,ETV - PWR 3 | Gear 1,23x39,16-bit,0x17CDDC,0x1748DC,X: 23 pts 0..106.78 deg (abs. accel angle); Y: 39 pts 800..16000 RPM,0 to 119.38 target throttle angle (deg).
HIGH,ETV - PWR 3 | Gear 2,23x39,16-bit,0x17D530,0x1748F8,X: 23 pts 0..106.78 deg (abs. accel angle); Y: 39 pts 800..16000 RPM,0 to 119.38 target throttle angle (deg).
HIGH,ETV - PWR 3 | Gear 3,23x39,16-bit,0x17DC84,0x174914,X: 23 pts 0..106.78 deg (abs. accel angle); Y: 39 pts 800..16000 RPM,0 to 119.38 target throttle angle (deg).
HIGH,ETV - PWR 3 | Gear 4,23x39,16-bit,0x17E3D8,0x174930,X: 23 pts 0..106.78 deg (abs. accel angle); Y: 39 pts 800..16000 RPM,0 to 119.38 target throttle angle (deg).
HIGH,ETV - PWR 3 | Gear 5,23x39,16-bit,0x17EB2C,0x17494C,X: 23 pts 0..106.78 deg (abs. accel angle); Y: 39 pts 800..16000 RPM,0 to 119.38 target throttle angle (deg).
HIGH,ETV - PWR 3 | Gear 6,23x39,16-bit,0x17F280,0x174968,X: 23 pts 0..106.78 deg (abs. accel angle); Y: 39 pts 800..16000 RPM,0 to 119.38 target throttle angle (deg).
HIGH,ETV - PWR 3 | Neutral,23x39,16-bit,0x17C688,0x1748C0,X: 23 pts 0..106.78 deg (abs. accel angle); Y: 39 pts 400..15600 RPM,0 to 119.38 target throttle angle (deg).
HIGH,ETV - Slot 4 | Gear 1 (unused stock),23x39,16-bit,0x180128,0x1749A0,X: 23 pts 0..118.08 deg (abs. accel angle); Y: 39 pts 800..16000 RPM,0 to 0 throttle angle (deg) - every cell
HIGH,ETV - Slot 4 | Gear 2 (unused stock),23x39,16-bit,0x18087C,0x1749BC,X: 23 pts 0..118.08 deg (abs. accel angle); Y: 39 pts 800..16000 RPM,0 to 0 throttle angle (deg) - every cell
HIGH,ETV - Slot 4 | Gear 3 (unused stock),23x39,16-bit,0x180FD0,0x1749D8,X: 23 pts 0..118.08 deg (abs. accel angle); Y: 39 pts 800..16000 RPM,0 to 0 throttle angle (deg) - every cell
HIGH,ETV - Slot 4 | Gear 4 (unused stock),23x39,16-bit,0x181724,0x1749F4,X: 23 pts 0..118.08 deg (abs. accel angle); Y: 39 pts 800..16000 RPM,0 to 0 throttle angle (deg) - every cell
HIGH,ETV - Slot 4 | Gear 5 (unused stock),23x39,16-bit,0x181E78,0x174A10,X: 23 pts 0..118.08 deg (abs. accel angle); Y: 39 pts 800..16000 RPM,0 to 0 throttle angle (deg) - every cell
HIGH,ETV - Slot 4 | Gear 6 (unused stock),23x39,16-bit,0x1825CC,0x174A2C,X: 23 pts 0..118.08 deg (abs. accel angle); Y: 39 pts 800..16000 RPM,0 to 0 throttle angle (deg) - every cell
HIGH,ETV - Slot 4 | Neutral (unused stock),23x39,16-bit,0x17F9D4,0x174984,X: 23 pts 0..118.08 deg (abs. accel angle); Y: 39 pts 800..16000 RPM,0 to 0 throttle angle (deg) - every cell
HIGH,ETV - Slot 5 | Gear 1 (unused stock),23x39,16-bit,0x183474,0x174A64,X: 23 pts 0..118.08 deg (abs. accel angle); Y: 39 pts 800..16000 RPM,0 to 0 throttle angle (deg) - every cell
HIGH,ETV - Slot 5 | Gear 2 (unused stock),23x39,16-bit,0x183BC8,0x174A80,X: 23 pts 0..118.08 deg (abs. accel angle); Y: 39 pts 800..16000 RPM,0 to 0 throttle angle (deg) - every cell
HIGH,ETV - Slot 5 | Gear 3 (unused stock),23x39,16-bit,0x18431C,0x174A9C,X: 23 pts 0..118.08 deg (abs. accel angle); Y: 39 pts 800..16000 RPM,0 to 0 throttle angle (deg) - every cell
HIGH,ETV - Slot 5 | Gear 4 (unused stock),23x39,16-bit,0x184A70,0x174AB8,X: 23 pts 0..118.08 deg (abs. accel angle); Y: 39 pts 800..16000 RPM,0 to 0 throttle angle (deg) - every cell
HIGH,ETV - Slot 5 | Gear 5 (unused stock),23x39,16-bit,0x1851C4,0x174AD4,X: 23 pts 0..118.08 deg (abs. accel angle); Y: 39 pts 800..16000 RPM,0 to 0 throttle angle (deg) - every cell
HIGH,ETV - Slot 5 | Gear 6 (unused stock),23x39,16-bit,0x185918,0x174AF0,X: 23 pts 0..118.08 deg (abs. accel angle); Y: 39 pts 800..16000 RPM,0 to 0 throttle angle (deg) - every cell
HIGH,ETV - Slot 5 | Neutral (unused stock),23x39,16-bit,0x182D20,0x174A48,X: 23 pts 0..118.08 deg (abs. accel angle); Y: 39 pts 800..16000 RPM,0 to 0 throttle angle (deg) - every cell
HIGH,ETV - Slot 6 | Gear 1 (unused stock),23x39,16-bit,0x1867C0,0x174B28,X: 23 pts 0..118.08 deg (abs. accel angle); Y: 39 pts 800..16000 RPM,0 to 0 throttle angle (deg) - every cell
HIGH,ETV - Slot 6 | Gear 2 (unused stock),23x39,16-bit,0x186F14,0x174B44,X: 23 pts 0..118.08 deg (abs. accel angle); Y: 39 pts 800..16000 RPM,0 to 0 throttle angle (deg) - every cell
HIGH,ETV - Slot 6 | Gear 3 (unused stock),23x39,16-bit,0x187668,0x174B60,X: 23 pts 0..118.08 deg (abs. accel angle); Y: 39 pts 800..16000 RPM,0 to 0 throttle angle (deg) - every cell
HIGH,ETV - Slot 6 | Gear 4 (unused stock),23x39,16-bit,0x187DBC,0x174B7C,X: 23 pts 0..118.08 deg (abs. accel angle); Y: 39 pts 800..16000 RPM,0 to 0 throttle angle (deg) - every cell
HIGH,ETV - Slot 6 | Gear 5 (unused stock),23x39,16-bit,0x188510,0x174B98,X: 23 pts 0..118.08 deg (abs. accel angle); Y: 39 pts 800..16000 RPM,0 to 0 throttle angle (deg) - every cell
HIGH,ETV - Slot 6 | Gear 6 (unused stock),23x39,16-bit,0x188C64,0x174BB4,X: 23 pts 0..118.08 deg (abs. accel angle); Y: 39 pts 800..16000 RPM,0 to 0 throttle angle (deg) - every cell
HIGH,ETV - Slot 6 | Neutral (unused stock),23x39,16-bit,0x18606C,0x174B0C,X: 23 pts 0..118.08 deg (abs. accel angle); Y: 39 pts 800..16000 RPM,0 to 0 throttle angle (deg) - every cell
HIGH,"ETV :: Direction-Change Gain vs fef02A2E (Helper 6, flat)",5,16-bit,0x1751D4,0x1746FC,X: 5 pts 32781..33554 raw,32768 to 32768 raw - every cell the same
HIGH,"ETV :: Gain vs RPM, Negative Error (Helper 8, flat 0)",39,8-bit,0x175E38,0x174724,X: 39 pts 800..16000 RPM,0 to 0 raw - every cell the same.
HIGH,"ETV :: Gain vs RPM, Positive Error (Helper 7, flat 0)",39,8-bit,0x175E10,0x174710,X: 39 pts 800..16000 RPM,0 to 0 raw - every cell the same.
HIGH,ETV :: Gain vs fef025F8 (Helper 5),5,16-bit,0x1751BC,0x1746E8,X: 5 pts 512..921 raw,100 to 179 raw.
HIGH,"ETV :: IMU Gain vs fef02690 (Helper 2, flat)",17,16-bit,0x1734D0,0x1731D8,X: 17 pts 0..14563 raw,32768 to 32768 raw - every cell the same
HIGH,ETV :: IMU Pitch/Lean Gain vs fef0268C,37,16-bit,0x1736D0,0x173194,X: 37 pts 16384..49152 raw,22769 to 42768 raw.
HIGH,ETV :: QS RPM Scaling vs Ride Mode,7,16-bit,0x175170,0x174698,X: 7 pts 1..64 gear bit,2246 to 2617 raw.
HIGH,"ETV :: Throttle Limit vs RPM (Helper 4, flat)",39,16-bit,0x175EB0,0x1746C0,X: 39 pts 800..16000 RPM,32453 to 45351 raw.
HIGH,ETV Monitor :: Count vs RPM (flat),21,16-bit,0x1941E8,0x192E44,X: 21 pts 600..10000 RPM,2 to 2 raw - every cell the same.
HIGH,ETV Monitor :: ECT Factor (flat),16,16-bit,0x192D30,0x192DA0,X: 16 pts -30..120 deg C,1000 to 1000 raw - every cell the same.
HIGH,ETV Monitor :: IAP Threshold vs RPM (flat),21,16-bit,0x195058,0x193D6C,X: 21 pts 600..10000 RPM,7862 to 7862 raw - every cell the same.
HIGH,ETV Monitor :: Ratio Factor vs RPM (flat),21,16-bit,0x194240,0x192E58,X: 21 pts 600..10000 RPM,2 to 2 raw - every cell the same.
HIGH,ETV Monitor :: Threshold vs RPM (flat),21,16-bit,0x194190,0x192E14,X: 21 pts 600..10000 RPM,62902 to 62902 raw - every cell the same
HIGH,ETV Monitor :: fef030A0 Factor (flat),11,16-bit,0x1940E8,0x192DB4,X: 11 pts 0..20 raw,1000 to 1000 raw - every cell the same.
HIGH,EVAP Purge :: Baro Factor (flat),8,8-bit,0x1712DC,0x171474,X: 8 pts 47.72..120.65 kPa,128 to 128 raw - every cell the same.
HIGH,EVAP Purge :: Base Duty vs TP x RPM,10x14,16-bit,0x172638,0x171820,X: 10 pts 2.16..56.95 deg (abs. TP angle); Y: 14 pts 1500..7000 RPM,0 to 256 raw.
HIGH,EVAP Purge :: ECT Factor (flat),22,8-bit,0x171ABC,0x171460,X: 22 pts -19.69..190.31 deg C,128 to 128 raw - every cell the same.
HIGH,EVAP Purge :: Enable Threshold Curve,14,16-bit,0x1714B0,0x1714CC,X: 14 pts 11..149 raw,77 to 750 raw.
HIGH,EVAP Purge :: Ramp Factor (flat),10,8-bit,0x171AD4,0x17149C,X: 10 pts 0..540 raw,128 to 128 raw - every cell the same.
HIGH,Engine Brake Control :: Fuel-Cut Cylinder Pattern vs Speed x Gear | EB Level 1 (flat),39x7,8-bit,0x165FB0,0x157588,X: 39 pts 800..16000 RPM; Y: 7 pts 1..64 raw,30 to 30 raw - every cell the same.
HIGH,Engine Brake Control :: Fuel-Cut Cylinder Pattern vs Speed x Gear | EB Level 2 (flat),39x7,8-bit,0x166114,0x1575A4,X: 39 pts 800..16000 RPM; Y: 7 pts 1..64 raw,30 to 30 raw - every cell the same.
HIGH,Engine Brake Control :: Fuel-Cut Cylinder Pattern vs Speed x Gear | EB Level 3 (flat),39x7,8-bit,0x166278,0x1575C0,X: 39 pts 800..16000 RPM; Y: 7 pts 1..64 raw,30 to 30 raw - every cell the same.
HIGH,Fuel :: IAT Density Correction,21,8-bit,0x158B40,0x15643C,X: 21 pts -15..135 deg C,115 to 165 raw.
HIGH,Fuel :: Per-Gear Enrichment vs RPM | 3rd Gear,15,8-bit,0x158C84,0x1575DC,X: 15 pts 4800..16000 RPM,128 to 161 raw.
HIGH,Fuel :: Per-Gear Enrichment vs RPM | 4th Gear,15,8-bit,0x158C94,0x1575F0,X: 15 pts 4800..16000 RPM,128 to 169 raw.
HIGH,Fuel :: Per-Gear Enrichment vs RPM | 5th Gear,15,8-bit,0x158CA4,0x157604,X: 15 pts 4800..16000 RPM,128 to 198 raw.
HIGH,Fuel :: Per-Gear Enrichment vs RPM | 6th Gear,15,8-bit,0x158CB4,0x157618,X: 15 pts 4800..16000 RPM,128 to 236 raw.
HIGH,"Fuel :: Primary Trim vs TP x fef020B9 (flat, inactive)",23x9,8-bit,0x16638C,0x157654,X: 23 pts 14680..59963 raw; Y: 9 pts 0..255 raw,128 to 128 raw - every cell the same.
HIGH,"Fuel :: Secondary Trim vs TP x fef020B9 (flat, inactive)",23x9,8-bit,0x16645C,0x157670,X: 23 pts 14680..59963 raw; Y: 9 pts 0..255 raw,128 to 128 raw - every cell the same.
HIGH,"Fuel :: TP x RPM Air-Charge Factor (alternate, flat)",13x19,16-bit,0x159C50,0x156B2C,X: 13 pts 0.43..27.36 deg (abs. TP angle); Y: 19 pts 800..4400 RPM,31894 to 31894 raw - every cell the same
HIGH,Fuel :: Transition Threshold vs Input | Set 1 (flat),8,8-bit,0x155D0C,0x156898,X: 8 pts 1000..9000 RPM,100 to 100 raw - every cell the same.
HIGH,GP/Shift Window :: Lower Offset vs Ride Mode (flat),7,16-bit,0x171C40,0x17174C,X: 7 pts 0..6 gear bit,164 to 164 raw - every cell the same.
HIGH,GP/Shift Window :: Upper Offset vs Ride Mode,7,16-bit,0x171C30,0x171738,X: 7 pts 0..6 gear bit,108 to 16384 raw.
HIGH,Gear Ratio Table,7,16-bit,0x17349C,0x17310C,X: 7 pts 1..64 gear bit,1.27 to 2.56 ratio.
HIGH,Gear Ratio Window :: Limit A vs Gear,7,16-bit,0x1733E4,0x1730A8,X: 7 pts 1..64 gear bit,1311 to 3015 raw.
HIGH,Gear Ratio Window :: Limit B vs Gear,7,16-bit,0x173404,0x1730BC,X: 7 pts 1..64 gear bit,1311 to 3015 raw.
HIGH,HO2 Feedback :: Closed-Loop Zone Map | Set 1 Map 5 (TP x RPM),10x14,8-bit,0x15A070,0x156C48,X: 10 pts 419..20972 raw; Y: 14 pts 1700..10000 RPM,0 to 0 zone (0/1/2) - every cell the sam
HIGH,HO2 Feedback :: Closed-Loop Zone Map | Set 1 Map 6 (TP x RPM),10x14,8-bit,0x15A0FC,0x156C64,X: 10 pts 419..20972 raw; Y: 14 pts 1700..10000 RPM,0 to 0 zone (0/1/2) - every cell the sam
HIGH,"HO2 Feedback :: Closed-Loop Zone Map | Set 2 Map 1 (TP x RPM, all open-loop)",10x14,8-bit,0x15A2A0,0x156D18,X: 10 pts 419..20972 raw; Y: 14 pts 1300..10000 RPM,0 to 2 zone (0/1/2).
HIGH,"HO2 Feedback :: Closed-Loop Zone Map | Set 2 Map 2 (TP x RPM, all open-loop)",10x14,8-bit,0x15A32C,0x156D34,X: 10 pts 419..20972 raw; Y: 14 pts 1300..10000 RPM,0 to 0 zone (0/1/2) - every cell the sam
HIGH,HO2 Feedback :: Closed-Loop Zone Map | Set 2 Map 3 (TP x RPM),10x14,8-bit,0x15A3B8,0x156D80,X: 10 pts 419..20972 raw; Y: 14 pts 1700..10000 RPM,0 to 0 zone (0/1/2) - every cell the sam
HIGH,HO2 Feedback :: Closed-Loop Zone Map | Set 2 Map 4 (TP x RPM),10x14,8-bit,0x15A444,0x156D9C,X: 10 pts 419..20972 raw; Y: 14 pts 1700..10000 RPM,0 to 0 zone (0/1/2) - every cell the sam
HIGH,HO2 Feedback :: Closed-Loop Zone Map | Set 2 Map 5 (TP x RPM),10x14,8-bit,0x15A4D0,0x156DE8,X: 10 pts 419..20972 raw; Y: 14 pts 1700..10000 RPM,0 to 0 zone (0/1/2) - every cell the sam
HIGH,HO2 Feedback :: Closed-Loop Zone Map | Set 2 Map 6 (TP x RPM),10x14,8-bit,0x15A55C,0x156E04,X: 10 pts 419..20972 raw; Y: 14 pts 1700..10000 RPM,0 to 0 zone (0/1/2) - every cell the sam
HIGH,HO2 Heater :: Duty Limit A vs ECT (flat),6,16-bit,0x154F18,0x154F24,X: 6 pts 40.31..90 deg C,40174 to 40174 raw - every cell the same
HIGH,HO2 Heater :: Duty Limit B vs ECT (flat),6,16-bit,0x154F44,0x154F50,X: 6 pts 40.31..90 deg C,47514 to 48890 raw.
HIGH,HO2 Monitor :: Baro Correction vs Baro,8,8-bit,0x154E34,0x154FF0,X: 8 pts 50.00..110.00 kPa,63 to 128 raw.
HIGH,HO2 Monitor :: Enable Max Vacuum vs Baro x RPM (flat),10x14,16-bit,0x15546C,0x154F94,X: 10 pts 67.28..102.90 kPa; Y: 14 pts 2100..8500 RPM,25554 to 25554 raw - every cell the same
HIGH,HO2 Monitor :: IAT Correction vs IAT,10,8-bit,0x155264,0x155004,X: 10 pts -15..105 deg C,74 to 128 raw.
HIGH,ID :: Hardware Number (ASCII bytes),16,8-bit,0x1711A0,0x171218,X: 16 pts 0..15 raw,0 to 76 raw.
HIGH,ID :: Identification String A (ASCII bytes),11,8-bit,0x1712B8,0x17122C,X: 11 pts 0..10 raw,45 to 77 raw.
HIGH,ID :: Identification String B (ASCII bytes),11,8-bit,0x1712D0,0x171240,X: 11 pts 0..10 raw,42 to 76 raw.
HIGH,ID :: Identification String C (ASCII bytes),16,8-bit,0x1711E0,0x171268,X: 16 pts 0..15 raw,42 to 76 raw.
HIGH,ID :: Software Upgrade Number (ASCII bytes),16,8-bit,0x1711C0,0x171254,X: 16 pts 0..15 raw,0 to 76 raw.
HIGH,IGN :: Trim B Enable Weight vs ECT,5,8-bit,0x1672C0,0x167884,X: 5 pts 69.38..109.69 deg C,0 to 0 % weight - every cell the same.
HIGH,IMU :: Axis Correction A vs fef0296A,37,16-bit,0x1735A0,0x17316C,X: 37 pts 22769..42768 raw,16384 to 49152 raw.
HIGH,IMU :: Axis Correction B vs fef0296C,37,16-bit,0x173638,0x173180,X: 37 pts 22769..42768 raw,32768 to 65535 raw.
HIGH,IMU :: Lean Angle Calibration Curve A,9,16-bit,0x173450,0x1730E4,X: 9 pts 0..60.00 deg (est.),0 to 466 raw.
HIGH,IMU :: Map vs Lean x Wheel Speed (Helper 1),37x36,16-bit,0x173848,0x1731BC,X: 37 pts 16384..49152 raw; Y: 36 pts 0..300 km/h,0 to 65535 raw.
HIGH,IMU :: Wheel-Speed Correction vs Lean-Derived Value,14,16-bit,0x17313C,0x173158,X: 14 pts 1500..14000 RPM,1025 to 1031 raw.
HIGH,Idle Control :: Correction Curve A (flat 0),8,16-bit,0x1702E4,0x170390,X: 8 pts 27520..57005 raw,0 to 0 raw - every cell the same.
HIGH,Idle Control :: Correction Curve B (flat 0),8,8-bit,0x1702CC,0x1703A4,X: 8 pts 27520..57005 raw,0 to 0 raw - every cell the same.
HIGH,"Idle Control :: Feedback Step, RPM Above Target",5,16-bit,0x170B84,0x170544,X: 5 pts 128..640 raw,1 to 19 raw.
HIGH,"Idle Control :: Feedback Step, RPM Below Target",5,16-bit,0x170B6C,0x170530,X: 5 pts 128..640 raw,6 to 19 raw.
HIGH,Idle Control :: IAT Factor (flat),14,16-bit,0x170360,0x17037C,X: 14 pts -15..135 deg C,32768 to 32768 raw - every cell the same
HIGH,Idle Control :: Limit vs ECT (flat),22,16-bit,0x1703B8,0x1703E4,X: 22 pts -20.62..122.81 deg C,8965 to 8965 raw - every cell the same.
HIGH,Idle Control :: Limit vs Engine Speed (flat),12,16-bit,0x17031C,0x1703F8,X: 12 pts 800..5200 RPM,524 to 524 raw - every cell the same.
HIGH,Ignition :: Afterstart Correction vs ECT (Correction-39),14,8-bit,0x1695C0,0x1679CC,X: 14 pts -20.62..109.69 deg C,128 to 128 raw - every cell the same.
HIGH,Ignition :: Afterstart Hold Time vs ECT,14,16-bit,0x16799C,0x1679B8,X: 14 pts -20.62..109.69 deg C,0 to 1625 raw.
HIGH,Ignition :: Baro Correction A (flat),27,8-bit,0x16B75C,0x169244,X: 27 pts 125.00..50.00 kPa,64 to 64 raw - every cell the same.
HIGH,Ignition :: Baro Correction B (flat),27,8-bit,0x16B778,0x169258,X: 27 pts 125.00..50.00 kPa,64 to 64 raw - every cell the same.
HIGH,Ignition :: Cold-Start Advance vs ECT (Correction-24),22,8-bit,0x169588,0x167870,X: 22 pts -19.69..190.31 deg C,0 to 0 raw - every cell the same.
HIGH,Ignition :: Dwell vs Battery Volts x RPM | Alternate,9x20,16-bit,0x16BC6C,0x167A60,X: 9 pts 6.48..16.48 V; Y: 20 pts 800..16000 RPM,496 to 3808 raw (dwell time?).
HIGH,Ignition :: Dwell vs Battery Volts x RPM | Main,9x20,16-bit,0x16BB04,0x167A44,X: 9 pts 6.48..16.48 V; Y: 20 pts 800..16000 RPM,496 to 3808 raw (dwell time?).
HIGH,"Ignition :: ECT Ramp Target (Correction-38, flat)",5,8-bit,0x1672D0,0x167988,X: 5 pts 69.38..109.69 deg C,128 to 128 raw - every cell the same.
HIGH,Ignition :: IAT Timing Correction (Correction-21),21,8-bit,0x16B63C,0x167834,X: 21 pts -15..135 deg C,64 to 64 raw - every cell the same.
HIGH,Ignition :: IAT Weight Curve (Correction-44),10,8-bit,0x1696CC,0x167A30,X: 10 pts 15..82.50 deg C,96 to 153 raw.
HIGH,Ignition :: Per-Cylinder Correction vs RPM | Cyl 1 (Correction-40),29,8-bit,0x16B670,0x1679E0,X: 29 pts 800..12000 RPM,87 to 172 raw.
HIGH,Ignition :: Per-Cylinder Correction vs RPM | Cyl 2 (Correction-41),29,8-bit,0x16B690,0x1679F4,X: 29 pts 800..12000 RPM,107 to 170 raw.
HIGH,Ignition :: Per-Cylinder Correction vs RPM | Cyl 3 (Correction-42),29,8-bit,0x16B6B0,0x167A08,X: 29 pts 800..12000 RPM,104 to 169 raw.
HIGH,Ignition :: Per-Cylinder Correction vs RPM | Cyl 4 (Correction-43),29,8-bit,0x16B6D0,0x167A1C,X: 29 pts 800..12000 RPM,90 to 174 raw.
HIGH,Ignition :: RPM Threshold vs RPM (Correction-14),13,16-bit,0x158A04,0x157CAC,X: 13 pts 100..1200 RPM,3042 to 14500 raw.
HIGH,"Ignition :: Ride-Mode Retard vs ECT | Default (Correction-19, flat 0)",22,8-bit,0x169520,0x1677F8,X: 22 pts -19.69..190.31 deg C,0 to 0 raw - every cell the same.
HIGH,Ignition :: Ride-Mode Retard vs ECT | Mode A (flat 0),22,8-bit,0x1694A8,0x167794,X: 22 pts -19.69..190.31 deg C,0 to 0 raw - every cell the same.
HIGH,"Ignition :: Ride-Mode Retard vs ECT | Mode B (Correction-15, flat 0)",22,8-bit,0x1694C0,0x1677A8,X: 22 pts -19.69..190.31 deg C,0 to 0 raw - every cell the same.
HIGH,"Ignition :: Ride-Mode Retard vs ECT | Mode C (Correction-16, flat 0)",22,8-bit,0x1694D8,0x1677BC,X: 22 pts -19.69..190.31 deg C,0 to 0 raw - every cell the same.
HIGH,"Ignition :: Ride-Mode Retard vs ECT | Mode D (Correction-17, flat 0)",22,8-bit,0x1694F0,0x1677D0,X: 22 pts -19.69..190.31 deg C,0 to 0 raw - every cell the same.
HIGH,"Ignition :: Ride-Mode Retard vs ECT | Mode E (Correction-18, flat 0)",22,8-bit,0x169508,0x1677E4,X: 22 pts -19.69..190.31 deg C,0 to 0 raw - every cell the same.
HIGH,Ignition :: Second Threshold vs RPM | Default (Correction-37),8,16-bit,0x167448,0x167974,X: 8 pts 1000..9000 RPM,1091 to 3392 raw.
HIGH,Ignition :: Second Threshold vs RPM | Mode A (Correction-27),8,16-bit,0x167308,0x1678AC,X: 8 pts 1000..9000 RPM,1091 to 3392 raw.
HIGH,Ignition :: Second Threshold vs RPM | Mode B (Correction-29),8,16-bit,0x167348,0x1678D4,X: 8 pts 1000..9000 RPM,1091 to 3392 raw.
HIGH,Ignition :: Second Threshold vs RPM | Mode C (Correction-31),8,16-bit,0x167388,0x1678FC,X: 8 pts 1000..9000 RPM,1091 to 3392 raw.
HIGH,Ignition :: Second Threshold vs RPM | Mode D (Correction-33),8,16-bit,0x1673C8,0x167924,X: 8 pts 1000..9000 RPM,1091 to 3392 raw.
HIGH,Ignition :: Second Threshold vs RPM | Mode E (Correction-35),8,16-bit,0x167408,0x16794C,X: 8 pts 1000..9000 RPM,1091 to 3392 raw.
HIGH,Ignition :: Throttle Threshold vs RPM | Default (Correction-36),8,16-bit,0x167428,0x167960,X: 8 pts 1000..9000 RPM,786 to 786 raw - every cell the same.
HIGH,Ignition :: Throttle Threshold vs RPM | Mode A (Correction-26),8,16-bit,0x1672E8,0x167898,X: 8 pts 1000..9000 RPM,786 to 786 raw - every cell the same.
HIGH,Ignition :: Throttle Threshold vs RPM | Mode B (Correction-28),8,16-bit,0x167328,0x1678C0,X: 8 pts 1000..9000 RPM,786 to 786 raw - every cell the same.
HIGH,Ignition :: Throttle Threshold vs RPM | Mode C (Correction-30),8,16-bit,0x167368,0x1678E8,X: 8 pts 1000..9000 RPM,786 to 786 raw - every cell the same.
HIGH,Ignition :: Throttle Threshold vs RPM | Mode D (Correction-32),8,16-bit,0x1673A8,0x167910,X: 8 pts 1000..9000 RPM,786 to 786 raw - every cell the same.
HIGH,Ignition :: Throttle Threshold vs RPM | Mode E (Correction-34),8,16-bit,0x1673E8,0x167938,X: 8 pts 1000..9000 RPM,786 to 786 raw - every cell the same.
HIGH,Ignition :: Transient One-Shot Correction (Correction-22),5,8-bit,0x1672B0,0x167848,X: 5 pts 13300..14900 RPM,64 to 64 raw - every cell the same.
HIGH,Ignition Retard :: Per-Gear Retard Map vs TP x RPM | Set 1,9x40,8-bit,0x16FC58,0x168D34,X: 9 pts 0..7680 raw; Y: 40 pts 800..12000 RPM,0 to 85 raw.
HIGH,Ignition Retard :: Per-Gear Retard Map vs TP x RPM | Set 2,9x40,8-bit,0x16FE10,0x168D50,X: 9 pts 0..7680 raw; Y: 40 pts 800..12000 RPM,0 to 80 raw.
HIGH,Ignition Retard :: Per-Gear Retard Map vs TP x RPM | Set 3,9x40,8-bit,0x16FFC8,0x168D6C,X: 9 pts 0..7680 raw; Y: 40 pts 800..12000 RPM,0 to 53 raw.
HIGH,Ignition Retard :: Throttle Window High vs RPM,39,16-bit,0x16FBB8,0x167D6C,X: 39 pts 800..16000 RPM,5243 to 10266 raw.
HIGH,Ignition Retard :: Throttle Window Low vs RPM,39,16-bit,0x16FB18,0x167D58,X: 39 pts 800..16000 RPM,1406 to 9437 raw.
HIGH,Ignition Transient :: Counter Limit vs RPM (Correction-3),18,16-bit,0x157888,0x1578AC,X: 18 pts 800..14400 RPM,1 to 12 raw.
HIGH,Ignition Transient :: Decay Rate,14,16-bit,0x157820,0x15783C,X: 14 pts -19.69..109.69 deg C,557 to 557 raw - every cell the same.
HIGH,Ignition Transient :: ECT Factor,14,16-bit,0x1577DC,0x1577F8,X: 14 pts -19.69..109.69 deg C,27853 to 32505 raw.
HIGH,Ignition Transient :: Input Factor (Correction-1),9,16-bit,0x1589C4,0x15780C,X: 9 pts 4000..10400 RPM,24576 to 24576 raw - every cell the same
HIGH,Ignition Transient :: Rate Curve (Correction-10),18,16-bit,0x157B68,0x157B8C,X: 18 pts 800..14400 RPM,32768 to 32768 raw - every cell the same
HIGH,Ignition Transient :: Rate Curve (Correction-11),18,16-bit,0x157BC4,0x157BE8,X: 18 pts 800..14400 RPM,32768 to 32768 raw - every cell the same
HIGH,Ignition Transient :: Rate Curve (Correction-12),18,16-bit,0x157C20,0x157C44,X: 18 pts 800..14400 RPM,32768 to 32768 raw - every cell the same
HIGH,Ignition Transient :: Rate Curve (Correction-2),18,16-bit,0x1578E4,0x157908,X: 18 pts 800..14400 RPM,819 to 6554 raw.
HIGH,Ignition Transient :: Rate Curve (Correction-4),18,16-bit,0x157940,0x157964,X: 18 pts 800..14400 RPM,42 to 1638 raw.
HIGH,Ignition Transient :: Rate Curve (Correction-5),18,16-bit,0x15799C,0x1579C0,X: 18 pts 800..14400 RPM,4915 to 4915 raw - every cell the same.
HIGH,Ignition Transient :: Rate Curve (Correction-6),18,16-bit,0x1579F8,0x157A1C,X: 18 pts 800..14400 RPM,918 to 1638 raw.
HIGH,Ignition Transient :: Rate Curve (Correction-7),18,16-bit,0x157A54,0x157A78,X: 18 pts 800..14400 RPM,5 to 328 raw.
HIGH,Ignition Transient :: Rate Curve (Correction-8),18,16-bit,0x157AB0,0x157AD4,X: 18 pts 800..14400 RPM,4915 to 4915 raw - every cell the same.
HIGH,Ignition Transient :: Rate Curve (Correction-9),18,16-bit,0x157B0C,0x157B30,X: 18 pts 800..14400 RPM,492 to 1311 raw.
HIGH,Ignition Transient :: Target Map vs TP x RPM (Correction Map-1),16,8-bit,0x156144,0x157850,X: 16 pts 800..14400 RPM,1 to 1 raw - every cell the same.
HIGH,"Ignition Trim :: Mode Map vs TP x RPM | Set 1 (flat, inactive)",5x10,8-bit,0x16970C,0x167CDC,X: 5 pts 72.07..115.32 deg TP; Y: 10 pts 2000..10000 RPM,64 to 64 raw - every cell the same.
HIGH,"Ignition Trim :: Mode Map vs TP x RPM | Set 2 (flat, inactive)",5x10,8-bit,0x16974C,0x167D0C,X: 5 pts 72.07..115.32 deg TP; Y: 10 pts 2000..10000 RPM,64 to 64 raw - every cell the same.
HIGH,"Ignition Trim :: Mode Map vs TP x RPM | Set 3 (flat, inactive)",5x10,8-bit,0x16978C,0x167D3C,X: 5 pts 72.07..115.32 deg TP; Y: 10 pts 2000..10000 RPM,64 to 64 raw - every cell the same.
HIGH,Injection Timing :: Primary Injection Angle vs TP x RPM | Base (cold),10x20,8-bit,0x15A700,0x156FD8,X: 10 pts 2.02..100.31 deg (abs. TP angle); Y: 20 pts 800..16000 RPM,43 to 213 raw.
HIGH,Injection Timing :: Primary Injection Angle vs TP x RPM | In Gear,10x20,8-bit,0x15A890,0x157010,X: 10 pts 2.02..100.31 deg (abs. TP angle); Y: 20 pts 800..16000 RPM,43 to 213 raw.
HIGH,Injection Timing :: Primary Injection Angle vs TP x RPM | Warm,10x20,8-bit,0x15A7C8,0x156FF4,X: 10 pts 2.02..100.31 deg (abs. TP angle); Y: 20 pts 800..16000 RPM,160 to 160 raw - every cell the same.
HIGH,Injection Timing :: Secondary Injection Angle vs TP x RPM,10x20,8-bit,0x15A958,0x15702C,X: 10 pts 2.02..100.31 deg (abs. TP angle); Y: 20 pts 800..16000 RPM,75 to 181 raw.
HIGH,Injector Deadtime - Primary (vs battery voltage),7,16-bit,0x15877C,0x15762C,X: 7 pts 7.03..16.41 V,262 to 1358 us.
HIGH,LF - Drag vs Vehicle Speed,36,16-bit,0x151964,0x150B7C,X: 36 pts 0..350 km/h,0 to 14669 raw.
HIGH,LF - Gear Delay Count,7,8-bit,0x15069C,0x150B90,X: 7 pts 1..64 gear bit,1 to 25 raw.
HIGH,LF - Level Parameter 2 vs LF Level,11,8-bit,0x1518EC,0x150BF4,X: 11 pts 0..10 raw,205 to 205 raw - every cell the same.
HIGH,LF - Level Parameter 3 vs LF Level,11,16-bit,0x151628,0x150C08,X: 11 pts 0..10 raw,32768 to 32768 raw - every cell the same
HIGH,LF - Level Threshold vs LF Level,11,8-bit,0x1518D4,0x150BE0,X: 11 pts 0..10 raw,166 to 255 raw.
HIGH,LF - Threshold vs Vehicle Speed,36,16-bit,0x151A84,0x150D34,X: 36 pts 0..350 km/h,5187 to 57672 raw.
HIGH,Launch Control - Throttle Limit | Gear 2,23x39,16-bit,0x18EE2C,0x174FB0,X: 23 pts 0..106.78 deg (abs. accel angle); Y: 39 pts 800..16000 RPM,0 to 119.38 throttle angle (deg).
HIGH,Launch Control - Throttle Limit | Gear 3,23x39,16-bit,0x18F580,0x174FCC,X: 23 pts 0..106.78 deg (abs. accel angle); Y: 39 pts 800..16000 RPM,0 to 119.38 throttle angle (deg).
HIGH,Launch Control - Throttle Limit | Gear 4,23x39,16-bit,0x18FCD4,0x174FE8,X: 23 pts 0..106.78 deg (abs. accel angle); Y: 39 pts 800..16000 RPM,0 to 119.38 throttle angle (deg).
HIGH,Launch Control - Throttle Limit | Gear 5,23x39,16-bit,0x190428,0x175004,X: 23 pts 0..106.78 deg (abs. accel angle); Y: 39 pts 800..16000 RPM,0 to 119.38 throttle angle (deg).
HIGH,Launch Control - Throttle Limit | Gear 6,23x39,16-bit,0x190B7C,0x175020,X: 23 pts 0..106.78 deg (abs. accel angle); Y: 39 pts 800..16000 RPM,0 to 119.38 throttle angle (deg).
HIGH,"Launch Control - Throttle Limit | Neutral, Gear 1",23x39,16-bit,0x18E6D8,0x174F94,X: 23 pts 0..106.78 deg (abs. accel angle); Y: 39 pts 800..16000 RPM,0 to 85.64 throttle angle (deg).
HIGH,Launch Control :: Post-Launch RPM Margin (vs RPM),16,16-bit,0x150764,0x1511C4,X: 16 pts 1000..16000 RPM,1280 to 1280 raw - every cell the same.
HIGH,Meter Fuel Consumption :: RPM Factor,15,8-bit,0x17129C,0x1711F0,X: 15 pts 2000..16000 RPM,84 to 156 raw.
HIGH,Mode-Setting Limit :: Curve vs Rear Wheel Speed | Level 1,16,16-bit,0x171344,0x1716AC,X: 16 pts 0..300 km/h,0 to 16351 raw.
HIGH,Mode-Setting Limit :: Curve vs Rear Wheel Speed | Level 2,16,16-bit,0x171384,0x1716C0,X: 16 pts 0..300 km/h,0 to 16351 raw.
HIGH,Mode-Setting Limit :: Curve vs Rear Wheel Speed | Level 3,16,16-bit,0x1713C4,0x1716D4,X: 16 pts 0..300 km/h,0 to 16351 raw.
HIGH,Mode-Setting Limit :: Curve vs fef0267A | Level 1,37,16-bit,0x17235C,0x1716E8,X: 37 pts 12380..53156 raw,0 to 18350 raw.
HIGH,Mode-Setting Limit :: Curve vs fef0267A | Level 2,37,16-bit,0x1723F4,0x1716FC,X: 37 pts 12380..53156 raw,0 to 18350 raw.
HIGH,Mode-Setting Limit :: Curve vs fef0267A | Level 3,37,16-bit,0x17248C,0x171710,X: 37 pts 12380..53156 raw,0 to 18350 raw.
HIGH,Mode-Setting Limit :: Factor vs fef0268C,31,16-bit,0x171BF0,0x171724,X: 31 pts 16384..49152 raw,0 to 0 raw - every cell the same.
HIGH,Mode-Setting Limit :: Scaling vs fef026B2,5,16-bit,0x171C5C,0x171760,X: 5 pts 614..819 raw,28672 to 38229 raw.
HIGH,Pitch Control :: Gear Gain (flat 80),7,8-bit,0x1506AC,0x150BB8,X: 7 pts 1..64 gear bit,64 to 64 raw - every cell the same.
HIGH,"Pitch Control :: Level Scaling vs SDMS Field-3 Level (0-10, all 0)",11,8-bit,0x151904,0x1513B0,X: 11 pts 0..10 raw,51 to 51 raw - every cell the same.
HIGH,Pitch Control :: Lift-Detect Throttle Threshold vs Speed (A),37,16-bit,0x1549D4,0x1512D4,X: 37 pts 0..360 km/h,282 to 2560 raw.
HIGH,Pitch Control :: Lift-Detect Throttle Threshold vs Speed (B),37,16-bit,0x154A6C,0x1512E8,X: 37 pts 0..360 km/h,671 to 2048 raw.
HIGH,Pitch Control :: Pitch Signal Gain Curve (vs IMU pitch fef0268C),37,16-bit,0x154B94,0x1513C4,X: 37 pts 16384..49152 raw,0 to 65535 raw.
HIGH,Pitch Control :: Setting Gain vs |Pitch| x SDMS Field-3 Level (flat 64),13x11,8-bit,0x152D40,0x15118C,X: 13 pts 32768..43690 raw; Y: 11 pts 0..10 raw,48 to 128 raw.
HIGH,Pitch Control :: Speed Limit Curve (flat),36,16-bit,0x1519F4,0x150BCC,X: 36 pts 0..350 km/h,5187 to 57672 raw.
HIGH,Pitch Control :: Throttle-Based Pitch Limit Curve,31,16-bit,0x1515E8,0x150BA4,X: 31 pts 0..108.00 deg (TP angle),32768 to 42598 raw.
HIGH,Quickshifter :: Downshift Enable RPM vs Gear (flat),7,16-bit,0x151500,0x150A0C,X: 7 pts 1..64 gear bit,65535 to 65535 raw - every cell the same
HIGH,Quickshifter :: Downshift Ignition Retard Phase 1 vs RPM x TP,14x8,8-bit,0x15249C,0x1510E4,X: 14 pts 1000..14000 RPM; Y: 8 pts 4.32..57.60 deg (abs. TP angle),64 to 113 raw.
HIGH,Quickshifter :: Downshift Ignition Retard Phase 2 vs RPM x TP,14x8,8-bit,0x15250C,0x15111C,X: 14 pts 1000..14000 RPM; Y: 8 pts 4.32..57.60 deg (abs. TP angle),64 to 113 raw.
HIGH,Quickshifter :: Downshift Ignition Retard Phase 3 vs RPM x TP,14x8,8-bit,0x15257C,0x151154,X: 14 pts 1000..14000 RPM; Y: 8 pts 4.32..57.60 deg (abs. TP angle),64 to 113 raw.
HIGH,Quickshifter :: Downshift Max Duration vs RPM x Gear,14x7,16-bit,0x152288,0x151004,X: 14 pts 1000..14000 RPM; Y: 7 pts 1..64 gear bit,0 to 22 raw.
HIGH,Quickshifter :: Downshift Minimum RPM vs Gear (flat),7,16-bit,0x1514F0,0x1509F8,X: 7 pts 1..64 gear bit,65280 to 65280 raw - every cell the same
HIGH,Quickshifter :: Downshift Phase Timeout vs RPM (flat),14,16-bit,0x150AC4,0x150AE0,X: 14 pts 1000..14000 RPM,1 to 5 raw.
HIGH,Quickshifter :: Downshift Retard Ramp-Out Rate vs RPM (flat),14,8-bit,0x151560,0x150B54,X: 14 pts 1000..14000 RPM,1 to 1 raw - every cell the same.
HIGH,Quickshifter :: GP-Sensor Deviation Abort Threshold vs Gear (flat 65535),7,16-bit,0x151540,0x150AF4,X: 7 pts 1..64 gear bit,65535 to 65535 raw - every cell the same
HIGH,Quickshifter :: GP-Sensor Downshift Window A Offset vs Gear,7,16-bit,0x151510,0x150A6C,X: 7 pts 1..64 gear bit,773 to 65535 raw.
HIGH,Quickshifter :: GP-Sensor Downshift Window B Offset vs Gear,7,16-bit,0x151520,0x150A80,X: 7 pts 1..64 gear bit,2556 to 4089 raw.
HIGH,Quickshifter :: GP-Sensor Downshift Window C Offset vs Gear,7,16-bit,0x151530,0x150A94,X: 7 pts 1..64 gear bit,8179 to 13291 raw.
HIGH,Quickshifter :: GP-Sensor Upshift Window A Offset vs Gear,7,16-bit,0x151460,0x150944,X: 7 pts 1..64 gear bit,773 to 65535 raw.
HIGH,Quickshifter :: GP-Sensor Upshift Window B Offset vs Gear,7,16-bit,0x1514B0,0x1509A8,X: 7 pts 1..64 gear bit,4608 to 4608 raw - every cell the same.
HIGH,Quickshifter :: GP-Sensor Upshift Window C Offset vs Gear,7,16-bit,0x1514C0,0x1509BC,X: 7 pts 1..64 gear bit,65535 to 65535 raw - every cell the same
HIGH,Quickshifter :: Upshift Detect Reference vs Gear,7,16-bit,0x1514D0,0x1509D0,X: 7 pts 1..64 gear bit,5120 to 5120 raw - every cell the same.
HIGH,Quickshifter :: Upshift Ignition Retard Phase 1 vs RPM x TP,14x8,8-bit,0x15234C,0x15103C,X: 14 pts 1000..14000 RPM; Y: 8 pts 4.32..57.60 deg (abs. TP angle),47 to 255 raw.
HIGH,Quickshifter :: Upshift Ignition Retard Phase 2 vs RPM x TP,14x8,8-bit,0x1523BC,0x151074,X: 14 pts 1000..14000 RPM; Y: 8 pts 4.32..57.60 deg (abs. TP angle),40 to 246 raw.
HIGH,Quickshifter :: Upshift Ignition Retard Phase 3 vs RPM x TP,14x8,8-bit,0x15242C,0x1510AC,X: 14 pts 1000..14000 RPM; Y: 8 pts 4.32..57.60 deg (abs. TP angle),49 to 253 raw.
HIGH,Quickshifter :: Upshift Max Duration vs RPM x Gear,14x7,16-bit,0x1521C4,0x150FCC,X: 14 pts 1000..14000 RPM; Y: 7 pts 1..64 gear bit,0 to 6 raw.
HIGH,Quickshifter :: Upshift Minimum RPM vs Gear,7,16-bit,0x1514E0,0x1509E4,X: 7 pts 1..64 gear bit,65535 to 65535 raw - every cell the same
HIGH,Quickshifter :: Upshift Phase Timeout vs RPM (flat),14,16-bit,0x150A3C,0x150A58,X: 14 pts 1000..14000 RPM,1 to 1 raw - every cell the same.
HIGH,Quickshifter :: Upshift Retard Ramp-Out Rate vs RPM,14,8-bit,0x151550,0x150B24,X: 14 pts 1000..14000 RPM,4 to 13 raw.
HIGH,Rev Limiter :: Hot-Engine Limiter Delay vs ECT,13,16-bit,0x15158C,0x150B68,X: 13 pts -19.69..100.31 deg C,0 to 1500 raw.
HIGH,Ride Mode :: Threshold Map vs Throttle x RPM | Default,6x25,8-bit,0x172750,0x171848,X: 6 pts 7.49..118.08 deg (abs. TP angle); Y: 25 pts 2000..11600 RPM,31 to 141 raw.
HIGH,Ride Mode :: Threshold Map vs Throttle x RPM | Mode 0x10,6x25,8-bit,0x172880,0x171898,X: 6 pts 7.49..118.08 deg (abs. TP angle); Y: 25 pts 2000..11600 RPM,31 to 255 raw.
HIGH,Ride Mode :: Threshold Map vs Throttle x RPM | Mode 8,6x25,8-bit,0x1727E8,0x171870,X: 6 pts 7.49..118.08 deg (abs. TP angle); Y: 25 pts 2000..11600 RPM,31 to 255 raw.
HIGH,Ride Mode :: Throttle Map vs Throttle x RPM | Mode 1,6x25,8-bit,0x172918,0x1718C0,X: 6 pts 7.49..118.08 deg (abs. TP angle); Y: 25 pts 2000..11600 RPM,31 to 255 raw.
HIGH,Ride Mode :: Throttle Map vs Throttle x RPM | Mode 2,6x25,8-bit,0x1729B0,0x1718E8,X: 6 pts 7.49..118.08 deg (abs. TP angle); Y: 25 pts 2000..11600 RPM,31 to 255 raw.
HIGH,Ride Mode :: Throttle Map vs Throttle x RPM | Mode 3,6x25,8-bit,0x172A48,0x171910,X: 6 pts 7.49..118.08 deg (abs. TP angle); Y: 25 pts 2000..11600 RPM,31 to 255 raw.
HIGH,Ride Mode :: Throttle Map vs Throttle x RPM | Mode 4,6x25,8-bit,0x172AE0,0x171938,X: 6 pts 7.49..118.08 deg (abs. TP angle); Y: 25 pts 2000..11600 RPM,31 to 255 raw.
HIGH,Ride Mode :: Throttle Map vs Throttle x RPM | Mode 5,6x25,8-bit,0x172B78,0x171960,X: 6 pts 7.49..118.08 deg (abs. TP angle); Y: 25 pts 2000..11600 RPM,31 to 255 raw.
HIGH,Ride Mode :: Throttle Map vs Throttle x RPM | Mode 6,6x25,8-bit,0x172C10,0x171988,X: 6 pts 7.49..118.08 deg (abs. TP angle); Y: 25 pts 2000..11600 RPM,31 to 255 raw.
HIGH,Ride Mode :: Throttle Map vs Throttle x RPM | Mode 7,6x25,8-bit,0x172CA8,0x1719B0,X: 6 pts 7.49..118.08 deg (abs. TP angle); Y: 25 pts 2000..11600 RPM,31 to 255 raw.
HIGH,Sensor :: ADC fef0257C Conversion -&gt; fef026C0,30,8-bit,0x173268,0x173008,X: 30 pts 13..1000 raw,0 to 255 raw.
HIGH,Sensor :: ECT Conversion (ADC -&gt; deg C) | Alternate,29,8-bit,0x173514,0x172FB8,X: 29 pts 3067..59113 raw,9 to 169 raw.
HIGH,Sensor :: ECT Conversion (ADC -&gt; deg C) | Main,31,8-bit,0x1734F4,0x172FA4,X: 31 pts 1024..62464 raw,8 to 249 raw.
HIGH,Speed Monitor :: Hysteresis Threshold vs Rear Wheel Speed (flat),15,16-bit,0x171A78,0x171438,X: 15 pts 20..160 km/h,32128 to 32128 raw - every cell the same
HIGH,Speed Monitor :: Threshold vs Rear Wheel Speed,11,16-bit,0x171A00,0x171410,X: 11 pts 10..110 km/h,77 to 219 raw.
HIGH,Speed Monitor :: Upper Threshold vs Rear Wheel Speed,15,16-bit,0x171A38,0x171424,X: 15 pts 20..160 km/h,30848 to 31488 raw.
HIGH,Start Prime Pulse :: RPM Correction,11,8-bit,0x158AEC,0x1563A4,X: 11 pts 614..3174 raw,79 to 96 raw.
HIGH,TC - Cut vs Slip Error | Launch,26,16-bit,0x168C4C,0x168C80,X: 26 pts 0..500 raw,0 to 10 cut demand (raw).
HIGH,TC - Cut vs Slip Error | Level 1,26,16-bit,0x16851C,0x168550,X: 26 pts 0..500 raw,0 to 100 cut demand (raw).
HIGH,TC - Cut vs Slip Error | Level 10,26,16-bit,0x168B94,0x168BC8,X: 26 pts 0..500 raw,0 to 100 cut demand (raw).
HIGH,TC - Cut vs Slip Error | Level 2,26,16-bit,0x1685D4,0x168608,X: 26 pts 0..500 raw,0 to 100 cut demand (raw).
HIGH,TC - Cut vs Slip Error | Level 3,26,16-bit,0x16868C,0x1686C0,X: 26 pts 0..500 raw,0 to 100 cut demand (raw).
HIGH,TC - Cut vs Slip Error | Level 4,26,16-bit,0x168744,0x168778,X: 26 pts 0..500 raw,0 to 100 cut demand (raw).
HIGH,TC - Cut vs Slip Error | Level 5,26,16-bit,0x1687FC,0x168830,X: 26 pts 0..500 raw,0 to 100 cut demand (raw).
HIGH,TC - Cut vs Slip Error | Level 6,26,16-bit,0x1688B4,0x1688E8,X: 26 pts 0..500 raw,0 to 100 cut demand (raw).
HIGH,TC - Cut vs Slip Error | Level 7,26,16-bit,0x16896C,0x1689A0,X: 26 pts 0..500 raw,0 to 100 cut demand (raw).
HIGH,TC - Cut vs Slip Error | Level 8,26,16-bit,0x168A24,0x168A58,X: 26 pts 0..500 raw,0 to 100 cut demand (raw).
HIGH,TC - Cut vs Slip Error | Level 9,26,16-bit,0x168ADC,0x168B10,X: 26 pts 0..500 raw,0 to 100 cut demand (raw).
HIGH,TC - Cut vs Slip History | Launch,9,16-bit,0x16B53C,0x168CA8,X: 9 pts 32973..33628 raw,32768 to 32768 raw - every cell the same
HIGH,TC - Cut vs Slip History | Level 1,9,16-bit,0x16B08C,0x168578,X: 9 pts 32973..33628 raw,32768 to 37028 raw.
HIGH,TC - Cut vs Slip History | Level 10,9,16-bit,0x16B4C4,0x168BF0,X: 9 pts 32973..33628 raw,32768 to 33996 raw.
HIGH,TC - Cut vs Slip History | Level 2,9,16-bit,0x16B104,0x168630,X: 9 pts 32973..33628 raw,32768 to 37028 raw.
HIGH,TC - Cut vs Slip History | Level 3,9,16-bit,0x16B17C,0x1686E8,X: 9 pts 32973..33628 raw,32768 to 37028 raw.
HIGH,TC - Cut vs Slip History | Level 4,9,16-bit,0x16B1F4,0x1687A0,X: 9 pts 32973..33628 raw,32768 to 37028 raw.
HIGH,TC - Cut vs Slip History | Level 5,9,16-bit,0x16B26C,0x168858,X: 9 pts 32973..33628 raw,32768 to 37028 raw.
HIGH,TC - Cut vs Slip History | Level 6,9,16-bit,0x16B2E4,0x168910,X: 9 pts 32973..33628 raw,32768 to 37683 raw.
HIGH,TC - Cut vs Slip History | Level 7,9,16-bit,0x16B35C,0x1689C8,X: 9 pts 32973..33628 raw,32768 to 37683 raw.
HIGH,TC - Cut vs Slip History | Level 8,9,16-bit,0x16B3D4,0x168A80,X: 9 pts 32973..33628 raw,32768 to 37683 raw.
HIGH,TC - Cut vs Slip History | Level 9,9,16-bit,0x16B44C,0x168B38,X: 9 pts 32973..33628 raw,32768 to 35225 raw.
HIGH,TC - Cut vs Slip Rate | Launch,9,16-bit,0x16B514,0x168C94,X: 9 pts 205..860 raw (0x8000=0),32768 to 32768 raw - every cell the same
HIGH,TC - Cut vs Slip Rate | Level 1,9,16-bit,0x16B064,0x168564,X: 9 pts 205..860 raw (0x8000=0),32768 to 37028 raw.
HIGH,TC - Cut vs Slip Rate | Level 10,9,16-bit,0x16B49C,0x168BDC,X: 9 pts 205..860 raw (0x8000=0),32768 to 33996 raw.
HIGH,TC - Cut vs Slip Rate | Level 2,9,16-bit,0x16B0DC,0x16861C,X: 9 pts 205..860 raw (0x8000=0),32768 to 37028 raw.
HIGH,TC - Cut vs Slip Rate | Level 3,9,16-bit,0x16B154,0x1686D4,X: 9 pts 205..860 raw (0x8000=0),32768 to 37028 raw.
HIGH,TC - Cut vs Slip Rate | Level 4,9,16-bit,0x16B1CC,0x16878C,X: 9 pts 205..860 raw (0x8000=0),32768 to 37028 raw.
HIGH,TC - Cut vs Slip Rate | Level 5,9,16-bit,0x16B244,0x168844,X: 9 pts 205..860 raw (0x8000=0),32768 to 37028 raw.
HIGH,TC - Cut vs Slip Rate | Level 6,9,16-bit,0x16B2BC,0x1688FC,X: 9 pts 205..860 raw (0x8000=0),32768 to 37683 raw.
HIGH,TC - Cut vs Slip Rate | Level 7,9,16-bit,0x16B334,0x1689B4,X: 9 pts 205..860 raw (0x8000=0),32768 to 37683 raw.
HIGH,TC - Cut vs Slip Rate | Level 8,9,16-bit,0x16B3AC,0x168A6C,X: 9 pts 205..860 raw (0x8000=0),32768 to 37683 raw.
HIGH,TC - Cut vs Slip Rate | Level 9,9,16-bit,0x16B424,0x168B24,X: 9 pts 205..860 raw (0x8000=0),32768 to 35225 raw.
HIGH,TC - Lean Gain | Launch,9,16-bit,0x16B564,0x168CBC,X: 9 pts 0..80.00 deg (est.),100 to 100 % of slip-error cut - every c
HIGH,TC - Lean Gain | Level 1,9,16-bit,0x16B0B4,0x16858C,X: 9 pts 0..60.00 deg (est.),100 to 100 % of slip-error cut - every c
HIGH,TC - Lean Gain | Level 10,9,16-bit,0x16B4EC,0x168C04,X: 9 pts 0..60.00 deg (est.),50 to 100 % of slip-error cut.
HIGH,TC - Lean Gain | Level 2,9,16-bit,0x16B12C,0x168644,X: 9 pts 0..60.00 deg (est.),100 to 100 % of slip-error cut - every c
HIGH,TC - Lean Gain | Level 3,9,16-bit,0x16B1A4,0x1686FC,X: 9 pts 0..60.00 deg (est.),70 to 100 % of slip-error cut.
HIGH,TC - Lean Gain | Level 4,9,16-bit,0x16B21C,0x1687B4,X: 9 pts 0..60.00 deg (est.),70 to 100 % of slip-error cut.
HIGH,TC - Lean Gain | Level 5,9,16-bit,0x16B294,0x16886C,X: 9 pts 0..60.00 deg (est.),70 to 100 % of slip-error cut.
HIGH,TC - Lean Gain | Level 6,9,16-bit,0x16B30C,0x168924,X: 9 pts 0..60.00 deg (est.),100 to 100 % of slip-error cut - every c
HIGH,TC - Lean Gain | Level 7,9,16-bit,0x16B384,0x1689DC,X: 9 pts 0..60.00 deg (est.),100 to 100 % of slip-error cut - every c
HIGH,TC - Lean Gain | Level 8,9,16-bit,0x16B3FC,0x168A94,X: 9 pts 0..60.00 deg (est.),50 to 100 % of slip-error cut.
HIGH,TC - Lean Gain | Level 9,9,16-bit,0x16B474,0x168B4C,X: 9 pts 0..60.00 deg (est.),50 to 100 % of slip-error cut.
HIGH,TC - Lean Slip Offset | Launch,9,16-bit,0x16AF7C,0x16845C,X: 9 pts 0..60.00 deg (est.),32768 to 32768 raw - every cell the same
HIGH,TC - Lean Slip Offset | Level 1,9,16-bit,0x16ADEC,0x168394,X: 9 pts 0..60.00 deg (est.),32768 to 35881 raw.
HIGH,TC - Lean Slip Offset | Level 10,9,16-bit,0x16AF54,0x168448,X: 9 pts 0..60.00 deg (est.),32154 to 35882 raw.
HIGH,TC - Lean Slip Offset | Level 2,9,16-bit,0x16AE14,0x1683A8,X: 9 pts 0..60.00 deg (est.),32768 to 35881 raw.
HIGH,TC - Lean Slip Offset | Level 3,9,16-bit,0x16AE3C,0x1683BC,X: 9 pts 0..60.00 deg (est.),32768 to 35881 raw.
HIGH,TC - Lean Slip Offset | Level 4,9,16-bit,0x16AE64,0x1683D0,X: 9 pts 0..60.00 deg (est.),32768 to 35881 raw.
HIGH,TC - Lean Slip Offset | Level 5,9,16-bit,0x16AE8C,0x1683E4,X: 9 pts 0..60.00 deg (est.),32768 to 34817 raw.
HIGH,TC - Lean Slip Offset | Level 6,9,16-bit,0x16AEB4,0x1683F8,X: 9 pts 0..60.00 deg (est.),32768 to 34918 raw.
HIGH,TC - Lean Slip Offset | Level 7,9,16-bit,0x16AEDC,0x16840C,X: 9 pts 0..60.00 deg (est.),32768 to 35133 raw.
HIGH,TC - Lean Slip Offset | Level 8,9,16-bit,0x16AF04,0x168420,X: 9 pts 0..60.00 deg (est.),32154 to 35320 raw.
HIGH,TC - Lean Slip Offset | Level 9,9,16-bit,0x16AF2C,0x168434,X: 9 pts 0..60.00 deg (est.),32154 to 35882 raw.
HIGH,TC - Target Slip | Launch | 1st,21,16-bit,0x16ABF4,0x168308,X: 21 pts -1606..14460 raw (0x8000=0),5.50 to 16.00 % target slip.
HIGH,TC - Target Slip | Launch | 2nd,21,16-bit,0x16AC4C,0x16831C,X: 21 pts -1606..14460 raw (0x8000=0),5.50 to 16.00 % target slip.
HIGH,TC - Target Slip | Launch | 3rd,21,16-bit,0x16ACA4,0x168330,X: 21 pts -1606..14460 raw (0x8000=0),5.50 to 16.00 % target slip.
HIGH,TC - Target Slip | Launch | 4th,21,16-bit,0x16ACFC,0x168344,X: 21 pts -1606..14460 raw (0x8000=0),5.50 to 16.00 % target slip.
HIGH,TC - Target Slip | Launch | 5th,21,16-bit,0x16AD54,0x168358,X: 21 pts -1606..14460 raw (0x8000=0),5.50 to 16.00 % target slip.
HIGH,TC - Target Slip | Launch | 6th/N,21,16-bit,0x16ADAC,0x16836C,X: 21 pts -1606..14460 raw (0x8000=0),5.50 to 16.00 % target slip.
HIGH,TC - Target Slip | Level 1 | 1st,21,16-bit,0x169804,0x167DA8,X: 21 pts -1606..14460 raw (0x8000=0),5.50 to 16.00 % target slip.
HIGH,TC - Target Slip | Level 1 | 2nd,21,16-bit,0x16985C,0x167DBC,X: 21 pts -1606..14460 raw (0x8000=0),5.50 to 16.00 % target slip.
HIGH,TC - Target Slip | Level 1 | 3rd,21,16-bit,0x1698B4,0x167DD0,X: 21 pts -1606..14460 raw (0x8000=0),5.50 to 16.00 % target slip.
HIGH,TC - Target Slip | Level 1 | 4th,21,16-bit,0x16990C,0x167DE4,X: 21 pts -1606..14460 raw (0x8000=0),5.50 to 16.00 % target slip.
HIGH,TC - Target Slip | Level 1 | 5th,21,16-bit,0x169964,0x167DF8,X: 21 pts -1606..14460 raw (0x8000=0),5.50 to 16.00 % target slip.
HIGH,TC - Target Slip | Level 1 | 6th/N,21,16-bit,0x1699BC,0x167E0C,X: 21 pts -1606..14460 raw (0x8000=0),5.50 to 16.00 % target slip.
HIGH,TC - Target Slip | Level 10 | 1st,21,16-bit,0x16A9E4,0x168290,X: 21 pts -1606..14460 raw (0x8000=0),2.90 to 6.00 % target slip.
HIGH,TC - Target Slip | Level 10 | 2nd,21,16-bit,0x16AA3C,0x1682A4,X: 21 pts -1606..14460 raw (0x8000=0),2.40 to 6.00 % target slip.
HIGH,TC - Target Slip | Level 10 | 3rd,21,16-bit,0x16AA94,0x1682B8,X: 21 pts -1606..14460 raw (0x8000=0),2.40 to 6.00 % target slip.
HIGH,TC - Target Slip | Level 10 | 4th,21,16-bit,0x16AAEC,0x1682CC,X: 21 pts -1606..14460 raw (0x8000=0),2.40 to 6.00 % target slip.
HIGH,TC - Target Slip | Level 10 | 5th,21,16-bit,0x16AB44,0x1682E0,X: 21 pts -1606..14460 raw (0x8000=0),2.40 to 6.00 % target slip.
HIGH,TC - Target Slip | Level 10 | 6th/N,21,16-bit,0x16AB9C,0x1682F4,X: 21 pts -1606..14460 raw (0x8000=0),2.40 to 6.00 % target slip.
HIGH,TC - Target Slip | Level 2 | 1st,21,16-bit,0x169A14,0x167E20,X: 21 pts -1606..14460 raw (0x8000=0),5.03 to 14.84 % target slip.
HIGH,TC - Target Slip | Level 2 | 2nd,21,16-bit,0x169A6C,0x167E34,X: 21 pts -1606..14460 raw (0x8000=0),5.03 to 14.84 % target slip.
HIGH,TC - Target Slip | Level 2 | 3rd,21,16-bit,0x169AC4,0x167E48,X: 21 pts -1606..14460 raw (0x8000=0),5.03 to 14.84 % target slip.
HIGH,TC - Target Slip | Level 2 | 4th,21,16-bit,0x169B1C,0x167E5C,X: 21 pts -1606..14460 raw (0x8000=0),5.03 to 14.84 % target slip.
HIGH,TC - Target Slip | Level 2 | 5th,21,16-bit,0x169B74,0x167E70,X: 21 pts -1606..14460 raw (0x8000=0),5.03 to 14.84 % target slip.
HIGH,TC - Target Slip | Level 2 | 6th/N,21,16-bit,0x169BCC,0x167E84,X: 21 pts -1606..14460 raw (0x8000=0),5.03 to 14.84 % target slip.
HIGH,TC - Target Slip | Level 3 | 1st,21,16-bit,0x169C24,0x167E98,X: 21 pts -1606..14460 raw (0x8000=0),4.75 to 11.60 % target slip.
HIGH,TC - Target Slip | Level 3 | 2nd,21,16-bit,0x169C7C,0x167EAC,X: 21 pts -1606..14460 raw (0x8000=0),4.75 to 11.60 % target slip.
HIGH,TC - Target Slip | Level 3 | 3rd,21,16-bit,0x169CD4,0x167EC0,X: 21 pts -1606..14460 raw (0x8000=0),4.75 to 11.60 % target slip.
HIGH,TC - Target Slip | Level 3 | 4th,21,16-bit,0x169D2C,0x167ED4,X: 21 pts -1606..14460 raw (0x8000=0),4.75 to 11.60 % target slip.
HIGH,TC - Target Slip | Level 3 | 5th,21,16-bit,0x169D84,0x167EE8,X: 21 pts -1606..14460 raw (0x8000=0),4.75 to 11.60 % target slip.
HIGH,TC - Target Slip | Level 3 | 6th/N,21,16-bit,0x169DDC,0x167EFC,X: 21 pts -1606..14460 raw (0x8000=0),4.75 to 11.60 % target slip.
HIGH,TC - Target Slip | Level 4 | 1st,21,16-bit,0x169E34,0x167F10,X: 21 pts -1606..14460 raw (0x8000=0),4.00 to 11.60 % target slip.
HIGH,TC - Target Slip | Level 4 | 2nd,21,16-bit,0x169E8C,0x167F24,X: 21 pts -1606..14460 raw (0x8000=0),4.00 to 11.60 % target slip.
HIGH,TC - Target Slip | Level 4 | 3rd,21,16-bit,0x169EE4,0x167F38,X: 21 pts -1606..14460 raw (0x8000=0),4.00 to 11.60 % target slip.
HIGH,TC - Target Slip | Level 4 | 4th,21,16-bit,0x169F3C,0x167F4C,X: 21 pts -1606..14460 raw (0x8000=0),4.00 to 11.60 % target slip.
HIGH,TC - Target Slip | Level 4 | 5th,21,16-bit,0x169F94,0x167F60,X: 21 pts -1606..14460 raw (0x8000=0),4.00 to 11.60 % target slip.
HIGH,TC - Target Slip | Level 4 | 6th/N,21,16-bit,0x169FEC,0x167F74,X: 21 pts -1606..14460 raw (0x8000=0),4.00 to 11.60 % target slip.
HIGH,TC - Target Slip | Level 5 | 1st,21,16-bit,0x16A044,0x167F88,X: 21 pts -1606..14460 raw (0x8000=0),4.00 to 8.30 % target slip.
HIGH,TC - Target Slip | Level 5 | 2nd,21,16-bit,0x16A09C,0x167F9C,X: 21 pts -1606..14460 raw (0x8000=0),4.00 to 8.30 % target slip.
HIGH,TC - Target Slip | Level 5 | 3rd,21,16-bit,0x16A0F4,0x167FB0,X: 21 pts -1606..14460 raw (0x8000=0),4.00 to 8.30 % target slip.
HIGH,TC - Target Slip | Level 5 | 4th,21,16-bit,0x16A14C,0x167FC4,X: 21 pts -1606..14460 raw (0x8000=0),4.00 to 8.30 % target slip.
HIGH,TC - Target Slip | Level 5 | 5th,21,16-bit,0x16A1A4,0x167FD8,X: 21 pts -1606..14460 raw (0x8000=0),4.00 to 8.30 % target slip.
HIGH,TC - Target Slip | Level 5 | 6th/N,21,16-bit,0x16A1FC,0x167FEC,X: 21 pts -1606..14460 raw (0x8000=0),4.00 to 8.30 % target slip.
HIGH,TC - Target Slip | Level 6 | 1st,21,16-bit,0x16A254,0x168000,X: 21 pts -1606..14460 raw (0x8000=0),4.00 to 7.50 % target slip.
HIGH,TC - Target Slip | Level 6 | 2nd,21,16-bit,0x16A2AC,0x168014,X: 21 pts -1606..14460 raw (0x8000=0),4.00 to 7.50 % target slip.
HIGH,TC - Target Slip | Level 6 | 3rd,21,16-bit,0x16A304,0x168028,X: 21 pts -1606..14460 raw (0x8000=0),4.00 to 7.50 % target slip.
HIGH,TC - Target Slip | Level 6 | 4th,21,16-bit,0x16A35C,0x16803C,X: 21 pts -1606..14460 raw (0x8000=0),4.00 to 7.50 % target slip.
HIGH,TC - Target Slip | Level 6 | 5th,21,16-bit,0x16A3B4,0x168050,X: 21 pts -1606..14460 raw (0x8000=0),4.00 to 7.50 % target slip.
HIGH,TC - Target Slip | Level 6 | 6th/N,21,16-bit,0x16A40C,0x168064,X: 21 pts -1606..14460 raw (0x8000=0),4.00 to 7.50 % target slip.
HIGH,TC - Target Slip | Level 7 | 1st,21,16-bit,0x16A464,0x168078,X: 21 pts -1606..14460 raw (0x8000=0),4.05 to 6.51 % target slip.
HIGH,TC - Target Slip | Level 7 | 2nd,21,16-bit,0x16A4BC,0x16808C,X: 21 pts -1606..14460 raw (0x8000=0),4.05 to 6.51 % target slip.
HIGH,TC - Target Slip | Level 7 | 3rd,21,16-bit,0x16A514,0x1680A0,X: 21 pts -1606..14460 raw (0x8000=0),4.05 to 6.51 % target slip.
HIGH,TC - Target Slip | Level 7 | 4th,21,16-bit,0x16A56C,0x1680B4,X: 21 pts -1606..14460 raw (0x8000=0),4.05 to 6.51 % target slip.
HIGH,TC - Target Slip | Level 7 | 5th,21,16-bit,0x16A5C4,0x1680C8,X: 21 pts -1606..14460 raw (0x8000=0),4.05 to 6.51 % target slip.
HIGH,TC - Target Slip | Level 7 | 6th/N,21,16-bit,0x16A61C,0x1680DC,X: 21 pts -1606..14460 raw (0x8000=0),4.05 to 6.51 % target slip.
HIGH,TC - Target Slip | Level 8 | 1st,21,16-bit,0x16A674,0x1680F0,X: 21 pts -1606..14460 raw (0x8000=0),2.80 to 5.50 % target slip.
HIGH,TC - Target Slip | Level 8 | 2nd,21,16-bit,0x16A6CC,0x168104,X: 21 pts -1606..14460 raw (0x8000=0),2.80 to 5.50 % target slip.
HIGH,TC - Target Slip | Level 8 | 3rd,21,16-bit,0x16A724,0x168118,X: 21 pts -1606..14460 raw (0x8000=0),2.80 to 5.50 % target slip.
HIGH,TC - Target Slip | Level 8 | 4th,21,16-bit,0x16A77C,0x16812C,X: 21 pts -1606..14460 raw (0x8000=0),2.80 to 5.50 % target slip.
HIGH,TC - Target Slip | Level 8 | 5th,21,16-bit,0x16A7D4,0x168140,X: 21 pts -1606..14460 raw (0x8000=0),2.80 to 5.50 % target slip.
HIGH,TC - Target Slip | Level 8 | 6th/N,21,16-bit,0x16A82C,0x168154,X: 21 pts -1606..14460 raw (0x8000=0),2.80 to 5.50 % target slip.
HIGH,TC - Target Slip | Level 9 | 1st,21,16-bit,0x16A884,0x168168,X: 21 pts -1606..14460 raw (0x8000=0),2.90 to 6.80 % target slip.
HIGH,TC - Target Slip | Level 9 | 2nd,21,16-bit,0x16A8DC,0x16817C,X: 21 pts -1606..14460 raw (0x8000=0),2.40 to 6.80 % target slip.
HIGH,TC - Target Slip | Level 9 | 3rd,21,16-bit,0x168190,0x1681BC,X: 21 pts -1606..14460 raw (0x8000=0),2.40 to 6.80 % target slip.
HIGH,TC - Target Slip | Level 9 | 4th,21,16-bit,0x1681D0,0x1681FC,X: 21 pts -1606..14460 raw (0x8000=0),2.40 to 6.80 % target slip.
HIGH,TC - Target Slip | Level 9 | 5th,21,16-bit,0x168210,0x16823C,X: 21 pts -1606..14460 raw (0x8000=0),2.40 to 6.80 % target slip.
HIGH,TC - Target Slip | Level 9 | 6th/N,21,16-bit,0x168250,0x16827C,X: 21 pts -1606..14460 raw (0x8000=0),2.40 to 6.80 % target slip.
HIGH,TC - Throttle Limit | 2nd,23x39,16-bit,0x18B85C,0x174C5C,X: 23 pts 0..120.96 deg (abs. accel angle); Y: 39 pts 800..16000 RPM,0 to 44.23 throttle angle (deg).
HIGH,TC - Throttle Limit | 3rd,23x39,16-bit,0x18BFB0,0x174C78,X: 23 pts 0..120.96 deg (abs. accel angle); Y: 39 pts 800..16000 RPM,0 to 44.23 throttle angle (deg).
HIGH,TC - Throttle Limit | 4th,23x39,16-bit,0x18C704,0x174C94,X: 23 pts 0..120.96 deg (abs. accel angle); Y: 39 pts 800..16000 RPM,0 to 44.23 throttle angle (deg).
HIGH,TC - Throttle Limit | 5th,23x39,16-bit,0x18CE58,0x174CB0,X: 23 pts 0..120.96 deg (abs. accel angle); Y: 39 pts 800..16000 RPM,0 to 44.23 throttle angle (deg).
HIGH,TC - Throttle Limit | 6th,23x39,16-bit,0x18D5AC,0x174CCC,X: 23 pts 0..120.96 deg (abs. accel angle); Y: 39 pts 800..16000 RPM,0 to 44.23 throttle angle (deg).
HIGH,TC - Throttle Limit | Neutral &amp; 1st,23x39,16-bit,0x18B108,0x174C40,X: 23 pts 0..120.96 deg (abs. accel angle); Y: 39 pts 800..16000 RPM,0 to 44.23 throttle angle (deg).
HIGH,Traction Control :: Indexed Curve 1,32,16-bit,0x167598,0x168CE4,X: 32 pts 1..32 raw,640 to 40959 raw.
HIGH,Traction Control :: Indexed Curve 2,32,16-bit,0x167618,0x168CF8,X: 32 pts 1..32 raw,256 to 40832 raw.
HIGH,Traction Control :: Indexed Curve 3,32,16-bit,0x167698,0x168D0C,X: 32 pts 1..32 raw,1408 to 40448 raw.
HIGH,Traction Control :: Indexed Curve 4,32,16-bit,0x167718,0x168D20,X: 32 pts 1..32 raw,1024 to 39552 raw.
HIGH,Traction Control :: Slip Gain vs RPM | 1st Gear,15,8-bit,0x16B6FC,0x168470,X: 15 pts 1000..12000 RPM,49 to 128 raw.
HIGH,Traction Control :: Slip Gain vs RPM | 2nd Gear,15,8-bit,0x16B70C,0x168484,X: 15 pts 1000..12000 RPM,49 to 128 raw.
HIGH,Traction Control :: Slip Gain vs RPM | 3rd Gear,15,8-bit,0x16B71C,0x168498,X: 15 pts 1000..12000 RPM,49 to 128 raw.
HIGH,Traction Control :: Slip Gain vs RPM | 4th Gear,15,8-bit,0x16B72C,0x1684AC,X: 15 pts 1000..12000 RPM,49 to 128 raw.
HIGH,Traction Control :: Slip Gain vs RPM | 5th Gear,15,8-bit,0x16B73C,0x1684C0,X: 15 pts 1000..12000 RPM,49 to 128 raw.
HIGH,Traction Control :: Slip Gain vs RPM | 6th Gear,15,8-bit,0x16B74C,0x1684D4,X: 15 pts 1000..12000 RPM,49 to 128 raw.
HIGH,Traction Control :: Wheel-Speed Band vs fef02642,12,16-bit,0x167520,0x168380,X: 12 pts 1000..12000 RPM,218 to 768 raw.
HIGH,Unreferenced :: RPM Curve 29pt A,29,16-bit,0x173300,0x173030,X: 29 pts 800..12000 RPM,15808 to 58624 raw.
HIGH,Unreferenced :: RPM Curve 29pt B,29,16-bit,0x173378,0x173044,X: 29 pts 800..12000 RPM,14654 to 58624 raw.
HIGH,Wheel Speed :: Rear-Wheel Speed Correction vs Rear Speed,10,16-bit,0x151324,0x151338,X: 10 pts 10..160 km/h,3663 to 7775 raw.
HIGH,Wheel Speed Lean Correction A,9,16-bit,0x173478,0x1730F8,X: 9 pts 0..60.00 deg (est.),0 to 862 raw.
HIGH,Wheel Speed Lean Correction B,9,16-bit,0x173428,0x1730D0,X: 9 pts 0..60.00 deg (est.),0 to 466 raw.
MED,Accel Enrichment :: Baro Factor,21,8-bit,0x158A8C,0x156340,X: 21 pts 125.00..50.00 kPa,77 to 158 raw.
MED,Accel Enrichment :: ECT Factor,22,8-bit,0x157F04,0x15632C,X: 22 pts -19.69..109.69 deg C,19 to 48 raw.
MED,Accel Enrichment :: TP Factor,9,8-bit,0x158A80,0x156318,X: 9 pts 0..88.59 deg (abs. TP angle),0 to 32 raw.
MED,Accel Enrichment :: TP-Change Factor,8,8-bit,0x155C9C,0x156304,X: 8 pts 0..8.44 deg/4 samples,40 to 72 raw.
MED,Anti-Lift :: Pitch-Angle Correction Curve (stage 2),30,16-bit,0x150CE4,0x150D20,X: 30 pts 22768..38768 raw,0 to 32768 raw.
MED,Anti-Lift :: Pitch-Angle Reference Curve (stage 1),30,16-bit,0x150C58,0x150C94,X: 30 pts 29127..38229 raw,22768 to 42768 raw.
MED,Cranking Fuel :: Baro Correction,8,8-bit,0x155CA4,0x1563D8,X: 8 pts 125.00..50.00 kPa,77 to 158 raw.
MED,Cranking Fuel :: TP Correction (flat),6,8-bit,0x155D8C,0x1563C4,X: 6 pts 0..111.81 deg (TP angle),0 to 128 raw.
MED,Decel Fuel Cut :: Recovery Fuel Map vs TP x RPM | Set A,6x17,8-bit,0x15937C,0x156A98,X: 6 pts 0..111.56 deg (abs. TP angle); Y: 17 pts 1200..11600 RPM,23 to 38 raw.
MED,ETV :: Baro Airflow Factor,29,8-bit,0x173534,0x17301C,X: 29 pts 125.00..50.00 kPa,15 to 255 raw.
MED,ETV :: ECT Factor (Helper 3),14,8-bit,0x175190,0x1746AC,X: 14 pts -20.62..109.69 deg C,128 to 128 raw - every cell the same.
MED,ETV :: Grip-to-Throttle Map | Index 0,23x20,16-bit,0x191280,0x17503C,X: 23 pts 0..73.13 deg (abs. accel angle); Y: 20 pts 800..8400 RPM,0 to 262 raw.
MED,ETV :: Grip-to-Throttle Map | Index 1,23x20,16-bit,0x191618,0x175058,X: 23 pts 0..86.40 deg (abs. accel angle); Y: 20 pts 800..8400 RPM,0 to 1049 raw.
MED,ETV :: Grip-to-Throttle Map | Index 2,23x20,16-bit,0x1919B0,0x175074,X: 23 pts 0..86.40 deg (abs. accel angle); Y: 20 pts 800..8400 RPM,0 to 1573 raw.
MED,ETV :: Grip-to-Throttle Map | Index 3 (flat 0),23x20,16-bit,0x191D48,0x175090,X: 23 pts 0..86.40 deg (abs. accel angle); Y: 20 pts 800..8400 RPM,0 to 1573 raw.
MED,ETV :: Grip-to-Throttle Map | Index 4 (flat 0),23x20,16-bit,0x1920E0,0x1750AC,X: 23 pts 0..86.40 deg (abs. accel angle); Y: 20 pts 800..8400 RPM,0 to 0 raw - every cell the same.
MED,ETV :: Grip-to-Throttle Map | Index 5 (flat 0),23x20,16-bit,0x192478,0x1750C8,X: 23 pts 0..86.40 deg (abs. accel angle); Y: 20 pts 800..8400 RPM,0 to 0 raw - every cell the same.
MED,ETV :: Grip-to-Throttle Map | Index 6 (flat 0),23x20,16-bit,0x192810,0x1750E4,X: 23 pts 0..86.40 deg (abs. accel angle); Y: 20 pts 800..8400 RPM,0 to 0 raw - every cell the same.
MED,ETV Limit A | Gear 3,23x39,16-bit,0x18A260,0x174C08,X: 23 pts 0..106.78 deg (abs. accel angle); Y: 39 pts 800..16000 RPM,0 to 108.00 throttle angle (deg).
MED,ETV Limit A | Gears 4-6,23x39,16-bit,0x18A9B4,0x174C24,X: 23 pts 0..106.78 deg (abs. accel angle); Y: 39 pts 800..16000 RPM,0 to 115.20 throttle angle (deg).
MED,"ETV Limit A | Neutral, Gears 1-2",23x39,16-bit,0x189B0C,0x174BEC,X: 23 pts 0..106.78 deg (abs. accel angle); Y: 39 pts 800..16000 RPM,0 to 82.08 throttle angle (deg).
MED,ETV Limit A | Spare (unreferenced),23x39,16-bit,0x1893B8,0x174BD0,X: 23 pts 0..106.78 deg (abs. accel angle); Y: 39 pts 800..16000 RPM,0 to 119.38 throttle angle (deg).
MED,ETV Monitor :: Air/Torque Estimate vs IAP x RPM | Set 1 (flat),10x21,16-bit,0x19D964,0x193D94,X: 10 pts 35.00..95.00 kPa; Y: 21 pts 2200..7250 RPM,2560 to 2560 raw - every cell the same.
MED,ETV Monitor :: Air/Torque Estimate vs IAP x RPM | Set 2 (flat),10x21,16-bit,0x19DB08,0x193DC4,X: 10 pts 35.00..95.00 kPa; Y: 21 pts 2200..7250 RPM,2560 to 2560 raw - every cell the same.
MED,ETV Monitor :: Air/Torque Estimate vs IAP x RPM | Set 3 (flat),10x21,16-bit,0x19DCAC,0x193DF4,X: 10 pts 35.00..95.00 kPa; Y: 21 pts 2200..7250 RPM,2560 to 2560 raw - every cell the same.
MED,ETV Monitor :: Air/Torque Estimate vs IAP x RPM | Set 4 (flat),10x21,16-bit,0x19DE50,0x193E24,X: 10 pts 35.00..95.00 kPa; Y: 21 pts 2200..7250 RPM,2560 to 2560 raw - every cell the same.
MED,ETV Monitor :: Air/Torque Estimate vs IAP x RPM | Set 5 (flat),10x21,16-bit,0x19DFF4,0x193E54,X: 10 pts 35.00..95.00 kPa; Y: 21 pts 2200..7250 RPM,2560 to 2560 raw - every cell the same.
MED,ETV Monitor :: Air/Torque Estimate vs IAP x RPM | Set 6 (flat),10x21,16-bit,0x19E198,0x193E84,X: 10 pts 35.00..95.00 kPa; Y: 21 pts 2200..7250 RPM,2560 to 2560 raw - every cell the same.
MED,ETV Monitor :: Air/Torque Estimate vs IAP x RPM | Set 7 (flat),10x21,16-bit,0x19E33C,0x193EB4,X: 10 pts 35.00..95.00 kPa; Y: 21 pts 2200..7250 RPM,2560 to 2560 raw - every cell the same.
MED,ETV Monitor :: Air/Torque Estimate vs IAP x RPM | Set 8 (flat),10x21,16-bit,0x19E4E0,0x193EE4,X: 10 pts 35.00..95.00 kPa; Y: 21 pts 2200..7250 RPM,2560 to 2560 raw - every cell the same.
MED,ETV Monitor :: Air/Torque Map 1 | Cond 0 | In Gear,10x21,16-bit,0x19A82C,0x1937E0,X: 10 pts 35.00..95.00 kPa; Y: 21 pts 2200..7250 RPM,2560 to 2560 raw - every cell the same.
MED,ETV Monitor :: Air/Torque Map 1 | Cond 0 | Neutral/Clutch,10x21,16-bit,0x19A4E4,0x193780,X: 10 pts 35.00..95.00 kPa; Y: 21 pts 2200..7250 RPM,2560 to 2560 raw - every cell the same.
MED,ETV Monitor :: Air/Torque Map 1 | Cond 1 | In Gear,10x21,16-bit,0x19A9D0,0x193810,X: 10 pts 35.00..95.00 kPa; Y: 21 pts 2200..7250 RPM,2560 to 2560 raw - every cell the same.
MED,ETV Monitor :: Air/Torque Map 1 | Cond 1 | Neutral/Clutch,10x21,16-bit,0x19A688,0x1937B0,X: 10 pts 35.00..95.00 kPa; Y: 21 pts 2200..7250 RPM,2560 to 2560 raw - every cell the same.
MED,ETV Monitor :: Air/Torque Map 2 | Cond 0 | In Gear,10x21,16-bit,0x19AEBC,0x1938A0,X: 10 pts 35.00..95.00 kPa; Y: 21 pts 2200..7250 RPM,366 to 2304 raw.
MED,ETV Monitor :: Air/Torque Map 2 | Cond 0 | Neutral/Clutch,10x21,16-bit,0x19AB74,0x193840,X: 10 pts 35.00..95.00 kPa; Y: 21 pts 2200..7250 RPM,2560 to 2560 raw - every cell the same.
MED,ETV Monitor :: Air/Torque Map 2 | Cond 1 | In Gear,10x21,16-bit,0x19B060,0x1938D0,X: 10 pts 35.00..95.00 kPa; Y: 21 pts 2200..7250 RPM,2560 to 2560 raw - every cell the same.
MED,ETV Monitor :: Air/Torque Map 2 | Cond 1 | Neutral/Clutch,10x21,16-bit,0x19AD18,0x193870,X: 10 pts 35.00..95.00 kPa; Y: 21 pts 2200..7250 RPM,2560 to 2560 raw - every cell the same.
MED,ETV Monitor :: Air/Torque Map 3 | Cond 0 | In Gear,10x21,16-bit,0x19B54C,0x193960,X: 10 pts 35.00..95.00 kPa; Y: 21 pts 2200..7250 RPM,2560 to 2560 raw - every cell the same.
MED,ETV Monitor :: Air/Torque Map 3 | Cond 0 | Neutral/Clutch,10x21,16-bit,0x19B204,0x193900,X: 10 pts 35.00..95.00 kPa; Y: 21 pts 2200..7250 RPM,2560 to 2560 raw - every cell the same.
MED,ETV Monitor :: Air/Torque Map 3 | Cond 1 | In Gear,10x21,16-bit,0x19B6F0,0x193990,X: 10 pts 35.00..95.00 kPa; Y: 21 pts 2200..7250 RPM,2560 to 2560 raw - every cell the same.
MED,ETV Monitor :: Air/Torque Map 3 | Cond 1 | Neutral/Clutch,10x21,16-bit,0x19B3A8,0x193930,X: 10 pts 35.00..95.00 kPa; Y: 21 pts 2200..7250 RPM,2560 to 2560 raw - every cell the same.
MED,ETV Monitor :: Air/Torque Map 4 | Cond 0 | In Gear,10x21,16-bit,0x19BBDC,0x193A20,X: 10 pts 35.00..95.00 kPa; Y: 21 pts 2200..7250 RPM,350 to 1792 raw.
MED,ETV Monitor :: Air/Torque Map 4 | Cond 0 | Neutral/Clutch,10x21,16-bit,0x19B894,0x1939C0,X: 10 pts 35.00..95.00 kPa; Y: 21 pts 2200..7250 RPM,2560 to 2560 raw - every cell the same.
MED,ETV Monitor :: Air/Torque Map 4 | Cond 1 | In Gear,10x21,16-bit,0x19BD80,0x193A50,X: 10 pts 35.00..95.00 kPa; Y: 21 pts 2200..7250 RPM,2560 to 2560 raw - every cell the same.
MED,ETV Monitor :: Air/Torque Map 4 | Cond 1 | Neutral/Clutch,10x21,16-bit,0x19BA38,0x1939F0,X: 10 pts 35.00..95.00 kPa; Y: 21 pts 2200..7250 RPM,2560 to 2560 raw - every cell the same.
MED,ETV Monitor :: Air/Torque Map 5 | Cond 0 | In Gear,10x21,16-bit,0x19C26C,0x193AE0,X: 10 pts 35.00..95.00 kPa; Y: 21 pts 2200..7250 RPM,383 to 2150 raw.
MED,ETV Monitor :: Air/Torque Map 5 | Cond 0 | Neutral/Clutch,10x21,16-bit,0x19BF24,0x193A80,X: 10 pts 35.00..95.00 kPa; Y: 21 pts 2200..7250 RPM,2560 to 2560 raw - every cell the same.
MED,ETV Monitor :: Air/Torque Map 5 | Cond 1 | In Gear,10x21,16-bit,0x19C410,0x193B10,X: 10 pts 35.00..95.00 kPa; Y: 21 pts 2200..7250 RPM,2560 to 2560 raw - every cell the same.
MED,ETV Monitor :: Air/Torque Map 5 | Cond 1 | Neutral/Clutch,10x21,16-bit,0x19C0C8,0x193AB0,X: 10 pts 35.00..95.00 kPa; Y: 21 pts 2200..7250 RPM,2560 to 2560 raw - every cell the same.
MED,ETV Monitor :: Air/Torque Map 6 | Cond 0 | In Gear,10x21,16-bit,0x19C8FC,0x193BA0,X: 10 pts 35.00..95.00 kPa; Y: 21 pts 2200..7250 RPM,333 to 1536 raw.
MED,ETV Monitor :: Air/Torque Map 6 | Cond 0 | Neutral/Clutch,10x21,16-bit,0x19C5B4,0x193B40,X: 10 pts 35.00..95.00 kPa; Y: 21 pts 2200..7250 RPM,2560 to 2560 raw - every cell the same.
MED,ETV Monitor :: Air/Torque Map 6 | Cond 1 | In Gear,10x21,16-bit,0x19CAA0,0x193BD0,X: 10 pts 35.00..95.00 kPa; Y: 21 pts 2200..7250 RPM,2560 to 2560 raw - every cell the same.
MED,ETV Monitor :: Air/Torque Map 6 | Cond 1 | Neutral/Clutch,10x21,16-bit,0x19C758,0x193B70,X: 10 pts 35.00..95.00 kPa; Y: 21 pts 2200..7250 RPM,2560 to 2560 raw - every cell the same.
MED,ETV Monitor :: Air/Torque Map 7 | Cond 0 | In Gear,10x21,16-bit,0x19CF8C,0x193C60,X: 10 pts 35.00..95.00 kPa; Y: 21 pts 2200..7250 RPM,435 to 1792 raw.
MED,ETV Monitor :: Air/Torque Map 7 | Cond 0 | Neutral/Clutch,10x21,16-bit,0x19CC44,0x193C00,X: 10 pts 35.00..95.00 kPa; Y: 21 pts 2200..7250 RPM,2560 to 2560 raw - every cell the same.
MED,ETV Monitor :: Air/Torque Map 7 | Cond 1 | In Gear,10x21,16-bit,0x19D130,0x193C90,X: 10 pts 35.00..95.00 kPa; Y: 21 pts 2200..7250 RPM,2560 to 2560 raw - every cell the same.
MED,ETV Monitor :: Air/Torque Map 7 | Cond 1 | Neutral/Clutch,10x21,16-bit,0x19CDE8,0x193C30,X: 10 pts 35.00..95.00 kPa; Y: 21 pts 2200..7250 RPM,2560 to 2560 raw - every cell the same.
MED,ETV Monitor :: Air/Torque Map 8 | Cond 0 | In Gear,10x21,16-bit,0x19D61C,0x193D20,X: 10 pts 35.00..95.00 kPa; Y: 21 pts 2200..7250 RPM,486 to 2304 raw.
MED,ETV Monitor :: Air/Torque Map 8 | Cond 0 | Neutral/Clutch,10x21,16-bit,0x19D2D4,0x193CC0,X: 10 pts 35.00..95.00 kPa; Y: 21 pts 2200..7250 RPM,2560 to 2560 raw - every cell the same.
MED,ETV Monitor :: Air/Torque Map 8 | Cond 1 | In Gear,10x21,16-bit,0x19D7C0,0x193D50,X: 10 pts 35.00..95.00 kPa; Y: 21 pts 2200..7250 RPM,2560 to 2560 raw - every cell the same.
MED,ETV Monitor :: Air/Torque Map 8 | Cond 1 | Neutral/Clutch,10x21,16-bit,0x19D478,0x193CF0,X: 10 pts 35.00..95.00 kPa; Y: 21 pts 2200..7250 RPM,2560 to 2560 raw - every cell the same.
MED,ETV Monitor :: Baro x RPM Reference,5x21,16-bit,0x1952EC,0x192DC8,X: 5 pts 60.00..100 kPa; Y: 21 pts 600..10500 RPM,13496 to 47697 raw.
MED,ETV Monitor :: Fault Accumulation Rate vs IAP x RPM,10x21,16-bit,0x1953C0,0x192DF8,X: 10 pts 35.00..95.00 kPa; Y: 21 pts 1000..10500 RPM,50 to 550 raw.
MED,ETV Monitor :: Filtered Limit Map 1 | In Gear (flat 0),10x21,8-bit,0x19EAA8,0x194004,X: 10 pts 35.00..95.00 kPa; Y: 21 pts 2200..7250 RPM,0 to 0 raw - every cell the same.
MED,ETV Monitor :: Filtered Limit Map 1 | Neutral/Clutch (flat 0),10x21,8-bit,0x19E9D4,0x193FD4,X: 10 pts 35.00..95.00 kPa; Y: 21 pts 2200..7250 RPM,0 to 0 raw - every cell the same.
MED,ETV Monitor :: Filtered Limit Map 2 | In Gear (flat 0),10x21,8-bit,0x19E900,0x193FA4,X: 10 pts 35.00..95.00 kPa; Y: 21 pts 2200..7250 RPM,0 to 0 raw - every cell the same.
MED,ETV Monitor :: Filtered Limit Map 2 | Neutral/Clutch (flat 0),10x21,8-bit,0x19E82C,0x193F74,X: 10 pts 35.00..95.00 kPa; Y: 21 pts 2200..7250 RPM,0 to 0 raw - every cell the same.
MED,ETV Monitor :: Filtered Limit Map 3 | In Gear (flat 0),10x21,8-bit,0x19E758,0x193F44,X: 10 pts 35.00..95.00 kPa; Y: 21 pts 2200..7250 RPM,6 to 6 raw - every cell the same.
MED,ETV Monitor :: Filtered Limit Map 3 | Neutral/Clutch (flat 0),10x21,8-bit,0x19E684,0x193F14,X: 10 pts 35.00..95.00 kPa; Y: 21 pts 600..10000 RPM,0 to 0 raw - every cell the same.
MED,ETV Monitor :: Limit vs IAP x RPM (flat),8x12,16-bit,0x195564,0x192E28,X: 8 pts 35.00..105.00 kPa; Y: 12 pts 1000..12000 RPM,400 to 400 raw - every cell the same.
MED,ETV Monitor :: Limit vs RPM | Set A,21,16-bit,0x19404C,0x192D78,X: 21 pts 2000..7000 RPM,65535 to 65535 raw - every cell the same
MED,ETV Monitor :: Limit vs RPM | Set B,21,16-bit,0x1940A4,0x192D8C,X: 21 pts 2000..7000 RPM,65535 to 65535 raw - every cell the same
MED,EVAP Purge :: Enable Map vs TP x RPM,10x14,8-bit,0x1725AC,0x1717D4,X: 10 pts 786..20736 raw; Y: 14 pts 1500..7000 RPM,0 to 1 raw.
MED,"Engine Brake Control :: Ignition Trim vs RPM x Gear | EB Level 1 (unused, 64)",39x7,8-bit,0x1545AC,0x151280,X: 39 pts 800..14800 RPM; Y: 7 pts 1..64 gear bit,64 to 64 raw - every cell the same.
MED,"Engine Brake Control :: Ignition Trim vs RPM x Gear | EB Level 2 (unused, 64)",39x7,8-bit,0x154710,0x15129C,X: 39 pts 800..14800 RPM; Y: 7 pts 1..64 gear bit,64 to 64 raw - every cell the same.
MED,"Engine Brake Control :: Ignition Trim vs RPM x Gear | EB Level 3 (unused, 64)",39x7,8-bit,0x154874,0x1512B8,X: 39 pts 800..14800 RPM; Y: 7 pts 1..64 gear bit,64 to 64 raw - every cell the same.
MED,Engine Brake Control :: Throttle Opening vs RPM x EB Level (neutral / clutch / decel-entry),39x4,16-bit,0x153CC8,0x151210,X: 39 pts 800..14800 RPM; Y: 4 pts 0..3 raw,682 to 8965 raw.
MED,Engine Brake Control :: Throttle Opening vs RPM x Gear | EB Level 1,39x7,16-bit,0x153E50,0x15122C,X: 39 pts 800..14800 RPM; Y: 7 pts 1..64 gear bit,682 to 8965 raw.
MED,Engine Brake Control :: Throttle Opening vs RPM x Gear | EB Level 2,39x7,16-bit,0x1540C4,0x151248,X: 39 pts 800..14800 RPM; Y: 7 pts 1..64 gear bit,682 to 8965 raw.
MED,Engine Brake Control :: Throttle Opening vs RPM x Gear | EB Level 3,39x7,16-bit,0x154338,0x151264,X: 39 pts 800..14800 RPM; Y: 7 pts 1..64 gear bit,682 to 8965 raw.
MED,Fuel :: Afterstart Enrichment vs ECT | Stage 1,22,8-bit,0x157EA8,0x1562C8,X: 22 pts -19.69..109.69 deg C,160 to 184 raw.
MED,Fuel :: Afterstart Enrichment vs ECT | Stage 2,22,8-bit,0x157EC0,0x1562DC,X: 22 pts -19.69..109.69 deg C,128 to 128 raw - every cell the same.
MED,Fuel :: Afterstart Enrichment vs ECT | Stage 3 (flat),22,8-bit,0x157ED8,0x1562F0,X: 22 pts -19.69..109.69 deg C,128 to 128 raw - every cell the same.
MED,Fuel :: Baro Correction | Primary Injectors,21,8-bit,0x158B10,0x156428,X: 21 pts 57005..27520 raw,77 to 158 raw.
MED,Fuel :: Baro Correction | Secondary Injectors,21,8-bit,0x158AF8,0x156414,X: 21 pts 57005..27520 raw,77 to 158 raw.
MED,Fuel :: Correction Map A (flat 0),22x10,16-bit,0x158EF4,0x15698C,X: 22 pts 11..149 raw; Y: 10 pts 1000..10000 RPM,0 to 0 raw - every cell the same.
MED,Fuel :: Correction Map B (flat 4096),22x10,16-bit,0x1590AC,0x1569BC,X: 22 pts 11..149 raw; Y: 10 pts 1000..10000 RPM,0 to 0 raw - every cell the same.
MED,Fuel :: ECT Warm-Up Correction | Alternate,22,8-bit,0x157FF4,0x156400,X: 22 pts -19.69..109.69 deg C,137 to 183 raw.
MED,Fuel :: ECT Warm-Up Correction | Normal,22,8-bit,0x157FDC,0x1563EC,X: 22 pts -19.69..109.69 deg C,137 to 168 raw.
MED,"Fuel :: Per-Gear Trim vs RPM x TP | 1st (flat, inactive)",25x10,8-bit,0x16652C,0x1576A0,X: 25 pts 2000..14000 RPM; Y: 10 pts 2621..47186 raw,128 to 128 raw - every cell the same.
MED,"Fuel :: Per-Gear Trim vs RPM x TP | 2nd (flat, inactive)",25x10,8-bit,0x166628,0x1576D0,X: 25 pts 2000..14000 RPM; Y: 10 pts 2621..47186 raw,128 to 128 raw - every cell the same.
MED,"Fuel :: Per-Gear Trim vs RPM x TP | 3rd (flat, inactive)",25x10,8-bit,0x166724,0x157700,X: 25 pts 2000..14000 RPM; Y: 10 pts 2621..47186 raw,128 to 128 raw - every cell the same.
MED,"Fuel :: Per-Gear Trim vs RPM x TP | 4th (flat, inactive)",25x10,8-bit,0x166820,0x157730,X: 25 pts 2000..14000 RPM; Y: 10 pts 2621..47186 raw,128 to 128 raw - every cell the same.
MED,"Fuel :: Per-Gear Trim vs RPM x TP | 5th (flat, inactive)",25x10,8-bit,0x16691C,0x157760,X: 25 pts 2000..14000 RPM; Y: 10 pts 2621..47186 raw,128 to 128 raw - every cell the same.
MED,"Fuel :: Per-Gear Trim vs RPM x TP | 6th (flat, inactive)",25x10,8-bit,0x166A18,0x157790,X: 25 pts 2000..14000 RPM; Y: 10 pts 2621..47186 raw,128 to 136 raw.
MED,"Fuel :: Per-Gear Trim vs RPM x TP | Neutral (flat, inactive)",25x10,8-bit,0x166B14,0x1577C0,X: 25 pts 2000..14000 RPM; Y: 10 pts 2621..47186 raw,128 to 136 raw.
MED,Fuel :: TP x RPM Air-Charge Factor (main),26x38,16-bit,0x159498,0x156B10,X: 26 pts 0.43..117.36 deg (abs. TP angle); Y: 38 pts 800..10400 RPM,0.97 to 1.09 factor (1.000 = no change).
MED,Fuel :: Transition Threshold vs Input | Set 2 (flat),8,8-bit,0x155D14,0x1568AC,X: 8 pts 1000..9000 RPM,12 to 34 raw.
MED,Fuel :: Transition Threshold vs Input | Set 3 (flat),8,8-bit,0x155D1C,0x1568C0,X: 8 pts 1000..9000 RPM,12 to 34 raw.
MED,Fuel :: Transition Threshold vs Input | Set 4 (flat),8,8-bit,0x155D24,0x1568D4,X: 8 pts 1000..9000 RPM,12 to 34 raw.
MED,Fuel :: Transition Threshold vs Input | Set 5 (flat),8,8-bit,0x155D2C,0x1568E8,X: 8 pts 1000..9000 RPM,12 to 34 raw.
MED,Fuel :: Transition Threshold vs Input | Set 6 (flat),8,8-bit,0x155D34,0x1568FC,X: 8 pts 1000..9000 RPM,12 to 34 raw.
MED,Fuel :: Transition Threshold vs Input | Set 7 (flat),8,8-bit,0x155D3C,0x156910,X: 8 pts 1000..9000 RPM,12 to 34 raw.
MED,Fuel :: Trim D Fuel Map vs TP x RPM,17x14,8-bit,0x158E04,0x15695C,X: 17 pts 0..21.60 deg (abs. TP angle); Y: 14 pts 1200..3800 RPM,115 to 128 raw.
MED,Fuel Blend - MAP-&gt;Throttle Threshold (vs RPM),10,16-bit,0x156278,0x15628C,X: 10 pts 1200..12000 RPM,13.21 to 35.36 deg throttle.
MED,Fuel/Air Estimate :: TP x RPM Factor,10x21,8-bit,0x1724D8,0x171788,X: 10 pts 2.59..118.08 deg (abs. TP angle); Y: 21 pts 1250..14400 RPM,81 to 228 raw.
MED,Fuel/Air Estimate :: Vacuum Factor (flat),17,8-bit,0x171E9C,0x17144C,X: 17 pts 35.20..98.54 vacuum kPa,128 to 128 raw - every cell the same.
MED,HO2 Feedback :: Closed-Loop Enable Delay vs ECT,22,16-bit,0x156628,0x156654,X: 22 pts -19.69..109.69 deg C,700 to 1200 raw.
MED,HO2 Feedback :: Closed-Loop Zone Map | IAP Set 1 Map 1 (vacuum x RPM),10x14,8-bit,0x15A188,0x156CB0,X: 10 pts 65.00..0.00 vacuum kPa; Y: 14 pts 2000..10000 RPM,0 to 1 zone (0/1/2).
MED,HO2 Feedback :: Closed-Loop Zone Map | IAP Set 1 Map 2 (vacuum x RPM),10x14,8-bit,0x15A214,0x156CCC,X: 10 pts 65.00..0.00 vacuum kPa; Y: 14 pts 2000..10000 RPM,0 to 0 zone (0/1/2) - every cell the sam
MED,HO2 Feedback :: Closed-Loop Zone Map | IAP Set 2 Map 1 (vacuum x RPM),10x14,8-bit,0x15A5E8,0x156E50,X: 10 pts 65.00..0.00 vacuum kPa; Y: 14 pts 2000..10000 RPM,0 to 1 zone (0/1/2).
MED,HO2 Feedback :: Closed-Loop Zone Map | IAP Set 2 Map 2 (vacuum x RPM),10x14,8-bit,0x15A674,0x156E6C,X: 10 pts 65.00..0.00 vacuum kPa; Y: 14 pts 2000..10000 RPM,0 to 0 zone (0/1/2) - every cell the sam
MED,HO2 Feedback :: Closed-Loop Zone Map | Set 1 Map 1 (TP x RPM),10x14,8-bit,0x159E40,0x156B78,X: 10 pts 419..26214 raw; Y: 14 pts 1300..10000 RPM,0 to 2 zone (0/1/2).
MED,HO2 Feedback :: Closed-Loop Zone Map | Set 1 Map 2 (TP x RPM),10x14,8-bit,0x159ECC,0x156B94,X: 10 pts 419..26214 raw; Y: 14 pts 1300..10000 RPM,0 to 0 zone (0/1/2) - every cell the sam
MED,HO2 Feedback :: Closed-Loop Zone Map | Set 1 Map 3 (TP x RPM),10x14,8-bit,0x159F58,0x156BE0,X: 10 pts 131..20972 raw; Y: 14 pts 1500..10000 RPM,0 to 0 zone (0/1/2) - every cell the sam
MED,HO2 Feedback :: Closed-Loop Zone Map | Set 1 Map 4 (TP x RPM),10x14,8-bit,0x159FE4,0x156BFC,X: 10 pts 131..20972 raw; Y: 14 pts 1500..10000 RPM,0 to 0 zone (0/1/2) - every cell the sam
MED,HO2 Feedback :: Cylinder-Balance Bias Map 1 (cyl 1 signal x RPM),7x7,8-bit,0x155F24,0x156E88,X: 7 pts 5..100 raw; Y: 7 pts 2800..7200 RPM,119 to 128 raw.
MED,HO2 Feedback :: Cylinder-Balance Bias Map 2 (cyl 2 signal x RPM),7x7,8-bit,0x155F5C,0x156EA4,X: 7 pts 5..100 raw; Y: 7 pts 2800..7200 RPM,119 to 128 raw.
MED,HO2 Feedback :: Cylinder-Balance Bias Map 3 (cyl 3 signal x RPM),7x7,8-bit,0x155F94,0x156EC0,X: 7 pts 5..100 raw; Y: 7 pts 2800..7200 RPM,119 to 128 raw.
MED,HO2 Feedback :: Cylinder-Balance Bias Map 4 (cyl 4 signal x RPM),7x7,8-bit,0x155FCC,0x156EDC,X: 7 pts 5..100 raw; Y: 7 pts 2800..7200 RPM,119 to 128 raw.
MED,"HO2 Feedback :: Cylinder-Balance Bias Map 5 (cyl 1 signal x RPM, bank 2)",7x7,8-bit,0x156004,0x156EF8,X: 7 pts 5..100 raw; Y: 7 pts 2800..7200 RPM,128 to 150 raw.
MED,"HO2 Feedback :: Cylinder-Balance Bias Map 6 (cyl 2 signal x RPM, bank 2)",7x7,8-bit,0x15603C,0x156F14,X: 7 pts 5..100 raw; Y: 7 pts 2800..7200 RPM,128 to 150 raw.
MED,"HO2 Feedback :: Cylinder-Balance Bias Map 7 (cyl 3 signal x RPM, bank 2)",7x7,8-bit,0x156074,0x156F30,X: 7 pts 5..100 raw; Y: 7 pts 2800..7200 RPM,128 to 150 raw.
MED,"HO2 Feedback :: Cylinder-Balance Bias Map 8 (cyl 4 signal x RPM, bank 2)",7x7,8-bit,0x1560AC,0x156F4C,X: 7 pts 5..100 raw; Y: 7 pts 2800..7200 RPM,128 to 150 raw.
MED,HO2 Feedback :: Lean-to-Rich Proportional Step vs RPM | Bank 1,7,8-bit,0x155DAC,0x156730,X: 7 pts 3500..6500 RPM,3 to 6 raw.
MED,HO2 Feedback :: Lean-to-Rich Proportional Step vs RPM | Bank 2,7,8-bit,0x155DB4,0x156744,X: 7 pts 3500..6500 RPM,0 to 0 raw - every cell the same.
MED,HO2 Feedback :: Proportional Step vs RPM | Set 2 Bank 1 (flat),7,16-bit,0x15841C,0x156848,X: 7 pts 3500..6500 RPM,0 to 0 raw - every cell the same.
MED,HO2 Feedback :: Proportional Step vs RPM | Set 2 Bank 2 (flat),7,16-bit,0x15843C,0x15685C,X: 7 pts 3500..6500 RPM,0 to 0 raw - every cell the same.
MED,HO2 Feedback :: Proportional Step vs RPM | Set 3 Bank 1 (flat),7,16-bit,0x15845C,0x156870,X: 7 pts 3500..6500 RPM,0 to 0 raw - every cell the same.
MED,HO2 Feedback :: Proportional Step vs RPM | Set 3 Bank 2 (flat),7,16-bit,0x15847C,0x156884,X: 7 pts 3500..6500 RPM,0 to 0 raw - every cell the same.
MED,HO2 Feedback :: Rich-to-Lean Proportional Step vs RPM | Bank 1,7,8-bit,0x155D9C,0x156708,X: 7 pts 3500..6500 RPM,13 to 20 raw.
MED,HO2 Feedback :: Rich-to-Lean Proportional Step vs RPM | Bank 2,7,8-bit,0x155DA4,0x15671C,X: 7 pts 3500..6500 RPM,0 to 0 raw - every cell the same.
MED,HO2 Feedback :: Switch Delay vs RPM | Bank 1,7,8-bit,0x155DCC,0x156780,X: 7 pts 12800..0 RPM,0 to 0 raw - every cell the same.
MED,HO2 Feedback :: Switch Delay vs RPM | Bank 2,7,8-bit,0x155DD4,0x156794,X: 7 pts 12800..0 RPM,0 to 0 raw - every cell the same.
MED,HO2 Feedback :: Switch-Point Offset vs RPM | Bank 1,7,8-bit,0x155DBC,0x156758,X: 7 pts 12800..25599.61 RPM,0 to 5 raw.
MED,HO2 Feedback :: Switch-Point Offset vs RPM | Bank 2,7,8-bit,0x155DC4,0x15676C,X: 7 pts 12800..25599.61 RPM,0 to 0 raw - every cell the same.
MED,HO2 Feedback :: Zone Map Aux 1 (TP x RPM),10x14,8-bit,0x159264,0x156A24,X: 10 pts 1468..20972 raw; Y: 14 pts 1600..10000 RPM,1 to 243 raw.
MED,HO2 Feedback :: Zone Map Aux 2 (TP x RPM),10x14,8-bit,0x1592F0,0x156A70,X: 10 pts 1468..20972 raw; Y: 14 pts 1600..10000 RPM,0 to 0 raw - every cell the same.
MED,IAP - In Gear | Cyl 1,30x50,16-bit,0x15AA84,0x157084,X: 30 pts 64.00..0.00 kPa vacuum; Y: 50 pts 800..16000 RPM,388 to 3298 fuel qty (raw).
MED,IAP - In Gear | Cyl 1 | Blend Map (inactive),30x50,16-bit,0x15B6A0,0x1570DC,X: 30 pts 64.00..0.00 vacuum kPa; Y: 50 pts 800..16000 RPM,390 to 3387 raw (inj. time?).
MED,IAP - In Gear | Cyl 1 | Spare 1 (unused),30x50,16-bit,0x15C2BC,0x157134,X: 30 pts 64.00..0.00 vacuum kPa; Y: 50 pts 800..16000 RPM,389 to 3333 raw (inj. time?).
MED,IAP - In Gear | Cyl 1 | Spare 2 (unused),30x50,16-bit,0x15CED8,0x15718C,X: 30 pts 64.00..0.00 vacuum kPa; Y: 50 pts 800..16000 RPM,385 to 3372 raw (inj. time?).
MED,IAP - In Gear | Cyl 1 | Spare 3 (unused),30x50,16-bit,0x15DAF4,0x1571E4,X: 30 pts 64.00..0.00 vacuum kPa; Y: 50 pts 800..16000 RPM,392 to 3195 raw (inj. time?).
MED,IAP - In Gear | Cyl 1 | Spare 4 (unused),30x50,16-bit,0x15E710,0x15723C,X: 30 pts 64.00..0.00 vacuum kPa; Y: 50 pts 800..16000 RPM,388 to 3231 raw (inj. time?).
MED,IAP - In Gear | Cyl 2,30x50,16-bit,0x15F32C,0x157294,X: 30 pts 64.00..0.00 kPa vacuum; Y: 50 pts 800..16000 RPM,387 to 3242 fuel qty (raw).
MED,IAP - In Gear | Cyl 2 | Blend Map (inactive),30x50,16-bit,0x15FF48,0x1572EC,X: 30 pts 64.00..0.00 vacuum kPa; Y: 50 pts 800..16000 RPM,386 to 3257 raw (inj. time?).
MED,IGN :: Advance Timing - Cyl 1,23x39,8-bit,0x16EB88,0x167BE8,X: 23 pts 1.60..117.36 deg (abs. TP angle); Y: 39 pts 800..16000 RPM,0.67 to 74.16 deg BTDC (OBD scale).
MED,IGN :: Advance Timing - Cyl 2,23x39,8-bit,0x16EF0C,0x167C04,X: 23 pts 1.60..117.36 deg (abs. TP angle); Y: 39 pts 800..16000 RPM,0.67 to 74.16 deg BTDC (OBD scale).
MED,IGN :: Advance Timing - Cyl 3,23x39,8-bit,0x16F290,0x167C20,X: 23 pts 1.60..117.36 deg (abs. TP angle); Y: 39 pts 800..16000 RPM,0.67 to 74.16 deg BTDC (OBD scale).
MED,IGN :: Advance Timing - Cyl 4,23x39,8-bit,0x16F614,0x167C3C,X: 23 pts 1.60..117.36 deg (abs. TP angle); Y: 39 pts 800..16000 RPM,0.67 to 74.16 deg BTDC (OBD scale).
MED,IGN :: Trim A | Neutral/Clutch-In,23x39,8-bit,0x16BDD4,0x167A7C,X: 23 pts 1.60..117.36 deg (abs. TP angle); Y: 39 pts 800..16000 RPM,"-22.50 to 42.90 deg RETARD (+ = retard, "
MED,IGN :: Trim A | Select 1 (gears 1-5),23x39,8-bit,0x16C158,0x167A98,X: 23 pts 1.60..117.36 deg (abs. TP angle); Y: 39 pts 800..16000 RPM,"0 to 9.84 deg RETARD (+ = retard, 64 raw"
MED,IGN :: Trim A | Select 2 (unused),23x39,8-bit,0x16C4DC,0x167AB4,X: 23 pts 1.60..117.36 deg (abs. TP angle); Y: 39 pts 800..16000 RPM,"0 to 11.60 deg RETARD (+ = retard, 64 ra"
MED,IGN :: Trim A | Select 3 (gear 6),23x39,8-bit,0x16C860,0x167AD0,X: 23 pts 1.60..117.36 deg (abs. TP angle); Y: 39 pts 800..16000 RPM,"0 to 2.11 deg RETARD (+ = retard, 64 raw"
MED,"IGN :: Trim B | In Gear (user retard map, inactive stock)",23x39,8-bit,0x16CF68,0x167B08,X: 23 pts 1.60..117.36 deg (abs. TP angle); Y: 39 pts 800..16000 RPM,"0 to 0 deg RETARD (+ = retard, 64 raw = "
MED,"IGN :: Trim B | Neutral/Clutch-In (user retard map, inactive stock)",23x39,8-bit,0x16CBE4,0x167AEC,X: 23 pts 1.60..117.36 deg (abs. TP angle); Y: 39 pts 800..16000 RPM,"0 to 0 deg RETARD (+ = retard, 64 raw = "
MED,IGN :: Trim C | Select 1 (gear 1),23x39,8-bit,0x16D2EC,0x167B24,X: 23 pts 1.60..117.36 deg (abs. TP angle); Y: 39 pts 800..16000 RPM,"0 to 0 deg RETARD (+ = retard, 64 raw = "
MED,IGN :: Trim C | Select 2 (gears 2-3),23x39,8-bit,0x16D670,0x167B40,X: 23 pts 1.60..117.36 deg (abs. TP angle); Y: 39 pts 800..16000 RPM,"0 to 0 deg RETARD (+ = retard, 64 raw = "
MED,IGN :: Trim C | Select 3 (gears 4-6),23x39,8-bit,0x16D9F4,0x167B5C,X: 23 pts 1.60..117.36 deg (abs. TP angle); Y: 39 pts 800..16000 RPM,"0 to 0 deg RETARD (+ = retard, 64 raw = "
MED,IGN :: Trim D | Neutral/Clutch-In,23x39,8-bit,0x16DD78,0x167B78,X: 23 pts 1.60..117.36 deg (abs. TP angle); Y: 39 pts 800..16000 RPM,"0 to 15.12 deg RETARD (+ = retard, 64 ra"
MED,IGN :: Trim D | Select 1 (gears 1-3),23x39,8-bit,0x16E0FC,0x167B94,X: 23 pts 1.60..117.36 deg (abs. TP angle); Y: 39 pts 800..16000 RPM,"0 to 15.12 deg RETARD (+ = retard, 64 ra"
MED,IGN :: Trim D | Select 2 (unused),23x39,8-bit,0x16E480,0x167BB0,X: 23 pts 1.60..117.36 deg (abs. TP angle); Y: 39 pts 800..16000 RPM,"0 to 0 deg RETARD (+ = retard, 64 raw = "
MED,IGN :: Trim D | Select 3 (gears 4-6),23x39,8-bit,0x16E804,0x167BCC,X: 23 pts 1.60..117.36 deg (abs. TP angle); Y: 39 pts 800..16000 RPM,"0 to 0 deg RETARD (+ = retard, 64 raw = "
MED,Idle Control :: Airflow Map vs RPM x ECT | Set 1,22x9,16-bit,0x170BFC,0x170A1C,X: 22 pts 1000..14800 RPM; Y: 9 pts -10.31..99.38 deg C,0 to 7812 raw.
MED,Idle Control :: Airflow Map vs RPM x ECT | Set 2,22x9,16-bit,0x170D88,0x170A64,X: 22 pts 1000..14800 RPM; Y: 9 pts -10.31..99.38 deg C,0 to 0 raw - every cell the same.
MED,Idle Control :: Airflow Map vs RPM x ECT | Set 3,22x9,16-bit,0x170F14,0x170AAC,X: 22 pts 1000..14800 RPM; Y: 9 pts -10.31..99.38 deg C,0 to 0 raw - every cell the same.
MED,Idle Control :: Base Airflow vs ECT,22,16-bit,0x170558,0x170584,X: 22 pts -19.69..100.31 deg C,100 to 596 raw.
MED,Idle Control :: Dashpot Threshold vs ECT (flat),22,8-bit,0x170B90,0x170598,X: 22 pts -19.69..100.31 deg C,5 to 5 raw - every cell the same.
MED,Idle Control :: Dashpot Value vs ECT (flat),22,16-bit,0x170730,0x17075C,X: 22 pts -19.69..100.31 deg C,1 to 1 raw - every cell the same.
MED,Idle Control :: Decel Airflow vs RPM | Set 1 (flat 0),22,16-bit,0x170770,0x17079C,X: 22 pts 4.30..54.30 RPM,3200 to 5120 raw.
MED,Idle Control :: Decel Airflow vs RPM | Set 2 (flat 0),22,16-bit,0x1707B0,0x1707DC,X: 22 pts 4.30..54.30 RPM,3200 to 5120 raw.
MED,Idle Control :: Decel Airflow vs RPM | Set 3 (flat 0),22,16-bit,0x1707F0,0x17081C,X: 22 pts 4.30..54.30 RPM,0 to 1229 raw.
MED,Idle Control :: ECT Curve 1,22,16-bit,0x1708F0,0x17091C,X: 22 pts -19.69..100.31 deg C,0 to 298 raw.
MED,Idle Control :: ECT Curve 2,22,16-bit,0x170930,0x17095C,X: 22 pts -19.69..100.31 deg C,524 to 655 raw.
MED,Idle Control :: ECT Curve 3,22,16-bit,0x170970,0x17099C,X: 22 pts -19.69..100.31 deg C,768 to 2688 raw.
MED,Idle Control :: ECT Curve 4,22,16-bit,0x1709B0,0x1709DC,X: 22 pts -19.69..100.31 deg C,640 to 640 raw - every cell the same.
MED,Idle Control :: Feedback Base vs ECT (flat 0),22,16-bit,0x1704DC,0x170508,X: 22 pts -19.69..100.31 deg C,0 to 0 raw - every cell the same.
MED,Idle Control :: High-RPM Threshold vs ECT (flat),22,16-bit,0x170488,0x1704B4,X: 22 pts -19.69..100.31 deg C,7680 to 7680 raw - every cell the same.
MED,Idle Control :: Initial Value vs ECT (flat),22,16-bit,0x170830,0x17085C,X: 22 pts -19.69..100.31 deg C,0 to 1248 raw.
MED,Idle Control :: Load Airflow Curve A,9,16-bit,0x170AF0,0x17040C,X: 9 pts 64..87 raw,0 to 0 raw - every cell the same.
MED,Idle Control :: Load Airflow Curve B,9,16-bit,0x170B04,0x170420,X: 9 pts 64..87 raw,0 to 0 raw - every cell the same.
MED,Idle Control :: Load Airflow ECT Factor,22,8-bit,0x170B18,0x170434,X: 22 pts -19.69..100.31 deg C,128 to 128 raw - every cell the same.
MED,Idle Control :: Low-RPM Threshold vs ECT (flat),22,16-bit,0x170448,0x170474,X: 22 pts -19.69..100.31 deg C,7552 to 7552 raw - every cell the same.
MED,Idle Control :: Neutral Delay vs ECT (flat),22,8-bit,0x170B30,0x1704C8,X: 22 pts -19.69..100.31 deg C,5 to 5 raw - every cell the same.
MED,Idle Control :: Target Curve A,22,16-bit,0x170870,0x17089C,X: 22 pts 11..139 raw,0 to 1248 raw.
MED,Idle Control :: Target Curve B,22,16-bit,0x1708B0,0x1708DC,X: 22 pts 11..139 raw,0 to 1248 raw.
MED,Idle/Heat-Soak :: Correction Curve 1 vs fef0131E,22,16-bit,0x156450,0x15647C,X: 22 pts 11..149 raw,0 to 934 raw.
MED,Idle/Heat-Soak :: Correction Curve 2 vs fef0131E,22,16-bit,0x156490,0x1564BC,X: 22 pts 11..149 raw,3 to 154 raw.
MED,Idle/Heat-Soak :: Correction Curve 3 vs fef0131E,22,16-bit,0x1564D0,0x1564FC,X: 22 pts 11..149 raw,0 to 0 raw - every cell the same.
MED,Idle/Heat-Soak :: ECT Decay Curve 1,22,8-bit,0x158064,0x156510,X: 22 pts -19.69..109.69 deg C,4 to 75 raw.
MED,Idle/Heat-Soak :: ECT Decay Curve 2,22,8-bit,0x15807C,0x156524,X: 22 pts -19.69..109.69 deg C,1 to 8 raw.
MED,Idle/Heat-Soak :: ECT Decay Curve 3,22,8-bit,0x158094,0x156538,X: 22 pts -19.69..109.69 deg C,0 to 0 raw - every cell the same.
MED,Idle/Heat-Soak :: IAT Factor Map,7x7,8-bit,0x158B80,0x1569D8,X: 7 pts 0..60 deg C; Y: 7 pts 0..80 raw,50 to 128 raw.
MED,"Ignition :: Baro Advance, Idle Path (Correction-23)",27,8-bit,0x16B654,0x16785C,X: 27 pts 125.00..50.00 kPa,0 to 34 raw.
MED,"Ignition :: Retard vs RPM (Correction-20, flat 0)",10,8-bit,0x169538,0x167820,X: 10 pts 1000..10000 RPM,0 to 0 raw - every cell the same.
MED,Ignition Retard :: ECT Factor (flat),8,8-bit,0x1672A8,0x167D80,X: 8 pts -10.31..109.69 deg C,128 to 128 raw - every cell the same.
MED,Ignition Transient :: Rate Curve (Correction-13),10x18,16-bit,0x166C10,0x157C90,X: 10 pts 0..122.81 deg (abs. TP angle); Y: 18 pts 1600..15200 RPM,6554 to 32768 raw.
MED,Injector Deadtime - Secondary (vs battery voltage),7,16-bit,0x15879C,0x157640,X: 7 pts 7.03..18.83 V,210 to 1540 us.
MED,LF - Engine Torque Estimate,23x39,16-bit,0x15263C,0x151170,X: 23 pts 0..118.08 deg (abs. TP angle); Y: 39 pts 500..19500 RPM,22427 to 43643 raw.
MED,LF - Threshold Map,23x39,16-bit,0x152E20,0x1511A8,X: 23 pts 22768..43768 raw; Y: 39 pts 500..19500 RPM,1068 to 57672 raw.
MED,LF - Throttle Limit | Special,14x10,16-bit,0x18E570,0x174F78,X: 14 pts 1000..14000 RPM; Y: 10 pts -2.84..52.00 deg,0 to 0 throttle angle (deg) - every cell
MED,LF - Throttle Limit | Stage A Entry,14x10,16-bit,0x18DCB0,0x174D18,X: 14 pts 1000..14000 RPM; Y: 10 pts -2.84..52.00 deg,0.96 to 98.69 throttle angle (deg).
MED,LF - Throttle Limit | Stage A Hold,14x10,16-bit,0x18DDC8,0x174D64,X: 14 pts 1000..14000 RPM; Y: 10 pts -2.84..52.00 deg,0 to 0 throttle angle (deg) - every cell
MED,LF - Throttle Limit | Stage B Entry | PWR 1,14x10,16-bit,0x18DFF8,0x174DFC,X: 14 pts 1000..14000 RPM; Y: 10 pts -2.84..52.00 deg,0.87 to 89.51 throttle angle (deg).
MED,LF - Throttle Limit | Stage B Entry | PWR 2,14x10,16-bit,0x18E110,0x174E48,X: 14 pts 1000..14000 RPM; Y: 10 pts -2.84..52.00 deg,0.87 to 89.51 throttle angle (deg).
MED,LF - Throttle Limit | Stage B Entry | PWR 3,14x10,16-bit,0x18DEE0,0x174DB0,X: 14 pts 1000..14000 RPM; Y: 10 pts -2.84..52.00 deg,0.87 to 89.51 throttle angle (deg).
MED,LF - Throttle Limit | Stage B Hold | PWR 1,14x10,16-bit,0x18E340,0x174EE0,X: 14 pts 1000..14000 RPM; Y: 10 pts -2.84..52.00 deg,0.87 to 48.61 throttle angle (deg).
MED,LF - Throttle Limit | Stage B Hold | PWR 2,14x10,16-bit,0x18E458,0x174F2C,X: 14 pts 1000..14000 RPM; Y: 10 pts -2.84..52.00 deg,0.87 to 48.61 throttle angle (deg).
MED,LF - Throttle Limit | Stage B Hold | PWR 3,14x10,16-bit,0x18E228,0x174E94,X: 14 pts 1000..14000 RPM; Y: 10 pts -2.84..52.00 deg,0.87 to 48.61 throttle angle (deg).
MED,Launch Control :: Release Phase-Out Duration (vs launch counter x speed counter),5x5,16-bit,0x1517D4,0x1511D8,X: 5 pts 2..10 raw; Y: 5 pts 3..20 raw,0 to 1172 raw.
MED,Meter Fuel Consumption :: IAT Factor,16,8-bit,0x171180,0x171204,X: 16 pts -15..97.50 deg C,125 to 137 raw.
MED,Quickshifter :: Max Load vs RPM x Final Ignition,14x10,16-bit,0x1520AC,0x150F94,X: 14 pts 1000..14000 RPM; Y: 10 pts -2.84..52.00 deg,50 to 57400 raw.
MED,Sensor :: IAT Conversion (ADC -&gt; deg C),30,8-bit,0x1733B4,0x173094,X: 30 pts 29..948 raw,0 to 255 raw.
MED,Start Prime Pulse :: Base Quantity vs ECT,22,8-bit,0x157F7C,0x15637C,X: 22 pts -19.69..190.31 deg C,12 to 255 raw.
MED,TC - Ignition Retard | Band 1,10x6,8-bit,0x168DB4,0x168DF0,X: 10 pts 2.16..111.60 deg (abs. TP angle); Y: 6 pts 2000..11000 RPM,0.70 to 15.12 deg retard.
MED,TC - Ignition Retard | Band 10,10x6,8-bit,0x1691EC,0x169228,X: 10 pts 2.16..111.60 deg (abs. TP angle); Y: 6 pts 2000..11000 RPM,10.55 to 72.78 deg retard.
MED,TC - Ignition Retard | Band 2,10x6,8-bit,0x168E2C,0x168E68,X: 10 pts 2.16..111.60 deg (abs. TP angle); Y: 6 pts 2000..11000 RPM,1.76 to 20.74 deg retard.
MED,TC - Ignition Retard | Band 3,10x6,8-bit,0x168EA4,0x168EE0,X: 10 pts 2.16..111.60 deg (abs. TP angle); Y: 6 pts 2000..11000 RPM,2.81 to 26.37 deg retard.
MED,TC - Ignition Retard | Band 4,10x6,8-bit,0x168F1C,0x168F58,X: 10 pts 2.16..111.60 deg (abs. TP angle); Y: 6 pts 2000..11000 RPM,3.87 to 32.35 deg retard.
MED,TC - Ignition Retard | Band 5,10x6,8-bit,0x168F94,0x168FD0,X: 10 pts 2.16..111.60 deg (abs. TP angle); Y: 6 pts 2000..11000 RPM,4.92 to 39.03 deg retard.
MED,TC - Ignition Retard | Band 6,10x6,8-bit,0x16900C,0x169048,X: 10 pts 2.16..111.60 deg (abs. TP angle); Y: 6 pts 2000..11000 RPM,5.98 to 45.71 deg retard.
MED,TC - Ignition Retard | Band 7,10x6,8-bit,0x169084,0x1690C0,X: 10 pts 2.16..111.60 deg (abs. TP angle); Y: 6 pts 2000..11000 RPM,7.03 to 52.39 deg retard.
MED,TC - Ignition Retard | Band 8,10x6,8-bit,0x1690FC,0x169138,X: 10 pts 2.16..111.60 deg (abs. TP angle); Y: 6 pts 2000..11000 RPM,8.09 to 59.07 deg retard.
MED,TC - Ignition Retard | Band 9,10x6,8-bit,0x169174,0x1691B0,X: 10 pts 2.16..111.60 deg (abs. TP angle); Y: 6 pts 2000..11000 RPM,9.14 to 65.75 deg retard.
MED,TPS - In Gear | Cyl 4 | Spare 1 (unused),26x50,16-bit,0x160B64,0x15733C,X: 26 pts 0.46..118.08 deg (abs. TP angle); Y: 50 pts 800..16000 RPM,398 to 3298 raw (inj. time?).
MED,TPS - In Gear | Cyl 4 | Spare 2 (unused),26x50,16-bit,0x1615F0,0x15738C,X: 26 pts 0.46..118.08 deg (abs. TP angle); Y: 50 pts 800..16000 RPM,396 to 3387 raw (inj. time?).
MED,TPS - In Gear | Cyl 4 | Spare 3 (unused),26x50,16-bit,0x16207C,0x1573DC,X: 26 pts 0.46..118.08 deg (abs. TP angle); Y: 50 pts 800..16000 RPM,386 to 3333 raw (inj. time?).
MED,TPS - In Gear | Cyl 4 | Spare 4 (unused),26x50,16-bit,0x162B08,0x15742C,X: 26 pts 0.46..118.08 deg (abs. TP angle); Y: 50 pts 800..16000 RPM,400 to 3372 raw (inj. time?).
MED,TPS - Neutral/Clutch-In | Cyl 1,26x50,16-bit,0x163594,0x15747C,X: 26 pts 0.46..118.08 deg (abs. TP angle); Y: 50 pts 800..16000 RPM,388 to 3195 raw (inj. time?).
MED,TPS - Neutral/Clutch-In | Cyl 2,26x50,16-bit,0x164020,0x1574CC,X: 26 pts 0.46..118.08 deg (abs. TP angle); Y: 50 pts 800..16000 RPM,388 to 3235 raw (inj. time?).
MED,TPS - Neutral/Clutch-In | Cyl 3,26x50,16-bit,0x164AAC,0x15751C,X: 26 pts 0.46..118.08 deg (abs. TP angle); Y: 50 pts 800..16000 RPM,379 to 3242 raw (inj. time?).
MED,TPS - Neutral/Clutch-In | Cyl 4,26x50,16-bit,0x165538,0x15756C,X: 26 pts 0.46..118.08 deg (abs. TP angle); Y: 50 pts 800..16000 RPM,381 to 3261 raw (inj. time?).
MED,Traction Control :: Launch Value vs fef01564,8,16-bit,0x167548,0x168CD0,X: 8 pts 0..3000 raw,0 to 200 raw.
GENERIC,Unknown Curve 10 @0x1550D8,10,16-bit,0x1550D8,0x1550EC,X: 10 pts 16..144 raw,1600 to 1600 raw - every cell the same.
GENERIC,Unknown Curve 10 @0x157CD4,10,16-bit,0x157CD4,0x157CE8,X: 10 pts 53..160 raw,50000 to 50000 raw - every cell the same
GENERIC,Unknown Curve 10 @0x157D24,10,16-bit,0x157D24,0x157D38,X: 10 pts 0..17920 raw,0 to 0 raw - every cell the same.
GENERIC,Unknown Curve 10 @0x157D74,10,16-bit,0x157D74,0x157D88,X: 10 pts 0..6000 raw,0 to 0 raw - every cell the same.
GENERIC,Unknown Curve 10 @0x157DB0,10,16-bit,0x157DB0,0x157DC4,X: 10 pts 0..6000 raw,0 to 32768 raw.
GENERIC,Unknown Curve 10 @0x157E14,10,16-bit,0x157E14,0x157E28,X: 10 pts 0..7000 raw,320 to 3200 raw.
GENERIC,Unknown Curve 11 @0x1518B0,11,16-bit,0x1518B0,0x15144C,X: 11 pts 0..10 raw,0 to 0 raw - every cell the same.
GENERIC,Unknown Curve 11 @0x158A38,11,16-bit,0x158A38,0x157DD8,X: 11 pts 0..205 raw,32768 to 45875 raw.
GENERIC,Unknown Curve 11 @0x158A68,11,16-bit,0x158A68,0x157DEC,X: 11 pts 0..61 raw,0 to 32768 raw.
GENERIC,Unknown Curve 11 @0x1697C0,11,16-bit,0x1697C0,0x167D94,X: 11 pts 0..10 raw,1106 to 1106 raw - every cell the same.
GENERIC,Unknown Curve 12 @0x1561AC,12,16-bit,0x1561AC,0x157D4C,X: 12 pts 0..27500 raw,0 to 0 raw - every cell the same.
GENERIC,Unknown Curve 12 @0x1561DC,12,16-bit,0x1561DC,0x157E3C,X: 12 pts 0..27500 raw,32768 to 32768 raw - every cell the same
GENERIC,Unknown Curve 12 @0x15620C,12,16-bit,0x15620C,0x157E50,X: 12 pts 0..27500 raw,32768 to 32768 raw - every cell the same
GENERIC,Unknown Curve 14 @0x171524,14,16-bit,0x171524,0x171540,X: 14 pts 16..224 raw,4000 to 4000 raw - every cell the same.
GENERIC,Unknown Curve 15 @0x171B10,15,16-bit,0x171B10,0x1714E0,X: 15 pts 2560..20480 raw,0 to 0 raw - every cell the same.
GENERIC,Unknown Curve 15 @0x171B50,15,16-bit,0x171B50,0x1714F4,X: 15 pts 2560..20480 raw,65261 to 65261 raw - every cell the same
GENERIC,Unknown Curve 15 @0x171B90,15,16-bit,0x171B90,0x171554,X: 15 pts 2560..20480 raw,10000 to 10000 raw - every cell the same
GENERIC,Unknown Curve 16 @0x155E34,16,16-bit,0x155E34,0x1562A0,X: 16 pts 2048..32768 raw,33282 to 33292 raw.
GENERIC,Unknown Curve 16 @0x155E74,16,16-bit,0x155E74,0x1562B4,X: 16 pts 2048..32768 raw,4 to 4 raw - every cell the same.
GENERIC,Unknown Curve 16 @0x156174,16,16-bit,0x156174,0x157CFC,X: 16 pts 2048..17408 raw,3 to 3 raw - every cell the same.
GENERIC,Unknown Curve 22 @0x1705AC,22,16-bit,0x1705AC,0x1705D8,X: 22 pts 11..139 raw,7 to 7 raw - every cell the same.
GENERIC,Unknown Curve 22 @0x170618,22,16-bit,0x170618,0x170644,X: 22 pts 2048..24576 raw,0 to 0 raw - every cell the same.
GENERIC,Unknown Curve 22 @0x170684,22,16-bit,0x170684,0x1706B0,X: 22 pts 3072..24576 raw,0 to 0 raw - every cell the same.
GENERIC,Unknown Curve 22 @0x1706F0,22,16-bit,0x1706F0,0x17071C,X: 22 pts 3072..24576 raw,0 to 0 raw - every cell the same.
GENERIC,Unknown Curve 22 @0x170B48,22,8-bit,0x170B48,0x17051C,X: 22 pts 11..139 raw,0 to 0 raw - every cell the same.
GENERIC,Unknown Curve 5 @0x1552E8,5,16-bit,0x1552E8,0x155100,X: 5 pts 1300..2400 raw,94 to 217 raw.
GENERIC,Unknown Curve 5 @0x155300,5,16-bit,0x155300,0x155114,X: 5 pts 1300..2400 raw,157 to 361 raw.
GENERIC,Unknown Curve 5 @0x155318,5,16-bit,0x155318,0x155128,X: 5 pts 1300..2400 raw,126 to 289 raw.
GENERIC,Unknown Curve 5 @0x155330,5,16-bit,0x155330,0x15513C,X: 5 pts 1300..2400 raw,0 to 0 raw - every cell the same.
GENERIC,Unknown Curve 5 @0x155348,5,16-bit,0x155348,0x155150,X: 5 pts 1300..2400 raw,10902 to 20972 raw.
GENERIC,Unknown Curve 5 @0x155360,5,16-bit,0x155360,0x155164,X: 5 pts 1300..2400 raw,0 to 0 raw - every cell the same.
GENERIC,Unknown Curve 5 @0x155378,5,16-bit,0x155378,0x155178,X: 5 pts 1300..2400 raw,9934 to 22300 raw.
GENERIC,Unknown Curve 5 @0x155390,5,16-bit,0x155390,0x15518C,X: 5 pts 1300..2400 raw,0 to 0 raw - every cell the same.
GENERIC,Unknown Curve 5 @0x1553A8,5,16-bit,0x1553A8,0x1551A0,X: 5 pts 1300..2400 raw,0 to 0 raw - every cell the same.
GENERIC,Unknown Curve 5 @0x1553C0,5,16-bit,0x1553C0,0x1551B4,X: 5 pts 1300..2400 raw,0 to 0 raw - every cell the same.
GENERIC,Unknown Curve 5 @0x1553D8,5,16-bit,0x1553D8,0x1551C8,X: 5 pts 1300..2400 raw,0 to 0 raw - every cell the same.
GENERIC,Unknown Curve 5 @0x1553F0,5,16-bit,0x1553F0,0x1551DC,X: 5 pts 1300..2400 raw,0 to 0 raw - every cell the same.
GENERIC,Unknown Curve 5 @0x155408,5,16-bit,0x155408,0x1551F0,X: 5 pts 1300..2400 raw,60 to 109 raw.
GENERIC,Unknown Curve 5 @0x155420,5,16-bit,0x155420,0x155204,X: 5 pts 1300..2400 raw,0 to 0 raw - every cell the same.
GENERIC,Unknown Curve 7 @0x151470,7,16-bit,0x151470,0x150958,X: 7 pts 1..64 raw,3146 to 4089 raw.
GENERIC,Unknown Curve 7 @0x151480,7,16-bit,0x151480,0x15096C,X: 7 pts 1..64 raw,7130 to 12242 raw.
GENERIC,Unknown Curve 7 @0x151490,7,16-bit,0x151490,0x150980,X: 7 pts 1..64 raw,5120 to 5120 raw - every cell the same.
GENERIC,Unknown Curve 7 @0x1514A0,7,16-bit,0x1514A0,0x150994,X: 7 pts 1..64 raw,65535 to 65535 raw - every cell the same
GENERIC,Unknown Curve 7 @0x15543C,7,16-bit,0x15543C,0x155218,X: 7 pts 0..32768 raw,0 to 19926 raw.
GENERIC,Unknown Curve 7 @0x15545C,7,16-bit,0x15545C,0x15522C,X: 7 pts 0..32768 raw,1638 to 43644 raw.
GENERIC,Unknown Curve 7 @0x1580AC,7,16-bit,0x1580AC,0x15654C,X: 7 pts 1..64 raw,65012 to 65012 raw - every cell the same
GENERIC,Unknown Curve 7 @0x15819C,7,16-bit,0x15819C,0x156668,X: 7 pts 8960..16640 raw,3408 to 3408 raw - every cell the same.
GENERIC,Unknown Curve 7 @0x1581BC,7,16-bit,0x1581BC,0x15667C,X: 7 pts 8960..16640 raw,0 to 0 raw - every cell the same.
GENERIC,Unknown Curve 7 @0x1581DC,7,16-bit,0x1581DC,0x156690,X: 7 pts 7680..15360 raw,2032 to 2294 raw.
GENERIC,Unknown Curve 7 @0x1581FC,7,16-bit,0x1581FC,0x1566A4,X: 7 pts 7680..15360 raw,2032 to 2294 raw.
GENERIC,Unknown Curve 7 @0x15821C,7,16-bit,0x15821C,0x1566B8,X: 7 pts 7680..15360 raw,2032 to 2294 raw.
GENERIC,Unknown Curve 7 @0x15823C,7,16-bit,0x15823C,0x1566CC,X: 7 pts 7680..15360 raw,2032 to 2294 raw.
GENERIC,Unknown Curve 7 @0x15825C,7,16-bit,0x15825C,0x1566E0,X: 7 pts 8960..16640 raw,3342 to 3342 raw - every cell the same.
GENERIC,Unknown Curve 7 @0x15827C,7,16-bit,0x15827C,0x1566F4,X: 7 pts 8960..16640 raw,0 to 0 raw - every cell the same.
GENERIC,Unknown Curve 7 @0x15831C,7,16-bit,0x15831C,0x1567A8,X: 7 pts 7680..15360 raw,20 to 20 raw - every cell the same.
GENERIC,Unknown Curve 7 @0x15833C,7,16-bit,0x15833C,0x1567BC,X: 7 pts 7680..15360 raw,20 to 20 raw - every cell the same.
GENERIC,Unknown Curve 7 @0x15835C,7,16-bit,0x15835C,0x1567D0,X: 7 pts 8960..16640 raw,15 to 15 raw - every cell the same.
GENERIC,Unknown Curve 7 @0x15837C,7,16-bit,0x15837C,0x1567E4,X: 7 pts 8960..16640 raw,0 to 0 raw - every cell the same.
GENERIC,Unknown Curve 7 @0x15839C,7,16-bit,0x15839C,0x1567F8,X: 7 pts 7680..15360 raw,20 to 20 raw - every cell the same.
GENERIC,Unknown Curve 7 @0x1583BC,7,16-bit,0x1583BC,0x15680C,X: 7 pts 7680..15360 raw,20 to 20 raw - every cell the same.
GENERIC,Unknown Curve 7 @0x1583DC,7,16-bit,0x1583DC,0x156820,X: 7 pts 8960..16640 raw,15 to 15 raw - every cell the same.
GENERIC,Unknown Curve 7 @0x1583FC,7,16-bit,0x1583FC,0x156834,X: 7 pts 8960..16640 raw,0 to 0 raw - every cell the same.
GENERIC,Unknown Curve 7 @0x1751A0,7,16-bit,0x1751A0,0x1746D4,X: 7 pts 1..64 raw,44748 to 44748 raw - every cell the same
GENERIC,Unknown Curve 8 @0x154E8C,8,16-bit,0x154E8C,0x155018,X: 8 pts 27520..51108 raw,2097 to 2097 raw - every cell the same.
GENERIC,Unknown Curve 8 @0x154EAC,8,16-bit,0x154EAC,0x15502C,X: 8 pts 27520..51108 raw,3932 to 3932 raw - every cell the same.
GENERIC,Unknown Curve 8 @0x171314,8,16-bit,0x171314,0x1715B4,X: 8 pts 461..819 raw,1000 to 1000 raw - every cell the same.
GENERIC,Unknown Curve 9 @0x1516B4,9,16-bit,0x1516B4,0x150E70,X: 9 pts 32768..43691 raw,900 to 1000 raw.
GENERIC,Unknown Map 10x10 @0x166D78,10x10,16-bit,0x166D78,0x157E8C,X: 10 pts 23588..5897 raw; Y: 10 pts 3072..19200 raw,139 to 150 raw.
GENERIC,Unknown Map 10x14 @0x171EB0,10x14,16-bit,0x171EB0,0x171598,X: 10 pts 15726..47213 raw; Y: 14 pts 5120..21760 raw,32767 to 32777 raw.
GENERIC,Unknown Map 10x14 @0x171FC8,10x14,16-bit,0x171FC8,0x1715F8,X: 10 pts 7863..47213 raw; Y: 14 pts 2560..17920 raw,0 to 100 raw.
GENERIC,Unknown Map 10x14 @0x1720E0,10x14,16-bit,0x1720E0,0x171644,X: 10 pts 15726..47213 raw; Y: 14 pts 5120..21760 raw,50 to 50 raw - every cell the same.
GENERIC,Unknown Map 10x14 @0x1721F8,10x14,16-bit,0x1721F8,0x171690,X: 10 pts 7863..47213 raw; Y: 14 pts 2560..17920 raw,32757 to 32777 raw.
GENERIC,Unknown Map 10x20 @0x1556F4,10x20,8-bit,0x1556F4,0x15508C,X: 10 pts 262..20972 raw; Y: 20 pts 1280..25600 raw,0 to 1 raw.
GENERIC,Unknown Map 10x20 @0x1557BC,10x20,8-bit,0x1557BC,0x1550BC,X: 10 pts 9435..39314 raw; Y: 20 pts 1280..25600 raw,0 to 1 raw.
GENERIC,Unknown Map 10x21 @0x195624,10x21,16-bit,0x195624,0x192E80,X: 10 pts 21623..45211 raw; Y: 21 pts 5632..18560 raw,3000 to 3000 raw - every cell the same.
GENERIC,Unknown Map 10x21 @0x1957C8,10x21,16-bit,0x1957C8,0x192EB0,X: 10 pts 21623..45211 raw; Y: 21 pts 5632..18560 raw,3100 to 3100 raw - every cell the same.
GENERIC,Unknown Map 10x21 @0x19596C,10x21,16-bit,0x19596C,0x192EE0,X: 10 pts 21623..45211 raw; Y: 21 pts 5632..18560 raw,3000 to 3000 raw - every cell the same.
GENERIC,Unknown Map 10x21 @0x195B10,10x21,16-bit,0x195B10,0x192F10,X: 10 pts 21623..45211 raw; Y: 21 pts 5632..18560 raw,3000 to 3000 raw - every cell the same.
GENERIC,Unknown Map 10x21 @0x195CB4,10x21,16-bit,0x195CB4,0x192F40,X: 10 pts 21623..45211 raw; Y: 21 pts 5632..18560 raw,3100 to 3100 raw - every cell the same.
GENERIC,Unknown Map 10x21 @0x195E58,10x21,16-bit,0x195E58,0x192F70,X: 10 pts 21623..45211 raw; Y: 21 pts 5632..18560 raw,3000 to 3000 raw - every cell the same.
GENERIC,Unknown Map 10x21 @0x195FFC,10x21,16-bit,0x195FFC,0x192FA0,X: 10 pts 21623..45211 raw; Y: 21 pts 5632..18560 raw,3000 to 3000 raw - every cell the same.
GENERIC,Unknown Map 10x21 @0x1961A0,10x21,16-bit,0x1961A0,0x192FD0,X: 10 pts 21623..45211 raw; Y: 21 pts 5632..18560 raw,3100 to 3100 raw - every cell the same.
GENERIC,Unknown Map 10x21 @0x196344,10x21,16-bit,0x196344,0x193000,X: 10 pts 21623..45211 raw; Y: 21 pts 5632..18560 raw,3000 to 3000 raw - every cell the same.
GENERIC,Unknown Map 10x21 @0x1964E8,10x21,16-bit,0x1964E8,0x193030,X: 10 pts 21623..45211 raw; Y: 21 pts 5632..18560 raw,200 to 1100 raw.
GENERIC,Unknown Map 10x21 @0x19668C,10x21,16-bit,0x19668C,0x193060,X: 10 pts 21623..45211 raw; Y: 21 pts 5632..18560 raw,1300 to 1839 raw.
GENERIC,Unknown Map 10x21 @0x196830,10x21,16-bit,0x196830,0x193090,X: 10 pts 21623..45211 raw; Y: 21 pts 5632..18560 raw,1000 to 1760 raw.
GENERIC,Unknown Map 10x21 @0x1969D4,10x21,16-bit,0x1969D4,0x1930C0,X: 10 pts 21623..45211 raw; Y: 21 pts 5632..18560 raw,3000 to 3000 raw - every cell the same.
GENERIC,Unknown Map 10x21 @0x196B78,10x21,16-bit,0x196B78,0x1930F0,X: 10 pts 21623..45211 raw; Y: 21 pts 5632..18560 raw,3100 to 3100 raw - every cell the same.
GENERIC,Unknown Map 10x21 @0x196D1C,10x21,16-bit,0x196D1C,0x193120,X: 10 pts 21623..45211 raw; Y: 21 pts 5632..18560 raw,3000 to 3000 raw - every cell the same.
GENERIC,Unknown Map 10x21 @0x196EC0,10x21,16-bit,0x196EC0,0x193150,X: 10 pts 21623..45211 raw; Y: 21 pts 5632..18560 raw,3000 to 3000 raw - every cell the same.
GENERIC,Unknown Map 10x21 @0x197064,10x21,16-bit,0x197064,0x193180,X: 10 pts 21623..45211 raw; Y: 21 pts 5632..18560 raw,3100 to 3100 raw - every cell the same.
GENERIC,Unknown Map 10x21 @0x197208,10x21,16-bit,0x197208,0x1931B0,X: 10 pts 21623..45211 raw; Y: 21 pts 5632..18560 raw,3000 to 3000 raw - every cell the same.
GENERIC,Unknown Map 10x21 @0x1973AC,10x21,16-bit,0x1973AC,0x1931E0,X: 10 pts 21623..45211 raw; Y: 21 pts 5632..18560 raw,3000 to 3000 raw - every cell the same.
GENERIC,Unknown Map 10x21 @0x197550,10x21,16-bit,0x197550,0x193210,X: 10 pts 21623..45211 raw; Y: 21 pts 5632..18560 raw,3100 to 3100 raw - every cell the same.
GENERIC,Unknown Map 10x21 @0x1976F4,10x21,16-bit,0x1976F4,0x193240,X: 10 pts 21623..45211 raw; Y: 21 pts 5632..18560 raw,3000 to 3000 raw - every cell the same.
GENERIC,Unknown Map 10x21 @0x197898,10x21,16-bit,0x197898,0x193270,X: 10 pts 21623..45211 raw; Y: 21 pts 5632..18560 raw,500 to 741 raw.
GENERIC,Unknown Map 10x21 @0x197A3C,10x21,16-bit,0x197A3C,0x1932A0,X: 10 pts 21623..45211 raw; Y: 21 pts 5632..18560 raw,1100 to 1470 raw.
GENERIC,Unknown Map 10x21 @0x197BE0,10x21,16-bit,0x197BE0,0x1932D0,X: 10 pts 21623..45211 raw; Y: 21 pts 5632..18560 raw,1100 to 1756 raw.
GENERIC,Unknown Map 10x21 @0x197D84,10x21,16-bit,0x197D84,0x193300,X: 10 pts 21623..45211 raw; Y: 21 pts 5632..18560 raw,3000 to 3000 raw - every cell the same.
GENERIC,Unknown Map 10x21 @0x197F28,10x21,16-bit,0x197F28,0x193330,X: 10 pts 21623..45211 raw; Y: 21 pts 5632..18560 raw,3100 to 3100 raw - every cell the same.
GENERIC,Unknown Map 10x21 @0x1980CC,10x21,16-bit,0x1980CC,0x193360,X: 10 pts 21623..45211 raw; Y: 21 pts 5632..18560 raw,3000 to 3000 raw - every cell the same.
GENERIC,Unknown Map 10x21 @0x198270,10x21,16-bit,0x198270,0x193390,X: 10 pts 21623..45211 raw; Y: 21 pts 5632..18560 raw,0 to 1300 raw.
GENERIC,Unknown Map 10x21 @0x198414,10x21,16-bit,0x198414,0x1933C0,X: 10 pts 21623..45211 raw; Y: 21 pts 5632..18560 raw,1400 to 1700 raw.
GENERIC,Unknown Map 10x21 @0x1985B8,10x21,16-bit,0x1985B8,0x1933F0,X: 10 pts 21623..45211 raw; Y: 21 pts 5632..18560 raw,600 to 1346 raw.
GENERIC,Unknown Map 10x21 @0x19875C,10x21,16-bit,0x19875C,0x193420,X: 10 pts 21623..45211 raw; Y: 21 pts 5632..18560 raw,3000 to 3000 raw - every cell the same.
GENERIC,Unknown Map 10x21 @0x198900,10x21,16-bit,0x198900,0x193450,X: 10 pts 21623..45211 raw; Y: 21 pts 5632..18560 raw,3100 to 3100 raw - every cell the same.
GENERIC,Unknown Map 10x21 @0x198AA4,10x21,16-bit,0x198AA4,0x193480,X: 10 pts 21623..45211 raw; Y: 21 pts 5632..18560 raw,3000 to 3000 raw - every cell the same.
GENERIC,Unknown Map 10x21 @0x198C48,10x21,16-bit,0x198C48,0x1934B0,X: 10 pts 21623..45211 raw; Y: 21 pts 5632..18560 raw,240 to 940 raw.
GENERIC,Unknown Map 10x21 @0x198DEC,10x21,16-bit,0x198DEC,0x1934E0,X: 10 pts 21623..45211 raw; Y: 21 pts 5632..18560 raw,1246 to 1771 raw.
GENERIC,Unknown Map 10x21 @0x198F90,10x21,16-bit,0x198F90,0x193510,X: 10 pts 21623..45211 raw; Y: 21 pts 5632..18560 raw,900 to 1900 raw.
GENERIC,Unknown Map 10x21 @0x199134,10x21,16-bit,0x199134,0x193540,X: 10 pts 21623..45211 raw; Y: 21 pts 5632..18560 raw,3000 to 3000 raw - every cell the same.
GENERIC,Unknown Map 10x21 @0x1992D8,10x21,16-bit,0x1992D8,0x193570,X: 10 pts 21623..45211 raw; Y: 21 pts 5632..18560 raw,3100 to 3100 raw - every cell the same.
GENERIC,Unknown Map 10x21 @0x19947C,10x21,16-bit,0x19947C,0x1935A0,X: 10 pts 21623..45211 raw; Y: 21 pts 5632..18560 raw,3000 to 3000 raw - every cell the same.
GENERIC,Unknown Map 10x21 @0x199620,10x21,16-bit,0x199620,0x1935D0,X: 10 pts 21623..45211 raw; Y: 21 pts 5632..18560 raw,700 to 1150 raw.
GENERIC,Unknown Map 10x21 @0x1997C4,10x21,16-bit,0x1997C4,0x193600,X: 10 pts 21623..45211 raw; Y: 21 pts 5632..18560 raw,1100 to 1650 raw.
GENERIC,Unknown Map 10x21 @0x199968,10x21,16-bit,0x199968,0x193630,X: 10 pts 21623..45211 raw; Y: 21 pts 5632..18560 raw,1120 to 1600 raw.
GENERIC,Unknown Map 10x21 @0x199B0C,10x21,16-bit,0x199B0C,0x193660,X: 10 pts 21623..45211 raw; Y: 21 pts 5632..18560 raw,3000 to 3000 raw - every cell the same.
GENERIC,Unknown Map 10x21 @0x199CB0,10x21,16-bit,0x199CB0,0x193690,X: 10 pts 21623..45211 raw; Y: 21 pts 5632..18560 raw,3100 to 3100 raw - every cell the same.
GENERIC,Unknown Map 10x21 @0x199E54,10x21,16-bit,0x199E54,0x1936C0,X: 10 pts 21623..45211 raw; Y: 21 pts 5632..18560 raw,3000 to 3000 raw - every cell the same.
GENERIC,Unknown Map 10x21 @0x199FF8,10x21,16-bit,0x199FF8,0x1936F0,X: 10 pts 21623..45211 raw; Y: 21 pts 5632..18560 raw,500 to 800 raw.
GENERIC,Unknown Map 10x21 @0x19A19C,10x21,16-bit,0x19A19C,0x193720,X: 10 pts 21623..45211 raw; Y: 21 pts 5632..18560 raw,1100 to 1400 raw.
GENERIC,Unknown Map 10x21 @0x19A340,10x21,16-bit,0x19A340,0x193750,X: 10 pts 21623..45211 raw; Y: 21 pts 5632..18560 raw,900 to 1900 raw.
GENERIC,Unknown Map 11x7 @0x155584,11x7,16-bit,0x155584,0x155040,X: 11 pts 0..3000 raw; Y: 7 pts 16..112 raw,29995 to 30100 raw.
GENERIC,Unknown Map 14x7 @0x151D9C,14x7,16-bit,0x151D9C,0x150EA0,X: 14 pts 2560..35840 raw; Y: 7 pts 1..64 raw,17039 to 22282 raw.
GENERIC,Unknown Map 14x7 @0x151E60,14x7,16-bit,0x151E60,0x150ED8,X: 14 pts 2560..35840 raw; Y: 7 pts 1..64 raw,22282 to 28836 raw.
GENERIC,Unknown Map 14x7 @0x151F24,14x7,16-bit,0x151F24,0x150F10,X: 14 pts 2560..35840 raw; Y: 7 pts 1..64 raw,49807 to 53740 raw.
GENERIC,Unknown Map 14x7 @0x151FE8,14x7,16-bit,0x151FE8,0x150F48,X: 14 pts 2560..35840 raw; Y: 7 pts 1..64 raw,41943 to 43254 raw.
GENERIC,Unknown Map 15x5 @0x16F998,15x5,8-bit,0x16F998,0x167C58,X: 15 pts 11..160 raw; Y: 5 pts 2816..4096 raw,40 to 101 raw.
GENERIC,Unknown Map 15x5 @0x16F9E4,15x5,8-bit,0x16F9E4,0x167C74,X: 15 pts 11..160 raw; Y: 5 pts 2816..4096 raw,40 to 104 raw.
GENERIC,Unknown Map 15x5 @0x16FA30,15x5,8-bit,0x16FA30,0x167C90,X: 15 pts 11..160 raw; Y: 5 pts 2816..4096 raw,81 to 81 raw - every cell the same.
GENERIC,Unknown Map 15x5 @0x16FA7C,15x5,8-bit,0x16FA7C,0x167CAC,X: 15 pts 11..160 raw; Y: 5 pts 2816..4096 raw,65 to 65 raw - every cell the same.
GENERIC,Unknown Map 23x39 @0x153574,23x39,16-bit,0x153574,0x1511F4,X: 23 pts 0..42048 raw; Y: 39 pts 1280..49920 raw,22427 to 43929 raw.
GENERIC,Unknown Map 5x21 @0x155620,5x21,16-bit,0x155620,0x15505C,X: 5 pts 31450..47176 raw; Y: 21 pts 1536..25600 raw,19881 to 34124 raw.
GENERIC,Unknown Map 7x7 @0x158BB4,7x7,8-bit,0x158BB4,0x156F68,X: 7 pts 25554..13760 raw; Y: 7 pts 5120..15360 raw,3 to 9 raw.
GENERIC,Unknown Map 7x7 @0x158BE8,7x7,8-bit,0x158BE8,0x156F84,X: 7 pts 25554..13760 raw; Y: 7 pts 5120..15360 raw,0 to 0 raw - every cell the same.
GENERIC,Unknown Map 7x7 @0x158C1C,7x7,8-bit,0x158C1C,0x156FA0,X: 7 pts 25554..13760 raw; Y: 7 pts 5120..15360 raw,3 to 5 raw.
GENERIC,Unknown Map 7x7 @0x158C50,7x7,8-bit,0x158C50,0x156FBC,X: 7 pts 25554..13760 raw; Y: 7 pts 5120..15360 raw,0 to 0 raw - every cell the same.
