subsystem,addr,width,value,refs,n_funcs,top_func,context_maps
Fuel,0x150000,u16,32768,3,2,0x012CEA,Accel Enrichment :: TP Factor | ETV - PWR 1 | Gear 4 | ETV - Slot 4 | Neutral (unused stock)
,0x150020,u16,65280,1,1,0x0B2E96,
,0x150022,u16,65280,1,1,0x0B2E96,
,0x150024,u16,65280,1,1,0x0B2E96,
,0x150034,u32,4273954380,1,1,0x010F7C,
,0x150038,u32,4273954381,1,1,0x010F7C,
,0x150044,u16,0,1,1,0x010F7C,
,0x150048,u8,8,1,1,0x010F7C,
,0x15004A,u16,1,2,2,0x010FEA,
,0x15004C,u8,1,2,2,0x010FEA,
,0x15005D,u8,42,1,1,0x05224E,
,0x150061,u8,42,1,1,0x05227A,
,0x150068,u32,4273955201,2,2,0x0420C8,
,0x150078,u8,30,1,1,0x057F24,
,0x15007C,u8,29,1,1,0x057F24,
,0x150080,u8,30,1,1,0x057F24,
,0x150084,u8,28,2,1,0x057F24,
,0x150088,u8,30,1,1,0x057F24,
,0x15008C,u8,4,1,1,0x058BFE,
,0x15008D,u8,16,1,1,0x058BFE,
,0x150090,u8,3,4,1,0x05C01A,
,0x150125,u8,0,1,1,0x05BEDE,
,0x1501BA,u8,69,1,1,0x05D718,
,0x1501BB,u8,67,1,1,0x05D718,
,0x1501CE,u16,0,1,1,0x05E204,
,0x1503D0,u16,16,1,1,0x07B8F6,
,0x1503D4,u32,4277150419,2,1,0x07B8F6,
,0x1503D8,u8,1,2,1,0x07B8F6,
,0x1503DC,u16,4368,1,1,0x07B8F6,
,0x1503E0,u32,4277150419,1,1,0x07B8F6,
,0x1503E4,u8,4,1,1,0x07B8F6,
,0x150514,u8,0,1,1,0x080148,
,0x154BDE,u16,65280,1,1,0x02C840,
,0x154BE0,u16,65024,1,1,0x02C840,
,0x154BE2,u16,65280,1,1,0x02C840,
,0x154BE4,u16,65024,1,1,0x02C840,
,0x154BE6,u16,75,1,1,0x02C840,
,0x154BE8,u16,500,1,1,0x02C840,
,0x154BEA,u16,2048,1,1,0x02BA0C,
,0x154BEC,u16,26214,1,1,0x02B9DE,
,0x154BEE,u16,28836,1,1,0x02B9DE,
,0x154BF0,u16,11167,1,1,0x02C430,
,0x154BF2,u16,13959,1,1,0x02C430,
,0x154BF4,u16,16607,1,1,0x02C430,
,0x154BF6,u16,19399,1,1,0x02C430,
,0x154BF8,u16,25349,1,1,0x02C430,
,0x154BFA,u16,28312,1,1,0x02C430,
,0x154BFC,u16,34695,1,1,0x02C430,
,0x154BFE,u16,36962,1,1,0x02C430,
,0x154C00,u16,42992,1,1,0x02C430,
,0x154C02,u16,45482,1,1,0x02C430,
,0x154C04,u16,51773,1,1,0x02C430,
,0x154C06,u16,54264,1,1,0x02C430,
,0x154C08,u16,896,1,1,0x02C5BA,
,0x154C0A,u16,640,1,1,0x02C5BA,
,0x154C0C,u16,4194,1,1,0x02C5BA,
Quickshifter,0x154C0E,u16,51,1,1,0x02C670,Quickshifter :: GP-Sensor Upshift Window A Offset vs Gear
Quickshifter,0x154C10,u16,6912,1,1,0x02C670,Quickshifter :: GP-Sensor Upshift Window A Offset vs Gear
Quickshifter,0x154C12,u16,35187,1,1,0x02C670,Quickshifter :: GP-Sensor Upshift Window A Offset vs Gear
,0x154C14,u16,36847,1,1,0x02C088,
,0x154C16,u16,36848,1,1,0x02C088,
,0x154C18,u16,36849,1,1,0x02C088,
,0x154C1A,u16,36850,1,1,0x02C088,
,0x154C1C,u16,36851,1,1,0x02C088,
,0x154C1E,u16,36923,1,1,0x02C088,
,0x154C20,u16,36995,1,1,0x02C088,
,0x154C22,u16,37138,1,1,0x02C088,
,0x154C24,u16,25343,1,1,0x02C12A,
,0x154C26,u16,25344,1,1,0x02C12A,
,0x154C28,u16,25345,1,1,0x02C12A,
,0x154C2A,u16,25346,1,1,0x02C12A,
,0x154C2C,u16,25347,1,1,0x02C12A,
,0x154C2E,u16,25413,1,1,0x02C12A,
,0x154C30,u16,25464,1,1,0x02C12A,
,0x154C32,u16,25600,1,1,0x02C12A,
,0x154C34,u16,65024,1,1,0x02C1CC,
,0x154C36,u16,65280,1,1,0x02C1CC,
,0x154C38,u16,36365,1,1,0x02C206,
,0x154C3A,u16,36467,1,1,0x02C206,
,0x154C3C,u16,25464,1,1,0x02C240,
,0x154C3E,u16,25600,1,1,0x02C240,
,0x154C40,u16,37499,1,1,0x02C27A,
,0x154C42,u16,37647,1,1,0x02C27A,
,0x154C44,u16,64512,1,1,0x02BC30,
,0x154C46,u16,64768,1,1,0x02BC30,
,0x154C48,u16,65024,1,1,0x02BC30,
,0x154C4A,u16,65280,1,1,0x02BC30,
,0x154C4C,u16,64512,1,1,0x02BC30,
,0x154C4E,u16,64768,1,1,0x02BC30,
,0x154C50,u16,65024,1,1,0x02BC30,
,0x154C52,u16,65280,1,1,0x02BC30,
,0x154C54,u16,64512,1,1,0x02BC30,
,0x154C56,u16,64768,1,1,0x02BC30,
,0x154C58,u16,65024,1,1,0x02BC30,
,0x154C5A,u16,65280,1,1,0x02BC30,
,0x154C5C,u16,36137,1,1,0x02BC30,
,0x154C5E,u16,36204,1,1,0x02BC30,
,0x154C60,u16,36268,1,1,0x02BC30,
,0x154C62,u16,36332,1,1,0x02BC30,
,0x154C64,u16,65024,1,1,0x02BD40,
,0x154C66,u16,65280,1,1,0x02BD40,
,0x154C68,u16,65024,1,1,0x02BD40,
,0x154C6A,u16,65280,1,1,0x02BD40,
,0x154C6C,u16,65024,1,1,0x02BD40,
,0x154C6E,u16,65280,1,1,0x02BD40,
,0x154C70,u16,65024,1,1,0x02BD40,
,0x154C72,u16,65280,1,1,0x02BD40,
,0x154C74,u16,50,1,1,0x02A11C,
Quickshifter,0x154C76,u16,18,1,1,0x02A19A,Quickshifter :: GP-Sensor Upshift Window A Offset vs Gear
Quickshifter,0x154C78,u16,18,1,1,0x02A19A,Quickshifter :: GP-Sensor Upshift Window A Offset vs Gear
Quickshifter,0x154C7A,u16,2,1,1,0x02A2BA,Quickshifter :: GP-Sensor Upshift Window A Offset vs Gear
Quickshifter,0x154C7C,u16,2,1,1,0x02A96E,Quickshifter :: GP-Sensor Upshift Window A Offset vs Gear
Quickshifter,0x154C7E,u16,23,4,4,0x02A2BA,Quickshifter :: GP-Sensor Upshift Window A Offset vs Gear
,0x154C80,u16,100,1,1,0x02A5AE,
,0x154C82,u16,75,1,1,0x02AC1A,
Quickshifter,0x154C84,u16,65280,1,1,0x02AFA4,Quickshifter :: GP-Sensor Upshift Window A Offset vs Gear
Quickshifter,0x154C86,u16,5,1,1,0x02AFA4,Quickshifter :: GP-Sensor Upshift Window A Offset vs Gear
,0x154C88,u16,25,1,1,0x02B084,
Quickshifter,0x154C8A,u16,5120,1,1,0x02B1CC,Quickshifter :: GP-Sensor Upshift Window A Offset vs Gear
,0x154C8C,u16,0,1,1,0x02B2A0,
,0x154C8E,u16,256,1,1,0x02B2A0,
,0x154C90,u16,256,1,1,0x02B2A0,
,0x154C92,u16,256,1,1,0x02B2A0,
,0x154C94,u16,256,1,1,0x02B2A0,
,0x154C96,u16,256,1,1,0x02B2A0,
,0x154C98,u16,256,1,1,0x02B2A0,
,0x154C9A,u16,256,1,1,0x02B2A0,
,0x154C9C,u16,256,1,1,0x02B2A0,
,0x154C9E,u16,50,1,1,0x02B666,
,0x154CA0,u16,4864,1,1,0x02B8B6,
,0x154CA2,u16,5120,1,1,0x02B8B6,
,0x154CA4,u16,65535,1,1,0x02940A,
,0x154CA6,u16,0,1,1,0x02940A,
,0x154CA8,u16,80,1,1,0x028F70,
,0x154CAA,u16,40305,1,1,0x028F70,
,0x154CAC,u16,40632,1,1,0x028F70,
Quickshifter,0x154CAE,u16,32768,1,1,0x0290FE,Quickshifter :: GP-Sensor Upshift Window A Offset vs Gear
,0x154CB0,u16,40808,1,1,0x029760,
Quickshifter,0x154CB2,u16,32768,1,1,0x0297E2,Quickshifter :: GP-Sensor Upshift Window A Offset vs Gear
Quickshifter,0x154CB4,u16,32768,1,1,0x0297E2,Quickshifter :: GP-Sensor Upshift Window A Offset vs Gear
,0x154CB6,u16,0,1,1,0x029986,
,0x154CB8,u16,65535,1,1,0x029986,
Quickshifter,0x154CBA,u16,32768,1,1,0x029A94,Quickshifter :: GP-Sensor Upshift Window A Offset vs Gear
,0x154CBC,u16,31457,2,2,0x029986,
Quickshifter,0x154CBE,u16,20971,1,1,0x029BEA,Quickshifter :: GP-Sensor Upshift Window A Offset vs Gear
Quickshifter,0x154CC0,u16,839,1,1,0x029BEA,Quickshifter :: GP-Sensor Upshift Window A Offset vs Gear
Quickshifter,0x154CC2,u16,52428,1,1,0x029BEA,Quickshifter :: GP-Sensor Upshift Window A Offset vs Gear
Quickshifter,0x154CC4,u16,3840,1,1,0x029CE4,Quickshifter :: GP-Sensor Upshift Window A Offset vs Gear
,0x154CC6,u16,250,1,1,0x0284BE,
,0x154CC8,u16,32730,1,1,0x0284BE,
,0x154CCA,u16,32730,1,1,0x0284BE,
,0x154CCC,u16,1280,2,2,0x0285E6,
,0x154CCE,u16,1280,2,2,0x0285E6,
,0x154CD0,u16,7864,1,1,0x02864E,
,0x154CD2,u16,3932,1,1,0x02864E,
,0x154CD4,u16,24320,1,1,0x02864E,
,0x154CD6,u16,640,1,1,0x02873E,
,0x154CD8,u16,23,1,1,0x02873E,
,0x154CDA,u16,24133,1,1,0x028A2E,
,0x154CDC,u16,24192,1,1,0x028A2E,
,0x154CDE,u16,24251,1,1,0x028A2E,
,0x154CE0,u16,24320,1,1,0x028A2E,
,0x154CE2,u16,24133,1,1,0x028A2E,
,0x154CE4,u16,24192,1,1,0x028A2E,
,0x154CE6,u16,24251,1,1,0x028A2E,
,0x154CE8,u16,24320,1,1,0x028A2E,
,0x154CEA,u16,24133,1,1,0x028A2E,
,0x154CEC,u16,24192,1,1,0x028A2E,
,0x154CEE,u16,24251,1,1,0x028A2E,
,0x154CF0,u16,24320,1,1,0x028A2E,
,0x154CF2,u16,25,1,1,0x0287AA,
,0x154CF4,u16,250,1,1,0x028816,
,0x154CF6,u16,13,1,1,0x02885E,
,0x154CF8,u16,30208,1,1,0x0281F4,
,0x154CFA,u16,35328,1,1,0x0281F4,
,0x154CFC,u16,35328,1,1,0x0281F4,
,0x154CFE,u16,250,1,1,0x0281F4,
,0x154D00,u16,262,1,1,0x028BF0,
,0x154D02,u16,640,1,1,0x028BF0,
Quickshifter,0x154D04,u16,36409,1,1,0x02C8FE,Quickshifter :: GP-Sensor Upshift Window A Offset vs Gear
Quickshifter,0x154D06,u16,384,1,1,0x02C8FE,Quickshifter :: GP-Sensor Upshift Window A Offset vs Gear
Quickshifter,0x154D08,u16,57671,1,1,0x02C8FE,Quickshifter :: GP-Sensor Upshift Window A Offset vs Gear
Quickshifter,0x154D0A,u16,33751,1,1,0x02C8FE,Quickshifter :: GP-Sensor Upshift Window A Offset vs Gear
Quickshifter,0x154D0C,u16,32768,1,1,0x02C8FE,Quickshifter :: GP-Sensor Upshift Window A Offset vs Gear
,0x154D0E,u16,381,1,1,0x02CB26,
,0x154D10,u16,26098,1,1,0x02CB26,
,0x154D12,u16,13758,1,1,0x02CB26,
,0x154D14,u16,640,1,1,0x02CC6C,
,0x154D16,u16,1280,1,1,0x02CC6C,
Sensors,0x154D18,u16,36556,2,2,0x02987A,Sensor :: ECT Conversion (ADC -&gt; deg C) | Main
Quickshifter,0x154D1A,u16,12500,1,1,0x02CC0A,Quickshifter :: GP-Sensor Upshift Window A Offset vs Gear
,0x154D1C,u16,35225,1,1,0x02CC6C,
,0x154D1E,u16,65535,1,1,0x02CC6C,
,0x154D20,u16,0,1,1,0x02CC6C,
,0x154D22,u16,44800,1,1,0x02CDA2,
,0x154D24,u16,128,1,1,0x02CE0C,
,0x154D26,u16,128,1,1,0x02CE0C,
,0x154D28,u16,1280,1,1,0x02D568,
,0x154D2A,u16,1280,1,1,0x02D568,
,0x154D2C,u16,128,1,1,0x02D568,
,0x154D2E,u16,0,1,1,0x02D6D6,
,0x154D30,u16,1280,1,1,0x02D568,
,0x154D32,u16,128,1,1,0x02D568,
,0x154D34,u16,1280,1,1,0x02D568,
,0x154D36,u16,0,1,1,0x02D738,
,0x154D38,u16,256,1,1,0x02D79C,
,0x154D3A,u16,0,1,1,0x02D826,
,0x154D3C,u16,0,1,1,0x02D87C,
,0x154D3E,u16,128,1,1,0x02DEB2,
,0x154D40,u16,5,1,1,0x02DD26,
,0x154D42,u16,640,1,1,0x02DF96,
,0x154D44,u16,128,1,1,0x02DF20,
,0x154D46,u16,5,1,1,0x02DDF2,
,0x154D48,u16,640,1,1,0x02E01E,
,0x154D4A,u16,128,1,1,0x02DEB2,
,0x154D4C,u16,5,1,1,0x02DD26,
,0x154D4E,u16,640,1,1,0x02DF96,
,0x154D50,u16,128,1,1,0x02DF20,
,0x154D52,u16,5,1,1,0x02DDF2,
,0x154D54,u16,640,1,1,0x02E01E,
,0x154D56,u16,100,2,2,0x02DF96,
,0x154D58,u16,10485,1,1,0x02E36C,
,0x154D5A,u16,2560,1,1,0x02E36C,
,0x154D5C,u16,34865,1,1,0x02E36C,
,0x154D5E,u16,15,1,1,0x02E36C,
,0x154D60,u16,7864,1,1,0x02E36C,
,0x154D62,u16,256,1,1,0x02E462,
,0x154D64,u16,58,1,1,0x02E462,
,0x154D66,u16,640,1,1,0x02E4E0,
,0x154D68,u16,20480,1,1,0x02E596,
,0x154D6A,u16,20,1,1,0x02E596,
,0x154D6C,u16,640,1,1,0x02E5DA,
Quickshifter,0x154D6E,u16,640,1,1,0x02DA0E,Quickshifter :: GP-Sensor Upshift Window A Offset vs Gear
Quickshifter,0x154D70,u16,640,1,1,0x02DA0E,Quickshifter :: GP-Sensor Upshift Window A Offset vs Gear
,0x154D72,u16,1536,1,1,0x02E640,
,0x154D74,u16,20,1,1,0x02E640,
,0x154D76,u16,34734,1,1,0x02E6A4,
,0x154D78,u16,40,1,1,0x02E6A4,
,0x154D7A,u16,30801,1,1,0x02E6A4,
,0x154D7C,u16,40,1,1,0x02E6A4,
,0x154D7E,u16,65534,1,1,0x02E72E,
,0x154D80,u16,200,1,1,0x02E72E,
,0x154D82,u16,200,1,1,0x02E776,
Quickshifter,0x154D84,u16,7680,3,3,0x02D118,Quickshifter :: GP-Sensor Upshift Window A Offset vs Gear
,0x154D86,u16,200,1,1,0x02EC24,
,0x154D88,u16,1048,2,2,0x02D30A,
,0x154D8A,u16,1573,3,3,0x02D30A,
Quickshifter,0x154D8C,u16,161,4,4,0x02D118,Quickshifter :: GP-Sensor Upshift Window A Offset vs Gear
,0x154D8E,u16,16,1,1,0x02E4E0,
,0x154D90,u16,200,1,1,0x02E916,
,0x154D92,u16,8,1,1,0x02E916,
,0x154D94,u16,100,1,1,0x02E864,
,0x154D96,u16,2,1,1,0x02D8D4,
Quickshifter,0x154D98,u16,600,1,1,0x02F0DA,Quickshifter :: GP-Sensor Upshift Window A Offset vs Gear
Quickshifter,0x154D9A,u16,33423,1,1,0x02F0DA,Quickshifter :: GP-Sensor Upshift Window A Offset vs Gear
,0x154D9C,u16,34734,1,1,0x02F286,
Quickshifter,0x154D9E,u16,11776,2,2,0x02F3E6,Quickshifter :: GP-Sensor Upshift Window A Offset vs Gear
Quickshifter,0x154DA0,u16,32786,2,2,0x02F3E6,Quickshifter :: GP-Sensor Upshift Window A Offset vs Gear
Quickshifter,0x154DA2,u16,577,1,1,0x02F3E6,Quickshifter :: GP-Sensor Upshift Window A Offset vs Gear
Quickshifter,0x154DA4,u16,21758,1,1,0x02F3E6,Quickshifter :: GP-Sensor Upshift Window A Offset vs Gear
,0x154DA6,u16,4,1,1,0x02F49A,
,0x154DA8,u16,10,1,1,0x02F49A,
,0x154DAA,u16,20,1,1,0x02F49A,
Quickshifter,0x154DAC,u16,32768,1,1,0x02F16A,Quickshifter :: GP-Sensor Upshift Window A Offset vs Gear
Quickshifter,0x154DAE,u16,600,1,1,0x02F16A,Quickshifter :: GP-Sensor Upshift Window A Offset vs Gear
,0x154DB0,u16,11833,1,1,0x02FAEE,
,0x154DB2,u16,600,1,1,0x02FAEE,
,0x154DB4,u16,0,1,1,0x02FB70,
,0x154DB6,u16,65514,1,1,0x02FB70,
,0x154DB8,u16,0,1,1,0x02FB70,
Quickshifter,0x154DBA,u16,64000,1,1,0x02FD42,Quickshifter :: GP-Sensor Upshift Window A Offset vs Gear
Quickshifter,0x154DBC,u16,3338,1,1,0x02FE3E,Quickshifter :: GP-Sensor Upshift Window A Offset vs Gear
Quickshifter,0x154DBE,u16,22374,1,1,0x02FE3E,Quickshifter :: GP-Sensor Upshift Window A Offset vs Gear
,0x154DC0,u16,44748,1,1,0x02FC62,
,0x154DC2,u8,128,1,1,0x02BA0C,
,0x154DC3,u8,15,1,1,0x02BAA4,
,0x154DC4,u8,5,1,1,0x02C430,
,0x154DC5,u8,5,1,1,0x02C430,
,0x154DC6,u8,5,1,1,0x02C430,
,0x154DC7,u8,25,1,1,0x02C5BA,
,0x154DC8,u8,125,1,1,0x02C5BA,
,0x154DC9,u8,128,1,1,0x02C048,
,0x154DCA,u8,75,1,1,0x02C048,
Quickshifter,0x154DCB,u8,64,1,1,0x02C350,Quickshifter :: GP-Sensor Upshift Window A Offset vs Gear
Quickshifter,0x154DCC,u8,85,1,1,0x02C350,Quickshifter :: GP-Sensor Upshift Window A Offset vs Gear
,0x154DCD,u8,128,1,1,0x02BC30,
,0x154DCE,u8,0,1,1,0x02BD40,
,0x154DCF,u8,128,1,1,0x02BBEC,
,0x154DD0,u8,63,1,1,0x02BB76,
,0x154DD1,u8,65,1,1,0x02BB76,
,0x154DD2,u8,0,3,3,0x029F9A,
,0x154DD3,u8,0,1,1,0x02A0CA,
Quickshifter,0x154DD4,u8,128,2,2,0x02A2BA,Quickshifter :: GP-Sensor Upshift Window A Offset vs Gear
Quickshifter,0x154DD5,u8,128,5,5,0x02A2BA,Quickshifter :: GP-Sensor Upshift Window A Offset vs Gear
,0x154DD6,u8,128,2,2,0x02A786,
,0x154DD7,u8,128,2,2,0x02A786,
,0x154DD8,u8,0,2,2,0x02A786,
,0x154DD9,u8,128,2,2,0x02A786,
,0x154DDA,u8,128,2,2,0x02A786,
,0x154DDB,u8,128,2,2,0x02A786,
,0x154DDC,u8,0,2,2,0x02A786,
,0x154DDD,u8,128,2,2,0x02A786,
,0x154DDE,u8,0,2,2,0x02A786,
,0x154DDF,u8,128,2,2,0x02A786,
,0x154DE0,u8,0,2,2,0x02A786,
,0x154DE1,u8,128,2,2,0x02A786,
,0x154DE2,u8,0,2,2,0x02A786,
,0x154DE3,u8,128,2,2,0x02A786,
,0x154DE4,u8,0,2,2,0x02A786,
,0x154DE5,u8,128,2,2,0x02A786,
,0x154DE6,u8,0,2,2,0x02A830,
,0x154DE7,u8,0,2,2,0x02A830,
,0x154DE8,u8,128,2,2,0x02A830,
,0x154DE9,u8,128,2,2,0x02A830,
,0x154DEA,u8,0,2,2,0x02A830,
,0x154DEB,u8,0,2,2,0x02A830,
,0x154DEC,u8,128,2,2,0x02A830,
,0x154DED,u8,128,2,2,0x02A830,
,0x154DEE,u8,0,2,2,0x02A830,
,0x154DEF,u8,0,2,2,0x02A830,
,0x154DF0,u8,0,2,2,0x02A830,
,0x154DF1,u8,128,2,2,0x02A830,
,0x154DF2,u8,0,2,2,0x02A830,
,0x154DF3,u8,0,2,2,0x02A830,
,0x154DF4,u8,0,2,2,0x02A830,
,0x154DF5,u8,128,2,2,0x02A830,
,0x154DF6,u8,0,1,1,0x02A61A,
,0x154DF7,u8,0,1,1,0x02AC86,
,0x154DF8,u8,0,1,1,0x02B0D0,
Quickshifter,0x154DF9,u8,255,1,1,0x02B40A,Quickshifter :: GP-Sensor Upshift Window A Offset vs Gear
Quickshifter,0x154DFA,u8,255,1,1,0x02B538,Quickshifter :: GP-Sensor Upshift Window A Offset vs Gear
,0x154DFB,u8,128,1,1,0x029F34,
Quickshifter,0x154DFC,u8,1,1,1,0x029348,Quickshifter :: GP-Sensor Upshift Window A Offset vs Gear
Quickshifter,0x154DFD,u8,86,1,1,0x028FA0,Quickshifter :: GP-Sensor Upshift Window A Offset vs Gear
Quickshifter,0x154DFE,u8,182,1,1,0x028FA0,Quickshifter :: GP-Sensor Upshift Window A Offset vs Gear
,0x154DFF,u8,64,1,1,0x029220,
,0x154E00,u8,4,1,1,0x02926E,
,0x154E01,u8,1,1,1,0x0292CA,
Sensors,0x154E02,u8,96,2,2,0x02978C,Sensor :: ECT Conversion (ADC -&gt; deg C) | Main
Quickshifter,0x154E03,u8,237,1,1,0x0297E2,Quickshifter :: GP-Sensor Upshift Window A Offset vs Gear
Quickshifter,0x154E04,u8,237,1,1,0x0297E2,Quickshifter :: GP-Sensor Upshift Window A Offset vs Gear
Quickshifter,0x154E05,u8,255,1,1,0x0297E2,Quickshifter :: GP-Sensor Upshift Window A Offset vs Gear
Quickshifter,0x154E06,u8,255,1,1,0x0297E2,Quickshifter :: GP-Sensor Upshift Window A Offset vs Gear
,0x154E07,u8,255,1,1,0x029986,
Quickshifter,0x154E08,u8,0,1,1,0x029BEA,Quickshifter :: GP-Sensor Upshift Window A Offset vs Gear
Quickshifter,0x154E09,u8,100,1,1,0x029BEA,Quickshifter :: GP-Sensor Upshift Window A Offset vs Gear
Quickshifter,0x154E0A,u8,4,1,1,0x029CE4,Quickshifter :: GP-Sensor Upshift Window A Offset vs Gear
,0x154E0B,u8,1,1,1,0x029D84,
,0x154E0C,u8,128,2,2,0x02847C,
,0x154E0D,u8,7,3,3,0x02847C,
,0x154E0E,u8,125,1,1,0x0284BE,
,0x154E0F,u8,255,1,1,0x0287AA,
,0x154E10,u8,38,1,1,0x0288A4,
,0x154E11,u8,128,2,2,0x02890E,
,0x154E12,u8,128,2,2,0x02890E,
,0x154E13,u8,128,2,2,0x02890E,
,0x154E14,u8,13,1,1,0x0281F4,
,0x154E15,u8,2,1,1,0x028BF0,
Quickshifter,0x154E16,u8,25,2,2,0x028CA6,Quickshifter :: GP-Sensor Upshift Window A Offset vs Gear
Quickshifter,0x154E17,u8,0,1,1,0x028DE0,Quickshifter :: GP-Sensor Upshift Window A Offset vs Gear
Quickshifter,0x154E18,u8,10,1,1,0x02C8FE,Quickshifter :: GP-Sensor Upshift Window A Offset vs Gear
Quickshifter,0x154E19,u8,4,1,1,0x02C8FE,Quickshifter :: GP-Sensor Upshift Window A Offset vs Gear
,0x154E1A,u8,25,1,1,0x02CCD8,
,0x154E1B,u8,25,1,1,0x02CCD8,
,0x154E1C,u8,128,1,1,0x02CE0C,
,0x154E1D,u8,128,1,1,0x02CE0C,
,0x154E1E,u8,128,1,1,0x02CE0C,
,0x154E1F,u8,128,1,1,0x02CE0C,
,0x154E20,u8,25,1,1,0x02CF42,
,0x154E21,u8,25,1,1,0x02CF42,
,0x154E22,u8,25,1,1,0x02CF42,
,0x154E23,u8,25,1,1,0x02CF42,
Quickshifter,0x154E24,u8,0,3,3,0x02D118,Quickshifter :: GP-Sensor Upshift Window A Offset vs Gear
,0x154E25,u8,0,3,3,0x02D258,
,0x154E26,u8,0,1,1,0x02E776,
,0x154E27,u8,1,1,1,0x02E776,
,0x154E28,u8,1,1,1,0x02D384,
,0x154E29,u8,0,1,1,0x02EC24,
Quickshifter,0x154E2A,u8,16,2,2,0x02F3E6,Quickshifter :: GP-Sensor Upshift Window A Offset vs Gear
Quickshifter,0x154E2B,u8,0,1,1,0x02EFE4,Quickshifter :: GP-Sensor Upshift Window A Offset vs Gear
,0x154E2C,u8,50,1,1,0x02F5F4,
,0x154E2D,u8,50,1,1,0x02F5F4,
Quickshifter,0x154E2E,u8,255,2,2,0x02F6B4,Quickshifter :: GP-Sensor Upshift Window A Offset vs Gear
Quickshifter,0x154E2F,u8,255,4,4,0x02F6B4,Quickshifter :: GP-Sensor Upshift Window A Offset vs Gear
Quickshifter,0x154E30,u8,255,4,4,0x02F6B4,Quickshifter :: GP-Sensor Upshift Window A Offset vs Gear
Quickshifter,0x154E31,u8,255,2,2,0x02F6B4,Quickshifter :: GP-Sensor Upshift Window A Offset vs Gear
,0x154E32,u8,0,1,1,0x02FCAA,
O2/Closed-Loop,0x154E3C,u32,1397032,1,1,0x046512,HO2 Monitor :: Baro Correction vs Baro
O2/Closed-Loop,0x154E44,u32,1397072,1,1,0x046512,HO2 Monitor :: Baro Correction vs Baro
O2/Closed-Loop,0x154E4C,u32,1397112,1,1,0x046512,HO2 Monitor :: Baro Correction vs Baro
O2/Closed-Loop,0x154E54,u32,1397152,1,1,0x046512,HO2 Monitor :: Baro Correction vs Baro
O2/Closed-Loop,0x154E5C,u32,1397192,1,1,0x046512,HO2 Monitor :: Baro Correction vs Baro
O2/Closed-Loop,0x154E64,u32,1397232,1,1,0x046D1E,HO2 Monitor :: Baro Correction vs Baro
O2/Closed-Loop,0x155884,u16,3277,1,1,0x03C3B0,HO2 Monitor :: Enable Max Vacuum vs Baro x RPM (flat)
,0x155888,u16,250,1,1,0x0464B6,
,0x15588C,u16,50,1,1,0x0464B6,
,0x155890,u16,650,2,2,0x043942,
,0x155894,u16,123,2,2,0x043942,
,0x155898,u16,125,11,11,0x0437DC,
,0x15589A,u16,125,3,3,0x06A55C,
,0x15589C,u16,102,4,4,0x043E76,
,0x1558A0,u16,82,4,4,0x043EEA,
,0x1558A4,u16,123,2,2,0x043C5E,
,0x1558A8,u16,0,1,1,0x043C5E,
,0x1558AC,u16,164,2,2,0x0327AA,
,0x1558AE,u16,3932,2,2,0x032896,
,0x1558B0,u16,200,1,1,0x0327AA,
,0x1558B2,u16,200,1,1,0x032896,
,0x1558B4,u16,164,2,2,0x032820,
,0x1558B6,u16,3932,2,2,0x03290C,
,0x1558B8,u16,200,1,1,0x032820,
,0x1558BA,u16,200,1,1,0x03290C,
,0x1558BC,u16,200,1,1,0x032B8A,
,0x1558BE,u16,123,2,2,0x038D3A,
,0x1558C0,u16,750,2,2,0x038D78,
,0x1558C2,u16,41,1,1,0x030EF6,
,0x1558C4,u16,123,1,1,0x030EF6,
,0x1558C6,u16,1250,1,1,0x03135C,
,0x1558C8,u16,2560,1,1,0x0312C2,
,0x1558CA,u16,125,1,1,0x0312C2,
,0x1558CC,u16,50,1,1,0x031256,
,0x1558CE,u16,50,1,1,0x030EF6,
,0x1558D0,u16,61440,1,1,0x035174,
,0x1558D2,u16,64000,1,1,0x035174,
,0x1558D4,u16,62915,1,1,0x035174,
,0x1558D6,u16,64487,1,1,0x035174,
,0x1558D8,u16,58971,1,1,0x035174,
,0x1558DA,u16,62902,1,1,0x035174,
,0x1558DC,u16,500,1,1,0x035174,
,0x1558DE,u16,1625,2,2,0x03536A,
,0x1558E0,u16,410,1,1,0x03682A,
,0x1558E2,u16,64000,1,1,0x03682A,
,0x1558E4,u16,410,1,1,0x0360C8,
,0x1558E6,u16,10240,1,1,0x033D5C,
,0x1558E8,u16,7680,1,1,0x033E2A,
,0x1558EA,u16,262,1,1,0x033D5C,
,0x1558EC,u16,64487,1,1,0x033E2A,
,0x1558EE,u16,1280,1,1,0x033E2A,
,0x1558F0,u16,32,1,1,0x033DA6,
,0x1558F2,u16,19,1,1,0x033EAA,
,0x1558F4,u16,125,1,1,0x038714,
,0x1558F6,u16,31457,1,1,0x038714,
,0x1558F8,u16,26,2,2,0x0391F0,
,0x1558FA,u16,410,2,2,0x03916C,
,0x1558FC,u16,6400,1,1,0x033BD8,
,0x1558FE,u16,262,1,1,0x033BD8,
,0x155900,u16,6,1,1,0x033C26,
,0x155902,u16,410,1,1,0x038BE4,
,0x155904,u16,20,2,2,0x03355E,
,0x155906,u16,1004,2,2,0x0335E0,
,0x155908,u16,750,1,1,0x03359E,
,0x15590A,u16,750,1,1,0x033620,
,0x15590C,u16,750,1,1,0x0336A2,
,0x15590E,u16,750,1,1,0x033722,
,0x155910,u16,20,2,2,0x031A08,
,0x155912,u16,1004,2,2,0x031A8A,
,0x155914,u16,750,1,1,0x031A48,
,0x155916,u16,750,1,1,0x031ACA,
,0x155918,u16,750,1,1,0x031B4C,
,0x15591A,u16,750,1,1,0x031BCE,
,0x15591C,u16,20,2,2,0x0337F4,
,0x15591E,u16,1004,2,2,0x0338F6,
,0x155920,u16,750,1,1,0x033838,
,0x155922,u16,750,1,1,0x03393A,
,0x155924,u16,750,1,1,0x0338BA,
,0x155926,u16,750,1,1,0x0339BC,
,0x155928,u16,750,1,1,0x03896A,
,0x15592A,u16,750,1,1,0x038A88,
,0x15592C,u16,750,1,1,0x038A00,
,0x15592E,u16,750,1,1,0x038B1E,
,0x155930,u16,6000,2,2,0x035950,
,0x155932,u16,6000,2,2,0x0358B0,
,0x155934,u16,51,2,2,0x039F22,
,0x155936,u16,5,1,1,0x039FB8,
,0x155938,u16,90,1,1,0x03A11E,
O2/Closed-Loop,0x15593A,u16,90,1,1,0x03A1B6,HO2 Monitor :: Enable Max Vacuum vs Baro x RPM (flat) | Speed Monitor :: Threshold vs Rear Wheel Speed
,0x15593C,u16,22938,1,1,0x03A234,
,0x15593E,u16,31,1,1,0x03A234,
O2/Closed-Loop,0x155940,u16,3,1,1,0x03A32E,HO2 Monitor :: Enable Max Vacuum vs Baro x RPM (flat) | Speed Monitor :: Threshold vs Rear Wheel Speed
Speed/Wheel,0x155942,u16,4260,1,1,0x03A0BE,Speed Monitor :: Threshold vs Rear Wheel Speed
,0x155944,u16,25,1,1,0x03A11E,
,0x155946,u16,82,2,2,0x032F9C,
,0x155948,u16,3604,2,2,0x033088,
,0x15594A,u16,200,1,1,0x032F9C,
,0x15594C,u16,200,1,1,0x033088,
,0x15594E,u16,164,2,2,0x033012,
,0x155950,u16,4014,2,2,0x0330FE,
,0x155952,u16,200,1,1,0x033012,
,0x155954,u16,200,1,1,0x0330FE,
,0x155956,u16,200,1,1,0x03337C,
,0x155958,u16,200,1,1,0x0331B8,
,0x15595A,u16,200,1,1,0x0332BC,
,0x15595C,u16,200,1,1,0x03323A,
,0x15595E,u16,200,1,1,0x03333E,
,0x155960,u16,200,1,1,0x033468,
,0x155962,u16,200,1,1,0x0329C6,
,0x155964,u16,200,1,1,0x032ACA,
,0x155966,u16,200,1,1,0x032A48,
,0x155968,u16,200,1,1,0x032B4C,
,0x15596A,u16,200,1,1,0x032C76,
,0x15596C,u16,10,1,1,0x031D60,
,0x15596E,u16,10,1,1,0x031DE4,
,0x155970,u16,10,1,1,0x031E68,
,0x155972,u16,20,2,2,0x0394E2,
,0x155974,u16,983,2,2,0x0395E6,
,0x155976,u16,750,1,1,0x039522,
,0x155978,u16,750,1,1,0x039626,
,0x15597A,u16,750,1,1,0x0395A4,
,0x15597C,u16,750,1,1,0x0396A8,
,0x15597E,u16,29,2,2,0x03986E,
,0x155980,u16,1004,2,2,0x039972,
,0x155982,u16,750,1,1,0x0398AE,
,0x155984,u16,750,1,1,0x0399B2,
,0x155986,u16,750,1,1,0x039930,
,0x155988,u16,750,1,1,0x039A34,
,0x15598A,u16,20,2,2,0x039BFA,
,0x15598C,u16,983,2,2,0x039CF6,
,0x15598E,u16,750,1,1,0x039C36,
,0x155990,u16,750,1,1,0x039D32,
,0x155992,u16,750,1,1,0x039CB4,
,0x155994,u16,750,1,1,0x039DB0,
,0x155996,u16,600,1,1,0x03A504,
,0x155998,u16,100,1,1,0x03A6FA,
,0x15599A,u16,600,1,1,0x03A752,
,0x15599C,u16,20,1,1,0x03A598,
,0x15599E,u16,300,1,1,0x03A598,
,0x1559A0,u16,3932,2,2,0x03AA24,
,0x1559A2,u16,500,1,1,0x03A8B6,
,0x1559A4,u16,475,1,1,0x03A980,
,0x1559A6,u16,49,2,2,0x03B190,
,0x1559A8,u16,983,2,2,0x03B190,
,0x1559AA,u16,29,1,1,0x03B21E,
,0x1559AC,u16,1004,1,1,0x03B21E,
,0x1559AE,u16,1000,1,1,0x03B1DC,
,0x1559B0,u16,1000,1,1,0x03B286,
,0x1559B2,u16,5243,1,1,0x03AEF0,
,0x1559B4,u16,786,2,2,0x03AF68,
,0x1559B6,u16,250,1,1,0x03AEF0,
,0x1559B8,u16,1250,2,2,0x03AFA0,
Quickshifter,0x1559BA,u16,1004,4,4,0x02A2BA,Quickshifter :: GP-Sensor Upshift Window A Offset vs Gear
Quickshifter,0x1559BC,u16,20,4,4,0x02A2BA,Quickshifter :: GP-Sensor Upshift Window A Offset vs Gear
,0x1559BE,u16,750,2,2,0x03AC18,
,0x1559C0,u16,750,2,2,0x03AB84,
,0x1559C2,u16,7680,1,1,0x03B3D8,
,0x1559C4,u16,17920,1,1,0x03B3D8,
,0x1559C6,u16,2202,1,1,0x03B3D8,
,0x1559C8,u16,8048,1,1,0x03B3D8,
,0x1559CA,u16,500,1,1,0x03B3D8,
,0x1559CC,u16,1100,2,2,0x03B4E2,
,0x1559CE,u16,7680,1,1,0x03B78C,
,0x1559D0,u16,17920,1,1,0x03B78C,
,0x1559D2,u16,2202,1,1,0x03B78C,
,0x1559D4,u16,8048,1,1,0x03B78C,
,0x1559D6,u16,1000,1,1,0x03B78C,
,0x1559D8,u16,2000,2,2,0x03B878,
,0x1559DA,u16,7680,1,1,0x03BA5E,
,0x1559DC,u16,17920,1,1,0x03BA5E,
,0x1559DE,u16,2202,1,1,0x03BA5E,
,0x1559E0,u16,8048,1,1,0x03BA5E,
,0x1559E2,u16,1000,1,1,0x03BA5E,
,0x1559E4,u16,2000,2,2,0x03BB56,
,0x1559E6,u8,0,3,3,0x03C30E,
,0x1559E7,u8,0,2,2,0x05C2CE,
,0x1559E8,u16,125,1,1,0x03C30E,
,0x1559EA,u16,325,1,1,0x03C30E,
,0x1559EC,u16,10381,1,1,0x03C30E,
,0x1559EE,u16,12826,1,1,0x03C30E,
,0x1559F0,u16,12777,1,1,0x03C30E,
,0x1559F2,u16,2359,1,1,0x03C30E,
,0x1559F4,u16,16385,1,1,0x03C30E,
,0x1559F6,u16,65535,1,1,0x03C30E,
,0x1559F8,u16,65535,1,1,0x03C30E,
,0x1559FA,u16,1280,1,1,0x03C30E,
,0x1559FC,u16,19200,1,1,0x03C30E,
,0x1559FE,u16,524,1,1,0x03C30E,
,0x155A00,u16,12,1,1,0x03C18C,
,0x155A02,u16,2875,2,2,0x03CCD0,
,0x155A04,u16,35,1,1,0x03CECC,
,0x155A06,u16,35,1,1,0x03CECC,
,0x155A08,u16,625,1,1,0x03CECC,
,0x155A0A,u16,26214,1,1,0x03C30E,
,0x155A0C,u16,250,1,1,0x03C1CA,
,0x155A0E,u16,1004,2,2,0x03D71A,
,0x155A10,u16,750,2,2,0x03D74E,
,0x155A12,u16,614,2,2,0x03DA50,
,0x155A14,u16,1004,1,1,0x03DB02,
,0x155A16,u16,100,1,1,0x03DAB0,
,0x155A18,u16,100,1,1,0x03DB74,
,0x155A1A,u16,16384,3,3,0x03E5CC,
,0x155A1C,u16,65535,3,3,0x03E4A6,
,0x155A1E,u16,6000,1,1,0x03E54E,
,0x155A20,u16,6000,1,1,0x03E61C,
,0x155A22,u16,6000,1,1,0x03E702,
,0x155A24,u16,6000,1,1,0x03E702,
,0x155A26,u16,6000,1,1,0x03E83A,
,0x155A28,u16,6000,1,1,0x03E83A,
,0x155A2A,u16,2000,2,2,0x041F12,
,0x155A2C,u16,20,2,2,0x03EAE0,
,0x155A2E,u16,1004,2,2,0x03EB60,
,0x155A30,u16,750,1,1,0x03EB22,
,0x155A32,u16,750,1,1,0x03EBA2,
,0x155A34,u16,750,1,1,0x03EC22,
,0x155A36,u16,750,1,1,0x03ECA0,
,0x155A38,u16,57,2,2,0x03ED6A,
,0x155A3A,u16,20,1,1,0x03EDF6,
,0x155A3C,u16,983,2,2,0x03ED6A,
,0x155A3E,u16,1004,1,1,0x03EDF6,
,0x155A40,u16,1000,1,1,0x03EDB8,
,0x155A42,u16,1000,1,1,0x03EE5C,
,0x155A44,u16,7680,1,1,0x03F200,
,0x155A46,u16,9472,1,1,0x03F200,
,0x155A48,u16,11794,1,1,0x03F200,
,0x155A4A,u16,39314,1,1,0x03F200,
,0x155A4C,u16,100,1,1,0x03F200,
,0x155A4E,u16,31457,1,1,0x03F106,
,0x155A50,u16,34079,1,1,0x03F106,
,0x155A52,u16,31457,1,1,0x03F106,
,0x155A54,u16,34079,1,1,0x03F106,
,0x155A56,u16,28148,1,1,0x03F106,
,0x155A58,u16,37388,1,1,0x03F106,
,0x155A5A,u16,28148,1,1,0x03F106,
,0x155A5C,u16,37388,1,1,0x03F106,
,0x155A5E,u16,700,1,1,0x03F5F4,
,0x155A60,u16,30,1,1,0x03F71C,
O2/Closed-Loop,0x155A62,u16,36766,1,1,0x03F8B2,HO2 Monitor :: Enable Max Vacuum vs Baro x RPM (flat)
O2/Closed-Loop,0x155A64,u16,36766,1,1,0x03F8B2,HO2 Monitor :: Enable Max Vacuum vs Baro x RPM (flat)
,0x155A66,u16,700,1,1,0x03FADC,
,0x155A68,u16,2,1,1,0x03F180,
,0x155A6A,u16,0,1,1,0x03F200,
,0x155A6C,u16,4719,1,1,0x03F200,
,0x155A6E,u16,11794,1,1,0x03F200,
,0x155A70,u16,1254,1,1,0x03F674,
,0x155A72,u16,1285,1,1,0x03F674,
,0x155A74,u16,19657,1,1,0x03F674,
,0x155A76,u16,700,1,1,0x03F9EE,
,0x155A78,u16,10240,1,1,0x03FE1C,
,0x155A7A,u16,7680,1,1,0x03FF20,
,0x155A7C,u16,262,1,1,0x03FE1C,
,0x155A7E,u16,64487,1,1,0x03FF20,
,0x155A80,u16,1280,1,1,0x03FF20,
,0x155A82,u16,32,1,1,0x03FE82,
,0x155A84,u16,19,1,1,0x03FFBC,
,0x155A86,u16,65535,2,2,0x03FE1C,
,0x155A88,u16,0,2,2,0x0402DA,
,0x155A8A,u16,0,1,1,0x04036E,
,0x155A8C,u16,1024,2,2,0x0402DA,
,0x155A8E,u16,1024,1,1,0x04036E,
,0x155A90,u16,1000,1,1,0x04032C,
,0x155A92,u16,1000,1,1,0x0403DC,
,0x155A94,u16,0,2,2,0x0407DE,
,0x155A96,u16,0,1,1,0x04086E,
,0x155A98,u16,1024,2,2,0x0407DE,
,0x155A9A,u16,1024,1,1,0x04086E,
,0x155A9C,u16,1000,1,1,0x04082C,
,0x155A9E,u16,1000,1,1,0x0408D8,
,0x155AA0,u16,6000,2,2,0x040590,
,0x155AA2,u16,3,3,3,0x040554,
,0x155AA4,u16,3200,1,1,0x040590,
,0x155AA6,u16,500,1,1,0x040590,
,0x155AA8,u16,300,1,1,0x040590,
,0x155AAA,u16,524,1,1,0x040590,
,0x155AAC,u16,1280,1,1,0x040590,
,0x155AAE,u16,5120,1,1,0x040B16,
,0x155AB0,u16,35382,1,1,0x040B16,
O2/Closed-Loop,0x155AB2,u16,3,3,3,0x040B86,HO2 Monitor :: Enable Max Vacuum vs Baro x RPM (flat)
,0x155AB4,u16,6000,2,2,0x040C02,
,0x155AB6,u16,30,2,2,0x040C02,
,0x155AB8,u16,3,2,2,0x040C84,
O2/Closed-Loop,0x155ABA,u8,0,1,1,0x045BE0,HO2 Monitor :: Enable Max Vacuum vs Baro x RPM (flat)
O2/Closed-Loop,0x155ABC,u16,325,1,1,0x045BE0,HO2 Monitor :: Enable Max Vacuum vs Baro x RPM (flat)
O2/Closed-Loop,0x155ABE,u16,600,1,1,0x045BE0,HO2 Monitor :: Enable Max Vacuum vs Baro x RPM (flat)
O2/Closed-Loop,0x155AC0,u16,1,1,1,0x045E64,HO2 Monitor :: Enable Max Vacuum vs Baro x RPM (flat)
O2/Closed-Loop,0x155AC2,u16,10000,1,1,0x045E64,HO2 Monitor :: Enable Max Vacuum vs Baro x RPM (flat)
O2/Closed-Loop,0x155AC4,u16,2400,1,1,0x045E64,HO2 Monitor :: Enable Max Vacuum vs Baro x RPM (flat)
O2/Closed-Loop,0x155AC6,u16,1280,1,1,0x045E64,HO2 Monitor :: Enable Max Vacuum vs Baro x RPM (flat)
O2/Closed-Loop,0x155AC8,u16,19200,1,1,0x045E64,HO2 Monitor :: Enable Max Vacuum vs Baro x RPM (flat)
O2/Closed-Loop,0x155ACA,u16,410,1,1,0x045E64,HO2 Monitor :: Enable Max Vacuum vs Baro x RPM (flat)
O2/Closed-Loop,0x155ACC,u16,1179,1,1,0x045E64,HO2 Monitor :: Enable Max Vacuum vs Baro x RPM (flat)
O2/Closed-Loop,0x155ACE,u16,25,1,1,0x045E64,HO2 Monitor :: Enable Max Vacuum vs Baro x RPM (flat)
,0x155AD0,u16,500,1,1,0x04602C,
,0x155AD2,u16,33,1,1,0x045D00,
,0x155AD4,u16,137,1,1,0x045D00,
,0x155AD6,u16,26214,1,1,0x045D00,
,0x155AD8,u16,2621,1,1,0x045D00,
,0x155ADA,u16,6,1,1,0x045D00,
,0x155AE0,u16,26214,1,1,0x045D00,
,0x155AE2,u16,2621,1,1,0x045D00,
,0x155AE4,u16,1,1,1,0x047154,
,0x155AE6,u16,13,1,1,0x045A64,
,0x155AE8,u16,4,1,1,0x046226,
,0x155AEA,u16,87,1,1,0x0471B6,
,0x155AEC,u16,200,1,1,0x0462FE,
O2/Closed-Loop,0x155AEE,u8,0,1,1,0x046512,HO2 Monitor :: Baro Correction vs Baro
,0x155AF0,u16,6,1,1,0x0468B0,
,0x155AF2,u16,65535,1,1,0x046A40,
O2/Closed-Loop,0x155AF4,u16,10,3,3,0x046A96,HO2 Monitor :: Baro Correction vs Baro
,0x155AF6,u16,7500,1,1,0x046DEE,
O2/Closed-Loop,0x155B04,u16,125,1,1,0x04296C,HO2 Monitor :: Enable Max Vacuum vs Baro x RPM (flat)
O2/Closed-Loop,0x155B06,u16,11000,1,1,0x04296C,HO2 Monitor :: Enable Max Vacuum vs Baro x RPM (flat)
,0x155B08,u16,25,1,1,0x042866,
,0x155B0A,u16,1,1,1,0x042866,
O2/Closed-Loop,0x155B0C,u16,29900,1,1,0x0428F8,HO2 Monitor :: Enable Max Vacuum vs Baro x RPM (flat)
O2/Closed-Loop,0x155B0E,u16,50000,1,1,0x0428F8,HO2 Monitor :: Enable Max Vacuum vs Baro x RPM (flat)
O2/Closed-Loop,0x155B10,u16,30000,1,1,0x0428F8,HO2 Monitor :: Enable Max Vacuum vs Baro x RPM (flat)
,0x155B12,u16,160,1,1,0x040EBE,
,0x155B14,u16,160,1,1,0x040F92,
,0x155B16,u16,2240,4,4,0x041094,
,0x155B18,u16,160,2,2,0x0410E4,
,0x155B1A,u16,160,2,2,0x041208,
,0x155B1C,u16,125,1,1,0x041548,
,0x155B1E,u16,125,2,2,0x041600,
,0x155B20,u16,2500,2,2,0x0419F6,
,0x155B22,u16,768,2,2,0x0419F6,
,0x155B24,u16,3072,3,3,0x03154E,
,0x155B26,u16,1000,1,1,0x0315F6,
,0x155B28,u16,33817,1,1,0x0315F6,
,0x155B2A,u16,1000,1,1,0x031648,
,0x155B2C,u16,31719,1,1,0x031648,
,0x155B2E,u16,1000,1,1,0x0316BA,
,0x155B30,u16,32505,1,1,0x0316BA,
,0x155B32,u16,0,1,1,0x0316BA,
,0x155B34,u16,1000,1,1,0x031718,
,0x155B36,u16,33030,1,1,0x031718,
,0x155B38,u16,65535,1,1,0x031718,
,0x155B3A,u16,262,1,1,0x0317DE,
,0x155B3C,u16,2621,1,1,0x03182E,
,0x155B3E,u16,65535,2,2,0x03186E,
,0x155B40,u16,1,2,2,0x03186E,
,0x155B42,u16,250,2,2,0x042222,
,0x155B44,u16,304,2,2,0x042222,
,0x155B46,u16,360,2,2,0x042222,
,0x155B48,u16,20,2,2,0x0423BE,
,0x155B4A,u16,1004,2,2,0x0424C2,
,0x155B4C,u16,750,1,1,0x0423FE,
,0x155B4E,u16,750,1,1,0x042502,
,0x155B50,u16,750,1,1,0x042480,
,0x155B52,u16,750,1,1,0x042584,
,0x155B54,u16,1004,2,2,0x042B10,
,0x155B56,u16,750,2,2,0x042B48,
,0x155B58,u16,614,2,2,0x03DD8A,
,0x155B5A,u16,1004,1,1,0x03DE48,
,0x155B5C,u16,100,1,1,0x03DDF6,
,0x155B5E,u16,100,1,1,0x03DEC6,
,0x155B60,u16,41,1,1,0x042F2A,
,0x155B62,u16,123,1,1,0x042F2A,
,0x155B64,u16,1250,1,1,0x0432D8,
,0x155B66,u16,50,1,1,0x0431D2,
,0x155B68,u16,50,1,1,0x042F2A,
,0x155B6A,u16,2560,1,1,0x04323E,
,0x155B6C,u16,125,1,1,0x04323E,
,0x155B6E,u16,62720,1,1,0x02FF50,
,0x155B70,u16,65280,1,1,0x02FF50,
,0x155B72,u16,64487,1,1,0x02FF50,
,0x155B74,u16,65012,1,1,0x02FF50,
,0x155B76,u16,64868,1,1,0x02FF50,
,0x155B78,u16,65261,1,1,0x02FF50,
,0x155B7A,u16,500,1,1,0x02FF50,
,0x155B7C,u16,25,1,1,0x030218,
,0x155B7E,u16,7500,1,1,0x030296,
,0x155B80,u16,60,1,1,0x030182,
,0x155B82,u16,70,1,1,0x030182,
,0x155B84,u16,246,2,2,0x030182,
,0x155B86,u16,650,4,4,0x044848,
,0x155B88,u16,0,1,1,0x044972,
,0x155B8A,u16,60,2,2,0x044BC6,
,0x155B8C,u16,70,2,2,0x044CE6,
,0x155B8E,u16,16384,3,3,0x044A14,
,0x155B90,u16,65535,3,3,0x044AC4,
,0x155B92,u16,16384,2,2,0x044BC6,
,0x155B94,u16,65535,2,2,0x044BC6,
,0x155B96,u16,25,1,1,0x044A14,
,0x155B98,u16,25,1,1,0x044AC4,
,0x155B9A,u16,8125,2,2,0x044BC6,
,0x155B9C,u16,438,1,1,0x044B74,
,0x155B9E,u16,1290,1,1,0x0447C8,
,0x155BA0,u16,22802,1,1,0x0447C8,
,0x155BA2,u16,5248,1,1,0x0447C8,
,0x155BA4,u16,2560,1,1,0x0447C8,
,0x155BA6,u16,65535,1,1,0x044BC6,
,0x155BA8,u16,65535,1,1,0x044CE6,
,0x155BAA,u16,375,1,1,0x044848,
,0x155BAC,u16,3,5,5,0x044E12,
,0x155BAE,u16,41,3,3,0x045080,
,0x155BB0,u16,22500,2,2,0x044E78,
,0x155BB2,u16,22500,2,2,0x044F5C,
,0x155BB4,u16,400,1,1,0x030C48,
,0x155BB6,u16,20,1,1,0x030B32,
,0x155BB8,u16,300,1,1,0x030B32,
,0x155BBA,u16,400,1,1,0x043608,
,0x155BBC,u8,0,4,4,0x043942,
,0x155BBD,u8,0,2,2,0x05C2CE,
,0x155BBE,u16,6000,2,2,0x043942,
,0x155BC0,u16,47176,2,2,0x043942,
,0x155BC2,u16,7680,1,1,0x043D6A,
,0x155BC4,u16,11520,2,2,0x043942,
,0x155BC6,u8,128,2,2,0x043942,
,0x155BC8,u16,20,1,1,0x047D6C,
,0x155BCA,u16,65535,1,1,0x047CB6,
,0x155BCC,u16,25,1,1,0x047C2E,
,0x155BCE,u16,3840,1,1,0x047BC4,
,0x155BD0,u16,640,1,1,0x047BC4,
,0x155BD2,u16,20,7,7,0x047F14,
,0x155BD4,u16,20,7,7,0x047F14,
,0x155BD6,u16,20,1,1,0x0482CE,
,0x155BD8,u16,1573,1,1,0x048184,
,0x155BDA,u16,600,1,1,0x048184,
,0x155BDC,u8,0,1,1,0x030920,
,0x155BDD,u8,128,1,1,0x0307DC,
,0x155BDE,u8,40,1,1,0x030A34,
,0x155BDF,u8,0,1,1,0x030854,
,0x155BE0,u8,10,1,1,0x030854,
,0x155BE1,u8,128,2,2,0x0327AA,
,0x155BE2,u8,128,2,2,0x032896,
,0x155BE3,u8,128,2,2,0x032820,
,0x155BE4,u8,128,2,2,0x03290C,
,0x155BE5,u8,128,2,2,0x032B8A,
,0x155BE6,u8,128,3,1,0x034CD4,
,0x155BE7,u8,75,2,2,0x034D86,
,0x155BE8,u8,0,3,1,0x0347C4,
,0x155BE9,u8,75,2,2,0x034880,
,0x155BEA,u8,128,1,1,0x038D08,
,0x155BEB,u8,128,2,1,0x031142,
,0x155BEC,u8,32,2,2,0x030E68,
,0x155BED,u8,48,2,2,0x030E68,
,0x155BEE,u8,8,1,1,0x0310FA,
,0x155BEF,u8,0,1,1,0x0310FA,
,0x155BF0,u8,128,1,1,0x03425E,
,0x155BF1,u8,75,2,2,0x0342EE,
,0x155BF3,u8,117,1,1,0x035174,
,0x155BF4,u8,0,1,1,0x035174,
,0x155BF5,u8,128,2,1,0x035174,
,0x155BF6,u8,128,1,1,0x034046,
,0x155BF7,u8,75,2,2,0x0340D2,
,0x155BF8,u8,128,2,1,0x038F5A,
,0x155BF9,u8,128,1,1,0x03682A,
,0x155BFA,u8,2,1,1,0x036922,
,0x155BFB,u8,20,1,1,0x0369BA,
,0x155BFC,u8,128,5,1,0x0360C8,
,0x155BFD,u8,2,2,2,0x0361DC,
,0x155BFE,u8,20,2,2,0x036274,
,0x155C00,u8,128,1,1,0x033CD4,
,0x155C01,u8,128,1,1,0x033CD4,
,0x155C02,u8,124,1,1,0x033E2A,
,0x155C03,u8,5,1,1,0x038714,
,0x155C04,u8,128,1,1,0x039128,
,0x155C05,u8,67,4,4,0x0391AE,
,0x155C06,u8,128,1,1,0x033B04,
,0x155C07,u8,255,1,1,0x033AB4,
,0x155C08,u8,8,1,1,0x033AB4,
,0x155C09,u8,126,1,1,0x033BB6,
,0x155C0A,u8,128,1,1,0x034474,
,0x155C0B,u8,75,2,2,0x0344E0,
,0x155C0C,u8,128,1,1,0x038B8E,
,0x155C0D,u8,36,1,1,0x038C28,
,0x155C0E,u8,128,3,2,0x03355E,
,0x155C0F,u8,128,2,2,0x0335E0,
,0x155C10,u8,0,2,2,0x031A08,
,0x155C11,u8,0,2,2,0x031A8A,
,0x155C12,u8,128,2,2,0x0337F4,
,0x155C13,u8,128,2,2,0x0338F6,
,0x155C14,u8,0,3,2,0x038924,
,0x155C15,u8,0,3,2,0x038A42,
,0x155C16,u8,10,2,2,0x038924,
,0x155C17,u8,246,2,2,0x038A42,
,0x155C18,u8,0,3,1,0x0357DA,
,0x155C19,u8,3,1,1,0x039FB8,
,0x155C1A,u8,128,3,2,0x039F22,
,0x155C1B,u8,128,2,2,0x032F9C,
,0x155C1C,u8,128,2,2,0x033088,
,0x155C1D,u8,128,2,2,0x033012,
,0x155C1E,u8,128,2,2,0x0330FE,
,0x155C1F,u8,128,2,2,0x03337C,
,0x155C20,u8,128,1,1,0x031F00,
,0x155C21,u8,128,1,1,0x031FB6,
,0x155C22,u8,0,1,1,0x032068,
,0x155C23,u8,0,1,1,0x032124,
,0x155C24,u8,1,1,1,0x031D60,
,0x155C25,u8,0,1,1,0x031DE4,
,0x155C26,u8,0,1,1,0x031E68,
,0x155C27,u8,12,1,1,0x037CB0,
,0x155C28,u8,12,1,1,0x037D1E,
,0x155C29,u8,50,1,1,0x037FA8,
,0x155C2A,u8,50,1,1,0x038016,
,0x155C2B,u8,128,3,2,0x0394E2,
,0x155C2C,u8,128,3,2,0x0395E6,
,0x155C2D,u8,128,3,2,0x03986E,
,0x155C2E,u8,128,3,2,0x039972,
,0x155C2F,u8,128,2,2,0x039BFA,
,0x155C30,u8,128,2,2,0x039CF6,
,0x155C31,u8,128,6,3,0x03A612,
,0x155C32,u8,0,2,1,0x03A8B6,
,0x155C33,u8,0,3,2,0x03B190,
,0x155C34,u8,128,2,1,0x03AEF0,
,0x155C35,u8,128,4,4,0x03AB44,
,0x155C36,u8,126,1,1,0x03B38A,
,0x155C37,u8,128,1,1,0x03B3D8,
,0x155C38,u8,0,1,1,0x03B524,
,0x155C39,u8,0,1,1,0x03B524,
,0x155C3A,u8,1,1,1,0x03B524,
,0x155C3B,u8,2,1,1,0x03B524,
,0x155C3C,u8,4,1,1,0x03B524,
,0x155C3D,u8,8,1,1,0x03B524,
,0x155C3E,u8,16,1,1,0x03B524,
,0x155C3F,u8,32,1,1,0x03B524,
,0x155C40,u8,64,1,1,0x03B524,
,0x155C41,u8,255,1,1,0x03B524,
,0x155C42,u8,255,1,1,0x03B524,
,0x155C43,u8,255,1,1,0x03B524,
,0x155C44,u8,128,1,1,0x03B78C,
,0x155C45,u8,2,1,1,0x03B78C,
,0x155C46,u8,0,1,1,0x03BA5E,
,0x155C47,u8,2,1,1,0x03BA5E,
,0x155C48,u8,10,2,2,0x03C6AC,
,0x155C49,u8,10,1,1,0x03C6AC,
,0x155C4A,u8,8,1,1,0x03CCD0,
,0x155C4B,u8,2,1,1,0x03C30E,
,0x155C4C,u8,3,1,1,0x03CC08,
,0x155C4D,u8,9,2,2,0x03CCD0,
,0x155C4E,u8,128,1,1,0x03D6BC,
,0x155C4F,u8,0,2,2,0x03DA50,
,0x155C50,u8,0,4,2,0x03E42E,
,0x155C51,u8,0,1,1,0x041DA4,
,0x155C52,u8,64,2,2,0x041E76,
,0x155C53,u8,135,2,2,0x041E76,
,0x155C54,u8,255,2,2,0x041E76,
,0x155C55,u8,128,2,2,0x03EAE0,
,0x155C56,u8,128,2,2,0x03EB60,
,0x155C57,u8,0,2,2,0x03ED6A,
,0x155C58,u8,120,1,1,0x03F0BA,
,0x155C59,u8,0,1,1,0x03F200,
,0x155C5A,u8,114,1,1,0x03F200,
,0x155C5B,u8,139,1,1,0x03F200,
,0x155C5C,u8,0,1,1,0x03F200,
,0x155C5D,u8,255,1,1,0x03F200,
,0x155C5E,u8,4,2,2,0x03EFAA,
,0x155C5F,u8,4,2,2,0x03F032,
,0x155C60,u8,0,2,2,0x03F9EE,
,0x155C61,u8,6,1,1,0x03F5F4,
,0x155C62,u8,128,1,1,0x03FD98,
,0x155C63,u8,124,1,1,0x03FF20,
,0x155C64,u8,0,3,2,0x0402DA,
,0x155C65,u8,0,2,2,0x0407DE,
,0x155C66,u8,0,2,1,0x04052A,
,0x155C67,u8,85,1,1,0x040590,
,0x155C68,u8,0,1,1,0x040ADA,
,0x155C69,u8,171,2,2,0x040ADA,
,0x155C6A,u8,0,1,1,0x040C02,
,0x155C6B,u8,50,1,1,0x040A16,
,0x155C6C,u8,0,1,1,0x046DEE,
,0x155C6D,u8,8,2,2,0x045972,
,0x155C6E,u8,0,1,1,0x046CBA,
O2/Closed-Loop,0x155C6F,u8,21,1,1,0x04296C,HO2 Monitor :: Enable Max Vacuum vs Baro x RPM (flat)
,0x155C70,u8,128,1,1,0x042866,
,0x155C71,u8,128,3,2,0x040E2C,
,0x155C72,u8,128,5,4,0x041094,
,0x155C73,u8,128,2,1,0x041548,
,0x155C74,u8,0,1,1,0x0419C4,
,0x155C75,u8,0,1,1,0x041BF4,
,0x155C76,u8,20,1,1,0x041816,
,0x155C77,u8,60,1,1,0x041834,
,0x155C78,u8,60,1,1,0x041A60,
,0x155C79,u8,5,2,2,0x04192C,
,0x155C7A,u8,0,2,2,0x0423BE,
,0x155C7B,u8,0,2,2,0x0424C2,
,0x155C7C,u8,2,1,1,0x03B3D8,
,0x155C7D,u8,128,1,1,0x030716,
,0x155C7E,u8,50,1,1,0x030698,
,0x155C7F,u8,0,1,1,0x042AA0,
,0x155C80,u8,0,2,2,0x03DD8A,
,0x155C81,u8,128,2,1,0x04274A,
,0x155C82,u8,0,2,2,0x0430AC,
,0x155C83,u8,0,1,1,0x02FF50,
,0x155C84,u8,117,1,1,0x02FF50,
,0x155C85,u8,32,1,1,0x02FF50,
,0x155C86,u8,0,1,1,0x04490E,
,0x155C87,u8,0,1,1,0x04490E,
,0x155C88,u8,21,1,1,0x0447C8,
,0x155C89,u8,0,1,1,0x0447C8,
,0x155C8A,u8,0,1,1,0x044848,
,0x155C8B,u8,0,6,3,0x030BCC,
,0x155C8C,u8,0,3,3,0x043588,
,0x155C8D,u8,8,1,1,0x043FA4,
,0x155C8E,u8,124,1,1,0x0438F0,
,0x155C8F,u8,128,1,1,0x043942,
,0x155C90,u8,0,2,1,0x047D34,
,0x155C91,u8,128,2,1,0x04824C,
,0x155C92,u8,0,1,1,0x078AE0,
Speed/Wheel,0x155C93,u8,128,2,2,0x078FFC,Speed Monitor :: Threshold vs Rear Wheel Speed
,0x155C94,u8,255,1,1,0x07902E,
Fuel,0x155CAC,u32,1402472,1,1,0x04A6A8,Accel Enrichment :: TP-Change Factor
Fuel,0x155CB4,u32,1402512,1,1,0x04A6A8,Accel Enrichment :: TP-Change Factor
Fuel,0x155CBC,u32,1402552,1,1,0x04A6EA,Accel Enrichment :: TP-Change Factor
Fuel,0x155CC4,u32,1402592,1,1,0x04A6EA,Accel Enrichment :: TP-Change Factor
Fuel,0x155CCC,u32,1402712,1,1,0x04A8E2,Accel Enrichment :: TP-Change Factor
Fuel,0x155CD4,u32,1402752,1,1,0x04AA24,Accel Enrichment :: TP-Change Factor
Fuel,0x155CDC,u32,1402792,1,1,0x04A7F0,Accel Enrichment :: TP-Change Factor
Fuel,0x155CE4,u32,1402832,1,1,0x04A7F0,Accel Enrichment :: TP-Change Factor
Fuel,0x155CEC,u32,1402872,1,1,0x04A72C,Accel Enrichment :: TP-Change Factor
Fuel,0x155CF4,u32,1402912,1,1,0x04A72C,Accel Enrichment :: TP-Change Factor
Fuel,0x155CFC,u32,1402952,1,1,0x04A72C,Accel Enrichment :: TP-Change Factor
Fuel,0x155D04,u32,1402992,1,1,0x04A7F0,Accel Enrichment :: TP-Change Factor
Fuel,0x155D44,u32,1403428,1,1,0x04FC24,Accel Enrichment :: TP-Change Factor
Fuel,0x155D4C,u32,1403768,1,1,0x0498AC,Accel Enrichment :: TP-Change Factor
Fuel,0x155D54,u32,1403872,1,1,0x0498AC,Accel Enrichment :: TP-Change Factor
Fuel,0x155D5C,u32,1403976,1,1,0x0498AC,Accel Enrichment :: TP-Change Factor
Fuel,0x155D64,u32,1404080,1,1,0x049B6E,Accel Enrichment :: TP-Change Factor
Fuel,0x155D6C,u32,1404184,1,1,0x049A4E,Accel Enrichment :: TP-Change Factor
Fuel,0x155D74,u32,1404288,1,1,0x049A4E,Accel Enrichment :: TP-Change Factor
Fuel,0x155D7C,u32,1404392,1,1,0x049A4E,Accel Enrichment :: TP-Change Factor
Fuel,0x155D84,u32,1404496,1,1,0x049C4C,Accel Enrichment :: TP-Change Factor
Fuel,0x1560E4,u32,1405060,2,1,0x04CAC2,Cranking Fuel :: TP Correction (flat)
Fuel,0x1560F4,u32,1405412,1,1,0x04CAC2,Cranking Fuel :: TP Correction (flat)
Fuel,0x156104,u32,1405756,2,1,0x04CB50,Cranking Fuel :: TP Correction (flat)
Fuel,0x156114,u32,1406076,1,1,0x04CB50,Cranking Fuel :: TP Correction (flat)
Fuel,0x156924,u32,1403032,1,1,0x04DB8E,Fuel :: Afterstart Enrichment vs ECT | Stage 1
,0x166E40,u16,32637,1,1,0x04FCEE,
,0x166E44,u16,32899,1,1,0x04FCEE,
,0x166E48,u16,30720,1,1,0x04FCEE,
,0x166E4C,u16,65535,1,1,0x04FCEE,
,0x166E50,u16,131,1,1,0x04FF2E,
,0x166E54,u16,16384,1,1,0x04FF2E,
,0x166E58,u16,65535,2,2,0x03F106,
,0x166E5A,u16,65535,1,1,0x03F106,
,0x166E5C,u16,256,1,1,0x050178,
,0x166E60,u16,65280,1,1,0x050178,
,0x166E64,u16,0,1,1,0x050178,
,0x166E68,u16,65012,1,1,0x050178,
,0x166E6C,u16,1311,1,1,0x04FF2E,
,0x166E70,u16,35382,1,1,0x04FCEE,
,0x166E74,u16,49142,1,1,0x04FCEE,
,0x166E78,u16,16384,1,1,0x04F9DA,
,0x166E7C,u16,65535,1,1,0x04F9DA,
,0x166E80,u16,3277,1,1,0x050306,
Fuel,0x166E84,u16,7,1,1,0x04A72C,Accel Enrichment :: TP-Change Factor
,0x166E88,u16,1,1,1,0x050716,
Fuel,0x166E8A,u16,33282,1,1,0x05059A,Fuel :: Afterstart Enrichment vs ECT | Stage 1
,0x166E8C,u16,600,1,1,0x04E5FA,
,0x166E8E,u16,350,1,1,0x04DA54,
,0x166E90,u16,0,1,1,0x04D9BC,
,0x166E92,u16,65012,1,1,0x04D9BC,
,0x166E94,u16,32899,1,1,0x04D9BC,
,0x166E96,u16,64225,1,1,0x04DD8A,
,0x166E98,u16,18603,1,1,0x04EE84,
,0x166E9A,u16,19688,1,1,0x04EE84,
,0x166E9C,u16,65012,1,1,0x050C08,
,0x166E9E,u16,65024,2,2,0x050B42,
,0x166EA0,u16,65280,1,1,0x050B42,
,0x166EA2,u16,250,1,1,0x050B42,
,0x166EA4,u16,1000,1,1,0x05337C,
,0x166EA6,u8,255,1,1,0x050178,
,0x166EA8,u8,128,1,1,0x04FCEE,
,0x166EAA,u8,114,1,1,0x04FCEE,
,0x166EAC,u8,138,1,1,0x04FCEE,
,0x166EAE,u8,32,1,1,0x04FCEE,
,0x166EB0,u8,128,1,1,0x04FCEE,
,0x166EB2,u8,255,1,1,0x0500DE,
,0x166EB4,u8,2,1,1,0x04FCEE,
,0x166EB6,u8,50,1,1,0x04FF2E,
,0x166EB8,u16,5,1,1,0x050344,
,0x166EBA,u16,60,1,1,0x050344,
,0x166EBC,u16,75,1,1,0x050344,
,0x166EBE,u16,0,1,1,0x04FEBC,
,0x166EC0,u8,255,1,1,0x04F9DA,
,0x166EC2,u16,28836,1,1,0x050344,
,0x166EC4,u16,5,1,1,0x050344,
,0x166EC6,u16,40,1,1,0x050344,
,0x166EC8,u16,95,1,1,0x050344,
,0x166ECA,u16,1311,1,1,0x0527BA,
,0x166ECC,u16,262,1,1,0x052614,
,0x166ECE,u16,1022,1,1,0x052710,
,0x166ED0,u16,65280,1,1,0x0515D6,
,0x166ED2,u16,65024,1,1,0x0515D6,
,0x166ED4,u16,65024,1,1,0x0511AA,
,0x166ED6,u16,65280,1,1,0x0511AA,
,0x166ED8,u16,14336,1,1,0x0511AA,
,0x166EDA,u16,15360,1,1,0x0511AA,
,0x166EDC,u16,65024,1,1,0x0511AA,
,0x166EDE,u16,65280,1,1,0x0511AA,
,0x166F60,u16,33150,1,1,0x051EAA,
,0x166F62,u16,27559,1,1,0x05168C,
,0x166F64,u16,25515,1,1,0x05168C,
,0x166F66,u16,3277,1,1,0x04F1E4,
,0x166F68,u16,65024,1,1,0x04F0E6,
,0x166F6A,u16,65280,1,1,0x04F0E6,
,0x166F6C,u16,64487,1,1,0x04F0E6,
,0x166F6E,u16,65012,1,1,0x04F0E6,
,0x166F70,u16,36045,1,1,0x04F6FE,
,0x166F72,u16,10,1,1,0x049E92,
,0x166F74,u16,10,1,1,0x04A054,
,0x166F76,u16,32563,2,2,0x04A1E4,
,0x166F78,u16,32563,2,2,0x04A344,
,0x166F7A,u16,32870,2,2,0x04A1E4,
,0x166F7C,u16,32870,2,2,0x04A344,
,0x166F7E,u16,32511,2,2,0x04A1E4,
,0x166F80,u16,32511,2,2,0x04A344,
,0x166F82,u16,33025,3,3,0x04A1E4,
,0x166F84,u16,250,1,1,0x04A1E4,
,0x166F86,u16,33025,2,2,0x04A344,
,0x166F88,u16,1,1,1,0x049440,
,0x166F8A,u16,2,1,1,0x049440,
,0x166F8C,u16,1,1,1,0x04947E,
,0x166F8E,u16,2,1,1,0x04947E,
,0x166F90,u16,0,1,1,0x04954A,
,0x166F92,u16,1,1,1,0x04954A,
,0x166F94,u16,62720,1,1,0x04954A,
,0x166F96,u16,64000,1,1,0x04954A,
,0x166F98,u8,10,2,2,0x04990E,
,0x166F9A,u8,10,2,2,0x049AB2,
,0x166F9C,u8,20,2,2,0x04990E,
,0x166F9E,u8,20,2,2,0x049AB2,
,0x166FA0,u16,16384,4,4,0x0359B8,
,0x166FA2,u16,65535,1,1,0x049672,
,0x166FA4,u16,34767,1,1,0x04AFB6,
,0x166FA6,u16,32781,1,1,0x04AFB6,
,0x166FA8,u8,4,2,2,0x04B2AC,
,0x166FAA,u8,4,1,1,0x04B2AC,
,0x166FAC,u8,4,1,1,0x04B3EE,
,0x166FAE,u8,4,2,2,0x04B382,
Fuel,0x166FB0,u16,13,1,1,0x04A72C,Accel Enrichment :: TP-Change Factor
Fuel,0x166FB2,u16,13,1,1,0x04A7F0,Accel Enrichment :: TP-Change Factor
,0x166FB4,u8,4,2,2,0x04B3C6,
,0x166FB6,u8,4,1,1,0x04B4B4,
,0x166FB8,u16,64,1,1,0x0524AC,
,0x166FBA,u16,33825,1,1,0x052F26,
,0x166FBC,u16,16912,1,1,0x052F26,
,0x166FBE,u16,8456,1,1,0x052F26,
,0x166FC0,u16,4228,1,1,0x052F26,
Fuel,0x166FC2,u16,375,1,1,0x052A78,Fuel :: Afterstart Enrichment vs ECT | Stage 1
,0x166FC4,u16,0,1,1,0x04D68C,
,0x166FC6,u16,25000,1,1,0x04D68C,
,0x166FC8,u16,32768,2,1,0x04D43E,
,0x166FCA,u16,32768,1,1,0x04D43E,
,0x166FCC,u16,32768,1,1,0x04D43E,
,0x166FCE,u16,32768,1,1,0x04D43E,
Fuel,0x166FEC,u16,65280,3,3,0x04CAC2,Cranking Fuel :: TP Correction (flat)
Fuel,0x166FEE,u16,5897,2,2,0x04CAC2,Cranking Fuel :: TP Correction (flat)
Fuel,0x166FF0,u16,65012,2,2,0x04CB50,Cranking Fuel :: TP Correction (flat)
Fuel,0x166FF2,u16,26214,1,1,0x04C6E8,Fuel :: Afterstart Enrichment vs ECT | Stage 1
,0x166FF4,u16,20480,1,1,0x04C7CE,
,0x166FF6,u16,19968,1,1,0x04C7CE,
Fuel,0x166FF8,u16,1920,1,1,0x04C6E8,Fuel :: Afterstart Enrichment vs ECT | Stage 1
,0x166FFA,u16,34079,1,1,0x053564,
,0x166FFC,u16,32254,1,1,0x053564,
,0x166FFE,u16,10240,1,1,0x053564,
,0x167000,u16,7864,1,1,0x053564,
,0x167002,u16,1638,1,1,0x0534EE,
,0x167004,u16,40,1,1,0x0534EE,
,0x167006,u16,100,1,1,0x0534EE,
Fuel,0x167008,u16,32768,1,1,0x053822,Fuel :: Afterstart Enrichment vs ECT | Stage 1
,0x16700A,u16,11796,1,1,0x053564,
,0x16700C,u16,33024,1,1,0x053564,
,0x16700E,u16,31130,1,1,0x053564,
,0x167010,u16,34406,1,1,0x053564,
Fuel,0x167012,u16,24275,1,1,0x053792,Fuel :: Afterstart Enrichment vs ECT | Stage 1
Fuel,0x167014,u16,0,1,1,0x053792,Fuel :: Afterstart Enrichment vs ECT | Stage 1
Fuel,0x167016,u16,15,1,1,0x0538FA,Fuel :: Afterstart Enrichment vs ECT | Stage 1
,0x167018,u16,13107,1,1,0x048B26,
,0x16701A,u16,30147,1,1,0x048B26,
,0x16701C,u16,31457,1,1,0x048B26,
,0x16701E,u16,32778,1,1,0x048B26,
,0x167020,u16,32775,1,1,0x048B26,
,0x167022,u16,32775,1,1,0x048B26,
,0x167024,u16,50,1,1,0x048DE4,
,0x167026,u16,5120,1,1,0x048C26,
,0x167028,u16,17920,1,1,0x048C26,
,0x16702A,u16,1573,1,1,0x048C26,
,0x16702C,u16,26214,1,1,0x048C26,
,0x16702E,u16,9828,1,1,0x048C26,
,0x167030,u16,39314,1,1,0x048C26,
,0x167032,u16,230,1,1,0x048D40,
,0x167034,u16,100,1,1,0x04BAF0,
,0x167036,u16,9472,1,1,0x04BB30,
,0x167038,u16,9728,1,1,0x04BB30,
,0x16703A,u16,15360,1,1,0x04BB30,
,0x16703C,u16,15872,1,1,0x04BB30,
Fuel,0x16703E,u16,3,1,1,0x04BB92,Fuel :: Afterstart Enrichment vs ECT | Stage 1
,0x167040,u16,0,1,1,0x04BBF0,
,0x167042,u16,393,1,1,0x04BBF0,
,0x167044,u16,1992,1,1,0x04BC1C,
,0x167046,u16,2097,1,1,0x04BC1C,
,0x167048,u16,0,1,1,0x04BC48,
,0x16704A,u16,2,1,1,0x04BC48,
,0x167050,u16,13107,1,1,0x04BE74,
,0x167052,u16,0,1,1,0x04C01E,
,0x167054,u16,123,1,1,0x04BFCE,
,0x167056,u16,184,1,1,0x04BFCE,
,0x167058,u16,30000,1,1,0x04BF0E,
,0x16705A,u16,0,1,1,0x04BF0E,
,0x16705C,u16,64000,1,1,0x04BF0E,
,0x16705E,u16,65280,1,1,0x04BF0E,
Fuel,0x167060,u16,0,1,1,0x04C29E,Fuel :: Afterstart Enrichment vs ECT | Stage 1
Fuel,0x167062,u16,0,1,1,0x04C34E,Fuel :: Afterstart Enrichment vs ECT | Stage 1
Fuel,0x167064,u16,52429,1,1,0x04C34E,Fuel :: Afterstart Enrichment vs ECT | Stage 1
Fuel,0x167066,u16,128,1,1,0x04C34E,Fuel :: Afterstart Enrichment vs ECT | Stage 1
,0x167068,u16,3000,1,1,0x04C328,
,0x16706A,u16,32768,1,1,0x04C422,
,0x16706C,u16,32768,1,1,0x04C422,
,0x16706E,u16,2000,1,1,0x04BD7A,
,0x167070,u8,1,1,1,0x0509C4,
,0x167071,u8,1,1,1,0x0509C4,
,0x167072,u8,1,1,1,0x0509C4,
Fuel,0x167073,u8,0,1,1,0x0508AC,Fuel :: Afterstart Enrichment vs ECT | Stage 1
,0x167074,u8,8,1,1,0x050A56,
Fuel,0x167075,u8,6,1,1,0x05061C,Fuel :: Afterstart Enrichment vs ECT | Stage 1
Fuel,0x167076,u8,4,1,1,0x05059A,Fuel :: Afterstart Enrichment vs ECT | Stage 1
,0x167077,u8,1,1,1,0x050716,
,0x167078,u8,1,1,1,0x050716,
,0x167079,u8,128,1,1,0x04E72A,
,0x16707A,u8,3,1,1,0x04E6D4,
,0x16707B,u8,128,1,1,0x0522F8,
,0x16707C,u8,6,2,2,0x04E306,
,0x16707D,u8,0,2,2,0x04E454,
,0x16707E,u8,0,2,2,0x04E454,
Fuel,0x16707F,u8,253,1,1,0x04E332,Fuel :: Afterstart Enrichment vs ECT | Stage 1
Fuel,0x167080,u8,254,1,1,0x04E332,Fuel :: Afterstart Enrichment vs ECT | Stage 1
Fuel,0x167081,u8,128,1,1,0x04E396,Fuel :: Afterstart Enrichment vs ECT | Stage 1
Fuel,0x167082,u8,254,1,1,0x04E396,Fuel :: Afterstart Enrichment vs ECT | Stage 1
Fuel,0x167083,u8,254,3,3,0x04E242,Fuel :: Afterstart Enrichment vs ECT | Stage 1
Fuel,0x167084,u8,254,2,2,0x04E242,Fuel :: Afterstart Enrichment vs ECT | Stage 1
,0x167085,u8,8,1,1,0x04D9BC,
,0x167086,u8,255,1,1,0x04D9BC,
,0x167087,u8,20,1,1,0x04DA54,
,0x167088,u8,1,1,1,0x04DA54,
,0x167089,u8,1,1,1,0x04DA54,
,0x16708A,u8,64,1,1,0x04DDE4,
,0x16708B,u8,0,1,1,0x04DDE4,
,0x16708C,u8,128,1,1,0x04DE90,
,0x16708D,u8,100,1,1,0x04DE90,
,0x16708E,u8,39,1,1,0x04DF06,
,0x16708F,u8,250,1,1,0x050ADC,
,0x167090,u8,250,1,1,0x050C08,
,0x167091,u8,253,1,1,0x050B92,
,0x167092,u8,254,1,1,0x050B92,
Fuel,0x167093,u8,5,1,1,0x0532A4,Fuel :: Afterstart Enrichment vs ECT | Stage 1
,0x167094,u8,1,1,1,0x04FEBC,
,0x167095,u8,0,1,1,0x0527BA,
,0x167096,u8,32,1,1,0x05256C,
,0x167097,u8,16,1,1,0x05256C,
,0x167098,u8,44,1,1,0x052654,
,0x167099,u8,16,1,1,0x052654,
,0x16709A,u8,2,1,1,0x051788,
,0x16709B,u8,2,1,1,0x051788,
Fuel,0x16709C,u8,30,1,1,0x0518B2,Fuel :: Afterstart Enrichment vs ECT | Stage 1
,0x16709D,u8,38,1,1,0x05205A,
,0x16709E,u8,74,1,1,0x0520A8,
,0x16709F,u8,75,1,1,0x0520A8,
,0x1670A0,u8,95,1,1,0x0520A8,
,0x1670A1,u8,96,1,1,0x0520A8,
,0x1670A2,u8,128,1,1,0x0520A8,
,0x1670A3,u8,5,1,1,0x051EAA,
,0x1670A4,u8,1,1,1,0x051F8E,
,0x1670A5,u8,0,1,1,0x04C610,
,0x1670A6,u8,128,1,1,0x04F2A8,
,0x1670A7,u8,0,1,1,0x04F45E,
,0x1670A8,u8,130,1,1,0x04F45E,
,0x1670A9,u8,90,1,1,0x04F45E,
,0x1670AA,u8,1,1,1,0x04F1E4,
,0x1670AB,u8,20,1,1,0x04F16E,
,0x1670AC,u8,128,1,1,0x04F0E6,
,0x1670AD,u8,166,3,3,0x04F654,
,0x1670AE,u8,245,1,1,0x0494E4,
,0x1670AF,u8,254,1,1,0x0494E4,
,0x1670B0,u8,80,1,1,0x0494E4,
,0x1670B1,u8,254,1,1,0x0494E4,
,0x1670B2,u8,0,1,1,0x0495B8,
,0x1670CF,u8,5,1,1,0x04B5FA,
,0x1670D0,u8,124,1,1,0x049602,
,0x1670D1,u8,126,1,1,0x04963A,
,0x1670D2,u8,0,2,2,0x049E92,
Fuel,0x1670D3,u8,128,4,4,0x04A72C,Accel Enrichment :: TP-Change Factor
Fuel,0x1670D4,u8,1,1,1,0x04A8E2,Accel Enrichment :: TP-Change Factor
Fuel,0x1670D5,u8,1,1,1,0x04AA24,Accel Enrichment :: TP-Change Factor
,0x1670D6,u8,0,1,1,0x049E92,
,0x1670D7,u8,18,1,1,0x052B48,
,0x1670D8,u8,3,1,1,0x052F26,
,0x1670D9,u8,2,1,1,0x052F26,
,0x1670DA,u8,3,1,1,0x052F26,
,0x1670DB,u8,2,1,1,0x052F26,
,0x1670DC,u8,3,1,1,0x052F26,
,0x1670DD,u8,2,1,1,0x052F26,
,0x1670DE,u8,18,1,1,0x052C00,
,0x1670DF,u8,8,1,1,0x052F26,
,0x1670E0,u8,3,1,1,0x052F26,
,0x1670E1,u8,10,1,1,0x052F26,
,0x1670E2,u8,10,1,1,0x052F26,
,0x1670E3,u8,10,1,1,0x052F26,
,0x1670E4,u8,10,1,1,0x052F26,
,0x1670E5,u8,22,1,1,0x052ABA,
,0x1670E6,u8,139,2,2,0x04E6D4,
Fuel,0x1670E7,u8,128,5,5,0x04CAC2,Cranking Fuel :: TP Correction (flat)
,0x1670E8,u8,0,1,1,0x04D43E,
,0x1670E9,u8,0,1,1,0x04D43E,
,0x1670EA,u8,0,1,1,0x04D43E,
,0x1670EB,u8,0,1,1,0x04D43E,
,0x1670EC,u8,128,1,1,0x04D1EA,
,0x1670ED,u8,0,4,4,0x04CFFA,
,0x1670EE,u8,128,1,1,0x04D68C,
,0x1670EF,u8,128,1,1,0x04D68C,
,0x1670F0,u8,128,1,1,0x04D68C,
,0x1670F1,u8,128,1,1,0x04D68C,
,0x1670F2,u8,105,1,1,0x04D68C,
,0x1670F3,u8,128,2,1,0x04D43E,
,0x1670F4,u8,128,1,1,0x04D43E,
,0x1670F5,u8,128,1,1,0x04D43E,
,0x1670F6,u8,128,1,1,0x04D43E,
,0x1670F7,u8,0,1,1,0x04D1EA,
Fuel,0x1670F8,u8,0,101,101,0x031048,Fuel :: Afterstart Enrichment vs ECT | Stage 1 | Speed Monitor :: Threshold vs Rear Wheel Speed
,0x1670F9,u8,0,2,2,0x045AEC,
,0x167100,u8,4,2,1,0x04DCD0,
,0x167101,u8,126,1,1,0x04DBE8,
Fuel,0x167102,u8,3,2,2,0x04CAC2,Cranking Fuel :: TP Correction (flat)
,0x167103,u8,128,1,1,0x04CF7C,
Fuel,0x167104,u8,125,1,1,0x04C6E8,Fuel :: Afterstart Enrichment vs ECT | Stage 1
,0x167105,u8,128,1,1,0x04C92E,
,0x167106,u8,69,1,1,0x0534B6,
,0x167107,u8,75,1,1,0x0534B6,
Fuel,0x167108,u8,1,1,1,0x053822,Fuel :: Afterstart Enrichment vs ECT | Stage 1
,0x167109,u8,1,1,1,0x053564,
,0x16710A,u8,60,1,1,0x04C594,
,0x16710B,u8,0,1,1,0x04C538,
,0x16710C,u8,78,1,1,0x04C538,
,0x16710D,u8,0,1,1,0x048ADC,
,0x16710E,u8,114,1,1,0x048C26,
,0x16710F,u8,138,1,1,0x048C26,
,0x167110,u8,32,1,1,0x048C26,
,0x167111,u8,128,1,1,0x048C26,
Fuel,0x167112,u8,14,1,1,0x05294E,Fuel :: Afterstart Enrichment vs ECT | Stage 1
Fuel,0x167113,u8,0,3,3,0x04BDDA,Fuel :: Afterstart Enrichment vs ECT | Stage 1
,0x167114,u8,91,1,1,0x04BC78,
,0x167115,u8,96,1,1,0x04BC78,
,0x167116,u8,124,1,1,0x04BCA4,
,0x167117,u8,25,1,1,0x04BFCE,
,0x167118,u8,127,1,1,0x04C074,
,0x167119,u8,127,1,1,0x04C074,
,0x16711A,u8,128,1,1,0x04C10E,
,0x16711C,u16,32768,4,4,0x04F9DA,
,0x16711E,u16,32768,3,3,0x04F9DA,
,0x16713C,u16,32768,2,2,0x06A55C,
,0x16713E,u16,32768,2,2,0x06A55C,
,0x16715C,u16,34079,1,1,0x04FF2E,
,0x16719C,u16,31457,1,1,0x04FF2E,
,0x1671DC,u32,1470643,1,1,0x049830,
,0x167214,u32,1470657,1,1,0x0499D2,
,0x167264,u32,1470720,1,1,0x04DCD0,
,0x167268,u32,1470416,1,1,0x04DBBA,
,0x167284,u32,1470418,1,1,0x04DBBA,
Ignition,0x167458,u32,1472992,1,1,0x05803A,Ignition :: Transient One-Shot Correction (Correction-22)
Ignition,0x1674F8,u32,1473512,1,1,0x05976E,Ignition :: Ride-Mode Retard vs ECT | Mode A (flat 0) | Ignition :: Transient One-Shot Correction (Correction-22)
Ignition,0x167758,u32,1477860,1,1,0x0557BA,Ignition :: Transient One-Shot Correction (Correction-22)
Ignition,0x168D84,u32,4277152642,1,1,0x0561D6,Ignition :: Ride-Mode Retard vs ECT | Mode A (flat 0)
Ignition,0x168D90,u32,1477996,1,1,0x0561D6,Ignition :: Ride-Mode Retard vs ECT | Mode A (flat 0)
,0x170130,u16,65535,1,1,0x056546,
,0x170132,u16,65535,1,1,0x0587F8,
,0x170134,u16,2083,4,4,0x019748,
,0x170136,u16,65280,1,1,0x057D8A,
,0x170138,u16,65024,1,1,0x057D8A,
,0x17013A,u16,60000,1,1,0x057D8A,
Ignition,0x17013C,u16,33292,1,1,0x056F9E,Ignition :: Ride-Mode Retard vs ECT | Mode A (flat 0)
Ignition,0x17013E,u16,40632,2,2,0x056F9E,Ignition :: Ride-Mode Retard vs ECT | Mode A (flat 0)
Ignition,0x170140,u16,64487,1,1,0x056F9E,Ignition :: Ride-Mode Retard vs ECT | Mode A (flat 0)
Ignition,0x170142,u16,65012,1,1,0x056F9E,Ignition :: Ride-Mode Retard vs ECT | Mode A (flat 0)
,0x170144,u16,33292,1,1,0x057036,
,0x170146,u16,157,1,1,0x058D36,
,0x170148,u16,6554,1,1,0x058FB0,
,0x17014A,u16,58982,1,1,0x058FB0,
,0x17014C,u16,1,1,1,0x058FB0,
,0x17014E,u16,10,1,1,0x058DF4,
,0x170150,u16,10,1,1,0x058DF4,
,0x170152,u16,786,1,1,0x058DF4,
,0x170154,u16,26214,1,1,0x058DF4,
,0x170156,u16,1,1,1,0x058F2C,
,0x170158,u16,20,1,1,0x058F2C,
,0x17015A,u16,3072,1,1,0x057EC4,
,0x17015C,u16,1024,1,1,0x057F24,
Ignition,0x17015E,u16,144,1,1,0x05803A,Ignition :: Transient One-Shot Correction (Correction-22)
,0x170160,u16,64225,1,1,0x058226,
,0x170162,u16,64000,1,1,0x058226,
,0x170164,u16,65024,1,1,0x0582D2,
,0x170166,u16,65280,1,1,0x0582D2,
,0x170168,u16,105,1,1,0x0582F8,
,0x17016A,u16,157,1,1,0x0582F8,
,0x17016C,u16,11392,4,1,0x057AB2,
,0x17016E,u16,15104,4,1,0x057AB2,
,0x170170,u16,11392,1,1,0x057AB2,
,0x170172,u16,13952,1,1,0x057AB2,
,0x170174,u16,11392,1,1,0x057AB2,
,0x170176,u16,13952,1,1,0x057AB2,
,0x170178,u16,18350,2,2,0x0572B8,
,0x17017A,u16,768,1,1,0x057BD2,
,0x17017C,u16,20972,1,1,0x057324,
,0x17017E,u16,36700,1,1,0x057324,
,0x170180,u16,36700,1,1,0x0573AC,
,0x170182,u16,28160,1,1,0x05753C,
,0x170184,u16,31744,1,1,0x05753C,
,0x170186,u16,34304,1,1,0x05753C,
,0x170188,u16,37888,1,1,0x05753C,
,0x17018A,u16,2560,1,1,0x057626,
,0x17018C,u16,3200,1,1,0x057626,
,0x17018E,u16,7040,1,1,0x057626,
,0x170190,u16,7680,1,1,0x057626,
,0x170192,u16,0,1,1,0x057996,
,0x170194,u16,0,1,1,0x057884,
,0x170196,u16,1000,1,1,0x0572E8,
,0x170198,u16,0,1,1,0x057996,
Ignition,0x17019A,u16,65012,1,1,0x056EC4,Ignition :: Ride-Mode Retard vs ECT | Mode A (flat 0)
Ignition,0x17019C,u16,65024,1,1,0x056EC4,Ignition :: Ride-Mode Retard vs ECT | Mode A (flat 0)
Ignition,0x17019E,u16,65280,1,1,0x056EC4,Ignition :: Ride-Mode Retard vs ECT | Mode A (flat 0)
Ignition,0x1701A0,u16,0,1,1,0x056EC4,Ignition :: Ride-Mode Retard vs ECT | Mode A (flat 0)
,0x1701A2,u16,1280,1,1,0x055B26,
,0x1701A4,u16,2560,1,1,0x055B48,
,0x1701A6,u16,250,1,1,0x055C44,
,0x1701A8,u16,4096,1,1,0x055CB0,
,0x1701AA,u16,1,1,1,0x055CB0,
,0x1701AC,u16,75,1,1,0x055CFA,
,0x1701AE,u16,35328,2,2,0x055D1C,
,0x1701B0,u16,32973,1,1,0x055D1C,
,0x1701B2,u16,1,1,1,0x055D1C,
,0x1701B4,u16,256,1,1,0x055D72,
,0x1701B6,u16,2,1,1,0x055D72,
,0x1701B8,u16,250,1,1,0x055DBC,
,0x1701BA,u16,33101,1,1,0x055DDE,
,0x1701BC,u16,2,1,1,0x055DDE,
,0x1701BE,u16,3,2,2,0x053CA2,
,0x1701C0,u16,4480,2,2,0x053BC8,
,0x1701C2,u16,65280,2,2,0x053BC8,
,0x1701C4,u16,2097,2,2,0x053BF0,
,0x1701C6,u16,768,1,1,0x053C7E,
,0x1701C8,u16,64000,1,1,0x054D80,
,0x1701CA,u16,25,1,1,0x054D80,
,0x1701CC,u16,3,1,1,0x054D80,
,0x1701CE,u16,188,1,1,0x054E02,
,0x1701D0,u16,185,1,1,0x054E02,
,0x1701D2,u16,182,1,1,0x054E02,
,0x1701D4,u16,150,1,1,0x054E02,
,0x1701D6,u16,120,1,1,0x054E02,
,0x1701D8,u16,91,1,1,0x054E02,
,0x1701DA,u16,74,1,1,0x054E02,
,0x1701DC,u16,62,1,1,0x054E02,
,0x1701DE,u16,44,1,1,0x054E02,
,0x1701E0,u16,34,1,1,0x054E02,
,0x1701E2,u16,19,1,1,0x054E02,
Ignition,0x1701E4,u16,240,1,1,0x055016,Ignition :: Ride-Mode Retard vs ECT | Mode A (flat 0)
,0x1701E6,u16,0,2,2,0x054098,
,0x1701E8,u16,7,1,1,0x054098,
,0x1701EA,u16,65535,1,1,0x05411E,
Ignition,0x1701EC,u16,0,1,1,0x055016,Ignition :: Ride-Mode Retard vs ECT | Mode A (flat 0)
Ignition,0x1701EE,u16,0,1,1,0x055016,Ignition :: Ride-Mode Retard vs ECT | Mode A (flat 0)
Ignition,0x1701F0,u16,0,1,1,0x055016,Ignition :: Ride-Mode Retard vs ECT | Mode A (flat 0)
Ignition,0x1701F2,u16,0,1,1,0x055016,Ignition :: Ride-Mode Retard vs ECT | Mode A (flat 0)
Ignition,0x1701F4,u16,0,1,1,0x055016,Ignition :: Ride-Mode Retard vs ECT | Mode A (flat 0)
Ignition,0x1701F6,u16,0,1,1,0x055016,Ignition :: Ride-Mode Retard vs ECT | Mode A (flat 0)
Ignition,0x1701F8,u16,0,1,1,0x055016,Ignition :: Ride-Mode Retard vs ECT | Mode A (flat 0)
Ignition,0x1701FA,u16,0,1,1,0x055016,Ignition :: Ride-Mode Retard vs ECT | Mode A (flat 0)
Ignition,0x1701FC,u16,0,1,1,0x055016,Ignition :: Ride-Mode Retard vs ECT | Mode A (flat 0)
Ignition,0x1701FE,u16,0,1,1,0x055016,Ignition :: Ride-Mode Retard vs ECT | Mode A (flat 0)
Ignition,0x170200,u16,0,2,1,0x055016,Ignition :: Ride-Mode Retard vs ECT | Mode A (flat 0)
,0x170202,u16,20480,3,3,0x05534A,
Ignition,0x170204,u16,4480,1,1,0x054792,Ignition :: Ride-Mode Retard vs ECT | Mode A (flat 0)
Ignition,0x170206,u16,4992,1,1,0x054792,Ignition :: Ride-Mode Retard vs ECT | Mode A (flat 0)
,0x170208,u16,3,1,1,0x0545B6,
,0x17020A,u16,16384,1,1,0x05460C,
,0x17020C,u16,1,1,1,0x05460C,
,0x17020E,u16,4096,1,1,0x054656,
,0x170210,u16,1,1,1,0x054656,
,0x170212,u16,4719,1,1,0x0546A0,
,0x170214,u16,0,1,1,0x0546EA,
Ignition,0x170216,u16,0,1,1,0x05721A,Ignition :: Ride-Mode Retard vs ECT | Mode A (flat 0)
Ignition,0x170218,u16,256,1,1,0x05721A,Ignition :: Ride-Mode Retard vs ECT | Mode A (flat 0)
Ignition,0x17021A,u16,0,1,1,0x05721A,Ignition :: Ride-Mode Retard vs ECT | Mode A (flat 0)
,0x17021C,u8,0,1,1,0x0564AC,
,0x17021D,u8,0,1,1,0x0564AC,
,0x17021E,u8,0,1,1,0x0564AC,
,0x17021F,u8,0,1,1,0x0564AC,
,0x170220,u8,0,1,1,0x0564AC,
,0x170221,u8,0,1,1,0x0564AC,
,0x170222,u8,128,1,1,0x0565D8,
Ignition,0x170223,u8,128,1,1,0x05657E,Ignition :: Ride-Mode Retard vs ECT | Mode A (flat 0)
,0x170224,u8,0,1,1,0x057A42,
,0x170225,u8,8,2,2,0x05636C,
,0x170226,u8,8,1,1,0x05637A,
,0x170227,u8,255,1,1,0x05637A,
,0x170228,u8,10,1,1,0x05637A,
,0x170229,u8,125,1,1,0x05637A,
,0x17022A,u8,26,1,1,0x058A4C,
,0x17022B,u8,255,1,1,0x058A4C,
Ignition,0x17022C,u8,128,3,3,0x0588F6,Ignition :: Ride-Mode Retard vs ECT | Mode A (flat 0) | Ignition :: Transient One-Shot Correction (Correction-22)
,0x17022D,u8,64,1,1,0x058A4C,
,0x17022E,u8,0,1,1,0x0588F6,
,0x17022F,u8,128,1,1,0x05869E,
Ignition,0x170230,u8,0,1,1,0x0585FE,Ignition :: Ride-Mode Retard vs ECT | Mode A (flat 0)
,0x170231,u8,255,1,1,0x058784,
,0x170232,u8,255,1,1,0x058784,
,0x170233,u8,255,1,1,0x058784,
,0x170234,u8,255,1,1,0x058784,
,0x170235,u8,20,1,1,0x0585B6,
,0x170236,u8,0,1,1,0x056A36,
,0x170237,u8,254,1,1,0x056954,
,0x170238,u8,255,1,1,0x056954,
,0x170239,u8,252,1,1,0x056954,
,0x17023A,u8,253,1,1,0x056954,
,0x17023B,u8,0,1,1,0x057DE0,
,0x17023C,u8,254,1,1,0x056F60,
Ignition,0x17023D,u8,254,1,1,0x056F9E,Ignition :: Ride-Mode Retard vs ECT | Mode A (flat 0)
Ignition,0x17023E,u8,255,1,1,0x056F9E,Ignition :: Ride-Mode Retard vs ECT | Mode A (flat 0)
,0x17023F,u8,1,1,1,0x057082,
,0x170240,u8,1,1,1,0x057082,
,0x170241,u8,255,1,1,0x057082,
,0x170242,u8,4,1,1,0x05716E,
,0x170243,u8,1,1,1,0x05716E,
Ignition,0x170244,u8,10,1,1,0x05920C,Ignition :: Ride-Mode Retard vs ECT | Mode A (flat 0)
Ignition,0x170245,u8,128,1,1,0x05920C,Ignition :: Ride-Mode Retard vs ECT | Mode A (flat 0)
Ignition,0x170246,u8,0,1,1,0x05920C,Ignition :: Ride-Mode Retard vs ECT | Mode A (flat 0)
,0x170247,u8,10,1,1,0x0590B0,
,0x170248,u8,4,1,1,0x0590B0,
Ignition,0x170249,u8,10,1,1,0x05903A,Ignition :: Ride-Mode Retard vs ECT | Mode A (flat 0)
Ignition,0x17024A,u8,128,1,1,0x05903A,Ignition :: Ride-Mode Retard vs ECT | Mode A (flat 0)
Ignition,0x17024B,u8,0,1,1,0x05903A,Ignition :: Ride-Mode Retard vs ECT | Mode A (flat 0)
,0x17024C,u8,90,1,1,0x0590B0,
,0x17024D,u8,170,1,1,0x0590B0,
,0x17024E,u8,20,1,1,0x059294,
,0x17024F,u8,25,1,1,0x059294,
,0x170250,u8,1,1,1,0x059294,
,0x170251,u8,120,1,1,0x059344,
,0x170252,u8,1,1,1,0x059344,
Ignition,0x170253,u8,20,1,1,0x0593A6,Ignition :: Ride-Mode Retard vs ECT | Mode A (flat 0)
Ignition,0x170254,u8,1,1,1,0x0593A6,Ignition :: Ride-Mode Retard vs ECT | Mode A (flat 0)
,0x170255,u8,0,1,1,0x058D36,
,0x170256,u8,5,1,1,0x058CF8,
,0x170257,u8,11,1,1,0x058CF8,
,0x170258,u8,126,1,1,0x058DD8,
,0x170259,u8,1,1,1,0x0594CA,
,0x17025A,u8,2,1,1,0x0594CA,
,0x17025B,u8,2,1,1,0x0594CA,
,0x17025C,u8,2,1,1,0x0594CA,
,0x17025D,u8,3,1,1,0x0594CA,
,0x17025E,u8,3,1,1,0x0594CA,
Ignition,0x17025F,u8,128,1,1,0x059634,Ignition :: Ride-Mode Retard vs ECT | Mode A (flat 0)
,0x170260,u8,1,1,1,0x05952A,
,0x170261,u8,1,1,1,0x05952A,
,0x170262,u8,1,1,1,0x05952A,
,0x170263,u8,1,1,1,0x05952A,
,0x170264,u8,1,1,1,0x05952A,
,0x170265,u8,1,1,1,0x05952A,
,0x170266,u8,1,1,1,0x059586,
,0x170267,u8,1,1,1,0x059586,
,0x170268,u8,1,1,1,0x059586,
,0x170269,u8,3,1,1,0x059586,
,0x17026A,u8,3,1,1,0x059586,
,0x17026B,u8,3,1,1,0x059586,
,0x17026C,u8,1,1,1,0x058226,
,0x17026D,u8,253,1,1,0x058200,
,0x17026E,u8,254,1,1,0x058200,
,0x17026F,u8,2,1,1,0x05831E,
,0x170270,u8,128,1,1,0x05836A,
,0x170271,u8,128,1,1,0x05836A,
,0x170272,u8,128,1,1,0x05836A,
,0x170273,u8,128,1,1,0x05836A,
,0x170274,u8,128,1,1,0x05836A,
,0x170275,u8,128,1,1,0x05836A,
,0x170276,u8,0,1,1,0x05836A,
Ignition,0x170277,u8,2,2,2,0x057744,Ignition :: Ride-Mode Retard vs ECT | Mode A (flat 0)
Ignition,0x170278,u8,28,2,2,0x057744,Ignition :: Ride-Mode Retard vs ECT | Mode A (flat 0)
Ignition,0x170279,u8,4,2,2,0x057744,Ignition :: Ride-Mode Retard vs ECT | Mode A (flat 0)
Ignition,0x17027A,u8,8,2,2,0x057744,Ignition :: Ride-Mode Retard vs ECT | Mode A (flat 0)
Ignition,0x17027B,u8,16,2,2,0x057744,Ignition :: Ride-Mode Retard vs ECT | Mode A (flat 0)
,0x17027C,u8,6,1,1,0x057BD2,
,0x17027D,u8,128,1,1,0x057288,
,0x17027E,u8,16,1,1,0x057324,
,0x17027F,u8,0,2,2,0x05744C,
,0x170280,u8,80,1,1,0x05744C,
,0x170281,u8,5,1,1,0x05744C,
,0x170282,u8,0,1,1,0x05753C,
,0x170283,u8,0,2,2,0x057626,
,0x170284,u8,26,1,1,0x057CA2,
,0x170285,u8,0,1,1,0x057626,
Ignition,0x170286,u8,1,1,1,0x057710,Ignition :: Ride-Mode Retard vs ECT | Mode A (flat 0)
,0x170287,u8,6,1,1,0x057884,
,0x170288,u8,3,1,1,0x0578FC,
,0x170289,u8,1,1,1,0x056BAA,
,0x17028A,u8,255,1,1,0x056BAA,
,0x17028B,u8,1,1,1,0x056BAA,
,0x17028C,u8,255,1,1,0x056BAA,
,0x17028D,u8,1,1,1,0x056BAA,
,0x17028E,u8,255,1,1,0x056BAA,
,0x17028F,u8,1,1,1,0x056BAA,
,0x170290,u8,255,1,1,0x056BAA,
,0x170291,u8,1,1,1,0x056BAA,
,0x170292,u8,255,1,1,0x056BAA,
,0x170293,u8,1,1,1,0x056BAA,
,0x170294,u8,255,1,1,0x056BAA,
,0x170295,u8,1,1,1,0x056BAA,
,0x170296,u8,255,1,1,0x056BAA,
,0x170297,u8,1,1,1,0x056BAA,
,0x170298,u8,255,1,1,0x056BAA,
,0x170299,u8,1,1,1,0x056BAA,
,0x17029A,u8,255,1,1,0x056BAA,
,0x17029B,u8,1,1,1,0x056BAA,
,0x17029C,u8,255,1,1,0x056BAA,
,0x17029D,u8,1,1,1,0x056BAA,
,0x17029E,u8,255,1,1,0x056BAA,
,0x17029F,u8,1,1,1,0x056BAA,
,0x1702A0,u8,255,1,1,0x056BAA,
,0x1702A9,u8,0,1,1,0x056D70,
Ignition,0x1702AA,u8,254,1,1,0x056EC4,Ignition :: Ride-Mode Retard vs ECT | Mode A (flat 0)
,0x1702AB,u8,128,2,2,0x055E6A,
,0x1702AC,u8,126,1,1,0x055B04,
,0x1702AD,u8,5,1,1,0x05595C,
,0x1702AE,u8,20,1,1,0x055A7A,
Ignition,0x1702AF,u8,1,1,1,0x056264,Ignition :: Ride-Mode Retard vs ECT | Mode A (flat 0)
Ignition,0x1702B0,u8,255,1,1,0x056264,Ignition :: Ride-Mode Retard vs ECT | Mode A (flat 0)
,0x1702B1,u8,3,1,1,0x05614E,
,0x1702B2,u8,3,1,1,0x05614E,
,0x1702B3,u8,3,1,1,0x05614E,
,0x1702B4,u8,3,1,1,0x05614E,
,0x1702B5,u8,3,1,1,0x05614E,
,0x1702B6,u8,3,1,1,0x05614E,
Ignition,0x1702B7,u8,1,1,1,0x056264,Ignition :: Ride-Mode Retard vs ECT | Mode A (flat 0)
Ignition,0x1702B8,u8,255,2,1,0x056264,Ignition :: Ride-Mode Retard vs ECT | Mode A (flat 0)
Ignition,0x1702B9,u8,1,1,1,0x0561D6,Ignition :: Ride-Mode Retard vs ECT | Mode A (flat 0)
Ignition,0x1702BA,u8,2,1,1,0x0561D6,Ignition :: Ride-Mode Retard vs ECT | Mode A (flat 0)
Ignition,0x1702BB,u8,2,1,1,0x0561D6,Ignition :: Ride-Mode Retard vs ECT | Mode A (flat 0)
Ignition,0x1702BC,u8,3,1,1,0x0561D6,Ignition :: Ride-Mode Retard vs ECT | Mode A (flat 0)
Ignition,0x1702BD,u8,3,1,1,0x0561D6,Ignition :: Ride-Mode Retard vs ECT | Mode A (flat 0)
Ignition,0x1702BE,u8,3,1,1,0x0561D6,Ignition :: Ride-Mode Retard vs ECT | Mode A (flat 0)
,0x1702BF,u8,126,2,2,0x053C4C,
,0x1702C0,u8,255,1,1,0x053DC6,
,0x1702C1,u8,13,1,1,0x053C0C,
,0x1702C2,u8,0,1,1,0x054E02,
,0x1702C3,u8,128,1,1,0x054E02,
Ignition,0x1702C4,u8,0,1,1,0x055016,Ignition :: Ride-Mode Retard vs ECT | Mode A (flat 0)
,0x1702C5,u8,13,1,1,0x05400E,
,0x1702C6,u8,30,1,1,0x054488,
,0x1702C7,u8,128,1,1,0x0545B6,
,0x1702C8,u8,255,1,1,0x0546EA,
,0x1702C9,u8,4,1,1,0x0546A0,
Ignition,0x1702CA,u8,3,1,1,0x054792,Ignition :: Ride-Mode Retard vs ECT | Mode A (flat 0)
,0x1702CB,u8,1,6,6,0x0543CC,
Idle/Fan,0x1710A0,u16,128,1,1,0x05A07A,Idle Control :: IAT Factor (flat)
,0x1710A2,u16,0,1,1,0x05A13C,
,0x1710A4,u16,128,1,1,0x05A13C,
,0x1710A6,u16,157,1,1,0x059FEC,
,0x1710A8,u16,262,1,1,0x059FEC,
,0x1710AA,u16,410,1,1,0x05A982,
Idle/Fan,0x1710AC,u16,32640,1,1,0x05AD08,Idle Control :: IAT Factor (flat)
Idle/Fan,0x1710AE,u16,32896,1,1,0x05AD08,Idle Control :: IAT Factor (flat)
Idle/Fan,0x1710B0,u16,65261,1,1,0x05AC34,Idle Control :: IAT Factor (flat)
Idle/Fan,0x1710B2,u16,0,1,1,0x05AC34,Idle Control :: IAT Factor (flat)
,0x1710B4,u16,157,2,2,0x05A3C4,
,0x1710B6,u16,1573,2,2,0x05A3C4,
,0x1710B8,u16,75,1,1,0x05A620,
,0x1710BA,u16,1049,4,4,0x05A35C,
,0x1710BC,u16,105,3,3,0x05A35C,
,0x1710BE,u16,1573,3,3,0x05A35C,
,0x1710C0,u16,32384,1,1,0x05A3C4,
,0x1710C2,u16,33152,1,1,0x05A3C4,
,0x1710C4,u16,16,1,1,0x05A620,
,0x1710C6,u16,16,1,1,0x05A620,
,0x1710C8,u16,524,1,1,0x05A620,
,0x1710CA,u16,524,1,1,0x05A620,
,0x1710CC,u16,0,1,1,0x05A3C4,
,0x1710CE,u16,64000,1,1,0x05A982,
,0x1710D0,u16,64000,1,1,0x05B1FA,
,0x1710D2,u16,250,1,1,0x05B1FA,
,0x1710D4,u16,1311,1,1,0x05B252,
,0x1710D6,u16,1311,1,1,0x05B494,
,0x1710D8,u16,19968,2,2,0x05B382,
,0x1710DA,u16,0,1,1,0x05B382,
,0x1710DC,u16,130,1,1,0x05B382,
,0x1710DE,u16,30,1,1,0x05B382,
,0x1710E0,u16,52429,1,1,0x05B382,
Idle/Fan,0x1710E2,u16,0,2,2,0x05A2EA,Idle Control :: IAT Factor (flat)
,0x1710E4,u16,0,1,1,0x059D34,
,0x1710E6,u16,1049,1,1,0x059D34,
,0x1710E8,u16,0,1,1,0x059C0E,
,0x1710EA,u16,262,1,1,0x059C7E,
,0x1710EC,u16,51,1,1,0x05B016,
Idle/Fan,0x1710EE,u16,21,1,1,0x05B0C8,Idle Control :: IAT Factor (flat)
Idle/Fan,0x1710F0,u16,13,1,1,0x05B0C8,Idle Control :: IAT Factor (flat)
,0x1710F2,u16,262,1,1,0x05AFE8,
,0x1710F4,u16,144,1,1,0x05AFE8,
,0x1710F6,u8,1,1,1,0x05A178,
,0x1710F7,u8,1,1,1,0x05A178,
,0x1710F8,u8,4,1,1,0x05A22C,
,0x1710F9,u8,1,1,1,0x05A908,
,0x1710FA,u8,0,1,1,0x05A908,
Idle/Fan,0x1710FB,u8,6,1,1,0x05AD08,Idle Control :: IAT Factor (flat)
Idle/Fan,0x1710FC,u8,128,1,1,0x05AD08,Idle Control :: IAT Factor (flat)
Idle/Fan,0x1710FD,u8,254,1,1,0x05AC34,Idle Control :: IAT Factor (flat)
Idle/Fan,0x1710FE,u8,0,1,1,0x05AC34,Idle Control :: IAT Factor (flat)
,0x1710FF,u8,128,2,2,0x05A35C,
,0x171100,u8,25,1,1,0x05A3C4,
,0x171101,u8,117,1,1,0x05A3C4,
,0x171102,u8,137,1,1,0x05A3C4,
,0x171103,u8,30,1,1,0x05A3C4,
,0x171104,u8,25,1,1,0x05AB6E,
Idle/Fan,0x171105,u8,1,1,1,0x05B2A2,Idle Control :: IAT Factor (flat)
Idle/Fan,0x171106,u8,1,1,1,0x05B2A2,Idle Control :: IAT Factor (flat)
Idle/Fan,0x171107,u8,1,1,1,0x05B2A2,Idle Control :: IAT Factor (flat)
Idle/Fan,0x171108,u8,1,1,1,0x05B2A2,Idle Control :: IAT Factor (flat)
Idle/Fan,0x171109,u8,1,1,1,0x05B2A2,Idle Control :: IAT Factor (flat)
Idle/Fan,0x17110A,u8,1,1,1,0x05B2A2,Idle Control :: IAT Factor (flat)
,0x17110B,u8,255,1,1,0x059D34,
,0x17110C,u8,1,1,1,0x059C7E,
,0x17110D,u8,0,1,1,0x05AEDA,
Idle/Fan,0x17110E,u8,1,1,1,0x05AF24,Idle Control :: IAT Factor (flat)
Idle/Fan,0x17110F,u8,1,1,1,0x05AF24,Idle Control :: IAT Factor (flat)
Idle/Fan,0x171110,u8,1,1,1,0x05AF24,Idle Control :: IAT Factor (flat)
Idle/Fan,0x171111,u8,1,1,1,0x05AF24,Idle Control :: IAT Factor (flat)
Idle/Fan,0x171112,u8,1,1,1,0x05AF24,Idle Control :: IAT Factor (flat)
Idle/Fan,0x171113,u8,1,1,1,0x05AF24,Idle Control :: IAT Factor (flat)
Idle/Fan,0x171114,u8,18,1,1,0x0599D8,Idle Control :: IAT Factor (flat)
Idle/Fan,0x171115,u8,2,1,1,0x0599D8,Idle Control :: IAT Factor (flat)
,0x171116,u16,1,1,1,0x06406A,
,0x171118,u16,37888,2,2,0x05DF94,
,0x17111A,u16,3985,1,1,0x05DCC0,
,0x17111C,u16,36674,1,1,0x05DCC0,
,0x17111E,u16,32827,1,1,0x05BA0C,
,0x171120,u16,2000,1,1,0x05BA0C,
,0x171122,u16,280,1,1,0x05B96E,
,0x171124,u16,1000,1,1,0x05B96E,
,0x171126,u16,0,1,1,0x05BB60,
,0x171128,u16,2560,1,1,0x05BB10,
,0x17112A,u16,409,1,1,0x05BD7C,
,0x17112C,u16,819,1,1,0x05BD7C,
,0x17112E,u16,7501,1,1,0x0BB4F8,
,0x171130,u16,2048,1,1,0x0BBB9E,
,0x171132,u16,7501,1,1,0x0BBB9E,
,0x171134,u16,640,1,1,0x0BBDC2,
,0x171136,u16,2048,1,1,0x0BBDC2,
,0x171138,u16,7501,1,1,0x0BBDC2,
,0x17113A,u16,640,1,1,0x0BC5CA,
,0x17113C,u16,512,20,20,0x05DD74,
,0x17113E,u16,2083,1,1,0x0BB4F8,
,0x171140,u16,60,1,1,0x05E05E,
,0x171143,u8,128,1,1,0x05DF94,
,0x171144,u8,25,1,1,0x05DF94,
,0x171145,u8,25,1,1,0x05DF94,
,0x171146,u8,100,1,1,0x05DD74,
,0x171147,u8,20,1,1,0x05DCC0,
,0x171148,u8,30,1,1,0x05DCC0,
,0x171149,u8,125,1,1,0x05DDD2,
,0x17114A,u8,10,1,1,0x05DDD2,
,0x17114B,u8,100,1,1,0x05DDD2,
,0x17114C,u8,3,1,1,0x05DDD2,
,0x17114D,u8,128,1,1,0x05DDD2,
,0x17114E,u8,128,1,1,0x05BA0C,
,0x17114F,u8,128,1,1,0x05B96E,
,0x171150,u8,21,1,1,0x05BCA8,
,0x171151,u8,171,1,1,0x05BCA8,
,0x171152,u8,107,1,1,0x05BD12,
,0x171153,u8,171,1,1,0x05BD12,
,0x171154,u8,0,1,1,0x05BC1C,
,0x171155,u8,255,1,1,0x05BC1C,
,0x171156,u8,0,1,1,0x05BC1C,
,0x171157,u8,255,1,1,0x05BC1C,
Fuel,0x171158,u8,4,2,2,0x05C5E0,Meter Fuel Consumption :: RPM Factor
,0x171159,u8,14,1,1,0x05CC00,
,0x17115A,u8,0,3,3,0x05C2BC,
,0x17115B,u8,1,1,1,0x05DAFA,
,0x17115C,u8,36,1,1,0x05DB56,
,0x17115D,u8,117,2,2,0x0BBB9E,
,0x17115E,u8,80,1,1,0x0BBE3C,
,0x17115F,u8,160,1,1,0x0BBE3C,
,0x171160,u8,255,1,1,0x0BBFA0,
,0x171161,u8,128,3,3,0x05D06C,
,0x171162,u8,0,6,6,0x05D12C,
,0x171163,u8,128,3,3,0x05D19C,
,0x171164,u8,128,3,3,0x05D1CE,
,0x171165,u8,128,4,4,0x05D23C,
,0x171166,u8,0,3,3,0x05D37A,
,0x171167,u8,128,17,17,0x05D3B8,
,0x171168,u8,0,4,4,0x05D0C0,
,0x171169,u8,128,1,1,0x05CBA0,
,0x17116A,u8,128,1,1,0x05CBD2,
,0x17116B,u8,0,13,13,0x02FF50,
,0x17116C,u8,0,1,1,0x05E05E,
,0x17116D,u8,128,1,1,0x05E0E0,
Speed/Wheel,0x1719CC,u32,1513664,1,1,0x078942,Speed Monitor :: Threshold vs Rear Wheel Speed
Speed/Wheel,0x1719D0,u32,1513704,1,1,0x078942,Speed Monitor :: Threshold vs Rear Wheel Speed
Speed/Wheel,0x1719D4,u32,1513744,1,1,0x078942,Speed Monitor :: Threshold vs Rear Wheel Speed
Speed/Wheel,0x1719D8,u32,1513784,1,1,0x078942,Speed Monitor :: Threshold vs Rear Wheel Speed
Speed/Wheel,0x1719DC,u32,1513824,1,1,0x078942,Speed Monitor :: Threshold vs Rear Wheel Speed
Speed/Wheel,0x1719E0,u32,1513864,1,1,0x078942,Speed Monitor :: Threshold vs Rear Wheel Speed
Speed/Wheel,0x1719E4,u32,1513904,1,1,0x078942,Speed Monitor :: Threshold vs Rear Wheel Speed
,0x172D40,u32,50000,1,1,0x0653B6,
,0x172D44,u32,50000,1,1,0x0653B6,
,0x172D48,u16,128,2,2,0x0772C6,
,0x172D4A,u16,52,2,2,0x077192,
,0x172D4C,u16,20,1,1,0x076FDA,
,0x172D4E,u16,3072,1,1,0x076FDA,
,0x172D50,u16,12000,1,1,0x076FDA,
,0x172D52,u16,1000,1,1,0x07708A,
,0x172D54,u16,2408,1,1,0x068204,
,0x172D56,u16,0,1,1,0x06836A,
,0x172D58,u16,6144,1,1,0x068252,
,0x172D5A,u16,10240,1,1,0x068252,
,0x172D5C,u16,15360,1,1,0x068252,
,0x172D5E,u16,23040,1,1,0x068252,
,0x172D60,u16,600,1,1,0x068252,
,0x172D62,u16,600,1,1,0x068252,
,0x172D64,u16,1200,1,1,0x068252,
,0x172D66,u16,1800,1,1,0x068252,
,0x172D68,u16,2400,1,1,0x068252,
,0x172D6A,u16,256,1,1,0x077732,
,0x172D6C,u16,250,1,1,0x0777A8,
,0x172D6E,u16,8,1,1,0x0777A8,
,0x172D70,u16,2560,1,1,0x07770C,
,0x172D72,u16,263,1,1,0x0777A8,
,0x172D74,u16,11,1,1,0x0777A8,
,0x172D76,u16,393,1,1,0x06E02C,
,0x172D78,u8,8,1,1,0x06DC64,
,0x172D80,u16,9830,3,3,0x06A55C,
,0x172D82,u16,15990,3,3,0x06A55C,
,0x172D84,u16,15283,2,2,0x06E150,
,0x172D86,u16,8192,2,2,0x06E150,
,0x172D88,u16,22374,2,2,0x06E150,
,0x172D8A,u16,31116,2,2,0x06E150,
,0x172D8C,u16,39859,2,2,0x06E150,
,0x172D8E,u16,48601,2,2,0x06E150,
,0x172D90,u16,57344,2,2,0x06E150,
,0x172D92,u16,29485,1,1,0x06E02C,
,0x172D94,u16,51108,1,1,0x06E02C,
,0x172D96,u16,45416,1,1,0x06D850,
,0x172D98,u16,51839,1,1,0x06D850,
,0x172D9A,u16,53281,1,1,0x06D850,
,0x172D9C,u16,59703,1,1,0x06D850,
,0x172D9E,u16,65535,1,1,0x06E2DE,
,0x172DA0,u16,40370,1,1,0x067FFC,
,0x172DA2,u16,1664,2,2,0x067D6A,
,0x172DA4,u16,1920,1,1,0x067F72,
,0x172DA6,u16,24960,1,1,0x067F72,
,0x172DA8,u16,25600,1,1,0x067F72,
,0x172DAA,u16,33152,1,1,0x067B38,
,0x172DAC,u16,32896,1,1,0x067B38,
,0x172DAE,u16,128,1,1,0x067BC0,
,0x172DB0,u16,1024,1,1,0x067BC0,
,0x172DB2,u16,16896,1,1,0x067BC0,
,0x172DB4,u16,128,1,1,0x067BC0,
,0x172DB6,u16,786,1,1,0x067CF4,
,0x172DB8,u16,33292,1,1,0x0679F8,
,0x172DBA,u16,0,1,1,0x067A60,
,0x172DBC,u16,1,1,1,0x076D7E,
,0x172DBE,u16,1,1,1,0x076D7E,
,0x172DC0,u16,65535,1,1,0x076D7E,
,0x172DC2,u16,65535,1,1,0x076D7E,
,0x172DC4,u16,65535,1,1,0x076E5A,
,0x172DC6,u16,2560,1,1,0x076E5A,
,0x172DC8,u16,614,1,1,0x076E5A,
,0x172DCA,u16,50,1,1,0x076E5A,
,0x172DCC,u16,2,1,1,0x076D7E,
,0x172DCE,u16,1,1,1,0x076D7E,
,0x172DD0,u16,630,1,1,0x076E5A,
,0x172DD2,u16,3000,1,1,0x076E5A,
,0x172DD4,u16,300,1,1,0x065218,
,0x172DD6,u16,1280,2,2,0x0287AA,
,0x172DD8,u16,2560,1,1,0x06516A,
,0x172DDA,u16,29491,1,1,0x066868,
,0x172DDC,u16,32768,1,1,0x066868,
,0x172DDE,u16,0,1,1,0x066A84,
,0x172DE0,u16,8,4,4,0x06659A,
,0x172DE2,u16,248,3,3,0x06659A,
,0x172DE4,u16,64487,1,1,0x0656C0,
,0x172DE6,u16,65012,1,1,0x0656C0,
,0x172DE8,u16,65024,1,1,0x06574E,
,0x172DEA,u16,65280,1,1,0x06574E,
,0x172DEC,u16,3931,1,1,0x06577A,
,0x172DEE,u16,5897,1,1,0x06577A,
,0x172DF0,u16,64868,1,1,0x06577A,
,0x172DF2,u16,65261,1,1,0x06577A,
,0x172DF4,u16,0,1,1,0x06581A,
,0x172DF6,u16,128,1,1,0x06581A,
,0x172DF8,u16,62720,1,1,0x06581A,
,0x172DFA,u16,64000,1,1,0x06581A,
,0x172DFC,u16,64487,1,1,0x065898,
,0x172DFE,u16,65012,1,1,0x065898,
,0x172E00,u16,65024,1,1,0x065926,
,0x172E02,u16,65280,1,1,0x065926,
,0x172E04,u16,3931,1,1,0x065952,
,0x172E06,u16,5897,1,1,0x065952,
,0x172E08,u16,26733,1,1,0x065952,
,0x172E0A,u16,28699,1,1,0x065952,
,0x172E0C,u16,65261,1,1,0x0659E2,
,0x172E0E,u16,65535,1,1,0x0659E2,
,0x172E10,u16,65280,1,1,0x066EEC,
,0x172E12,u16,65000,1,1,0x066EEC,
,0x172E14,u16,250,1,1,0x066EEC,
,0x172E16,u16,250,1,1,0x067018,
,0x172E18,u16,65000,1,1,0x0670DE,
Speed/Wheel,0x172E1A,u16,1966,1,1,0x07A96E,Speed Monitor :: Threshold vs Rear Wheel Speed
Speed/Wheel,0x172E1C,u16,410,1,1,0x07AA60,Speed Monitor :: Threshold vs Rear Wheel Speed
Speed/Wheel,0x172E1E,u16,819,1,1,0x07AA60,Speed Monitor :: Threshold vs Rear Wheel Speed
Speed/Wheel,0x172E20,u16,1800,1,1,0x07ABF8,Speed Monitor :: Threshold vs Rear Wheel Speed
Speed/Wheel,0x172E22,u16,100,1,1,0x07ABF8,Speed Monitor :: Threshold vs Rear Wheel Speed
Speed/Wheel,0x172E24,u16,65535,1,1,0x07ABF8,Speed Monitor :: Threshold vs Rear Wheel Speed
Speed/Wheel,0x172E26,u16,32767,1,1,0x07ABF8,Speed Monitor :: Threshold vs Rear Wheel Speed
,0x172E28,u16,90,1,1,0x07ABAE,
,0x172E2A,u16,300,1,1,0x0663C2,
,0x172E2C,u16,255,1,1,0x065CDE,
,0x172E2E,u16,7680,1,1,0x0661AA,
,0x172E30,u16,6400,1,1,0x0661AA,
,0x172E32,u16,1933,1,1,0x066204,
,0x172E34,u16,1920,1,1,0x066204,
,0x172E36,u16,16384,1,1,0x078058,
,0x172E38,u16,512,2,2,0x077A8C,
,0x172E3A,u16,192,1,1,0x077A8C,
,0x172E3C,u16,0,1,1,0x077A8C,
,0x172E3E,u16,58982,1,1,0x078214,
,0x172E40,u16,19661,1,1,0x078214,
,0x172E42,u16,6554,1,1,0x078214,
,0x172E44,u16,65535,1,1,0x078214,
,0x172E46,u16,0,1,1,0x078214,
,0x172E48,u16,410,1,1,0x078214,
,0x172E4A,u16,3277,1,1,0x078058,
,0x172E4C,u16,124,1,1,0x07790A,
,0x172E4E,u16,4500,1,1,0x078534,
,0x172E50,u16,100,1,1,0x078534,
,0x172E52,u16,14909,1,1,0x078534,
,0x172E54,u16,0,1,1,0x078534,
,0x172E56,u16,0,1,1,0x078534,
Speed/Wheel,0x172E58,u16,32768,1,1,0x078308,Speed Monitor :: Threshold vs Rear Wheel Speed
Speed/Wheel,0x172E5A,u16,0,1,1,0x078308,Speed Monitor :: Threshold vs Rear Wheel Speed
Speed/Wheel,0x172E5C,u16,36699,2,2,0x0782CC,Speed Monitor :: Threshold vs Rear Wheel Speed
,0x172E5E,u16,33548,2,2,0x0779AE,
,0x172E60,u16,32768,1,1,0x077CC0,
,0x172E62,u16,34406,1,1,0x077CC0,
,0x172E64,u16,128,1,1,0x077CC0,
,0x172E66,u16,8192,1,1,0x077CC0,
Speed/Wheel,0x172E68,u16,3,1,1,0x077DC2,Speed Monitor :: Threshold vs Rear Wheel Speed
Speed/Wheel,0x172E6A,u16,44800,1,1,0x077DC2,Speed Monitor :: Threshold vs Rear Wheel Speed
Speed/Wheel,0x172E6C,u16,3,1,1,0x077DC2,Speed Monitor :: Threshold vs Rear Wheel Speed
Speed/Wheel,0x172E6E,u16,3,1,1,0x077DC2,Speed Monitor :: Threshold vs Rear Wheel Speed
,0x172E70,u16,16384,1,1,0x078058,
,0x172E72,u16,25,1,1,0x077F14,
,0x172E74,u16,32768,1,1,0x077F14,
,0x172E76,u16,3277,1,1,0x077F14,
,0x172E78,u16,33,1,1,0x078058,
,0x172E7A,u16,192,2,2,0x077C18,
,0x172E7C,u16,14582,1,1,0x078058,
,0x172E7E,u16,1638,1,1,0x0783EC,
,0x172E80,u16,1638,1,1,0x07843C,
,0x172E82,u16,40,1,1,0x0783EC,
,0x172E84,u16,40,1,1,0x07843C,
,0x172E86,u16,1,1,1,0x0779D6,
,0x172E88,u16,4,1,1,0x0779D6,
,0x172E8A,u16,45,1,1,0x0779D6,
,0x172E8C,u16,30,1,1,0x077D50,
,0x172E8E,u16,13107,1,1,0x078058,
,0x172E90,u16,12,2,2,0x079384,
,0x172E92,u16,0,1,1,0x078CB8,
,0x172E94,u16,4,1,1,0x078CB8,
,0x172E96,u16,1020,1,1,0x078CB8,
,0x172E98,u16,553,4,4,0x0415D6,
,0x172E9A,u16,463,1,1,0x07902E,
,0x172E9C,u16,204,3,3,0x07899C,
,0x172E9E,u16,828,3,3,0x07899C,
,0x172EA0,u16,2560,1,1,0x07872E,
,0x172EA2,u16,7040,2,2,0x079CBA,
,0x172EA4,u16,3000,3,3,0x079E38,
,0x172EA6,u16,33678,1,1,0x064506,
,0x172EA8,u16,38229,1,1,0x064506,
,0x172EAA,u16,3840,1,1,0x064506,
,0x172EAC,u16,640,1,1,0x06463C,
,0x172EAE,u16,1280,1,1,0x06463C,
,0x172EB0,u16,640,1,1,0x06471E,
,0x172EB2,u16,5400,1,1,0x064B28,
,0x172EB4,u16,40050,1,1,0x064B28,
,0x172EB6,u16,4300,1,1,0x064B28,
,0x172EB8,u16,144,1,1,0x064B28,
,0x172EBA,u16,4250,1,1,0x064B28,
,0x172EBC,u16,10240,1,1,0x064B28,
,0x172EBE,u16,7680,1,1,0x064B28,
,0x172EC0,u16,4200,1,1,0x064B28,
,0x172EC2,u16,524,1,1,0x064698,
,0x172EC4,u16,60,1,1,0x0648A6,
,0x172EC6,u16,3200,1,1,0x064B28,
,0x172EC8,u8,50,1,1,0x077370,
,0x172EC9,u8,112,2,2,0x077192,
,0x172ECA,u8,212,2,2,0x077192,
,0x172ECB,u8,189,2,2,0x0681D4,
,0x172ECC,u8,226,2,2,0x0681D4,
,0x172ECD,u8,128,2,2,0x07766E,
,0x172ECE,u8,0,1,1,0x07766E,
,0x172ECF,u8,14,1,1,0x06D4CC,
,0x172ED0,u8,25,1,1,0x067FFC,
,0x172ED1,u8,254,1,1,0x067FFC,
,0x172ED2,u8,255,1,1,0x067FFC,
,0x172ED3,u8,53,1,1,0x067DC4,
,0x172ED4,u8,64,1,1,0x067DC4,
,0x172ED5,u8,4,1,1,0x0680AE,
,0x172ED6,u8,4,1,1,0x0680AE,
,0x172ED7,u8,128,1,1,0x067D6A,
,0x172ED8,u8,0,1,1,0x067B7A,
,0x172ED9,u8,128,1,1,0x067B7A,
,0x172EDA,u8,50,1,1,0x067BC0,
,0x172EDB,u8,5,1,1,0x067BC0,
,0x172EDC,u8,5,1,1,0x067BC0,
,0x172EDD,u8,15,1,1,0x067CF4,
,0x172EDE,u8,5,1,1,0x067CF4,
,0x172EDF,u8,10,1,1,0x0679F8,
,0x172EE0,u8,254,1,1,0x067A60,
,0x172EE1,u8,20,1,1,0x07864A,
,0x172EE2,u8,128,1,1,0x076EE4,
,0x172EE3,u8,128,1,1,0x076D7E,
,0x172EE4,u8,134,2,2,0x067750,
,0x172EE5,u8,128,2,2,0x067750,
,0x172EE6,u8,128,1,1,0x067820,
,0x172EE7,u8,200,2,2,0x067820,
,0x172EE8,u8,6,1,1,0x065072,
,0x172EE9,u8,255,1,1,0x0650D0,
,0x172EEA,u8,100,1,1,0x065128,
,0x172EEB,u8,50,1,1,0x06516A,
,0x172EEC,u8,0,1,1,0x0651AC,
,0x172EED,u8,70,1,1,0x0653B6,
,0x172EEE,u8,128,5,5,0x05CE7C,
Speed/Wheel,0x172EEF,u8,203,1,1,0x06660C,Speed Monitor :: Threshold vs Rear Wheel Speed
,0x172EF0,u8,120,1,1,0x0665CE,
,0x172EF1,u8,125,1,1,0x0665CE,
Speed/Wheel,0x172EF2,u8,124,1,1,0x06660C,Speed Monitor :: Threshold vs Rear Wheel Speed
,0x172EF3,u8,1,1,1,0x066868,
,0x172EF4,u8,128,1,1,0x066868,
,0x172EF5,u8,1,1,1,0x066868,
,0x172EF6,u8,128,1,1,0x066868,
,0x172EF7,u8,4,1,1,0x066868,
,0x172EF8,u8,0,1,1,0x066AEE,
,0x172EF9,u8,128,1,1,0x065C2E,
,0x172EFA,u8,0,1,1,0x065A6A,
,0x172EFB,u8,0,1,1,0x0656EC,
,0x172EFC,u8,1,1,1,0x0656EC,
,0x172EFD,u8,253,1,1,0x0656EC,
,0x172EFE,u8,254,1,1,0x0656EC,
,0x172EFF,u8,126,1,1,0x0657EA,
,0x172F00,u8,128,1,1,0x06581A,
,0x172F01,u8,0,1,1,0x065B08,
,0x172F02,u8,0,1,1,0x0658C4,
,0x172F03,u8,1,1,1,0x0658C4,
,0x172F04,u8,253,1,1,0x0658C4,
,0x172F05,u8,254,1,1,0x0658C4,
,0x172F06,u8,128,4,4,0x031210,
,0x172F07,u8,75,1,1,0x066EEC,
,0x172F08,u8,2,1,1,0x066CF2,
,0x172F09,u8,10,1,1,0x066CF2,
,0x172F0A,u8,0,2,2,0x0670DE,
,0x172F0B,u8,2,1,1,0x066CF2,
,0x172F0C,u8,10,1,1,0x066CF2,
Speed/Wheel,0x172F0D,u8,0,4,4,0x02FF50,Speed Monitor :: Threshold vs Rear Wheel Speed
,0x172F0E,u8,75,1,1,0x07AA22,
,0x172F0F,u8,85,1,1,0x07AA22,
,0x172F10,u8,128,2,2,0x066452,
,0x172F11,u8,128,4,4,0x065E96,
,0x172F12,u8,128,1,1,0x0661D0,
,0x172F13,u8,6,1,1,0x065FEA,
,0x172F14,u8,64,1,1,0x0660A8,
,0x172F15,u8,128,1,1,0x066394,
,0x172F16,u8,128,1,1,0x06613E,
,0x172F17,u8,112,1,1,0x065DD8,
,0x172F18,u8,108,1,1,0x065DD8,
,0x172F19,u8,155,1,1,0x065DFE,
,0x172F1A,u8,149,1,1,0x065DFE,
,0x172F1B,u8,144,1,1,0x065E24,
,0x172F1C,u8,139,1,1,0x065E24,
,0x172F1D,u8,6,1,1,0x065E96,
,0x172F1E,u8,64,1,1,0x065F54,
,0x172F1F,u8,149,1,1,0x065E4A,
,0x172F20,u8,144,1,1,0x065E4A,
,0x172F21,u8,139,1,1,0x065E70,
,0x172F22,u8,133,1,1,0x065E70,
,0x172F23,u8,24,1,1,0x066290,
,0x172F24,u8,0,3,3,0x07A684,
,0x172F25,u8,128,3,3,0x07A684,
,0x172F26,u8,0,1,1,0x078058,
,0x172F27,u8,32,1,1,0x078058,
,0x172F28,u8,255,6,6,0x039F22,
,0x172F29,u8,3,1,1,0x078534,
,0x172F2A,u8,128,1,1,0x06D3C4,
,0x172F2B,u8,128,1,1,0x06D3C4,
,0x172F2C,u8,128,1,1,0x06A55C,
Speed/Wheel,0x172F2D,u8,0,1,1,0x078308,Speed Monitor :: Threshold vs Rear Wheel Speed
,0x172F2E,u8,128,1,1,0x0782CC,
Speed/Wheel,0x172F2F,u8,0,1,1,0x077DC2,Speed Monitor :: Threshold vs Rear Wheel Speed
Speed/Wheel,0x172F30,u8,0,1,1,0x077DC2,Speed Monitor :: Threshold vs Rear Wheel Speed
Speed/Wheel,0x172F31,u8,0,1,1,0x077DC2,Speed Monitor :: Threshold vs Rear Wheel Speed
,0x172F32,u8,128,5,5,0x04C92E,
,0x172F33,u8,24,2,2,0x04CA04,
,0x172F34,u8,3,2,2,0x079384,
,0x172F35,u8,4,2,2,0x079384,
,0x172F36,u8,20,2,2,0x079384,
,0x172F37,u8,20,1,1,0x078CB8,
,0x172F38,u8,75,2,2,0x078AE0,
,0x172F39,u8,1,1,1,0x078AE0,
,0x172F3A,u8,48,1,1,0x07902E,
,0x172F3B,u8,5,1,1,0x078E9A,
,0x172F3C,u8,5,1,1,0x078E9A,
,0x172F3D,u8,1,1,1,0x078E9A,
,0x172F3E,u8,26,1,1,0x078E9A,
,0x172F3F,u8,3,1,1,0x078A26,
,0x172F40,u8,4,1,1,0x078A26,
,0x172F41,u8,1,1,1,0x078A26,
,0x172F42,u8,30,1,1,0x078A26,
Speed/Wheel,0x172F43,u8,161,1,1,0x07919A,Speed Monitor :: Threshold vs Rear Wheel Speed
Speed/Wheel,0x172F44,u8,10,1,1,0x07919A,Speed Monitor :: Threshold vs Rear Wheel Speed
Speed/Wheel,0x172F45,u8,0,1,1,0x07919A,Speed Monitor :: Threshold vs Rear Wheel Speed
,0x172F46,u8,20,1,1,0x079124,
Speed/Wheel,0x172F47,u8,40,2,2,0x079124,Speed Monitor :: Threshold vs Rear Wheel Speed
,0x172F48,u8,255,1,1,0x078DD4,
,0x172F49,u8,60,2,2,0x078AE0,
,0x172F4A,u8,1,1,1,0x078AE0,
,0x172F4B,u8,128,12,12,0x05CFFC,
,0x172F4C,u8,29,1,1,0x078744,
,0x172F4D,u8,25,1,1,0x0787C2,
,0x172F4E,u8,29,1,1,0x078776,
,0x172F4F,u8,40,1,1,0x078858,
,0x172F50,u8,0,1,1,0x07A3C8,
,0x172F51,u8,255,2,2,0x079CBA,
,0x172F52,u8,200,1,1,0x079DFE,
,0x172F53,u8,20,1,1,0x07A2C0,
,0x172F54,u8,160,1,1,0x079CBA,
,0x172F55,u8,30,1,1,0x07A2C0,
,0x172F56,u8,10,2,2,0x079E38,
,0x172F57,u8,100,1,1,0x07A2C0,
,0x172F59,u8,5,3,3,0x064EC4,
,0x172F5A,u8,128,1,1,0x064F82,
,0x172F5B,u8,1,1,1,0x064B28,
,0x172F5C,u8,2,1,1,0x064B28,
,0x172F5D,u8,30,1,1,0x064B28,
,0x172F5E,u8,10,1,1,0x064B28,
,0x172F5F,u8,11,1,1,0x064B28,
,0x172F60,u8,3,1,1,0x064B28,
,0x172F61,u8,4,1,1,0x064B28,
,0x172F62,u8,30,1,1,0x064B28,
,0x172F63,u8,5,1,1,0x064B28,
,0x172F64,u8,6,1,1,0x0648F2,
,0x172F65,u8,0,2,2,0x0646C8,
,0x172F66,u8,0,1,1,0x064B28,
,0x172F68,u8,10,1,1,0x066266,
,0x172F84,u8,0,1,1,0x066290,
,0x1742B0,u32,9748,2,2,0x087292,
,0x1742B4,u16,3840,1,1,0x01B6B4,
,0x1742BC,u16,691,1,1,0x082CBA,
,0x1742BE,u16,64,1,1,0x082F5A,
,0x1742C0,u16,41,2,2,0x0853A8,
,0x1742C2,u16,123,2,2,0x0853A8,
,0x1742C4,u16,246,2,2,0x0853A8,
,0x1742C6,u16,8,2,2,0x0853A8,
,0x1742C8,u16,625,1,1,0x0853A8,
,0x1742CA,u16,41,1,1,0x0853A8,
,0x1742CC,u16,123,1,1,0x0853A8,
,0x1742CE,u16,625,1,1,0x0853A8,
,0x1742D0,u16,125,1,1,0x085576,
,0x1742D2,u16,92,3,3,0x03C6AC,
,0x1742D4,u16,92,1,1,0x08525C,
,0x1742D6,u16,41,1,1,0x08591A,
,0x1742D8,u16,123,1,1,0x08591A,
,0x1742DA,u16,246,1,1,0x08591A,
,0x1742DC,u16,6,1,1,0x08591A,
,0x1742DE,u16,625,1,1,0x08591A,
,0x1742E0,u16,41,1,1,0x08591A,
,0x1742E2,u16,123,1,1,0x08591A,
,0x1742E4,u16,625,1,1,0x08591A,
,0x1742E6,u16,102,1,1,0x085840,
,0x1742E8,u16,41,1,1,0x085840,
,0x1742EA,u16,128,1,1,0x083CD6,
,0x1742EC,u16,32576,1,1,0x0871B0,
,0x1742EE,u16,32960,1,1,0x0871B0,
,0x1742F0,u16,1280,1,1,0x0870C8,
,0x1742F2,u16,43705,1,1,0x083982,
,0x1742F4,u16,24905,1,1,0x083982,
,0x1742F6,u16,47688,6,6,0x05A7A8,
,0x1742F8,u16,43705,1,1,0x0836C6,
,0x1742FA,u16,0,1,1,0x0836C6,
,0x1742FC,u16,192,1,1,0x08377C,
,0x1742FE,u16,192,1,1,0x08377C,
,0x174300,u16,781,1,1,0x0831E8,
,0x174302,u16,1920,1,1,0x0831E8,
,0x174304,u16,64,1,1,0x083140,
,0x174306,u16,46399,1,1,0x082622,
,0x174308,u16,46399,1,1,0x082722,
,0x17430A,u16,9175,2,2,0x082622,
,0x17430C,u16,17039,2,2,0x082722,
,0x17430E,u16,48628,4,4,0x06A55C,
,0x174310,u16,56492,4,4,0x06A55C,
,0x174312,u16,46399,1,1,0x082966,
,0x174314,u16,3670,1,1,0x082966,
,0x174316,u16,3670,1,1,0x082966,
,0x174318,u16,52101,1,1,0x082A04,
,0x17431A,u16,60201,1,1,0x082A04,
,0x17431C,u16,2048,1,1,0x084C06,
,0x17431E,u16,1000,1,1,0x084CD0,
,0x174320,u16,1000,1,1,0x084CD0,
,0x174322,u16,1311,1,1,0x084CD0,
Sensors,0x174324,u16,13107,1,1,0x084DC0,Sensor :: ECT Conversion (ADC -&gt; deg C) | Main
Sensors,0x174326,u16,13107,1,1,0x084DC0,Sensor :: ECT Conversion (ADC -&gt; deg C) | Main
Sensors,0x174328,u16,13894,2,2,0x06E150,Sensor :: ECT Conversion (ADC -&gt; deg C) | Main
Sensors,0x17432A,u16,16646,2,2,0x06E150,Sensor :: ECT Conversion (ADC -&gt; deg C) | Main
Sensors,0x17432C,u16,5243,2,2,0x06E150,Sensor :: ECT Conversion (ADC -&gt; deg C) | Main
Sensors,0x17432E,u16,11141,2,2,0x06E150,Sensor :: ECT Conversion (ADC -&gt; deg C) | Main
Sensors,0x174330,u16,19399,2,2,0x06E150,Sensor :: ECT Conversion (ADC -&gt; deg C) | Main
Sensors,0x174332,u16,25297,2,2,0x06E150,Sensor :: ECT Conversion (ADC -&gt; deg C) | Main
Sensors,0x174334,u16,28180,2,2,0x06E150,Sensor :: ECT Conversion (ADC -&gt; deg C) | Main
Sensors,0x174336,u16,34079,2,2,0x06E150,Sensor :: ECT Conversion (ADC -&gt; deg C) | Main
Sensors,0x174338,u16,36831,2,2,0x06E150,Sensor :: ECT Conversion (ADC -&gt; deg C) | Main
Sensors,0x17433A,u16,42861,2,2,0x06E150,Sensor :: ECT Conversion (ADC -&gt; deg C) | Main
Sensors,0x17433C,u16,45613,2,2,0x06E150,Sensor :: ECT Conversion (ADC -&gt; deg C) | Main
Sensors,0x17433E,u16,51642,2,2,0x06E150,Sensor :: ECT Conversion (ADC -&gt; deg C) | Main
Sensors,0x174340,u16,54395,2,2,0x06E150,Sensor :: ECT Conversion (ADC -&gt; deg C) | Main
Sensors,0x174342,u16,60293,2,2,0x06E150,Sensor :: ECT Conversion (ADC -&gt; deg C) | Main
,0x174344,u16,44302,1,1,0x085F40,
,0x174346,u16,44302,1,1,0x085FDE,
,0x174348,u16,46032,2,2,0x085F40,
,0x17434A,u16,60162,2,2,0x085FDE,
,0x17434C,u16,7340,2,2,0x085F40,
,0x17434E,u16,11796,2,2,0x085FDE,
,0x174350,u16,5400,2,2,0x06D7DA,
,0x174352,u16,8153,2,2,0x06D7DA,
,0x174354,u16,9280,2,2,0x06D7DA,
,0x174356,u16,15440,2,2,0x06D7DA,
,0x174358,u16,9280,1,1,0x0863AA,
,0x17435A,u16,15440,1,1,0x08651C,
,0x17435C,u16,5400,1,1,0x0863AA,
,0x17435E,u16,8153,1,1,0x08651C,
,0x174360,u16,126,1,1,0x0863AA,
,0x174362,u16,157,1,1,0x08651C,
,0x174364,u16,100,1,1,0x0863AA,
,0x174366,u16,105,1,1,0x08651C,
,0x174368,u16,38692,1,1,0x08617C,
,0x17436A,u16,3932,1,1,0x08617C,
,0x17436C,u16,3932,1,1,0x08617C,
,0x17436E,u16,5112,1,1,0x08621A,
,0x174370,u16,9437,1,1,0x08621A,
Sensors,0x174372,u16,5782,1,1,0x086872,Sensor :: ECT Conversion (ADC -&gt; deg C) | Main
Sensors,0x174374,u16,6302,1,1,0x086928,Sensor :: ECT Conversion (ADC -&gt; deg C) | Main
,0x174376,u16,64,4,4,0x05D880,
Sensors,0x174378,u16,44800,3,3,0x0869C8,Sensor :: ECT Conversion (ADC -&gt; deg C) | Main
,0x17437A,u16,128,2,2,0x0869C8,
Sensors,0x17437C,u16,1692,2,2,0x086CF0,Sensor :: ECT Conversion (ADC -&gt; deg C) | Main
Sensors,0x17437E,u16,2711,2,2,0x086CF0,Sensor :: ECT Conversion (ADC -&gt; deg C) | Main
,0x174380,u16,410,1,1,0x086796,
,0x174382,u16,125,1,1,0x086796,
Sensors,0x174384,u16,5792,1,1,0x086872,Sensor :: ECT Conversion (ADC -&gt; deg C) | Main
,0x174386,u16,1280,1,1,0x086F14,
,0x174388,u16,1280,1,1,0x086F14,
Sensors,0x17438A,u16,128,1,1,0x086FFA,Sensor :: ECT Conversion (ADC -&gt; deg C) | Main
,0x17438C,u16,3,14,14,0x087A94,
,0x17438E,u16,3,14,14,0x087A94,
,0x174390,u16,15,1,1,0x0883FC,
,0x174392,u16,15,1,1,0x0883FC,
,0x174394,u16,15,1,1,0x0883FC,
,0x174396,u16,15,1,1,0x0883FC,
,0x174398,u16,3,1,1,0x0883FC,
,0x17439A,u16,10,1,1,0x0884AA,
,0x17439C,u16,10,1,1,0x0884AA,
,0x17439E,u16,10,1,1,0x0884AA,
,0x1743A0,u16,10,1,1,0x0884AA,
,0x1743A2,u16,3,1,1,0x0884AA,
,0x1743A4,u16,1500,1,1,0x08865C,
,0x1743A6,u16,65535,1,1,0x0886A2,
,0x1743A8,u16,65535,2,2,0x0886FA,
,0x1743AA,u16,50,4,4,0x087C7A,
,0x1743AC,u16,3,4,4,0x087C7A,
,0x1743AE,u16,13894,2,2,0x0847DC,
,0x1743B0,u16,16646,2,2,0x0847DC,
,0x1743B2,u16,4981,2,2,0x02BF72,
,0x1743B4,u16,11141,3,3,0x02BF72,
,0x1743B6,u16,19399,3,3,0x02BF72,
,0x1743B8,u16,25297,3,3,0x02BF72,
,0x1743BA,u16,27525,3,3,0x02BF72,
,0x1743BC,u16,34734,3,3,0x02BF72,
,0x1743BE,u16,36307,3,3,0x02BF72,
,0x1743C0,u16,43385,3,3,0x02BF72,
,0x1743C2,u16,44958,3,3,0x02BF72,
,0x1743C4,u16,52167,3,3,0x02BF72,
,0x1743C6,u16,53740,3,3,0x02BF72,
,0x1743C8,u16,61604,2,2,0x02BF72,
,0x1743CA,u16,13,1,1,0x084A6C,
,0x1743CC,u16,12957,1,1,0x07DE8A,
,0x1743CE,u16,250,1,1,0x081854,
,0x1743D0,u16,250,1,1,0x081854,
,0x1743D2,u16,250,11,11,0x0802CE,
,0x1743D4,u16,250,11,11,0x0802CE,
,0x1743D6,u16,100,1,1,0x08155E,
,0x1743D8,u16,2000,3,3,0x08155E,
,0x1743DA,u16,30,1,1,0x0815C8,
,0x1743DC,u16,250,1,1,0x081B1C,
,0x1743DE,u16,250,1,1,0x081BD8,
,0x1743E0,u16,250,1,1,0x081C94,
,0x1743E2,u16,250,1,1,0x081D7A,
,0x1743E4,u16,250,1,1,0x081E0E,
,0x1743E6,u16,250,1,1,0x081ECC,
,0x1743E8,u16,250,1,1,0x081F8A,
,0x1743EA,u16,250,1,1,0x082072,
,0x1743EC,u16,14,1,1,0x088F6A,
,0x1743EE,u16,2,1,1,0x088F6A,
,0x1743F2,u16,5888,1,1,0x088F6A,
,0x1743F4,u16,10304,1,1,0x088F6A,
,0x1743F6,u16,6144,1,1,0x088F6A,
,0x1743F8,u16,10560,1,1,0x088F6A,
,0x1743FA,u16,44800,1,1,0x07BBCA,
,0x1743FC,u16,5243,1,1,0x07BBCA,
,0x1743FE,u16,44800,1,1,0x07BC2E,
,0x174400,u16,5243,1,1,0x07BC2E,
,0x174402,u16,44800,1,1,0x07BC84,
,0x174404,u16,5243,1,1,0x07BC84,
,0x174406,u16,44800,1,1,0x07BCC2,
,0x174408,u16,5243,1,1,0x07BCC2,
,0x17440A,u16,44800,1,1,0x07BD00,
,0x17440C,u16,5243,1,1,0x07BD00,
,0x17440E,u16,44800,1,1,0x07BD4C,
,0x174410,u16,5243,1,1,0x07BD4C,
,0x174412,u16,640,1,1,0x07D5BA,
,0x174414,u16,262,1,1,0x07D5BA,
,0x174416,u16,200,1,1,0x07D64C,
,0x174418,u16,44800,1,1,0x07BD8A,
,0x17441A,u16,5243,1,1,0x07BD8A,
,0x17441C,u16,1280,1,1,0x07D38C,
,0x17441E,u16,1572,1,1,0x07D38C,
,0x174420,u16,10,1,1,0x07C04A,
,0x174422,u16,44800,1,1,0x07C2F0,
,0x174424,u16,44040,1,1,0x07C2F0,
,0x174426,u16,32921,1,1,0x089540,
,0x174428,u16,32615,1,1,0x089540,
,0x17442A,u16,1000,1,1,0x0898B2,
,0x17442C,u16,32800,1,1,0x0898B2,
,0x17442E,u16,100,1,1,0x089F88,
Sensors,0x174430,u16,640,1,1,0x08A118,Sensor :: ECT Conversion (ADC -&gt; deg C) | Main
Quickshifter,0x174432,u16,640,2,2,0x0280A4,Quickshifter :: GP-Sensor Upshift Window A Offset vs Gear
,0x174434,u16,22607,1,1,0x08A240,
,0x174436,u16,0,1,1,0x08A240,
,0x174438,u16,2562,1,1,0x08A2E2,
,0x17443A,u16,2685,1,1,0x08A2E2,
,0x17443C,u16,2040,1,1,0x08A2E2,
,0x17443E,u16,2163,1,1,0x08A2E2,
,0x174440,u16,1694,1,1,0x08A2E2,
,0x174442,u16,1817,1,1,0x08A2E2,
,0x174444,u16,1495,1,1,0x08A2E2,
,0x174446,u16,1577,1,1,0x08A2E2,
,0x174448,u16,1352,1,1,0x08A2E2,
,0x17444A,u16,1434,1,1,0x08A2E2,
,0x17444C,u16,1258,1,1,0x08A2E2,
,0x17444E,u16,1340,1,1,0x08A2E2,
,0x174450,u16,500,1,1,0x08A2E2,
,0x174452,u16,460,3,3,0x0845D0,
,0x174454,u16,35,1,1,0x08A400,
,0x174456,u16,47688,1,1,0x0836C6,
,0x174458,u16,50176,1,1,0x07ADF0,
,0x17445A,u16,9260,1,1,0x07ADF0,
,0x17445C,u16,65472,1,1,0x07ADF0,
,0x17445E,u16,31,1,1,0x086796,
,0x174460,u16,47688,1,1,0x07ADC4,
,0x174462,u8,192,1,1,0x01B6B4,
,0x174463,u8,32,1,1,0x01B6B4,
,0x174464,u8,140,1,1,0x01B6B4,
,0x17446F,u8,4,1,1,0x01B582,
,0x174470,u8,0,1,1,0x01B582,
,0x174471,u8,192,1,1,0x01B582,
,0x174472,u8,75,2,2,0x085BCE,
,0x174473,u8,255,1,1,0x082D40,
,0x174474,u8,255,1,1,0x085E60,
Sensors,0x174475,u8,128,2,2,0x082DBE,Sensor :: ECT Conversion (ADC -&gt; deg C) | Main
Sensors,0x174476,u8,117,5,5,0x053224,Sensor :: ECT Conversion (ADC -&gt; deg C) | Main
Sensors,0x174477,u8,5,1,1,0x082E1C,Sensor :: ECT Conversion (ADC -&gt; deg C) | Main
,0x174478,u8,1,1,1,0x085356,
,0x174479,u8,1,1,1,0x085356,
,0x17447A,u8,1,1,1,0x0858C8,
,0x17447B,u8,1,1,1,0x0858C8,
Fuel,0x17447C,u8,0,44,44,0x030330,Fuel :: Afterstart Enrichment vs ECT | Stage 1
,0x17447D,u8,128,4,4,0x04DE90,
,0x17447E,u8,128,1,1,0x083C4E,
,0x17447F,u8,16,1,1,0x083C98,
,0x174480,u8,100,1,1,0x083D42,
,0x174481,u8,128,1,1,0x083CD6,
,0x174482,u8,128,1,1,0x083C1C,
,0x174483,u8,200,2,2,0x04EB34,
,0x174484,u8,40,1,1,0x08725A,
,0x174485,u8,5,1,1,0x0871B0,
,0x174486,u8,128,4,4,0x057CA2,
Speed/Wheel,0x174487,u8,128,7,7,0x02BF72,Speed Monitor :: Threshold vs Rear Wheel Speed
,0x174488,u8,32,2,2,0x083982,
,0x174489,u8,32,1,1,0x0838CC,
,0x17448A,u8,32,1,1,0x0838FE,
,0x17448B,u8,120,1,1,0x08377C,
,0x17448C,u8,12,1,1,0x08377C,
,0x17448D,u8,128,1,1,0x0831B8,
Speed/Wheel,0x17448E,u8,0,4,4,0x049E92,Speed Monitor :: Threshold vs Rear Wheel Speed
,0x17448F,u8,128,2,2,0x083094,
Sensors,0x174490,u8,88,4,4,0x083014,Sensor :: ECT Conversion (ADC -&gt; deg C) | Main
Sensors,0x174491,u8,5,1,1,0x083014,Sensor :: ECT Conversion (ADC -&gt; deg C) | Main
,0x174492,u8,128,3,3,0x0651AC,
,0x174493,u8,128,2,2,0x07864A,
,0x174494,u8,128,2,2,0x0651AC,
,0x174495,u8,0,2,2,0x088848,
,0x174496,u8,255,1,1,0x082AAC,
,0x174497,u8,255,1,1,0x082ADE,
,0x174498,u8,64,1,1,0x082B54,
,0x174499,u8,255,1,1,0x082B86,
,0x17449A,u8,4,1,1,0x082860,
,0x17449B,u8,1,1,1,0x0828B0,
,0x17449C,u8,128,1,1,0x084C06,
,0x17449D,u8,128,1,1,0x084C06,
,0x17449E,u8,128,1,1,0x086306,
,0x17449F,u8,128,1,1,0x086344,
,0x1744A0,u8,75,1,1,0x0863AA,
,0x1744A1,u8,75,1,1,0x08651C,
,0x1744A2,u8,1,1,1,0x0863AA,
,0x1744A3,u8,1,1,1,0x08651C,
,0x1744A4,u8,125,1,1,0x0863AA,
,0x1744A5,u8,125,1,1,0x08651C,
,0x1744A6,u8,255,1,1,0x08605A,
Sensors,0x1744A7,u8,0,2,2,0x086872,Sensor :: ECT Conversion (ADC -&gt; deg C) | Main
Sensors,0x1744A8,u8,48,2,2,0x0869C8,Sensor :: ECT Conversion (ADC -&gt; deg C) | Main
,0x1744A9,u8,50,4,4,0x05D880,
,0x1744AA,u8,63,1,1,0x08680C,
,0x1744AB,u8,63,1,1,0x08680C,
,0x1744AC,u8,12,1,1,0x086AAC,
,0x1744AD,u8,12,1,1,0x086C52,
,0x1744AE,u8,3,3,3,0x053F3E,
,0x1744AF,u8,25,1,1,0x086F14,
,0x1744B0,u8,0,4,4,0x087C7A,
,0x1744B1,u8,0,3,3,0x087BC8,
,0x1744B2,u8,0,6,6,0x02D258,
,0x1744B3,u8,13,1,1,0x0847DC,
,0x1744B4,u8,13,1,1,0x0847DC,
,0x1744B5,u8,13,1,1,0x0847DC,
,0x1744B6,u8,13,1,1,0x0847DC,
,0x1744B7,u8,13,1,1,0x0847DC,
,0x1744B8,u8,13,1,1,0x0847DC,
,0x1744B9,u8,13,1,1,0x0847DC,
,0x1744BA,u8,64,2,2,0x0847B0,
,0x1744BB,u8,1,1,1,0x084A6C,
,0x1744BC,u8,255,1,1,0x07DF04,
,0x1744BD,u8,128,1,1,0x081854,
,0x1744BE,u8,205,1,1,0x081854,
,0x1744BF,u8,1,7,7,0x080198,
,0x1744C0,u8,0,1,1,0x0822FA,
,0x1744C1,u8,128,1,1,0x082182,
,0x1744C2,u8,0,1,1,0x081A58,
,0x1744C3,u8,128,1,1,0x081940,
,0x1744C4,u8,128,1,1,0x0819DC,
,0x1744C5,u8,128,5,2,0x081C94,
,0x1744C6,u8,0,1,1,0x081AE4,
,0x1744C7,u8,0,2,2,0x048184,
,0x1744C8,u8,3,2,2,0x07C3B8,
,0x1744C9,u8,10,1,1,0x07C3B8,
,0x1744CA,u8,1,3,3,0x07C606,
,0x1744CB,u8,10,2,2,0x07C606,
,0x1744CC,u8,10,1,1,0x07C606,
,0x1744CD,u8,10,2,2,0x07CA0C,
,0x1744CE,u8,10,1,1,0x07CA0C,
,0x1744CF,u8,0,2,2,0x07CBFC,
,0x1744D0,u8,10,1,1,0x07CBFC,
,0x1744D1,u8,10,2,2,0x07CDD4,
,0x1744D2,u8,10,1,1,0x07CDD4,
,0x1744D3,u8,2,2,2,0x07CFC4,
,0x1744D4,u8,10,1,1,0x07CFC4,
,0x1744D5,u8,1,1,1,0x07D4C0,
,0x1744D6,u8,1,2,2,0x06E36C,
,0x1744D7,u8,10,1,1,0x07D4C0,
,0x1744D8,u8,0,2,2,0x06E36C,
,0x1744D9,u8,1,3,3,0x06E36C,
,0x1744DA,u8,10,3,3,0x06E36C,
,0x1744DB,u8,10,3,3,0x06E36C,
,0x1744DC,u8,0,3,3,0x06E36C,
,0x1744DD,u8,10,3,3,0x06E36C,
,0x1744DE,u8,1,3,3,0x06E36C,
,0x1744DF,u8,1,3,3,0x06E36C,
,0x1744E0,u8,0,2,2,0x06E36C,
,0x1744E1,u8,2,3,3,0x06E36C,
,0x1744E2,u8,10,3,3,0x06E36C,
,0x1744E3,u8,10,3,3,0x06E36C,
,0x1744E4,u8,0,3,3,0x06E36C,
,0x1744E5,u8,10,3,3,0x06E36C,
,0x1744E6,u8,1,3,3,0x06E36C,
,0x1744E7,u8,1,3,3,0x06E36C,
,0x1744E8,u8,0,2,2,0x06E36C,
,0x1744E9,u8,3,3,3,0x06E36C,
,0x1744EA,u8,10,3,3,0x06E36C,
,0x1744EB,u8,10,3,3,0x06E36C,
,0x1744EC,u8,0,3,3,0x06E36C,
,0x1744ED,u8,10,3,3,0x06E36C,
,0x1744EE,u8,1,3,3,0x06E36C,
,0x1744EF,u8,1,3,3,0x06E36C,
,0x1744F0,u8,0,2,2,0x06E36C,
,0x1744F1,u8,15,9,9,0x02ECDC,
,0x1744F2,u8,1,2,2,0x07D1C6,
,0x1744F3,u8,10,1,1,0x07D1C6,
,0x1744F4,u8,0,8,8,0x07C3B8,
,0x1744F5,u8,1,3,3,0x07B8CE,
,0x1744F6,u8,0,1,1,0x07C04A,
,0x1744F7,u8,2,1,1,0x07C04A,
,0x1744F8,u8,1,1,1,0x07C57E,
,0x1744F9,u8,2,1,1,0x07C57E,
,0x1744FA,u8,3,1,1,0x07C57E,
,0x1744FB,u8,0,1,1,0x07C914,
,0x1744FC,u8,1,1,1,0x07C914,
,0x1744FD,u8,2,1,1,0x07C914,
,0x1744FE,u8,3,1,1,0x07C914,
,0x1744FF,u8,4,1,1,0x07C914,
,0x174500,u8,5,1,1,0x07C914,
,0x174501,u8,6,1,1,0x07C914,
,0x174502,u8,7,1,1,0x07C914,
,0x174503,u8,0,1,1,0x07D0E0,
,0x174504,u8,0,1,1,0x07DC22,
,0x174505,u8,1,1,1,0x07DC22,
,0x174506,u8,2,1,1,0x07DC22,
,0x174507,u8,3,1,1,0x07DC22,
,0x174508,u8,0,1,1,0x07DC22,
,0x174509,u8,1,1,1,0x07DC22,
,0x17450A,u8,2,1,1,0x07DC22,
,0x17450B,u8,3,1,1,0x07DC22,
,0x17450C,u8,0,1,1,0x07DC22,
,0x17450D,u8,1,1,1,0x07DC22,
,0x17450E,u8,2,1,1,0x07DC22,
,0x17450F,u8,3,1,1,0x07DC22,
,0x174510,u8,0,1,1,0x07DC22,
,0x174511,u8,1,1,1,0x07DC22,
,0x174512,u8,2,1,1,0x07DC22,
,0x174513,u8,3,1,1,0x07DC22,
,0x174514,u8,0,1,1,0x07DC22,
,0x174515,u8,1,1,1,0x07DC22,
,0x174516,u8,2,1,1,0x07DC22,
,0x174517,u8,3,1,1,0x07DC22,
,0x174518,u8,0,1,1,0x07DC22,
,0x174519,u8,1,1,1,0x07DC22,
,0x17451A,u8,2,1,1,0x07DC22,
,0x17451B,u8,3,1,1,0x07DC22,
,0x17451C,u8,0,1,1,0x07DC22,
,0x17451D,u8,1,1,1,0x07DC22,
,0x17451E,u8,2,1,1,0x07DC22,
,0x17451F,u8,3,1,1,0x07DC22,
,0x174520,u8,0,2,2,0x06E36C,
,0x174521,u8,128,2,2,0x06E36C,
,0x174522,u8,128,2,2,0x06E36C,
,0x174523,u8,128,2,2,0x06E36C,
,0x174524,u8,128,2,2,0x06E36C,
,0x174525,u8,0,2,2,0x06E36C,
,0x174526,u8,128,2,2,0x06E36C,
,0x174527,u8,0,2,2,0x06E36C,
,0x174528,u8,128,2,2,0x06E36C,
,0x174529,u8,0,2,2,0x06E36C,
,0x17452A,u8,0,5,5,0x07B378,
,0x17452B,u8,14,1,1,0x07D6DE,
,0x17452C,u8,14,1,1,0x07D72A,
,0x17452D,u8,14,1,1,0x07D7F0,
,0x17452E,u8,14,1,1,0x07D87C,
,0x17452F,u8,128,2,2,0x07BBCA,
,0x174530,u8,128,2,2,0x07BDC8,
,0x174531,u8,0,1,1,0x089338,
,0x174532,u8,1,1,1,0x089338,
,0x174533,u8,1,1,1,0x089338,
,0x174534,u8,1,1,1,0x089338,
,0x174535,u8,0,1,1,0x089338,
,0x174536,u8,1,1,1,0x089338,
,0x174537,u8,1,1,1,0x089338,
,0x174538,u8,1,1,1,0x089338,
,0x174539,u8,0,1,1,0x089338,
,0x17453A,u8,0,1,1,0x089338,
,0x17453B,u8,1,1,1,0x089338,
,0x17453C,u8,1,1,1,0x089338,
,0x17453D,u8,1,1,1,0x089338,
,0x17453E,u8,2,1,1,0x089338,
,0x17453F,u8,1,1,1,0x089338,
,0x174540,u8,1,1,1,0x089338,
,0x174541,u8,1,1,1,0x089338,
,0x174542,u8,0,1,1,0x089338,
,0x174543,u8,50,1,1,0x089540,
,0x174544,u8,50,1,1,0x089540,
,0x174545,u8,25,1,1,0x089540,
,0x174546,u8,255,1,1,0x089540,
,0x174547,u8,255,1,1,0x089540,
,0x174548,u8,25,1,1,0x089540,
,0x174549,u8,50,1,1,0x089540,
,0x17454A,u8,16,1,1,0x089540,
,0x17454B,u8,25,1,1,0x089B54,
,0x17454C,u8,25,1,1,0x089B54,
,0x17454D,u8,50,1,1,0x089B54,
,0x17454E,u8,25,1,1,0x089C86,
,0x17454F,u8,5,1,1,0x089C86,
,0x174550,u8,25,1,1,0x089C86,
,0x174551,u8,5,1,1,0x089C86,
,0x174552,u8,5,1,1,0x089C86,
,0x174553,u8,5,1,1,0x089C86,
,0x174554,u8,50,1,1,0x0896DC,
,0x174555,u8,1,1,1,0x0896DC,
,0x174556,u8,20,1,1,0x0897E4,
,0x174557,u8,1,1,1,0x0898B2,
,0x174558,u8,255,1,1,0x089F1C,
,0x174559,u8,50,1,1,0x08A08A,
,0x17455A,u8,255,1,1,0x08A08A,
,0x17455B,u8,128,2,2,0x03A612,
,0x17455C,u8,128,2,2,0x03A612,
,0x17455D,u8,128,2,2,0x03A612,
,0x17455E,u8,128,2,2,0x03A612,
,0x17455F,u8,128,2,2,0x03A612,
,0x174560,u8,128,2,2,0x03A612,
,0x174561,u8,30,1,1,0x07B020,
,0x174562,u8,42,1,1,0x07B020,
,0x174563,u8,6,1,1,0x07B020,
,0x174564,u8,18,1,1,0x07B020,
,0x174565,u8,0,2,2,0x07AFB4,
Sensors,0x174566,u8,255,3,3,0x07AF2C,Sensor :: ECT Conversion (ADC -&gt; deg C) | Main
Sensors,0x174567,u8,5,1,1,0x07AF2C,Sensor :: ECT Conversion (ADC -&gt; deg C) | Main
,0x174568,u8,255,1,1,0x08A298,
,0x174569,u8,255,1,1,0x08A420,
,0x17456A,u8,32,1,1,0x07AE92,
,0x17456B,u8,0,1,1,0x07F034,
,0x17456C,u8,255,1,1,0x07E75C,
Throttle/ETV,0x175100,u32,1526764,1,1,0x08BECE,ETV :: QS RPM Scaling vs Ride Mode
Throttle/ETV,0x17511C,u32,1526848,1,1,0x08BF00,ETV :: QS RPM Scaling vs Ride Mode
Throttle/ETV,0x175138,u32,1527700,1,1,0x08C214,ETV :: QS RPM Scaling vs Ride Mode
Throttle/ETV,0x175154,u32,1527868,1,1,0x08C4D4,ETV :: QS RPM Scaling vs Ride Mode
,0x192BA8,u32,1525560,1,1,0x08BE2C,
,0x192C50,u16,524,1,1,0x08C6FA,
,0x192C52,u16,128,1,1,0x08C6FA,
Throttle/ETV,0x192C54,u16,44748,2,2,0x08C58E,ETV :: QS RPM Scaling vs Ride Mode
Throttle/ETV,0x192C56,u16,524,2,2,0x08C58E,ETV :: QS RPM Scaling vs Ride Mode
,0x192C58,u16,2560,1,1,0x08C58E,
,0x192C5A,u16,640,1,1,0x08C58E,
,0x192C5C,u16,0,1,1,0x08C7B0,
,0x192C5E,u16,65012,1,1,0x08C7B0,
,0x192C60,u16,1,1,1,0x08C2D6,
,0x192C62,u16,1,1,1,0x08C2D6,
,0x192C64,u16,25,1,1,0x08C2D6,
,0x192C66,u16,1,1,1,0x08C2D6,
,0x192C68,u16,1,1,1,0x08C2D6,
,0x192C6A,u16,1,1,1,0x08C2D6,
,0x192C6C,u16,524,1,1,0x08C0DE,
,0x192C6E,u16,262,1,1,0x08C12C,
Throttle/ETV,0x192C70,u16,11534,1,1,0x08C86E,ETV :: QS RPM Scaling vs Ride Mode
Throttle/ETV,0x192C72,u16,52,1,1,0x08C7FA,ETV :: QS RPM Scaling vs Ride Mode
Throttle/ETV,0x192C74,u16,44748,1,1,0x08C7FA,ETV :: QS RPM Scaling vs Ride Mode
,0x192C76,u16,128,1,1,0x08B4DC,
,0x192C78,u16,80,1,1,0x08B4DC,
,0x192C7A,u16,13107,2,2,0x08BA66,
,0x192C7C,u16,410,3,3,0x08B388,
,0x192C7E,u16,48588,1,1,0x08B5D8,
,0x192C80,u16,15,2,2,0x08B5D8,
,0x192C82,u16,280,1,1,0x08B5D8,
,0x192C84,u16,49086,1,1,0x08B5D8,
,0x192C86,u16,10,2,2,0x08B5D8,
,0x192C88,u16,128,1,1,0x08B6F4,
,0x192C8A,u16,46229,1,1,0x08B6F4,
,0x192C8C,u16,51026,1,1,0x08B6F4,
,0x192C8E,u16,48818,1,1,0x08B81A,
,0x192C90,u16,359,1,1,0x08B8B6,
,0x192C92,u16,50,1,1,0x08B8B6,
,0x192C94,u16,3,1,1,0x08B8B6,
,0x192C96,u16,50,1,1,0x08B98A,
,0x192C98,u16,3,1,1,0x08B98A,
,0x192C9A,u16,256,1,1,0x08B98A,
,0x192C9C,u16,15,1,1,0x08BA66,
,0x192C9E,u16,524,1,1,0x08BA66,
,0x192CA0,u16,50,1,1,0x08BA66,
,0x192CA2,u16,2,1,1,0x08BA66,
,0x192CA4,u16,50,1,1,0x08BB74,
,0x192CA6,u16,1,1,1,0x08BB74,
,0x192CA8,u16,7864,1,1,0x08BB74,
Throttle/ETV,0x192CAA,u16,52429,1,1,0x08AFE0,ETV :: QS RPM Scaling vs Ride Mode
,0x192CAC,u16,18350,1,1,0x08AF64,
,0x192CAE,u16,47186,1,1,0x08AF64,
,0x192CB0,u16,34079,1,1,0x08A71A,
,0x192CB2,u16,0,1,1,0x08A7BA,
,0x192CB4,u16,65535,1,1,0x08A7BA,
,0x192CB6,u16,31457,1,1,0x08A71A,
,0x192CB8,u16,32637,1,1,0x08A7BA,
,0x192CBA,u16,32768,1,1,0x08A7BA,
,0x192CBC,u16,32899,1,1,0x08A7BA,
,0x192CBE,u16,34341,1,1,0x08A854,
,0x192CC0,u16,32768,1,1,0x08A854,
,0x192CC2,u16,0,1,1,0x08AA9E,
,0x192CC4,u16,65535,1,1,0x08AA9E,
,0x192CC6,u16,31982,1,1,0x08A87E,
,0x192CC8,u16,32768,1,1,0x08A87E,
,0x192CCA,u16,33554,1,1,0x08A87E,
,0x192CCC,u16,160,1,1,0x08A87E,
Throttle/ETV,0x192CCE,u16,0,1,1,0x08A91C,ETV :: QS RPM Scaling vs Ride Mode
Throttle/ETV,0x192CD0,u16,0,1,1,0x08A91C,ETV :: QS RPM Scaling vs Ride Mode
Throttle/ETV,0x192CD2,u16,0,1,1,0x08A91C,ETV :: QS RPM Scaling vs Ride Mode
,0x192CD4,u16,0,1,1,0x08AB46,
,0x192CD6,u16,65535,1,1,0x08AB46,
,0x192CD8,u16,0,1,1,0x08ABBE,
,0x192CDA,u16,65535,1,1,0x08ABBE,
,0x192CDC,u16,26,1,1,0x08ABBE,
,0x192CDE,u16,26,1,1,0x08ABBE,
,0x192CE0,u16,0,1,1,0x08A606,
,0x192CE2,u16,50,1,1,0x08ABBE,
,0x192CE4,u16,35127,1,1,0x08ABBE,
,0x192CE6,u16,50,1,1,0x08ABBE,
,0x192CE8,u16,35127,1,1,0x08ABBE,
Throttle/ETV,0x192CEA,u16,0,1,1,0x08AE3E,ETV :: QS RPM Scaling vs Ride Mode
Throttle/ETV,0x192CEC,u16,65535,1,1,0x08AE3E,ETV :: QS RPM Scaling vs Ride Mode
,0x192CEE,u16,28322,1,1,0x08AEF2,
,0x192CF0,u16,32899,1,1,0x08AEF2,
,0x192CF2,u8,3,1,1,0x08C6FA,
,0x192CF3,u8,16,1,1,0x08C6FA,
,0x192CF4,u8,0,1,1,0x08C58E,
,0x192CF5,u8,25,1,1,0x08C2D6,
,0x192CF6,u8,1,1,1,0x08C2D6,
,0x192CF7,u8,50,1,1,0x08C2D6,
,0x192CF8,u8,50,1,1,0x08C2D6,
,0x192CF9,u8,1,1,1,0x08C2D6,
,0x192CFA,u8,25,1,1,0x08C2D6,
Throttle/ETV,0x192CFB,u8,1,1,1,0x08C86E,ETV :: QS RPM Scaling vs Ride Mode
,0x192CFC,u8,0,1,1,0x08C520,
,0x192CFD,u8,5,1,1,0x08B6F4,
,0x192CFE,u8,13,1,1,0x08B6F4,
,0x192CFF,u8,255,1,1,0x08AEF2,
,0x192D00,u8,176,1,1,0x08A7BA,
,0x192D01,u8,255,1,1,0x08A7BA,
,0x192D02,u8,255,1,1,0x08A7BA,
,0x192D03,u8,224,1,1,0x08A7BA,
,0x192D04,u8,3,1,1,0x08A87E,
,0x192D05,u8,18,1,1,0x08A87E,
,0x192D06,u8,18,1,1,0x08A87E,
,0x192D07,u8,3,1,1,0x08A87E,
,0x192D08,u8,0,1,1,0x08AAE8,
,0x192D09,u8,0,1,1,0x08AB46,
,0x192D0A,u8,40,1,1,0x08AB46,
,0x192D0B,u8,40,1,1,0x08AB46,
,0x192D0C,u8,179,1,1,0x08ABBE,
,0x192D0D,u8,166,1,1,0x08ABBE,
,0x192D0E,u8,141,1,1,0x08ABBE,
,0x192D0F,u8,141,1,1,0x08ABBE,
,0x192D10,u8,141,1,1,0x08ABBE,
,0x192D11,u8,128,1,1,0x08ABBE,
,0x192D12,u8,128,1,1,0x08ABBE,
,0x192D13,u8,128,1,1,0x08ABBE,
,0x192D14,u8,128,1,1,0x08ABBE,
,0x192D15,u8,179,1,1,0x08ABBE,
,0x192D16,u8,166,1,1,0x08ABBE,
,0x192D17,u8,141,1,1,0x08ABBE,
,0x192D18,u8,141,1,1,0x08ABBE,
,0x192D19,u8,141,1,1,0x08ABBE,
,0x192D1A,u8,128,1,1,0x08ABBE,
,0x192D1B,u8,128,1,1,0x08ABBE,
,0x192D1C,u8,128,1,1,0x08ABBE,
,0x192D1D,u8,128,1,1,0x08ABBE,
,0x19EB7A,u16,65535,1,1,0x091370,
Throttle/ETV,0x19EB7C,u16,50,1,1,0x08E7AC,ETV Monitor :: Limit vs RPM | Set A
Throttle/ETV,0x19EB7E,u16,422,1,1,0x08E7AC,ETV Monitor :: Limit vs RPM | Set A
,0x19EB80,u16,50,1,1,0x08E82E,
,0x19EB82,u16,65535,1,1,0x08E82E,
,0x19EB84,u16,65535,1,1,0x08E82E,
,0x19EB86,u16,0,1,1,0x08EBD4,
,0x19EB88,u16,1,1,1,0x08EBD4,
,0x19EB8A,u16,65534,1,1,0x08EBD4,
,0x19EB8C,u16,65535,1,1,0x08EBD4,
,0x19EB8E,u16,65535,1,1,0x08EC5E,
,0x19EB90,u16,1,1,1,0x08E86E,
,0x19EB92,u16,625,1,1,0x08E90A,
,0x19EB94,u16,125,1,1,0x08EC0E,
,0x19EB96,u16,0,1,1,0x08EC0E,
,0x19EB98,u16,60,1,1,0x08E8CC,
,0x19EB9A,u16,5632,1,1,0x08E95E,
,0x19EB9C,u16,18432,2,2,0x08CF78,
,0x19EB9E,u16,5632,2,2,0x08E95E,
,0x19EBA0,u16,18432,2,2,0x08CF78,
,0x19EBA2,u16,25,3,3,0x08E6E0,
,0x19EBA4,u16,300,3,3,0x08E6E0,
,0x19EBA6,u16,300,1,1,0x08EAAC,
,0x19EBA8,u16,0,1,1,0x08EAF6,
,0x19EBAA,u16,1024,1,1,0x08EAF6,
Throttle/ETV,0x19EBAC,u16,400,4,4,0x08EDF6,ETV Monitor :: Limit vs RPM | Set A
Throttle/ETV,0x19EBAE,u16,2000,4,4,0x08EE28,ETV Monitor :: Limit vs RPM | Set A
,0x19EBB0,u16,64000,1,1,0x08F092,
,0x19EBB2,u16,94,1,1,0x08F176,
,0x19EBB4,u16,16640,1,1,0x08DF54,
,0x19EBB6,u16,20972,1,1,0x08DF54,
,0x19EBB8,u16,65535,1,1,0x08E040,
,0x19EBBA,u16,64000,1,1,0x08E514,
,0x19EBBC,u16,0,1,1,0x08E514,
,0x19EBBE,u16,1,1,1,0x08E4BE,
,0x19EBC0,u16,64000,1,1,0x08CA7C,
,0x19EBC2,u16,50,1,1,0x08D48C,
,0x19EBC4,u16,32844,1,1,0x08D48C,
,0x19EBC6,u16,0,1,1,0x08D5EA,
,0x19EBC8,u16,50,1,1,0x08D70A,
,0x19EBCA,u16,32844,1,1,0x08D70A,
,0x19EBCC,u16,2560,1,1,0x08CF78,
,0x19EBCE,u16,5120,1,1,0x08CF78,
,0x19EBD0,u8,1,1,1,0x08E7EA,
,0x19EBD1,u8,1,1,1,0x08EC8E,
,0x19EBD2,u8,128,1,1,0x08E90A,
,0x19EBD3,u8,0,1,1,0x08E9B0,
,0x19EBD4,u8,21,1,1,0x08ED0A,
,0x19EBD5,u8,3,3,3,0x08ED0A,
,0x19EBD6,u8,21,1,1,0x08ED34,
,0x19EBD7,u8,54,1,1,0x08ED5E,
,0x19EBD8,u8,0,2,2,0x05C28C,
,0x19EBD9,u8,5,1,1,0x08ED9C,
,0x19EBDA,u8,4,1,1,0x08EB78,
,0x19EBDB,u8,90,1,1,0x08F194,
,0x19EBDC,u8,10,1,1,0x08F194,
,0x19EBDD,u8,90,1,1,0x08F520,
,0x19EBDE,u8,128,1,1,0x08F82A,
,0x19EBDF,u8,90,1,1,0x08F5A0,
,0x19EBE0,u8,10,1,1,0x08F5A0,
,0x19EBE1,u8,0,3,3,0x091ED6,
,0x19EBE2,u8,128,3,3,0x091ED6,
,0x19EBE3,u8,0,3,3,0x091ED6,
,0x19EBE4,u8,0,3,3,0x091ED6,
,0x19EBE5,u8,0,3,3,0x091ED6,
,0x19EBE6,u8,0,3,3,0x091ED6,
,0x19EBE7,u8,0,3,3,0x091ED6,
,0x19EBE8,u8,0,1,1,0x0926B4,
,0x19EBE9,u8,6,1,1,0x08CA7C,
,0x19EBEA,u8,6,1,1,0x08CA7C,
,0x19EBEB,u8,8,3,3,0x08CA7C,
,0x19EBEC,u8,8,3,3,0x08CA7C,
,0x19EBEE,u16,128,1,1,0x09A316,
,0x19EBF0,u16,40,1,1,0x09A316,
,0x19EBF2,u16,50,2,2,0x099F3A,
,0x19EBF4,u16,1250,2,2,0x09990C,
,0x19EBF6,u16,1250,2,2,0x09553E,
,0x19EBF8,u16,1250,2,2,0x096DDC,
,0x19EBFA,u16,125,2,2,0x0982BE,
,0x19EBFC,u16,125,2,2,0x097EC4,
,0x19EBFE,u16,36962,3,3,0x0963BE,
,0x19EC00,u16,36962,3,3,0x096046,
,0x19EC02,u16,29032,3,3,0x0948F4,
,0x19EC04,u16,25,1,1,0x09A828,
,0x19EC06,u16,29032,3,3,0x094596,
,0x19EC08,u16,25,2,2,0x09886A,
,0x19EC0A,u16,25,2,2,0x0985C4,
,0x19EC0C,u16,25,2,2,0x09C5C0,
,0x19EC0E,u16,4,1,1,0x09C2B2,
,0x19EC10,u16,0,2,2,0x09C2B2,
,0x19EC12,u16,0,2,2,0x09C2B2,
,0x19EC14,u8,30,1,1,0x08CA2C,
,0x19EC15,u8,42,1,1,0x08CA2C,
,0x19EC18,u32,400,1,1,0x092A86,
,0x19EC1C,u32,4277120512,1,1,0x092D24,
,0x19EC20,u32,4277122816,1,1,0x092D24,
,0x19EC24,u32,67109120,1,1,0x092D24,
,0x19EC28,u32,4277121544,1,1,0x092D24,
,0x19EC2C,u32,4277123840,1,1,0x092D24,
,0x19EC30,u32,67109120,1,1,0x092D24,
,0x19F418,u32,4277154919,3,1,0x0B47B4,
,0x19F41C,u32,4277154918,2,1,0x0B47B4,
,0x1A11F4,u8,15,1,1,0x09D09A,
,0x1A11F7,u8,17,1,1,0x09E5C4,
,0x1A11F8,u8,18,1,1,0x09E5C4,
,0x1A1230,u8,1,1,1,0x09E5F0,
,0x1A1238,u8,1,1,1,0x09E5F0,
,0x1A12A0,u8,1,1,1,0x09E5F0,
,0x1A12A8,u8,0,1,1,0x09E5F0,
,0x1A12B4,u8,1,1,1,0x0A04A0,
,0x1A12C4,u8,0,1,1,0x0A0D62,
,0x1A12D8,u32,4284547084,1,1,0x0A128E,
,0x1A12DC,u16,4096,1,1,0x0A128E,
,0x1A12E8,u8,192,2,2,0x09F5EA,
,0x1A12F4,u32,4273946624,1,1,0x09D480,
,0x1A12F8,u32,4273995776,1,1,0x09D480,
,0x1A12FC,u32,4277075968,1,1,0x09D480,
,0x1A1300,u32,4277190656,1,1,0x09D480,
,0x1A1304,u32,4294967295,1,1,0x09D480,
,0x1A1308,u32,4294967295,1,1,0x09D480,
,0x1A130C,u32,0,1,1,0x09D702,
,0x1A1310,u32,2096895,1,1,0x09D702,
,0x1A1314,u32,1520786085,1,1,0x09D758,
,0x1A1318,u32,4280287232,1,1,0x09D896,
,0x1A131C,u32,4280352767,1,1,0x09D896,
,0x1A1321,u8,5,1,1,0x09D03C,
,0x1A1324,u32,20000,1,1,0x09E4E8,
,0x1A1328,u32,24000,1,1,0x09E4E8,
,0x1A132C,u16,256,1,1,0x09E422,
,0x1A132E,u8,12,1,1,0x09E422,
,0x1A1330,u8,15,1,1,0x09E710,
,0x1A1388,u32,1031952,2,2,0x09FA14,
,0x1A13BC,u32,2,1,1,0x0A004A,
,0x1A13C0,u32,64,1,1,0x0A004A,
,0x1A13C4,u32,1,1,1,0x0A0126,
,0x1A13C8,u32,1,1,1,0x0A0126,
,0x1A13CC,u32,1,1,1,0x0A004A,
,0x1A13D0,u32,16384,1,1,0x0A004A,
,0x1A13D4,u32,1,1,1,0x0A0126,
,0x1A13D8,u32,2,1,1,0x0A0126,
,0x1A13DC,u32,3,1,1,0x0A004A,
,0x1A13E0,u32,16,1,1,0x0A004A,
,0x1A13E4,u32,1,1,1,0x0A0126,
,0x1A13E8,u32,4,1,1,0x0A0126,
,0x1A13EC,u32,3,1,1,0x0A004A,
,0x1A13F0,u32,32,1,1,0x0A004A,
,0x1A13F4,u32,1,1,1,0x0A0126,
,0x1A13F8,u32,8,1,1,0x0A0126,
,0x1A13FC,u32,3,1,1,0x0A004A,
,0x1A1400,u32,64,1,1,0x0A004A,
,0x1A1404,u32,1,1,1,0x0A0126,
,0x1A1408,u32,16,1,1,0x0A0126,
,0x1A140C,u32,5,1,1,0x0A004A,
,0x1A1410,u32,4,1,1,0x0A004A,
,0x1A1414,u32,1,1,1,0x0A0126,
,0x1A1418,u32,32,1,1,0x0A0126,
,0x1A141C,u32,5,1,1,0x0A004A,
,0x1A1420,u32,32,1,1,0x0A004A,
,0x1A1424,u32,1,1,1,0x0A0126,
,0x1A1428,u32,64,1,1,0x0A0126,
,0x1A142C,u32,5,1,1,0x0A004A,
,0x1A1430,u32,64,1,1,0x0A004A,
,0x1A1434,u32,1,1,1,0x0A0126,
,0x1A1438,u32,128,1,1,0x0A0126,
,0x1A1604,u32,1,1,1,0x0A0588,
,0x1A1608,u32,1024,1,1,0x0A0588,
,0x1A160C,u32,1,1,1,0x0A05E4,
,0x1A1610,u32,2048,1,1,0x0A05E4,
,0x1A1614,u32,2,1,1,0x0A05B6,
,0x1A1618,u32,16,1,1,0x0A05B6,
,0x1A161C,u32,4,1,1,0x0A0E06,
,0x1A1620,u32,16,1,1,0x0A0E06,
,0x1A1624,u32,1,1,1,0x0A0E44,
,0x1A1628,u32,32768,1,1,0x0A0E44,
,0x1A162C,u32,5,1,1,0x0A0E66,
,0x1A1630,u32,16,1,1,0x0A0E66,
,0x1A1634,u32,1,1,1,0x0A0FAC,
,0x1A1638,u32,256,1,1,0x0A0FAC,
,0x1A163C,u32,4,1,1,0x0A1000,
,0x1A1640,u32,8,1,1,0x0A1000,
,0x1A1644,u32,1,1,1,0x0A1022,
,0x1A1648,u32,512,1,1,0x0A1022,
,0x1A164C,u32,14,1,1,0x0A104A,
,0x1A1650,u32,32768,1,1,0x0A104A,
,0x1A1654,u32,5,5,5,0x09E7D6,
,0x1A1658,u32,8,5,5,0x09E7D6,
,0x1A165C,u32,13,4,4,0x09E904,
,0x1A1660,u32,2,4,4,0x09E904,
,0x1A1664,u32,5,2,2,0x09E7D6,
,0x1A1668,u32,128,2,2,0x09E7D6,
,0x1A166C,u32,4,4,4,0x09E904,
,0x1A1670,u32,4,4,4,0x09E904,
,0x1A1674,u16,0,2,2,0x09FA14,
,0x1A1676,u16,0,2,2,0x09FA14,
,0x1A1678,u16,0,2,2,0x09FA14,
,0x1A167A,u16,0,2,2,0x09FA14,
,0x1A167C,u16,0,2,2,0x09FA14,
,0x1A167E,u16,0,2,2,0x09FA14,
,0x1A1686,u16,0,2,2,0x09FA14,
,0x1A168A,u16,0,2,2,0x09FA14,
,0x1A169C,u8,4,1,1,0x09F862,
,0x1A16A1,u8,100,1,1,0x09F5EA,
,0x1A16A2,u8,0,1,1,0x09F302,
,0x1A16A3,u8,2,1,1,0x09F302,
,0x1A16A4,u8,13,1,1,0x09F302,
,0x1A16A5,u8,15,1,1,0x09F302,
,0x1A16A6,u8,16,1,1,0x09F302,
,0x1A16A7,u8,18,1,1,0x09F302,
,0x1A16A8,u8,37,1,1,0x09F302,
,0x1A16A9,u8,39,1,1,0x09F302,
,0x1A16AA,u8,40,1,1,0x09F302,
,0x1A16AB,u8,42,1,1,0x09F302,
,0x1A16AC,u8,8,1,1,0x09F302,
,0x1A16AD,u8,10,1,1,0x09F302,
,0x1A16AE,u8,44,1,1,0x09F302,
,0x1A16AF,u8,0,1,1,0x09F302,
,0x1A16B0,u8,28,1,1,0x09F302,
,0x1A16B1,u8,30,1,1,0x09F302,
,0x1A16B2,u8,0,1,1,0x09F302,
,0x1A16B3,u8,2,1,1,0x09F302,
,0x1A16B4,u8,6,1,1,0x09F302,
,0x1A16B5,u8,8,1,1,0x09F302,
,0x1A16B6,u8,42,1,1,0x09F302,
,0x1A16B7,u8,44,1,1,0x09F302,
,0x1A16B8,u8,26,1,1,0x09F302,
,0x1A16B9,u8,28,1,1,0x09F302,
,0x1A16BA,u8,45,1,1,0x09F302,
,0x1A16BB,u8,0,1,1,0x09F302,
,0x1A16BC,u8,22,1,1,0x09F302,
,0x1A16BD,u8,46,1,1,0x09F302,
,0x1A16BE,u8,24,1,1,0x09F302,
,0x1A16BF,u8,0,1,1,0x09F302,
,0x1A16C2,u8,24,1,1,0x0A039C,
,0x1A16C3,u8,255,1,1,0x0A039C,
,0x1A16C4,u8,255,1,1,0x0A039C,
,0x1A16C5,u8,255,1,1,0x0A039C,
,0x1A16C6,u8,255,1,1,0x0A039C,
,0x1A16C7,u8,255,1,1,0x0A039C,
,0x1A16C8,u8,255,1,1,0x0A039C,
,0x1A16C9,u8,255,1,1,0x0A039C,
,0x1A16CA,u8,255,1,1,0x0A039C,
,0x1A16CB,u8,255,1,1,0x0A039C,
,0x1A16CC,u8,255,1,1,0x0A039C,
,0x1A16CD,u8,255,1,1,0x0A039C,
,0x1A16CE,u8,255,1,1,0x0A039C,
,0x1A16CF,u8,255,1,1,0x0A039C,
,0x1A16D0,u8,255,1,1,0x0A039C,
,0x1A16D1,u8,255,1,1,0x0A039C,
,0x1A16D2,u8,32,1,1,0x0A0E2E,
,0x1A16D3,u8,14,1,1,0x0A0FD4,
,0x1A16D4,u8,15,1,1,0x0A0FEA,
,0x1A16D5,u8,7,1,1,0x09E97E,
,0x1A16D6,u8,92,1,1,0x09EC64,
,0x1A16D7,u8,103,1,1,0x09EC64,
,0x1A16D8,u8,8,1,1,0x09EC64,
,0x1A16D9,u8,12,1,1,0x09EC64,
,0x1A16DA,u16,37348,3,3,0x0A6412,
,0x1A16DC,u16,204,1,1,0x0A6504,
,0x1A16DE,u16,1920,1,1,0x0A63EA,
,0x1A16E0,u16,3200,1,1,0x0A6488,
,0x1A16E2,u16,524,1,1,0x0A6504,
,0x1A16E4,u8,37,3,3,0x0A6412,
,0x1A16E5,u8,55,1,1,0x0A26E4,
,0x1A16E6,u8,107,1,1,0x0A26DA,
,0x1A16E7,u8,3,1,0,,
,0x1A16E8,u8,128,3,1,0x0AC046,
,0x1A16E9,u8,4,1,0,,
,0x1A16EA,u8,80,5,3,0x0AC800,
,0x1A16EB,u8,40,1,1,0x0ACE8E,
,0x1A16EC,u16,4096,7,7,0x0180BA,
,0x1A16F2,u16,2048,5,5,0x018758,
,0x1A16F8,u16,2048,5,5,0x0182F2,
,0x1A16FE,u16,960,3,3,0x01857A,
,0x1A1704,u16,4090,1,1,0x018180,
,0x1A170A,u16,4086,1,1,0x018180,
,0x1A1710,u16,4082,1,1,0x018180,
,0x1A1716,u16,2045,5,5,0x0183B8,
,0x1A171C,u16,2043,3,3,0x0186C0,
,0x1A1722,u16,2041,3,3,0x0186C0,
,0x1A1728,u16,2039,6,6,0x0183B8,
,0x1A172E,u16,2047,2,2,0x018758,
,0x1A1734,u16,0,3,3,0x0180BA,
,0x1A173A,u16,2047,1,1,0x018D60,
,0x1A1740,u8,15,9,9,0x0180BA,
,0x1A1743,u8,0,3,3,0x018B8C,
,0x1A1748,u32,4280287232,9,9,0x0180BA,
,0x1A1785,u8,4,8,6,0x0ADEB2,
,0x1A17BC,u32,3191795731,2,1,0x0B146E,
,0x1A17C0,u32,2147590145,2,1,0x0B16C4,
,0x1A17C4,u32,1241513985,2,1,0x0B1750,
,0x1A17C8,u32,1,2,1,0x0B183A,
,0x1A17CC,u32,0,2,1,0x0B185E,
,0x1A17DC,u32,2118025219,1,1,0x0A3B96,
,0x1A17E0,u32,8193,1,1,0x0A3B96,
,0x1A17E4,u32,1241513985,1,1,0x0A3B96,
,0x1A17E8,u32,1,1,1,0x0A3B96,
,0x1A17EC,u32,0,1,1,0x0A3B96,
,0x1A1810,u32,1413480448,2,1,0x0B1882,
,0x1A18BF,u8,1,2,2,0x0A4634,
,0x1A18C0,u16,109,1,1,0x0A36BE,
,0x1A18C2,u16,108,1,1,0x0A36BE,
,0x1A18E0,u8,1,2,2,0x0A40E2,
,0x1A18E1,u8,1,1,1,0x0A40E2,
,0x1A18F4,u32,395008,1,1,0x0A3608,
,0x1A18F8,u32,1710270,2,2,0x010F34,
,0x1A18FC,u8,0,1,1,0x0A3B02,
,0x1A1900,u32,4277163105,3,3,0x0A365E,
,0x1A1904,u8,1,2,2,0x0A3B02,
,0x1A1908,u32,1710128,1,1,0x0A3B02,
,0x1A26FC,u16,0,7,5,0x0AFA86,
,0x1A26FE,u8,0,3,3,0x0AFCA8,
,0x1A26FF,u8,0,10,7,0x0B0090,
,0x1A2700,u16,1,2,2,0x0AFB5A,
,0x1A27B0,u32,0,2,1,0x0AC32A,
,0x1A27B4,u16,65535,8,5,0x0AC50A,
,0x1A27B6,u8,0,2,2,0x0AC3CC,
,0x1A27B8,u8,1,16,14,0x0A80A6,
,0x1A27B9,u8,0,5,5,0x0A835E,
,0x1A27BA,u8,0,1,1,0x0AC3CC,
,0x1A27F0,u8,1,2,2,0x0A962C,
,0x1A27F1,u8,1,2,2,0x0A962C,
,0x1A27F2,u8,4,2,2,0x0A962C,
,0x1A27F3,u8,4,2,2,0x0A962C,
,0x1A27F4,u8,4,2,2,0x0A962C,
,0x1A27F5,u8,4,2,2,0x0A962C,
,0x1A27F6,u16,4,2,1,0x0AC272,
,0x1A27F8,u16,0,6,1,0x0AC32A,
,0x1A27FA,u16,1,3,1,0x0AC32A,
,0x1A27FC,u8,1,2,2,0x0AD544,
,0x1A27FD,u8,1,1,1,0x0AD544,
,0x1A27FE,u8,1,1,1,0x0ACE8E,
,0x1A27FF,u8,1,1,1,0x0ACF6C,
,0x1A2800,u8,65,2,2,0x0A9DF6,
,0x1A280B,u8,6,2,2,0x0AA83E,
,0x1A280C,u8,1,2,2,0x0A962C,
,0x1A280D,u8,0,2,1,0x0AC32A,
,0x1A2814,u16,0,1,1,0x0A8316,
,0x1A2816,u8,2,2,2,0x0A88CE,
,0x1A2817,u8,3,8,8,0x0A80A6,
,0x1A2818,u8,0,1,1,0x0A8316,
,0x1A2819,u8,1,1,1,0x0A8CE6,
,0x1A281A,u8,0,11,11,0x0A7FF2,
,0x1A281B,u8,0,3,2,0x0A835E,
,0x1A281C,u8,0,7,7,0x0A7FF2,
,0x1A281D,u8,0,6,6,0x0A7FF2,
,0x1A281E,u8,0,3,3,0x0A7FF2,
,0x1A2820,u16,1,3,3,0x0A7FF2,
,0x1A2822,u16,0,5,4,0x0A8674,
,0x1A2824,u16,0,8,3,0x0A87C4,
,0x1A2826,u16,1,2,2,0x0A8984,
,0x1A2828,u8,0,1,1,0x0A85A4,
,0x1A282A,u16,0,15,11,0x0A80A6,
,0x1A2842,u16,1,1,1,0x0A9362,
,0x1A2844,u8,3,9,9,0x0A7FF2,
,0x1A2845,u8,0,6,6,0x0A7FF2,
,0x1A2846,u8,0,5,5,0x0A7FF2,
,0x1A2847,u8,0,6,6,0x0A8152,
,0x1A2848,u8,0,1,1,0x0A83FA,
,0x1A2849,u8,1,1,1,0x0A8C28,
,0x1A284A,u16,25,3,3,0x0A8152,
,0x1A284C,u16,85,3,3,0x0A8C28,
,0x1A284E,u16,0,2,1,0x0A8B42,
,0x1A2850,u16,0,1,1,0x0A8C08,
,0x1A2852,u16,2,14,12,0x0A8FB4,
,0x1A2854,u8,1,6,4,0x0B03D8,
,0x1A2855,u8,3,1,1,0x0B3E38,
,0x1A2856,u8,0,1,1,0x0B3E38,
,0x1A2858,u16,20,1,1,0x0AFDEE,
,0x1A285C,u16,4890,1,1,0x0AFDEE,
,0x1A285E,u8,1,2,2,0x0AFE42,
,0x1A2860,u8,133,1,1,0x0B3E38,
,0x1A286C,u32,0,1,1,0x0AFCE2,
,0x1A2870,u32,16843042,1,1,0x0AFCE2,
,0x1A2875,u32,16777489,1,1,0x0AFCE2,
,0x1A287A,u32,16777600,1,1,0x0AFCE2,
,0x1A287F,u32,16777523,1,1,0x0AFCE2,
,0x1A2884,u8,0,2,1,0x0AF9C0,
,0x1A2888,u32,1710004,1,1,0x0AFCE2,
,0x1A288C,u16,0,4,3,0x0B0090,
,0x1A288E,u16,0,3,3,0x0AFA86,
,0x1A28A0,u32,1710012,1,1,0x0B146E,
,0x1A28A8,u32,1710016,1,1,0x0B16C4,
,0x1A28B0,u32,1710020,1,1,0x0B1750,
,0x1A28B8,u32,1710024,1,1,0x0B183A,
,0x1A28C0,u32,1710028,1,1,0x0B185E,
,0x1A28E0,u32,1710064,1,1,0x0B1368,
,0x1A2920,u32,1710096,1,1,0x0B1882,
,0x1A295C,u8,1,2,1,0x0A7A6E,
,0x1A295D,u8,3,1,1,0x0A7A6E,
,0x1A295E,u8,2,2,2,0x0A7A6E,
,0x1A2960,u16,10000,2,1,0x0A7C44,
,0x1A2962,u8,5,2,1,0x0A7C44,
,0x1A2963,u8,2,1,1,0x0A7C80,
,0x1A2964,u32,667290,4,2,0x0A7B9E,
,0x1A2966,u8,10,1,0,,
,0x1A2968,u32,301989906,1,1,0x0A7AD6,
,0x1A296B,u32,301989906,1,1,0x0A7AD6,
,0x1A296E,u32,2113929234,1,1,0x0A7AD6,
,0x1A2971,u32,570491262,1,1,0x0A7AD6,
,0x1A2977,u32,603979810,1,1,0x0A7CBC,
,0x1A297A,u32,889258276,1,1,0x0A7CBC,
,0x1A297D,u32,922746933,1,1,0x0A7CBC,
,0x1A2980,u32,905969719,1,1,0x0A7B9E,
,0x1A2983,u32,335544374,1,1,0x0A7C80,
,0x1A2986,u32,65812,2,2,0x0A7B9E,
,0x1A29A4,u8,1,1,1,0x0AA9AA,
,0x1A29A5,u8,5,1,1,0x0AA9AA,
,0x1A29A8,u32,1715168,1,1,0x0AA9AA,
,0x1A29D4,u16,0,1,1,0x0A9BBE,
,0x1A29D6,u16,1,1,1,0x0A9BBE,
,0x1A2BBC,u32,1714166,1,1,0x0AC272,
,0x1A2BC4,u32,1714189,1,1,0x0AC32A,
,0x1A2BC8,u32,1714170,1,1,0x0AC32A,
,0x1A2BCC,u32,1714168,1,1,0x0AC32A,
,0x1A2BD0,u32,1714096,1,1,0x0AC32A,
,0x1A2BE2,u16,0,1,1,0x0AA9AA,
,0x1A32A4,u8,0,22,22,0x0A475C,
,0x1A32B4,u8,2,2,2,0x0AD544,
,0x1A32C4,u8,0,9,9,0x0A36DE,
,0x1A32D4,u8,1,5,5,0x0ABC00,
,0x1A32E4,u8,18,1,1,0x0ACE8E,
,0x1A32F4,u8,17,1,1,0x0ACE8E,
,0x1A3304,u8,17,1,1,0x0ACE8E,
,0x1A3354,u32,318832915,2,1,0x0B0988,
,0x1A3357,u32,822149395,2,1,0x0B0988,
,0x1A335A,u32,822149425,1,1,0x0B0892,
,0x1A3360,u32,570491187,1,1,0x0B0892,
,0x1A3363,u32,268501282,1,1,0x0B0892,
,0x1A3366,u32,1912668432,1,1,0x0B0892,
,0x1A3369,u32,335610226,1,1,0x0B0892,
,0x1A336C,u32,65812,1,1,0x0B0892,
,0x1A3370,u8,0,4,2,0x0A957E,
,0x1A3408,u8,0,2,2,0x0A962C,
,0x1A34A0,u8,3,1,1,0x0ACE8E,
,0x1A3538,u8,1,1,1,0x0AD2A6,
,0x1A35D0,u16,65535,5,5,0x0A70BA,
,0x1A36FC,u8,0,2,2,0x0AF758,
,0x1A36FD,u8,0,1,1,0x0AF758,
,0x1A3700,u32,692874,1,1,0x0AF7A6,
,0x1A3704,u8,1,2,2,0x0AF758,
,0x1A375C,u32,4,3,3,0x0B0EF6,
,0x1A3760,u32,724726,1,1,0x0B2376,
,0x1A3764,u32,4,1,1,0x0B0A4E,
,0x1A37CC,u8,1,11,9,0x0AFE78,
,0x1A37CD,u8,1,1,1,0x0AFCE2,
,0x1A37CE,u8,0,2,1,0x0AFCE2,
,0x1A37D0,u32,0,1,1,0x0AF8DC,
,0x1A37D4,u32,0,1,1,0x0AF91C,
,0x1A37D8,u32,0,1,1,0x0AF95C,
,0x1A37DC,u32,725752,1,1,0x0B0550,
,0x1A37E0,u32,0,1,1,0x0AFE78,
,0x1A37E4,u8,2,1,1,0x0AFCE2,
,0x1A37E8,u32,0,1,1,0x0AF8DC,
,0x1A37EC,u32,0,1,1,0x0AF91C,
,0x1A37F0,u32,0,1,1,0x0AF95C,
,0x1A39F6,u16,81,3,3,0x0B1EE6,
,0x1A3CAC,u32,0,2,1,0x0B1FE8,
,0x1A3CB0,u32,727310,3,3,0x0B1EE6,
,0x1A42E4,u16,106,6,6,0x0A9B3E,
,0x1A42E6,u16,107,1,1,0x0AA040,
,0x1A432C,u32,1714148,2,2,0x0A94F6,
,0x1A44B4,u16,62464,9,5,0x0ACA9A,
,0x1A44B6,u8,4,5,5,0x0A25CA,
,0x1A44B8,u16,62466,4,4,0x0A25CA,
,0x1A44BA,u8,2,1,1,0x0A25CA,
,0x1A451C,u8,0,1,1,0x0AA176,
,0x1A4550,u32,699742,1,1,0x0AACA2,
,0x1A4578,u32,700120,1,0,,
,0x1A45B8,u16,0,5,3,0x0ABF66,
,0x1A45D8,u32,708032,1,1,0x0AC50A,
,0x1A45F8,u32,708090,1,1,0x0ACDD8,
,0x1A466C,u8,0,1,1,0x0ACF6C,
,0x1A47B4,u16,31,4,2,0x0ADEB2,
,0x1A47C8,u32,196608,5,5,0x0A46CE,
,0x1A47CC,u32,196864,1,1,0x0A46CE,
,0x1A47FC,u8,0,8,2,0x0AB746,
,0x1A483C,u32,4277167668,3,3,0x0AF7EC,
,0x1A4840,u32,709850,1,1,0x0AF82C,
,0x1A4864,u8,6,1,1,0x0AF854,
,0x1A4866,u16,8,1,1,0x0AF854,
,0x1A4868,u32,4277167668,1,1,0x0AF854,
,0x1A488C,u32,709716,2,1,0x0AF87A,
,0x1A48A0,u32,0,2,1,0x0B1E80,
,0x1A4970,u8,240,1,1,0x0B306E,
,0x1A4971,u8,0,1,1,0x0B306E,
,0x1A498C,u8,4,1,1,0x0B39DA,
,0x1A498D,u8,0,1,1,0x0B39DA,
,0x1A498E,u8,0,1,1,0x0B39DA,
,0x1A49BC,u8,0,4,3,0x0B35F6,
,0x1A49BD,u8,0,2,2,0x0B35F6,
,0x1A49CA,u16,31,1,1,0x0B2670,
,0x1A49CC,u16,15,1,1,0x0B35F6,
,0x1A49CE,u16,3,1,1,0x0B25E2,
,0x1A49D0,u16,65535,2,1,0x0B39DA,
,0x1A49D2,u8,11,3,3,0x0B2A7A,
,0x1A49D3,u8,10,3,3,0x0B3B02,
,0x1A49D8,u32,742480,2,2,0x0B2B5C,
,0x1A4A08,u16,1000,1,1,0x0B3124,
,0x1A4A20,u16,10,1,1,0x0B3244,
,0x1A4A68,u8,3,1,1,0x0B35F6,
,0x1A4A6C,u32,1722812,3,3,0x0B35F6,
,0x1A4A70,u32,301990162,2,2,0x0B35F6,
,0x1A4A73,u32,570425618,1,1,0x0B35F6,
,0x1A4A76,u32,570425634,1,1,0x0B35F6,
,0x1A4A7C,u32,822083858,1,1,0x0B35F6,
,0x1A4AF8,u32,766512,1,1,0x0B3988,
,0x1A4AFC,u32,766516,1,1,0x0B3988,
,0x1A4B00,u32,1722832,1,1,0x0B39DA,
,0x1A4B08,u32,301990162,2,1,0x0B3540,
,0x1A4B28,u32,763526,1,1,0x0B3870,
,0x1A4B58,u8,1,1,1,0x0B2700,
,0x1A4B60,u32,1073741824,1,1,0x0B2700,
,0x1A4B8C,u8,0,1,1,0x0B3206,
,0x1A4B8D,u8,48,1,1,0x0B3206,
,0x1A4BA0,u8,18,2,1,0x0B3BB0,
,0x1A4BA8,u32,0,1,1,0x0B3B02,
,0x1A4BAC,u32,0,1,1,0x0B3B32,
,0x1A4E12,u8,0,2,2,0x0B3B98,
,0x1A4E18,u32,738398,2,2,0x0B4428,
,0x1A4E48,u8,0,1,1,0x0B4466,
,0x1A4E54,u8,0,2,2,0x0B4428,
,0x1A4E60,u8,63,1,1,0x0B44AA,
,0x1A4E61,u8,63,1,1,0x0B44AA,
,0x1A4E71,u8,2,1,1,0x0B451C,
,0x1A4E7C,u16,3,1,1,0x0B4690,
,0x1A4F0C,u8,15,1,1,0x0B48E6,
,0x1A4F10,u32,65488,1,1,0x0B48E6,
,0x1A4F14,u8,2,1,1,0x0B48E6,
,0x1A4F18,u32,2095622,1,1,0x0B48E6,
,0x1A4FD0,u16,128,1,1,0x0B4968,
,0x1A4FD2,u16,81,3,2,0x0B4910,
,0x1A4FD4,u32,1724278,1,1,0x0B4910,
,0x1A4FD8,u16,129,1,1,0x0B4968,
,0x1A5060,u8,0,2,2,0x0B4702,
,0x1A5064,u32,742672,1,1,0x0B4880,
,0x1A5068,u32,742684,1,1,0x0B4702,
,0x1A506C,u8,32,2,2,0x0B4702,
,0x1A5264,u32,255,1,1,0x0B4702,
,0x1A5268,u32,742672,1,1,0x0B46D8,
,0x1A5270,u32,4277154285,2,1,0x0B47B4,
,0x1A5274,u32,1700888,2,1,0x0B47B4,
,0x1A527C,u8,0,1,1,0x0B47B4,
,0x1A5280,u32,4273957037,2,1,0x0B47B4,
,0x1A528C,u8,1,1,1,0x0B47B4,
,0x1A55F8,u8,0,4,4,0x0BB23C,
,0x1A55FC,u32,767312,1,1,0x0BB23C,
,0x1A5600,u32,767392,1,1,0x0BB30C,
,0x1A5604,u32,767420,1,1,0x0BB384,
,0x1A5608,u32,767464,1,1,0x0BB40E,
,0x1A560C,u8,1,2,2,0x0BB23C,
,0x1A5724,u16,0,1,1,0x0BC79A,
,0x1A5726,u16,1,1,1,0x0BC79A,
,0x1A5780,u8,0,1,1,0x0C8C64,
